analysis_run,analysis_locked_at,grain,gene,pmid,predicted_variant,manual_variant,measure,manual_count,ai_count_raw,ai_count_evaluation,evaluation_zero_filled,residual_ai_minus_manual,absolute_difference,exact_match,zero_nonzero_disagreement,prediction_source_layer,prediction_source_location,gold_value_set,gold_v2_status,gold_source,analysis_tranche
20260903_protocol_cont120_01_candidate,2026-09-03T23:52:59.594246+00:00,matched_variant_paper_measure,APOE,23990795,p.E37K,p.E37K,affected,0,0,0,0,0,0,1,0,llm_table,"Table 2, row for APOE E37K; Table 3 clinical status split",baseline,,/Users/kronckbm/GitRepos/GeneVariantFetcher/benchmarks/evaluation_tiers/mixed_gold_continuation_120/answer_key/APOE_recall_input.csv,mixed_gold_cont120_01
20260903_protocol_cont120_01_candidate,2026-09-03T23:52:59.594246+00:00,matched_variant_paper_measure,APOE,23990795,p.L46P,p.L46P,affected,2,,0,1,-2,2,0,1,llm_table,"Table 2, row for APOE L46P; Table 3 clinical status split",baseline,,/Users/kronckbm/GitRepos/GeneVariantFetcher/benchmarks/evaluation_tiers/mixed_gold_continuation_120/answer_key/APOE_recall_input.csv,mixed_gold_cont120_01
20260903_protocol_mixed01_candidate,2026-09-03T18:31:19.973529+00:00,matched_variant_paper_measure,KCNH2,9544837,p.Ala614Val,A614V,affected,4,,0,1,-4,4,0,1,llm_text,Abstract,baseline,,/Users/kronckbm/GitRepos/GeneVariantFetcher/benchmarks/evaluation_tiers/mixed_gold/answer_key/KCNH2_recall_input.csv,mixed_gold_01
20260903_protocol_mixed01_candidate,2026-09-03T18:31:19.973529+00:00,matched_variant_paper_measure,KCNH2,9544837,p.Asn629Asp,N629D,affected,3,,0,1,-3,3,0,1,llm_text,Abstract,baseline,,/Users/kronckbm/GitRepos/GeneVariantFetcher/benchmarks/evaluation_tiers/mixed_gold/answer_key/KCNH2_recall_input.csv,mixed_gold_01
20260903_protocol_mixed01_candidate,2026-09-03T18:31:19.973529+00:00,matched_variant_paper_measure,KCNH2,9544837,p.Asn629Ser,N629S,affected,3,,0,1,-3,3,0,1,llm_text,Abstract,baseline,,/Users/kronckbm/GitRepos/GeneVariantFetcher/benchmarks/evaluation_tiers/mixed_gold/answer_key/KCNH2_recall_input.csv,mixed_gold_01
20260903_protocol_mixed01_candidate,2026-09-03T18:31:19.973529+00:00,matched_variant_paper_measure,KCNH2,9544837,p.Asn633Ser,N633S,affected,2,,0,1,-2,2,0,1,llm_text,Abstract,baseline,,/Users/kronckbm/GitRepos/GeneVariantFetcher/benchmarks/evaluation_tiers/mixed_gold/answer_key/KCNH2_recall_input.csv,mixed_gold_01
20260903_protocol_mixed01_candidate,2026-09-03T18:31:19.973529+00:00,matched_variant_paper_measure,KCNH2,9544837,p.Val612Leu,V612L,affected,2,,0,1,-2,2,0,1,llm_text,Abstract,baseline,,/Users/kronckbm/GitRepos/GeneVariantFetcher/benchmarks/evaluation_tiers/mixed_gold/answer_key/KCNH2_recall_input.csv,mixed_gold_01
20260903_protocol_cont120_01_candidate,2026-09-03T23:52:59.594246+00:00,matched_variant_paper_measure,KCNH2,10790218,p.Tyr667*,Y667X,affected,0,,0,1,0,0,1,0,llm_text,"Abstract, Results",baseline,,/Users/kronckbm/GitRepos/GeneVariantFetcher/benchmarks/evaluation_tiers/mixed_gold_continuation_120/answer_key/KCNH2_recall_input.csv,mixed_gold_cont120_01
20260903_protocol_cont120_01_candidate,2026-09-03T23:52:59.594246+00:00,matched_variant_paper_measure,KCNH2,12442276,p.E444D c.1332G>T,E444D,affected,2,,0,1,-2,2,0,1,llm_table,"Table 2, Results section on KCNH2 mutations",baseline,,/Users/kronckbm/GitRepos/GeneVariantFetcher/benchmarks/evaluation_tiers/mixed_gold_continuation_120/answer_key/KCNH2_recall_input.csv,mixed_gold_cont120_01
20260903_protocol_cont120_01_candidate,2026-09-03T23:52:59.594246+00:00,matched_variant_paper_measure,KCNH2,12442276,p.L413P c.1421T>C,L413P,affected,2,1,1,0,-1,1,0,0,llm_table,"Table 2, Results section on KCNH2 mutations",baseline,,/Users/kronckbm/GitRepos/GeneVariantFetcher/benchmarks/evaluation_tiers/mixed_gold_continuation_120/answer_key/KCNH2_recall_input.csv,mixed_gold_cont120_01
20260903_protocol_cont120_01_candidate,2026-09-03T23:52:59.594246+00:00,matched_variant_paper_measure,KCNH2,12442276,p.L559H c.1676T>A,L559H,affected,2,1,1,0,-1,1,0,0,llm_table,"Table 2, Results section on KCNH2 mutations",baseline,,/Users/kronckbm/GitRepos/GeneVariantFetcher/benchmarks/evaluation_tiers/mixed_gold_continuation_120/answer_key/KCNH2_recall_input.csv,mixed_gold_cont120_01
20260903_protocol_cont120_01_candidate,2026-09-03T23:52:59.594246+00:00,matched_variant_paper_measure,KCNH2,14714110,R863X,R863X,affected,6,,0,1,-6,6,0,1,figure,figure-reader,baseline,,/Users/kronckbm/GitRepos/GeneVariantFetcher/benchmarks/evaluation_tiers/mixed_gold_continuation_120/answer_key/KCNH2_recall_input.csv,mixed_gold_cont120_01
20260903_protocol_mixed01_candidate,2026-09-03T18:31:19.973529+00:00,matched_variant_paper_measure,KCNH2,15466642,p.Thr613Met,T613M,affected,1,1,1,0,0,0,1,0,llm_table,"Table, Case 30; Results text",baseline,,/Users/kronckbm/GitRepos/GeneVariantFetcher/benchmarks/evaluation_tiers/mixed_gold/answer_key/KCNH2_recall_input.csv,mixed_gold_01
20260903_protocol_mixed01_candidate,2026-09-03T18:31:19.973529+00:00,matched_variant_paper_measure,KCNH2,15466642,p.Val131fs,V131fsX,affected,1,1,1,0,0,0,1,0,llm_table,"Table, Case 29; Results text",baseline,,/Users/kronckbm/GitRepos/GeneVariantFetcher/benchmarks/evaluation_tiers/mixed_gold/answer_key/KCNH2_recall_input.csv,mixed_gold_01
20260903_protocol_cont120_01_candidate,2026-09-03T23:52:59.594246+00:00,matched_variant_paper_measure,KCNH2,15670565,p.Lys101Glu c.301A>G,K101E,affected,1,,0,1,-1,1,0,1,llm_text,"Main text, Results and Abstract",baseline,,/Users/kronckbm/GitRepos/GeneVariantFetcher/benchmarks/evaluation_tiers/mixed_gold_continuation_120/answer_key/KCNH2_recall_input.csv,mixed_gold_cont120_01
20260903_protocol_mixed01_candidate,2026-09-03T18:31:19.973529+00:00,matched_variant_paper_measure,KCNH2,15851119,p.Ile31Ser,I31S,affected,1,1,1,0,0,0,1,0,llm_table,"Table 1, Row 1; Results paragraph on 13 KCNH2 mutations",baseline,,/Users/kronckbm/GitRepos/GeneVariantFetcher/benchmarks/evaluation_tiers/mixed_gold/answer_key/KCNH2_recall_input.csv,mixed_gold_01
20260903_protocol_mixed01_candidate,2026-09-03T18:31:19.973529+00:00,matched_variant_paper_measure,KCNH2,15851119,p.Pro910fs,P910fsX,affected,1,1,1,0,0,0,1,0,llm_table,"Table 1, Row 9; Results",baseline,,/Users/kronckbm/GitRepos/GeneVariantFetcher/benchmarks/evaluation_tiers/mixed_gold/answer_key/KCNH2_recall_input.csv,mixed_gold_01
20260903_protocol_mixed01_candidate,2026-09-03T18:31:19.973529+00:00,matched_variant_paper_measure,KCNH2,15851119,p.Arg1005fs,R1005fsX,affected,1,1,1,0,0,0,1,0,llm_table,"Table 1, Row 12; Results",baseline,,/Users/kronckbm/GitRepos/GeneVariantFetcher/benchmarks/evaluation_tiers/mixed_gold/answer_key/KCNH2_recall_input.csv,mixed_gold_01
20260903_protocol_mixed01_candidate,2026-09-03T18:31:19.973529+00:00,matched_variant_paper_measure,KCNH2,15851119,p.Arg920fs,R920fsX,affected,1,1,1,0,0,0,1,0,llm_table,"Table 1, Row 10; Results",baseline,,/Users/kronckbm/GitRepos/GeneVariantFetcher/benchmarks/evaluation_tiers/mixed_gold/answer_key/KCNH2_recall_input.csv,mixed_gold_01
20260903_protocol_cont120_01_candidate,2026-09-03T23:52:59.594246+00:00,matched_variant_paper_measure,KCNH2,16155735,p.Asn633Asp,N633D,affected,1,,0,1,-1,1,0,1,llm_text,Abstract,baseline,,/Users/kronckbm/GitRepos/GeneVariantFetcher/benchmarks/evaluation_tiers/mixed_gold_continuation_120/answer_key/KCNH2_recall_input.csv,mixed_gold_cont120_01
20260903_protocol_cont120_01_candidate,2026-09-03T23:52:59.594246+00:00,matched_variant_paper_measure,KCNH2,16155735,c.2768delC,P923fsX,affected,1,1,1,0,0,0,1,0,llm_text,Abstract,baseline,,/Users/kronckbm/GitRepos/GeneVariantFetcher/benchmarks/evaluation_tiers/mixed_gold_continuation_120/answer_key/KCNH2_recall_input.csv,mixed_gold_cont120_01
20260903_protocol_cont120_01_candidate,2026-09-03T23:52:59.594246+00:00,matched_variant_paper_measure,KCNH2,17531263,p.Pro347Ser c.1039C>T,P347S,affected,2,,0,1,-2,2,0,1,llm_table,"Results, Genetic analysis and Biophysical properties sections; Discussion",baseline,,/Users/kronckbm/GitRepos/GeneVariantFetcher/benchmarks/evaluation_tiers/mixed_gold_continuation_120/answer_key/KCNH2_recall_input.csv,mixed_gold_cont120_01
20260903_protocol_cont120_01_candidate,2026-09-03T23:52:59.594246+00:00,matched_variant_paper_measure,KCNH2,19070294,p.Ala614Val,A614V,affected,9,,0,1,-9,9,0,1,llm_text,"Abstract, Results",baseline,,/Users/kronckbm/GitRepos/GeneVariantFetcher/benchmarks/evaluation_tiers/mixed_gold_continuation_120/answer_key/KCNH2_recall_input.csv,mixed_gold_cont120_01
20260903_protocol_cont120_01_candidate,2026-09-03T23:52:59.594246+00:00,matched_variant_paper_measure,KCNH2,19160088,p.Leu552Ser,L552S,affected,0,,0,1,0,0,1,0,llm_text,"Results section, genotyping results",baseline,,/Users/kronckbm/GitRepos/GeneVariantFetcher/benchmarks/evaluation_tiers/mixed_gold_continuation_120/answer_key/KCNH2_recall_input.csv,mixed_gold_cont120_01
20260903_protocol_mixed02_candidate,2026-09-03T19:34:09.579935+00:00,matched_variant_paper_measure,KCNH2,19215240,p.Phe463Leu,F463L,affected,2,,0,1,-2,2,0,1,llm_text,Abstract only - Functional study - assay data only,baseline,,/Users/kronckbm/GitRepos/GeneVariantFetcher/benchmarks/evaluation_tiers/mixed_gold/answer_key/KCNH2_recall_input.csv,mixed_gold_02
20260903_protocol_cont120_01_candidate,2026-09-03T23:52:59.594246+00:00,matched_variant_paper_measure,KCNH2,19490267,p.G572S,G572S,affected,1,1,1,0,0,0,1,0,llm_text,"Results, Clinical Features; Mutant Phenotype; Coassembly of HERG WT and G572S Mutant Subunits",baseline,,/Users/kronckbm/GitRepos/GeneVariantFetcher/benchmarks/evaluation_tiers/mixed_gold_continuation_120/answer_key/KCNH2_recall_input.csv,mixed_gold_cont120_01
20260903_protocol_cont120_01_candidate,2026-09-03T23:52:59.594246+00:00,matched_variant_paper_measure,KCNH2,19490267,p.G584S,G584S,affected,3,,0,1,-3,3,0,1,llm_text,"Results, Clinical Features; Electrophysiological Phenotype of G584S; Modeling of Mutant Phenotypes",baseline,,/Users/kronckbm/GitRepos/GeneVariantFetcher/benchmarks/evaluation_tiers/mixed_gold_continuation_120/answer_key/KCNH2_recall_input.csv,mixed_gold_cont120_01
20260903_protocol_cont120_01_candidate,2026-09-03T23:52:59.594246+00:00,matched_variant_paper_measure,KCNH2,20167303,deletion of exons 6-14,EXON6-14DEL,affected,1,,0,1,-1,1,0,1,llm_table,"Table 1 B, Case 20; Results text",baseline,,/Users/kronckbm/GitRepos/GeneVariantFetcher/benchmarks/evaluation_tiers/mixed_gold_continuation_120/answer_key/KCNH2_recall_input.csv,mixed_gold_cont120_01
20260903_protocol_cont120_01_candidate,2026-09-03T23:52:59.594246+00:00,matched_variant_paper_measure,KCNH2,20167303,p.Q81H c.243G>C,Q81H,affected,0,1,1,0,1,1,0,1,llm_table,"Table 1, Case 3; Results text",baseline,,/Users/kronckbm/GitRepos/GeneVariantFetcher/benchmarks/evaluation_tiers/mixed_gold_continuation_120/answer_key/KCNH2_recall_input.csv,mixed_gold_cont120_01
20260903_protocol_cont120_01_candidate,2026-09-03T23:52:59.594246+00:00,matched_variant_paper_measure,KCNH2,20167303,p.R1047L c.3140G>T,R1047L,affected,1,,0,1,-1,1,0,1,llm_table,"Table 1, Case 2; Results text",baseline,,/Users/kronckbm/GitRepos/GeneVariantFetcher/benchmarks/evaluation_tiers/mixed_gold_continuation_120/answer_key/KCNH2_recall_input.csv,mixed_gold_cont120_01
20260903_protocol_cont120_01_candidate,2026-09-03T23:52:59.594246+00:00,matched_variant_paper_measure,KCNH2,20167303,p.S621R c.1861A>C,S621R,affected,1,,0,1,-1,1,0,1,llm_table,"Table 1, Case 16; Results text",baseline,,/Users/kronckbm/GitRepos/GeneVariantFetcher/benchmarks/evaluation_tiers/mixed_gold_continuation_120/answer_key/KCNH2_recall_input.csv,mixed_gold_cont120_01
20260903_protocol_mixed01_candidate,2026-09-03T18:31:19.973529+00:00,matched_variant_paper_measure,KCNH2,22067087,p.Arg176Trp,R176W,affected,1,1,1,0,0,0,1,0,llm_text,Abstract and title,baseline,,/Users/kronckbm/GitRepos/GeneVariantFetcher/benchmarks/evaluation_tiers/mixed_gold/answer_key/KCNH2_recall_input.csv,mixed_gold_01
20260903_protocol_cont120_01_candidate,2026-09-03T23:52:59.594246+00:00,matched_variant_paper_measure,KCNH2,22407026,p.K897T,K897T,affected,0,,0,1,0,0,1,0,llm_text,Abstract,baseline,,/Users/kronckbm/GitRepos/GeneVariantFetcher/benchmarks/evaluation_tiers/mixed_gold_continuation_120/answer_key/KCNH2_recall_input.csv,mixed_gold_cont120_01
20260903_protocol_cont120_01_candidate,2026-09-03T23:52:59.594246+00:00,matched_variant_paper_measure,KCNH2,22407026,p.M645R,M645R,affected,0,,0,1,0,0,1,0,llm_text,"Abstract, Results",baseline,,/Users/kronckbm/GitRepos/GeneVariantFetcher/benchmarks/evaluation_tiers/mixed_gold_continuation_120/answer_key/KCNH2_recall_input.csv,mixed_gold_cont120_01
20260903_protocol_mixed01_candidate,2026-09-03T18:31:19.973529+00:00,matched_variant_paper_measure,KCNH2,23936059,p.Ala913Val c.2738C>T,A913V,affected,0,,0,1,0,0,1,0,llm_table,"Results, Karyotype and Molecular Genetics; Table 4",baseline,,/Users/kronckbm/GitRepos/GeneVariantFetcher/benchmarks/evaluation_tiers/mixed_gold/answer_key/KCNH2_recall_input.csv,mixed_gold_01
20260903_protocol_mixed01_candidate,2026-09-03T18:31:19.973529+00:00,matched_variant_paper_measure,KCNH2,23936059,p.Arg1047Leu c.3140G>T,R1047L,affected,0,,0,1,0,0,1,0,llm_table,"Results, Karyotype and Molecular Genetics; Table 4",baseline,,/Users/kronckbm/GitRepos/GeneVariantFetcher/benchmarks/evaluation_tiers/mixed_gold/answer_key/KCNH2_recall_input.csv,mixed_gold_01
20260903_protocol_mixed02_candidate,2026-09-03T19:34:09.579935+00:00,matched_variant_paper_measure,KCNH2,26129877,p.Thr436Met,T436M,affected,0,1,1,0,1,1,0,1,figure,Table 3; Results section on KCNH2 T436M; Figure II and Table II (functional data),baseline,,/Users/kronckbm/GitRepos/GeneVariantFetcher/benchmarks/evaluation_tiers/mixed_gold/answer_key/KCNH2_recall_input.csv,mixed_gold_02
20260903_protocol_mixed02_candidate,2026-09-03T19:34:09.579935+00:00,matched_variant_paper_measure,KCNH2,26129877,p.Thr895Met,T895M,affected,0,1,1,0,1,1,0,1,figure,Table 3; Results section on KCNH2 T895M; Figure 4 and Table II (functional data),baseline,,/Users/kronckbm/GitRepos/GeneVariantFetcher/benchmarks/evaluation_tiers/mixed_gold/answer_key/KCNH2_recall_input.csv,mixed_gold_02
20260903_protocol_cont120_01_candidate,2026-09-03T23:52:59.594246+00:00,matched_variant_paper_measure,KCNH2,26173150,p.Thr613Ala c.1837A>G,T613A,affected,2,,0,1,-2,2,0,1,figure,"Results, Introduction, Figure 1, Figure 2",baseline,,/Users/kronckbm/GitRepos/GeneVariantFetcher/benchmarks/evaluation_tiers/mixed_gold_continuation_120/answer_key/KCNH2_recall_input.csv,mixed_gold_cont120_01
20260903_protocol_mixed02_candidate,2026-09-03T19:34:09.579935+00:00,matched_variant_paper_measure,KCNH2,26831020,K638del,K638del,affected,3,,0,1,-3,3,0,1,regex_table,"Table (regex extraction), block 1",baseline,,/Users/kronckbm/GitRepos/GeneVariantFetcher/benchmarks/evaluation_tiers/mixed_gold/answer_key/KCNH2_recall_input.csv,mixed_gold_02
20260903_protocol_cont120_01_candidate,2026-09-03T23:52:59.594246+00:00,matched_variant_paper_measure,KCNH2,27555138,p.Ala614Val,A614V,affected,1,1,1,0,0,0,1,0,llm_text,"Case report, Results and Discussion sections",baseline,,/Users/kronckbm/GitRepos/GeneVariantFetcher/benchmarks/evaluation_tiers/mixed_gold_continuation_120/answer_key/KCNH2_recall_input.csv,mixed_gold_cont120_01
20260903_protocol_cont120_01_candidate,2026-09-03T23:52:59.594246+00:00,matched_variant_paper_measure,KCNH2,27816319,p.Cys44Trp,C44W,affected,1,,0,1,-1,1,0,1,llm_table,"Results, Table 1",baseline,,/Users/kronckbm/GitRepos/GeneVariantFetcher/benchmarks/evaluation_tiers/mixed_gold_continuation_120/answer_key/KCNH2_recall_input.csv,mixed_gold_cont120_01
20260903_protocol_cont120_01_candidate,2026-09-03T23:52:59.594246+00:00,matched_variant_paper_measure,KCNH2,27816319,p.Glu1126Glyfs*144,E1126fsX,affected,2,,0,1,-2,2,0,1,llm_table,"Results, Table 1",baseline,,/Users/kronckbm/GitRepos/GeneVariantFetcher/benchmarks/evaluation_tiers/mixed_gold_continuation_120/answer_key/KCNH2_recall_input.csv,mixed_gold_cont120_01
20260903_protocol_cont120_01_candidate,2026-09-03T23:52:59.594246+00:00,matched_variant_paper_measure,KCNH2,27816319,p.His492Tyr,H492Y,affected,11,,0,1,-11,11,0,1,llm_table,"Results, Table 2, Fig. 3",baseline,,/Users/kronckbm/GitRepos/GeneVariantFetcher/benchmarks/evaluation_tiers/mixed_gold_continuation_120/answer_key/KCNH2_recall_input.csv,mixed_gold_cont120_01
20260903_protocol_mixed01_candidate,2026-09-03T18:31:19.973529+00:00,matched_variant_paper_measure,KCNH2,28491588,p.K897T,K897T,affected,0,,0,1,0,0,1,0,llm_text,"Case report, Discussion",baseline,,/Users/kronckbm/GitRepos/GeneVariantFetcher/benchmarks/evaluation_tiers/mixed_gold/answer_key/KCNH2_recall_input.csv,mixed_gold_01
20260903_protocol_mixed01_candidate,2026-09-03T18:31:19.973529+00:00,matched_variant_paper_measure,KCNH2,28491588,p.T618I c.1853C>T,T618I,affected,0,,0,1,0,0,1,0,llm_text,"Case report, Results section",baseline,,/Users/kronckbm/GitRepos/GeneVariantFetcher/benchmarks/evaluation_tiers/mixed_gold/answer_key/KCNH2_recall_input.csv,mixed_gold_01
20260903_protocol_mixed02_candidate,2026-09-03T19:34:09.579935+00:00,matched_variant_paper_measure,KCNH2,29330128,p.Ser55Leu,S55L,affected,4,,0,1,-4,4,0,1,figure,"Results, Figure 2, Figure 3",baseline,,/Users/kronckbm/GitRepos/GeneVariantFetcher/benchmarks/evaluation_tiers/mixed_gold/answer_key/KCNH2_recall_input.csv,mixed_gold_02
20260903_protocol_mixed02_candidate,2026-09-03T19:34:09.579935+00:00,matched_variant_paper_measure,KCNH2,29752375,A190T,A190T,affected,0,,0,1,0,0,1,0,figure,figure-reader,baseline,,/Users/kronckbm/GitRepos/GeneVariantFetcher/benchmarks/evaluation_tiers/mixed_gold/answer_key/KCNH2_recall_input.csv,mixed_gold_02
20260903_protocol_mixed02_candidate,2026-09-03T19:34:09.579935+00:00,matched_variant_paper_measure,KCNH2,29752375,E90K,E90K,affected,0,,0,1,0,0,1,0,figure,figure-reader,baseline,,/Users/kronckbm/GitRepos/GeneVariantFetcher/benchmarks/evaluation_tiers/mixed_gold/answer_key/KCNH2_recall_input.csv,mixed_gold_02
20260903_protocol_mixed02_candidate,2026-09-03T19:34:09.579935+00:00,matched_variant_paper_measure,KCNH2,29752375,G294V,G294V,affected,0,,0,1,0,0,1,0,figure,figure-reader,baseline,,/Users/kronckbm/GitRepos/GeneVariantFetcher/benchmarks/evaluation_tiers/mixed_gold/answer_key/KCNH2_recall_input.csv,mixed_gold_02
20260903_protocol_mixed02_candidate,2026-09-03T19:34:09.579935+00:00,matched_variant_paper_measure,KCNH2,29752375,P967L,P967L,affected,0,,0,1,0,0,1,0,figure,figure-reader,baseline,,/Users/kronckbm/GitRepos/GeneVariantFetcher/benchmarks/evaluation_tiers/mixed_gold/answer_key/KCNH2_recall_input.csv,mixed_gold_02
20260903_protocol_mixed02_candidate,2026-09-03T19:34:09.579935+00:00,matched_variant_paper_measure,KCNH2,29752375,Q1068R,Q1068R,affected,0,,0,1,0,0,1,0,figure,figure-reader,baseline,,/Users/kronckbm/GitRepos/GeneVariantFetcher/benchmarks/evaluation_tiers/mixed_gold/answer_key/KCNH2_recall_input.csv,mixed_gold_02
20260903_protocol_mixed02_candidate,2026-09-03T19:34:09.579935+00:00,matched_variant_paper_measure,KCNH2,29752375,R1005W,R1005W,affected,0,,0,1,0,0,1,0,figure,figure-reader,baseline,,/Users/kronckbm/GitRepos/GeneVariantFetcher/benchmarks/evaluation_tiers/mixed_gold/answer_key/KCNH2_recall_input.csv,mixed_gold_02
20260903_protocol_mixed02_candidate,2026-09-03T19:34:09.579935+00:00,matched_variant_paper_measure,KCNH2,29752375,R181Q,R181Q,affected,0,,0,1,0,0,1,0,figure,figure-reader,baseline,,/Users/kronckbm/GitRepos/GeneVariantFetcher/benchmarks/evaluation_tiers/mixed_gold/answer_key/KCNH2_recall_input.csv,mixed_gold_02
20260903_protocol_mixed02_candidate,2026-09-03T19:34:09.579935+00:00,matched_variant_paper_measure,KCNH2,29752375,R791W,R791W,affected,0,,0,1,0,0,1,0,figure,figure-reader,baseline,,/Users/kronckbm/GitRepos/GeneVariantFetcher/benchmarks/evaluation_tiers/mixed_gold/answer_key/KCNH2_recall_input.csv,mixed_gold_02
20260903_protocol_mixed01_candidate,2026-09-03T18:31:19.973529+00:00,matched_variant_paper_measure,KCNH2,29881912,R62Q,R62Q,affected,0,,0,1,0,0,1,0,figure,figure-reader,baseline,,/Users/kronckbm/GitRepos/GeneVariantFetcher/benchmarks/evaluation_tiers/mixed_gold/answer_key/KCNH2_recall_input.csv,mixed_gold_01
20260903_protocol_cont120_01_candidate,2026-09-03T23:52:59.594246+00:00,matched_variant_paper_measure,KCNQ1,9702906,p.Phe339del,F339del,affected,10,,0,1,-10,10,0,1,llm_text,Abstract,baseline,,/Users/kronckbm/GitRepos/GeneVariantFetcher/benchmarks/evaluation_tiers/mixed_gold_continuation_120/answer_key/KCNQ1_recall_input.csv,mixed_gold_cont120_01
20260903_protocol_cont120_01_candidate,2026-09-03T23:52:59.594246+00:00,matched_variant_paper_measure,KCNQ1,11021476,p.Arg259Cys,R259C,affected,0,1,1,0,1,1,0,1,llm_text,Abstract,baseline,,/Users/kronckbm/GitRepos/GeneVariantFetcher/benchmarks/evaluation_tiers/mixed_gold_continuation_120/answer_key/KCNQ1_recall_input.csv,mixed_gold_cont120_01
20260903_protocol_mixed01_candidate,2026-09-03T18:31:19.973529+00:00,matched_variant_paper_measure,KCNQ1,12710526,p.Leu251Pro,L251P,affected,0,,0,1,0,0,1,0,llm_text,Abstract - Functional study - assay data only,baseline,,/Users/kronckbm/GitRepos/GeneVariantFetcher/benchmarks/evaluation_tiers/mixed_gold/answer_key/KCNQ1_recall_input.csv,mixed_gold_01
20260903_protocol_mixed02_candidate,2026-09-03T19:34:09.579935+00:00,matched_variant_paper_measure,KCNQ1,14527360,p.Gly306Val,G306V,affected,1,,0,1,-1,1,0,1,llm_text,Abstract,baseline,,/Users/kronckbm/GitRepos/GeneVariantFetcher/benchmarks/evaluation_tiers/mixed_gold/answer_key/KCNQ1_recall_input.csv,mixed_gold_02
20260903_protocol_mixed02_candidate,2026-09-03T19:34:09.579935+00:00,matched_variant_paper_measure,KCNQ1,14527360,p.Ser277Leu,S277L,affected,1,,0,1,-1,1,0,1,llm_text,Abstract,baseline,,/Users/kronckbm/GitRepos/GeneVariantFetcher/benchmarks/evaluation_tiers/mixed_gold/answer_key/KCNQ1_recall_input.csv,mixed_gold_02
20260903_protocol_cont120_01_candidate,2026-09-03T23:52:59.594246+00:00,matched_variant_paper_measure,KCNQ1,15528464,G589D,G589D,affected,0,,0,1,0,0,1,0,regex_text,Text scan (protein_single_letter),baseline,,/Users/kronckbm/GitRepos/GeneVariantFetcher/benchmarks/evaluation_tiers/mixed_gold_continuation_120/answer_key/KCNQ1_recall_input.csv,mixed_gold_cont120_01
20260903_protocol_cont120_01_candidate,2026-09-03T23:52:59.594246+00:00,matched_variant_paper_measure,KCNQ1,16155735,p.Ala341Val,A341V,affected,1,1,1,0,0,0,1,0,llm_text,Abstract,baseline,,/Users/kronckbm/GitRepos/GeneVariantFetcher/benchmarks/evaluation_tiers/mixed_gold_continuation_120/answer_key/KCNQ1_recall_input.csv,mixed_gold_cont120_01
20260903_protocol_cont120_01_candidate,2026-09-03T23:52:59.594246+00:00,matched_variant_paper_measure,KCNQ1,17224687,p.Phe339Ser c.1016T>C,F339S,affected,1,1,1,0,0,0,1,0,llm_text,"Results, Long QT syndrome (KCNQ1 and KCNH2)",baseline,,/Users/kronckbm/GitRepos/GeneVariantFetcher/benchmarks/evaluation_tiers/mixed_gold_continuation_120/answer_key/KCNQ1_recall_input.csv,mixed_gold_cont120_01
20260903_protocol_cont120_01_candidate,2026-09-03T23:52:59.594246+00:00,matched_variant_paper_measure,KCNQ1,17224687,p.Thr144Ala c.430A>G,T144A,affected,1,1,1,0,0,0,1,0,llm_text,"Results, Long QT syndrome (KCNQ1 and KCNH2)",baseline,,/Users/kronckbm/GitRepos/GeneVariantFetcher/benchmarks/evaluation_tiers/mixed_gold_continuation_120/answer_key/KCNQ1_recall_input.csv,mixed_gold_cont120_01
20260903_protocol_cont120_01_candidate,2026-09-03T23:52:59.594246+00:00,matched_variant_paper_measure,KCNQ1,18580685,p.Val205Met,V205M,affected,8,,0,1,-8,8,0,1,llm_text,"Results, paragraph 1; Discussion",baseline,,/Users/kronckbm/GitRepos/GeneVariantFetcher/benchmarks/evaluation_tiers/mixed_gold_continuation_120/answer_key/KCNQ1_recall_input.csv,mixed_gold_cont120_01
20260903_protocol_cont120_01_candidate,2026-09-03T23:52:59.594246+00:00,matched_variant_paper_measure,KCNQ1,19056345,p.Ile313Glu,I313E,affected,0,,0,1,0,0,1,0,figure,"Functional study - assay data only; Results, Table 1, Figure 1, Figure 2",baseline,,/Users/kronckbm/GitRepos/GeneVariantFetcher/benchmarks/evaluation_tiers/mixed_gold_continuation_120/answer_key/KCNQ1_recall_input.csv,mixed_gold_cont120_01
20260903_protocol_cont120_01_candidate,2026-09-03T23:52:59.594246+00:00,matched_variant_paper_measure,KCNQ1,19056345,p.Ile313Gly,I313G,affected,0,,0,1,0,0,1,0,figure,"Functional study - assay data only; Results, Table 1, Figure 1, Figure 2, Figure 3",baseline,,/Users/kronckbm/GitRepos/GeneVariantFetcher/benchmarks/evaluation_tiers/mixed_gold_continuation_120/answer_key/KCNQ1_recall_input.csv,mixed_gold_cont120_01
20260903_protocol_cont120_01_candidate,2026-09-03T23:52:59.594246+00:00,matched_variant_paper_measure,KCNQ1,19056345,p.Ile313Lys,I313K,affected,0,,0,1,0,0,1,0,figure,"Functional study - assay data only; Results, Table 1, Figure 1, Figure 2",baseline,,/Users/kronckbm/GitRepos/GeneVariantFetcher/benchmarks/evaluation_tiers/mixed_gold_continuation_120/answer_key/KCNQ1_recall_input.csv,mixed_gold_cont120_01
20260903_protocol_cont120_01_candidate,2026-09-03T23:52:59.594246+00:00,matched_variant_paper_measure,KCNQ1,19056345,p.Ile313Val,I313V,affected,0,,0,1,0,0,1,0,figure,"Functional study - assay data only; Results, Table 1, Figure 1, Figure 2",baseline,,/Users/kronckbm/GitRepos/GeneVariantFetcher/benchmarks/evaluation_tiers/mixed_gold_continuation_120/answer_key/KCNQ1_recall_input.csv,mixed_gold_cont120_01
20260903_protocol_cont120_01_candidate,2026-09-03T23:52:59.594246+00:00,matched_variant_paper_measure,KCNQ1,19160088,G589D,G589D,affected,0,,0,1,0,0,1,0,llm_text,Results,baseline,,/Users/kronckbm/GitRepos/GeneVariantFetcher/benchmarks/evaluation_tiers/mixed_gold_continuation_120/answer_key/KCNQ1_recall_input.csv,mixed_gold_cont120_01
20260903_protocol_cont120_01_candidate,2026-09-03T23:52:59.594246+00:00,matched_variant_paper_measure,KCNQ1,19348785,p.Gly314Ser,G314S,affected,0,,0,1,0,0,1,0,llm_text,Functional study - assay data only,baseline,,/Users/kronckbm/GitRepos/GeneVariantFetcher/benchmarks/evaluation_tiers/mixed_gold_continuation_120/answer_key/KCNQ1_recall_input.csv,mixed_gold_cont120_01
20260903_protocol_cont120_01_candidate,2026-09-03T23:52:59.594246+00:00,matched_variant_paper_measure,KCNQ1,19880070,A341V,A341V,affected,0,,0,1,0,0,1,0,figure,figure-reader,baseline,,/Users/kronckbm/GitRepos/GeneVariantFetcher/benchmarks/evaluation_tiers/mixed_gold_continuation_120/answer_key/KCNQ1_recall_input.csv,mixed_gold_cont120_01
20260903_protocol_mixed02_candidate,2026-09-03T19:34:09.579935+00:00,matched_variant_paper_measure,KCNQ1,20138589,p.Arg190Leu,R190L,affected,0,,0,1,0,0,1,0,llm_text,"Case report, Discussion",baseline,,/Users/kronckbm/GitRepos/GeneVariantFetcher/benchmarks/evaluation_tiers/mixed_gold/answer_key/KCNQ1_recall_input.csv,mixed_gold_02
20260903_protocol_cont120_01_candidate,2026-09-03T23:52:59.594246+00:00,matched_variant_paper_measure,KCNQ1,20167303,p.Arg243Cys c.727C>T,R243C,affected,1,1,1,0,0,0,1,0,llm_text,"Results, Case 1",baseline,,/Users/kronckbm/GitRepos/GeneVariantFetcher/benchmarks/evaluation_tiers/mixed_gold_continuation_120/answer_key/KCNQ1_recall_input.csv,mixed_gold_cont120_01
20260903_protocol_mixed02_candidate,2026-09-03T19:34:09.579935+00:00,matched_variant_paper_measure,KCNQ1,20421371,D202H,D202H,affected,0,,0,1,0,0,1,0,figure,figure-reader,baseline,,/Users/kronckbm/GitRepos/GeneVariantFetcher/benchmarks/evaluation_tiers/mixed_gold/answer_key/KCNQ1_recall_input.csv,mixed_gold_02
20260903_protocol_mixed02_candidate,2026-09-03T19:34:09.579935+00:00,matched_variant_paper_measure,KCNQ1,20421371,D202N,D202N,affected,0,,0,1,0,0,1,0,figure,figure-reader,baseline,,/Users/kronckbm/GitRepos/GeneVariantFetcher/benchmarks/evaluation_tiers/mixed_gold/answer_key/KCNQ1_recall_input.csv,mixed_gold_02
20260903_protocol_mixed02_candidate,2026-09-03T19:34:09.579935+00:00,matched_variant_paper_measure,KCNQ1,20421371,I204F,I204F,affected,0,,0,1,0,0,1,0,figure,figure-reader,baseline,,/Users/kronckbm/GitRepos/GeneVariantFetcher/benchmarks/evaluation_tiers/mixed_gold/answer_key/KCNQ1_recall_input.csv,mixed_gold_02
20260903_protocol_mixed02_candidate,2026-09-03T19:34:09.579935+00:00,matched_variant_paper_measure,KCNQ1,20421371,I204M,I204M,affected,0,,0,1,0,0,1,0,figure,figure-reader,baseline,,/Users/kronckbm/GitRepos/GeneVariantFetcher/benchmarks/evaluation_tiers/mixed_gold/answer_key/KCNQ1_recall_input.csv,mixed_gold_02
20260903_protocol_mixed02_candidate,2026-09-03T19:34:09.579935+00:00,matched_variant_paper_measure,KCNQ1,20421371,S209F,S209F,affected,0,,0,1,0,0,1,0,figure,figure-reader,baseline,,/Users/kronckbm/GitRepos/GeneVariantFetcher/benchmarks/evaluation_tiers/mixed_gold/answer_key/KCNQ1_recall_input.csv,mixed_gold_02
20260903_protocol_mixed02_candidate,2026-09-03T19:34:09.579935+00:00,matched_variant_paper_measure,KCNQ1,20421371,V205M,V205M,affected,0,,0,1,0,0,1,0,figure,figure-reader,baseline,,/Users/kronckbm/GitRepos/GeneVariantFetcher/benchmarks/evaluation_tiers/mixed_gold/answer_key/KCNQ1_recall_input.csv,mixed_gold_02
20260903_protocol_mixed02_candidate,2026-09-03T19:34:09.579935+00:00,matched_variant_paper_measure,KCNQ1,20421371,V215M,V215M,affected,0,,0,1,0,0,1,0,figure,figure-reader,baseline,,/Users/kronckbm/GitRepos/GeneVariantFetcher/benchmarks/evaluation_tiers/mixed_gold/answer_key/KCNQ1_recall_input.csv,mixed_gold_02
20260903_protocol_cont120_01_candidate,2026-09-03T23:52:59.594246+00:00,matched_variant_paper_measure,KCNQ1,20981542,p.Gly316Glu,G316E,affected,7,,0,1,-7,7,0,1,llm_text,Abstract,baseline,,/Users/kronckbm/GitRepos/GeneVariantFetcher/benchmarks/evaluation_tiers/mixed_gold_continuation_120/answer_key/KCNQ1_recall_input.csv,mixed_gold_cont120_01
20260903_protocol_mixed01_candidate,2026-09-03T18:31:19.973529+00:00,matched_variant_paper_measure,KCNQ1,21138517,p.Gly589Asp,G589D,affected,0,,0,1,0,0,1,0,llm_text,"Methods, Patient population paragraph",baseline,,/Users/kronckbm/GitRepos/GeneVariantFetcher/benchmarks/evaluation_tiers/mixed_gold/answer_key/KCNQ1_recall_input.csv,mixed_gold_01
20260903_protocol_cont120_01_candidate,2026-09-03T23:52:59.594246+00:00,matched_variant_paper_measure,KCNQ1,21952006,Q357R,Q357R,affected,0,,0,1,0,0,1,0,llm_text,"Results, Functional study - assay data only",baseline,,/Users/kronckbm/GitRepos/GeneVariantFetcher/benchmarks/evaluation_tiers/mixed_gold_continuation_120/answer_key/KCNQ1_recall_input.csv,mixed_gold_cont120_01
20260903_protocol_cont120_01_candidate,2026-09-03T23:52:59.594246+00:00,matched_variant_paper_measure,KCNQ1,22539601,p.Arg518*,R518X,affected,0,,0,1,0,0,1,0,llm_text,Abstract,baseline,,/Users/kronckbm/GitRepos/GeneVariantFetcher/benchmarks/evaluation_tiers/mixed_gold_continuation_120/answer_key/KCNQ1_recall_input.csv,mixed_gold_cont120_01
20260903_protocol_cont120_01_candidate,2026-09-03T23:52:59.594246+00:00,matched_variant_paper_measure,KCNQ1,22677073,A302V,A302V,affected,0,1,1,0,1,1,0,1,figure,figure-reader,baseline,,/Users/kronckbm/GitRepos/GeneVariantFetcher/benchmarks/evaluation_tiers/mixed_gold_continuation_120/answer_key/KCNQ1_recall_input.csv,mixed_gold_cont120_01
20260903_protocol_cont120_01_candidate,2026-09-03T23:52:59.594246+00:00,matched_variant_paper_measure,KCNQ1,22677073,A341E,A341E,affected,0,1,1,0,1,1,0,1,figure,figure-reader,baseline,,/Users/kronckbm/GitRepos/GeneVariantFetcher/benchmarks/evaluation_tiers/mixed_gold_continuation_120/answer_key/KCNQ1_recall_input.csv,mixed_gold_cont120_01
20260903_protocol_cont120_01_candidate,2026-09-03T23:52:59.594246+00:00,matched_variant_paper_measure,KCNQ1,22677073,G269S,G269S,affected,0,1,1,0,1,1,0,1,figure,figure-reader,baseline,,/Users/kronckbm/GitRepos/GeneVariantFetcher/benchmarks/evaluation_tiers/mixed_gold_continuation_120/answer_key/KCNQ1_recall_input.csv,mixed_gold_cont120_01
20260903_protocol_cont120_01_candidate,2026-09-03T23:52:59.594246+00:00,matched_variant_paper_measure,KCNQ1,22677073,G584S,G584S,affected,0,1,1,0,1,1,0,1,figure,figure-reader,baseline,,/Users/kronckbm/GitRepos/GeneVariantFetcher/benchmarks/evaluation_tiers/mixed_gold_continuation_120/answer_key/KCNQ1_recall_input.csv,mixed_gold_cont120_01
20260903_protocol_cont120_01_candidate,2026-09-03T23:52:59.594246+00:00,matched_variant_paper_measure,KCNQ1,22677073,I198V,I198V,affected,0,1,1,0,1,1,0,1,figure,figure-reader,baseline,,/Users/kronckbm/GitRepos/GeneVariantFetcher/benchmarks/evaluation_tiers/mixed_gold_continuation_120/answer_key/KCNQ1_recall_input.csv,mixed_gold_cont120_01
20260903_protocol_cont120_01_candidate,2026-09-03T23:52:59.594246+00:00,matched_variant_paper_measure,KCNQ1,22677073,L191FS,L191fsX,affected,0,,0,1,0,0,1,0,regex_text,Text scan (protein_single_letter),baseline,,/Users/kronckbm/GitRepos/GeneVariantFetcher/benchmarks/evaluation_tiers/mixed_gold_continuation_120/answer_key/KCNQ1_recall_input.csv,mixed_gold_cont120_01
20260903_protocol_cont120_01_candidate,2026-09-03T23:52:59.594246+00:00,matched_variant_paper_measure,KCNQ1,22677073,T312I,T312I,affected,0,1,1,0,1,1,0,1,figure,figure-reader,baseline,,/Users/kronckbm/GitRepos/GeneVariantFetcher/benchmarks/evaluation_tiers/mixed_gold_continuation_120/answer_key/KCNQ1_recall_input.csv,mixed_gold_cont120_01
20260903_protocol_cont120_01_candidate,2026-09-03T23:52:59.594246+00:00,matched_variant_paper_measure,KCNQ1,22677073,T587M,T587M,affected,0,1,1,0,1,1,0,1,figure,figure-reader,baseline,,/Users/kronckbm/GitRepos/GeneVariantFetcher/benchmarks/evaluation_tiers/mixed_gold_continuation_120/answer_key/KCNQ1_recall_input.csv,mixed_gold_cont120_01
20260903_protocol_cont120_01_candidate,2026-09-03T23:52:59.594246+00:00,matched_variant_paper_measure,KCNQ1,22677073,W379R,W379R,affected,0,1,1,0,1,1,0,1,figure,figure-reader,baseline,,/Users/kronckbm/GitRepos/GeneVariantFetcher/benchmarks/evaluation_tiers/mixed_gold_continuation_120/answer_key/KCNQ1_recall_input.csv,mixed_gold_cont120_01
20260903_protocol_cont120_01_candidate,2026-09-03T23:52:59.594246+00:00,matched_variant_paper_measure,KCNQ1,22677073,Y111C,Y111C,affected,0,1,1,0,1,1,0,1,figure,figure-reader,baseline,,/Users/kronckbm/GitRepos/GeneVariantFetcher/benchmarks/evaluation_tiers/mixed_gold_continuation_120/answer_key/KCNQ1_recall_input.csv,mixed_gold_cont120_01
20260903_protocol_mixed01_candidate,2026-09-03T18:31:19.973529+00:00,matched_variant_paper_measure,KCNQ1,23092362,G325R,G325R,affected,0,,0,1,0,0,1,0,figure,figure-reader,baseline,,/Users/kronckbm/GitRepos/GeneVariantFetcher/benchmarks/evaluation_tiers/mixed_gold/answer_key/KCNQ1_recall_input.csv,mixed_gold_01
20260903_protocol_mixed01_candidate,2026-09-03T18:31:19.973529+00:00,matched_variant_paper_measure,KCNQ1,23092362,T322A,T322A,affected,0,,0,1,0,0,1,0,figure,figure-reader,baseline,,/Users/kronckbm/GitRepos/GeneVariantFetcher/benchmarks/evaluation_tiers/mixed_gold/answer_key/KCNQ1_recall_input.csv,mixed_gold_01
20260903_protocol_mixed01_candidate,2026-09-03T18:31:19.973529+00:00,matched_variant_paper_measure,KCNQ1,23092362,T322M,T322M,affected,0,,0,1,0,0,1,0,figure,figure-reader,baseline,,/Users/kronckbm/GitRepos/GeneVariantFetcher/benchmarks/evaluation_tiers/mixed_gold/answer_key/KCNQ1_recall_input.csv,mixed_gold_01
20260903_protocol_cont120_01_candidate,2026-09-03T23:52:59.594246+00:00,matched_variant_paper_measure,KCNQ1,25444851,p.D202H,D202H,affected,0,,0,1,0,0,1,0,figure,"Functional study - assay data only; Results, Figures 1,3; Table 1",baseline,,/Users/kronckbm/GitRepos/GeneVariantFetcher/benchmarks/evaluation_tiers/mixed_gold_continuation_120/answer_key/KCNQ1_recall_input.csv,mixed_gold_cont120_01
20260903_protocol_cont120_01_candidate,2026-09-03T23:52:59.594246+00:00,matched_variant_paper_measure,KCNQ1,25825456,p.Arg190Trp,R190W,affected,3,,0,1,-3,3,0,1,llm_text,Abstract,baseline,,/Users/kronckbm/GitRepos/GeneVariantFetcher/benchmarks/evaluation_tiers/mixed_gold_continuation_120/answer_key/KCNQ1_recall_input.csv,mixed_gold_cont120_01
20260903_protocol_mixed02_candidate,2026-09-03T19:34:09.579935+00:00,matched_variant_paper_measure,KCNQ1,26168993,p.Phe279Ile,F279I,affected,1,1,1,0,0,0,1,0,llm_text,Abstract,baseline,,/Users/kronckbm/GitRepos/GeneVariantFetcher/benchmarks/evaluation_tiers/mixed_gold/answer_key/KCNQ1_recall_input.csv,mixed_gold_02
20260903_protocol_cont120_01_candidate,2026-09-03T23:52:59.594246+00:00,matched_variant_paper_measure,KCNQ1,27810088,V133I,V133I,affected,0,,0,1,0,0,1,0,figure,figure-reader,baseline,,/Users/kronckbm/GitRepos/GeneVariantFetcher/benchmarks/evaluation_tiers/mixed_gold_continuation_120/answer_key/KCNQ1_recall_input.csv,mixed_gold_cont120_01
20260903_protocol_mixed02_candidate,2026-09-03T19:34:09.579935+00:00,matched_variant_paper_measure,KCNQ1,27868350,p.Arg259Gly c.775C>G,R259G,affected,0,1,1,0,1,1,0,1,llm_text,"CASE REPORT, paragraph describing sequencing results",baseline,,/Users/kronckbm/GitRepos/GeneVariantFetcher/benchmarks/evaluation_tiers/mixed_gold/answer_key/KCNQ1_recall_input.csv,mixed_gold_02
20260903_protocol_mixed02_candidate,2026-09-03T19:34:09.579935+00:00,matched_variant_paper_measure,KCNQ1,29330128,p.Val162Met,V162M,affected,0,,0,1,0,0,1,0,llm_text,"Results, Discussion",baseline,,/Users/kronckbm/GitRepos/GeneVariantFetcher/benchmarks/evaluation_tiers/mixed_gold/answer_key/KCNQ1_recall_input.csv,mixed_gold_02
20260903_protocol_cont120_01_candidate,2026-09-03T23:52:59.594246+00:00,matched_variant_paper_measure,KCNQ1,29488358,G229D,G229D,affected,0,,0,1,0,0,1,0,figure,figure-reader,baseline,,/Users/kronckbm/GitRepos/GeneVariantFetcher/benchmarks/evaluation_tiers/mixed_gold_continuation_120/answer_key/KCNQ1_recall_input.csv,mixed_gold_cont120_01
20260903_protocol_mixed02_candidate,2026-09-03T19:34:09.579935+00:00,matched_variant_paper_measure,KCNQ1,29544605,p.R518Q c.1553G>A,R518Q,affected,0,1,1,0,1,1,0,1,llm_table,"Table 2, row 16",baseline,,/Users/kronckbm/GitRepos/GeneVariantFetcher/benchmarks/evaluation_tiers/mixed_gold/answer_key/KCNQ1_recall_input.csv,mixed_gold_02
20260903_protocol_mixed02_candidate,2026-09-03T19:34:09.579935+00:00,matched_variant_paper_measure,KCNQ1,29544605,p.S77F c.230C>T,S77F,affected,0,1,1,0,1,1,0,1,llm_table,"Table 2, row 15",baseline,,/Users/kronckbm/GitRepos/GeneVariantFetcher/benchmarks/evaluation_tiers/mixed_gold/answer_key/KCNQ1_recall_input.csv,mixed_gold_02
20260903_protocol_mixed01_candidate,2026-09-03T18:31:19.973529+00:00,matched_variant_paper_measure,KCNQ1,29677589,p.Arg190Trp c.568C>T,R190W,affected,0,1,1,0,1,1,0,1,llm_text,Resource details paragraph,baseline,,/Users/kronckbm/GitRepos/GeneVariantFetcher/benchmarks/evaluation_tiers/mixed_gold/answer_key/KCNQ1_recall_input.csv,mixed_gold_01
20260903_protocol_mixed01_candidate,2026-09-03T18:31:19.973529+00:00,matched_variant_paper_measure,KCNQ1,29677589,p.Arg594Gln c.1781G>A,R594Q,affected,0,1,1,0,1,1,0,1,llm_text,Resource details paragraph,baseline,,/Users/kronckbm/GitRepos/GeneVariantFetcher/benchmarks/evaluation_tiers/mixed_gold/answer_key/KCNQ1_recall_input.csv,mixed_gold_01
20260903_protocol_mixed01_candidate,2026-09-03T18:31:19.973529+00:00,matched_variant_paper_measure,KCNQ1,29857160,c.1032G>A,A344A,affected,1,1,1,0,0,0,1,0,llm_text,"Results, Clinical phenotypes and genetic analysis; Functional study - assay data only for n= values",baseline,,/Users/kronckbm/GitRepos/GeneVariantFetcher/benchmarks/evaluation_tiers/mixed_gold/answer_key/KCNQ1_recall_input.csv,mixed_gold_01
20260903_protocol_cont120_01_candidate,2026-09-03T23:52:59.594246+00:00,matched_variant_paper_measure,KCNQ1,29876285,A300S,A300S,affected,0,,0,1,0,0,1,0,figure,figure-reader,baseline,,/Users/kronckbm/GitRepos/GeneVariantFetcher/benchmarks/evaluation_tiers/mixed_gold_continuation_120/answer_key/KCNQ1_recall_input.csv,mixed_gold_cont120_01
20260903_protocol_mixed02_candidate,2026-09-03T19:34:09.579935+00:00,matched_variant_paper_measure,KCNQ1,29922582,p.Arg518*,R518X,affected,1,2,2,0,1,1,0,0,figure,"Case report, Figure 2",baseline,,/Users/kronckbm/GitRepos/GeneVariantFetcher/benchmarks/evaluation_tiers/mixed_gold/answer_key/KCNQ1_recall_input.csv,mixed_gold_02
20260903_protocol_cont120_01_candidate,2026-09-03T23:52:59.594246+00:00,matched_variant_paper_measure,KCNQ1,29978770,p.Arg190Trp,R190W,affected,2,,0,1,-2,2,0,1,llm_table,Abstract and main text (refers to prior report),baseline,,/Users/kronckbm/GitRepos/GeneVariantFetcher/benchmarks/evaluation_tiers/mixed_gold_continuation_120/answer_key/KCNQ1_recall_input.csv,mixed_gold_cont120_01
20260903_protocol_mixed01_candidate,2026-09-03T18:31:19.973529+00:00,matched_variant_paper_measure,KCNQ1,30508507,p.Arg366Trp c.1096C>T,R366W,affected,0,,0,1,0,0,1,0,llm_text,"Results, Whole exome sequencing analysis; Discussion paragraph on Patient 14",baseline,,/Users/kronckbm/GitRepos/GeneVariantFetcher/benchmarks/evaluation_tiers/mixed_gold/answer_key/KCNQ1_recall_input.csv,mixed_gold_01
20260903_protocol_cont120_01_candidate,2026-09-03T23:52:59.594246+00:00,matched_variant_paper_measure,KCNQ1,31293497,p.R360_Q361dupQKQR,R360_Q361DUPQKQR,affected,24,24,24,0,0,0,1,0,llm_text,"Results, Mutation Screening; Strong Linkage; Linkage Evidence for 10p14; Electrophysiology",baseline,,/Users/kronckbm/GitRepos/GeneVariantFetcher/benchmarks/evaluation_tiers/mixed_gold_continuation_120/answer_key/KCNQ1_recall_input.csv,mixed_gold_cont120_01
20260903_protocol_cont120_01_candidate,2026-09-03T23:52:59.594246+00:00,matched_variant_paper_measure,KCNQ1,31484877,p.Glu39* c.115G>T,E39X,affected,1,1,1,0,0,0,1,0,figure,"Case Report, Figure 1C",baseline,,/Users/kronckbm/GitRepos/GeneVariantFetcher/benchmarks/evaluation_tiers/mixed_gold_continuation_120/answer_key/KCNQ1_recall_input.csv,mixed_gold_cont120_01
20260903_protocol_cont120_01_candidate,2026-09-03T23:52:59.594246+00:00,matched_variant_paper_measure,KCNQ1,31484877,p.Gly168Arg c.502G>A,G168R,affected,1,,0,1,-1,1,0,1,figure,"Case Report, Figure 1B",baseline,,/Users/kronckbm/GitRepos/GeneVariantFetcher/benchmarks/evaluation_tiers/mixed_gold_continuation_120/answer_key/KCNQ1_recall_input.csv,mixed_gold_cont120_01
20260903_protocol_mixed02_candidate,2026-09-03T19:34:09.579935+00:00,matched_variant_paper_measure,KCNQ1,32508908,p.K581X,K581X,affected,0,,0,1,0,0,1,0,figure,figure-reader,baseline,,/Users/kronckbm/GitRepos/GeneVariantFetcher/benchmarks/evaluation_tiers/mixed_gold/answer_key/KCNQ1_recall_input.csv,mixed_gold_02
20260903_protocol_mixed02_candidate,2026-09-03T19:34:09.579935+00:00,matched_variant_paper_measure,KCNQ1,33498651,P631fs*20,P631fsX,affected,0,1,1,0,1,1,0,1,figure,figure-reader,baseline,,/Users/kronckbm/GitRepos/GeneVariantFetcher/benchmarks/evaluation_tiers/mixed_gold/answer_key/KCNQ1_recall_input.csv,mixed_gold_02
20260903_protocol_mixed01_candidate,2026-09-03T18:31:19.973529+00:00,matched_variant_paper_measure,KCNQ1,33664273,p.Arg259Leu c.776G>T,R259L,affected,1,,0,1,-1,1,0,1,llm_table,"Table 1, Results NGS analysis and Family genetic testing",baseline,,/Users/kronckbm/GitRepos/GeneVariantFetcher/benchmarks/evaluation_tiers/mixed_gold/answer_key/KCNQ1_recall_input.csv,mixed_gold_01
20260903_protocol_cont120_01_candidate,2026-09-03T23:52:59.594246+00:00,matched_variant_paper_measure,MYBPC3,21302287,p.A364T c.1090G>A,c.1090G>A,affected,1,1,1,0,0,0,1,0,llm_table,Table 3,baseline,,/Users/kronckbm/GitRepos/GeneVariantFetcher/benchmarks/evaluation_tiers/mixed_gold_continuation_120/answer_key/MYBPC3_recall_input.csv,mixed_gold_cont120_01
20260903_protocol_cont120_01_candidate,2026-09-03T23:52:59.594246+00:00,matched_variant_paper_measure,MYBPC3,21302287,c.1223+29G>A,c.1223+29G>A,affected,3,,0,1,-3,3,0,1,regex_table,"Table (regex extraction), block 5, row 9",baseline,,/Users/kronckbm/GitRepos/GeneVariantFetcher/benchmarks/evaluation_tiers/mixed_gold_continuation_120/answer_key/MYBPC3_recall_input.csv,mixed_gold_cont120_01
20260903_protocol_cont120_01_candidate,2026-09-03T23:52:59.594246+00:00,matched_variant_paper_measure,MYBPC3,21302287,p.R458H c.1373G>A,c.1373G>A,affected,1,1,1,0,0,0,1,0,llm_table,Table 3,baseline,,/Users/kronckbm/GitRepos/GeneVariantFetcher/benchmarks/evaluation_tiers/mixed_gold_continuation_120/answer_key/MYBPC3_recall_input.csv,mixed_gold_cont120_01
20260903_protocol_cont120_01_candidate,2026-09-03T23:52:59.594246+00:00,matched_variant_paper_measure,MYBPC3,21302287,A522T c.1564G>A,c.1564G>A,affected,1,,0,1,-1,1,0,1,regex_table,"Table (regex extraction), block 5, row 4",baseline,,/Users/kronckbm/GitRepos/GeneVariantFetcher/benchmarks/evaluation_tiers/mixed_gold_continuation_120/answer_key/MYBPC3_recall_input.csv,mixed_gold_cont120_01
20260903_protocol_cont120_01_candidate,2026-09-03T23:52:59.594246+00:00,matched_variant_paper_measure,MYBPC3,21302287,p.E542Q c.1624G>C,c.1624G>C,affected,1,1,1,0,0,0,1,0,llm_table,Table 3,baseline,,/Users/kronckbm/GitRepos/GeneVariantFetcher/benchmarks/evaluation_tiers/mixed_gold_continuation_120/answer_key/MYBPC3_recall_input.csv,mixed_gold_cont120_01
20260903_protocol_cont120_01_candidate,2026-09-03T23:52:59.594246+00:00,matched_variant_paper_measure,MYBPC3,21302287,p.D605H c.1813G>C,c.1813G>C,affected,3,3,3,0,0,0,1,0,llm_table,Table 3,baseline,,/Users/kronckbm/GitRepos/GeneVariantFetcher/benchmarks/evaluation_tiers/mixed_gold_continuation_120/answer_key/MYBPC3_recall_input.csv,mixed_gold_cont120_01
20260903_protocol_cont120_01_candidate,2026-09-03T23:52:59.594246+00:00,matched_variant_paper_measure,MYBPC3,21302287,R668C,c.2002C>T,affected,1,,0,1,-1,1,0,1,figure,figure-reader,baseline,,/Users/kronckbm/GitRepos/GeneVariantFetcher/benchmarks/evaluation_tiers/mixed_gold_continuation_120/answer_key/MYBPC3_recall_input.csv,mixed_gold_cont120_01
20260903_protocol_cont120_01_candidate,2026-09-03T23:52:59.594246+00:00,matched_variant_paper_measure,MYBPC3,21302287,c.2309-2A>G,c.2309-2A>G,affected,1,1,1,0,0,0,1,0,llm_table,Table 3,baseline,,/Users/kronckbm/GitRepos/GeneVariantFetcher/benchmarks/evaluation_tiers/mixed_gold_continuation_120/answer_key/MYBPC3_recall_input.csv,mixed_gold_cont120_01
20260903_protocol_cont120_01_candidate,2026-09-03T23:52:59.594246+00:00,matched_variant_paper_measure,MYBPC3,21302287,p.V771M c.2311G>A,c.2311G>A,affected,1,1,1,0,0,0,1,0,llm_table,Table 3,baseline,,/Users/kronckbm/GitRepos/GeneVariantFetcher/benchmarks/evaluation_tiers/mixed_gold_continuation_120/answer_key/MYBPC3_recall_input.csv,mixed_gold_cont120_01
20260903_protocol_cont120_01_candidate,2026-09-03T23:52:59.594246+00:00,matched_variant_paper_measure,MYBPC3,21302287,c.2340+18C>G,c.2340+18C>G,affected,4,,0,1,-4,4,0,1,regex_table,"Table (regex extraction), block 5, row 10",baseline,,/Users/kronckbm/GitRepos/GeneVariantFetcher/benchmarks/evaluation_tiers/mixed_gold_continuation_120/answer_key/MYBPC3_recall_input.csv,mixed_gold_cont120_01
20260903_protocol_cont120_01_candidate,2026-09-03T23:52:59.594246+00:00,matched_variant_paper_measure,MYBPC3,21302287,R810Q,c.2429G>A,affected,1,,0,1,-1,1,0,1,figure,figure-reader,baseline,,/Users/kronckbm/GitRepos/GeneVariantFetcher/benchmarks/evaluation_tiers/mixed_gold_continuation_120/answer_key/MYBPC3_recall_input.csv,mixed_gold_cont120_01
20260903_protocol_cont120_01_candidate,2026-09-03T23:52:59.594246+00:00,matched_variant_paper_measure,MYBPC3,21302287,V849V c.2550C>T,c.2550C>T,affected,3,,0,1,-3,3,0,1,regex_table,"Table (regex extraction), block 5, row 6",baseline,,/Users/kronckbm/GitRepos/GeneVariantFetcher/benchmarks/evaluation_tiers/mixed_gold_continuation_120/answer_key/MYBPC3_recall_input.csv,mixed_gold_cont120_01
20260903_protocol_cont120_01_candidate,2026-09-03T23:52:59.594246+00:00,matched_variant_paper_measure,MYBPC3,21302287,p.T885M c.2654C>T,c.2654C>T,affected,1,1,1,0,0,0,1,0,llm_table,Table 3,baseline,,/Users/kronckbm/GitRepos/GeneVariantFetcher/benchmarks/evaluation_tiers/mixed_gold_continuation_120/answer_key/MYBPC3_recall_input.csv,mixed_gold_cont120_01
20260903_protocol_cont120_01_candidate,2026-09-03T23:52:59.594246+00:00,matched_variant_paper_measure,MYBPC3,21302287,c.2737+12C>T,c.2737+12C>T,affected,3,,0,1,-3,3,0,1,regex_table,"Table (regex extraction), block 5, row 11",baseline,,/Users/kronckbm/GitRepos/GeneVariantFetcher/benchmarks/evaluation_tiers/mixed_gold_continuation_120/answer_key/MYBPC3_recall_input.csv,mixed_gold_cont120_01
20260903_protocol_cont120_01_candidate,2026-09-03T23:52:59.594246+00:00,matched_variant_paper_measure,MYBPC3,21302287,R493X c.2827C>T,c.2827C>T,affected,1,1,1,0,0,0,1,0,regex_table,Table 3 (regex extraction),baseline,,/Users/kronckbm/GitRepos/GeneVariantFetcher/benchmarks/evaluation_tiers/mixed_gold_continuation_120/answer_key/MYBPC3_recall_input.csv,mixed_gold_cont120_01
20260903_protocol_cont120_01_candidate,2026-09-03T23:52:59.594246+00:00,matched_variant_paper_measure,MYBPC3,21302287,M949IfsX100,c.2846_2847insT,affected,1,,0,1,-1,1,0,1,figure,figure-reader,baseline,,/Users/kronckbm/GitRepos/GeneVariantFetcher/benchmarks/evaluation_tiers/mixed_gold_continuation_120/answer_key/MYBPC3_recall_input.csv,mixed_gold_cont120_01
20260903_protocol_cont120_01_candidate,2026-09-03T23:52:59.594246+00:00,matched_variant_paper_measure,MYBPC3,21302287,c.2905+1G>A,c.2905+1G>A,affected,1,1,1,0,0,0,1,0,llm_table,Table 3,baseline,,/Users/kronckbm/GitRepos/GeneVariantFetcher/benchmarks/evaluation_tiers/mixed_gold_continuation_120/answer_key/MYBPC3_recall_input.csv,mixed_gold_cont120_01
20260903_protocol_cont120_01_candidate,2026-09-03T23:52:59.594246+00:00,matched_variant_paper_measure,MYBPC3,21302287,p.Q969* c.2905C>T,c.2905C>T,affected,1,,0,1,-1,1,0,1,llm_table,Table 3,baseline,,/Users/kronckbm/GitRepos/GeneVariantFetcher/benchmarks/evaluation_tiers/mixed_gold_continuation_120/answer_key/MYBPC3_recall_input.csv,mixed_gold_cont120_01
20260903_protocol_cont120_01_candidate,2026-09-03T23:52:59.594246+00:00,matched_variant_paper_measure,MYBPC3,21302287,p.Q1012* c.3034C>T,c.3034C>T,affected,1,1,1,0,0,0,1,0,llm_table,Table 3,baseline,,/Users/kronckbm/GitRepos/GeneVariantFetcher/benchmarks/evaluation_tiers/mixed_gold_continuation_120/answer_key/MYBPC3_recall_input.csv,mixed_gold_cont120_01
20260903_protocol_cont120_01_candidate,2026-09-03T23:52:59.594246+00:00,matched_variant_paper_measure,MYBPC3,21302287,L1084P,c.3251T>C,affected,2,2,2,0,0,0,1,0,figure,figure-reader,baseline,,/Users/kronckbm/GitRepos/GeneVariantFetcher/benchmarks/evaluation_tiers/mixed_gold_continuation_120/answer_key/MYBPC3_recall_input.csv,mixed_gold_cont120_01
20260903_protocol_cont120_01_candidate,2026-09-03T23:52:59.594246+00:00,matched_variant_paper_measure,MYBPC3,21302287,E1096E c.3288G>A,c.3288G>A,affected,1,,0,1,-1,1,0,1,regex_table,"Table (regex extraction), block 5, row 7",baseline,,/Users/kronckbm/GitRepos/GeneVariantFetcher/benchmarks/evaluation_tiers/mixed_gold_continuation_120/answer_key/MYBPC3_recall_input.csv,mixed_gold_cont120_01
20260903_protocol_cont120_01_candidate,2026-09-03T23:52:59.594246+00:00,matched_variant_paper_measure,MYBPC3,21302287,p.Q1233* c.3697C>T,c.3697C>T,affected,1,,0,1,-1,1,0,1,llm_table,Table 3,baseline,,/Users/kronckbm/GitRepos/GeneVariantFetcher/benchmarks/evaluation_tiers/mixed_gold_continuation_120/answer_key/MYBPC3_recall_input.csv,mixed_gold_cont120_01
20260903_protocol_cont120_01_candidate,2026-09-03T23:52:59.594246+00:00,matched_variant_paper_measure,MYBPC3,21302287,V158M c.472G>A,c.472G>A,affected,1,,0,1,-1,1,0,1,regex_table,"Table (regex extraction), block 5, row 2",baseline,,/Users/kronckbm/GitRepos/GeneVariantFetcher/benchmarks/evaluation_tiers/mixed_gold_continuation_120/answer_key/MYBPC3_recall_input.csv,mixed_gold_cont120_01
20260903_protocol_cont120_01_candidate,2026-09-03T23:52:59.594246+00:00,matched_variant_paper_measure,MYBPC3,21302287,G164G c.492C>T,c.492C>T,affected,1,,0,1,-1,1,0,1,regex_table,"Table (regex extraction), block 5, row 5",baseline,,/Users/kronckbm/GitRepos/GeneVariantFetcher/benchmarks/evaluation_tiers/mixed_gold_continuation_120/answer_key/MYBPC3_recall_input.csv,mixed_gold_cont120_01
20260903_protocol_cont120_01_candidate,2026-09-03T23:52:59.594246+00:00,matched_variant_paper_measure,MYBPC3,21302287,R326Q c.977G>A,c.977G>A,affected,1,,0,1,-1,1,0,1,regex_table,"Table (regex extraction), block 5, row 3",baseline,,/Users/kronckbm/GitRepos/GeneVariantFetcher/benchmarks/evaluation_tiers/mixed_gold_continuation_120/answer_key/MYBPC3_recall_input.csv,mixed_gold_cont120_01
20260903_protocol_mixed01_candidate,2026-09-03T18:31:19.973529+00:00,matched_variant_paper_measure,MYBPC3,33673806,p.Gly347Ser c.1039G>A,c.1039G>A,affected,1,1,1,0,0,0,1,0,regex_table,"Table T2, row 26 (router+deterministic)",baseline,,/Users/kronckbm/GitRepos/GeneVariantFetcher/benchmarks/evaluation_tiers/mixed_gold/answer_key/MYBPC3_recall_input.csv,mixed_gold_01
20260903_protocol_mixed01_candidate,2026-09-03T18:31:19.973529+00:00,matched_variant_paper_measure,MYBPC3,33673806,p.Ser362Lysfs*28 c.1084dupA,c.1084dupA,affected,1,1,1,0,0,0,1,0,regex_table,"Table T2, row 27 (router+deterministic)",baseline,,/Users/kronckbm/GitRepos/GeneVariantFetcher/benchmarks/evaluation_tiers/mixed_gold/answer_key/MYBPC3_recall_input.csv,mixed_gold_01
20260903_protocol_mixed01_candidate,2026-09-03T18:31:19.973529+00:00,matched_variant_paper_measure,MYBPC3,33673806,c.1091-1G>A,c.1091-1G>A,affected,1,1,1,0,0,0,1,0,regex_table,"Table T2, row 28 (router+deterministic)",baseline,,/Users/kronckbm/GitRepos/GeneVariantFetcher/benchmarks/evaluation_tiers/mixed_gold/answer_key/MYBPC3_recall_input.csv,mixed_gold_01
20260903_protocol_mixed01_candidate,2026-09-03T18:31:19.973529+00:00,matched_variant_paper_measure,MYBPC3,33673806,p.Trp396Cys c.1188G>T,c.1188G>T,affected,1,1,1,0,0,0,1,0,regex_table,"Table T2, row 29 (router+deterministic)",baseline,,/Users/kronckbm/GitRepos/GeneVariantFetcher/benchmarks/evaluation_tiers/mixed_gold/answer_key/MYBPC3_recall_input.csv,mixed_gold_01
20260903_protocol_mixed01_candidate,2026-09-03T18:31:19.973529+00:00,matched_variant_paper_measure,MYBPC3,33673806,c.1223+1G>A,c.1223+1G>A,affected,1,1,1,0,0,0,1,0,regex_table,"Table T2, row 30 (router+deterministic)",baseline,,/Users/kronckbm/GitRepos/GeneVariantFetcher/benchmarks/evaluation_tiers/mixed_gold/answer_key/MYBPC3_recall_input.csv,mixed_gold_01
20260903_protocol_mixed01_candidate,2026-09-03T18:31:19.973529+00:00,matched_variant_paper_measure,MYBPC3,33673806,c.1224-19G>A,c.1224-19G>A,affected,1,1,1,0,0,0,1,0,regex_table,"Table T2, row 31 (router+deterministic)",baseline,,/Users/kronckbm/GitRepos/GeneVariantFetcher/benchmarks/evaluation_tiers/mixed_gold/answer_key/MYBPC3_recall_input.csv,mixed_gold_01
20260903_protocol_mixed01_candidate,2026-09-03T18:31:19.973529+00:00,matched_variant_paper_measure,MYBPC3,33673806,c.1227-13G>A,c.1227-13G>A,affected,4,,0,1,-4,4,0,1,regex_table,"Table T2, row 32 (router+deterministic)",baseline,,/Users/kronckbm/GitRepos/GeneVariantFetcher/benchmarks/evaluation_tiers/mixed_gold/answer_key/MYBPC3_recall_input.csv,mixed_gold_01
20260903_protocol_mixed01_candidate,2026-09-03T18:31:19.973529+00:00,matched_variant_paper_measure,MYBPC3,33673806,c.1351+1G>A,c.1351+1G>A,affected,1,1,1,0,0,0,1,0,regex_table,"Table T2, row 33 (router+deterministic)",baseline,,/Users/kronckbm/GitRepos/GeneVariantFetcher/benchmarks/evaluation_tiers/mixed_gold/answer_key/MYBPC3_recall_input.csv,mixed_gold_01
20260903_protocol_mixed01_candidate,2026-09-03T18:31:19.973529+00:00,matched_variant_paper_measure,MYBPC3,33673806,p.Gln483* c.1447C>T,c.1447C>T,affected,1,1,1,0,0,0,1,0,regex_table,"Table T2, row 34 (router+deterministic)",baseline,,/Users/kronckbm/GitRepos/GeneVariantFetcher/benchmarks/evaluation_tiers/mixed_gold/answer_key/MYBPC3_recall_input.csv,mixed_gold_01
20260903_protocol_mixed01_candidate,2026-09-03T18:31:19.973529+00:00,matched_variant_paper_measure,MYBPC3,33673806,c.1457+2T>G,c.1457+2T>G,affected,1,1,1,0,0,0,1,0,regex_table,"Table T2, row 35 (router+deterministic)",baseline,,/Users/kronckbm/GitRepos/GeneVariantFetcher/benchmarks/evaluation_tiers/mixed_gold/answer_key/MYBPC3_recall_input.csv,mixed_gold_01
20260903_protocol_mixed01_candidate,2026-09-03T18:31:19.973529+00:00,matched_variant_paper_measure,MYBPC3,33673806,p.Arg495Gln c.1484G>A,c.1484G>A,affected,2,,0,1,-2,2,0,1,regex_table,"Table T2, row 36 (router+deterministic)",baseline,,/Users/kronckbm/GitRepos/GeneVariantFetcher/benchmarks/evaluation_tiers/mixed_gold/answer_key/MYBPC3_recall_input.csv,mixed_gold_01
20260903_protocol_mixed01_candidate,2026-09-03T18:31:19.973529+00:00,matched_variant_paper_measure,MYBPC3,33673806,p.Arg502Trp c.1504C>T,c.1504C>T,affected,1,1,1,0,0,0,1,0,regex_table,"Table T2, row 37 (router+deterministic)",baseline,,/Users/kronckbm/GitRepos/GeneVariantFetcher/benchmarks/evaluation_tiers/mixed_gold/answer_key/MYBPC3_recall_input.csv,mixed_gold_01
20260903_protocol_mixed01_candidate,2026-09-03T18:31:19.973529+00:00,matched_variant_paper_measure,MYBPC3,33673806,p.Arg502Glnfs*27 c.1505_1509delGGTTC,c.1505_1509delGGTTC,affected,2,,0,1,-2,2,0,1,regex_table,"Table T2, row 38 (router+deterministic)",baseline,,/Users/kronckbm/GitRepos/GeneVariantFetcher/benchmarks/evaluation_tiers/mixed_gold/answer_key/MYBPC3_recall_input.csv,mixed_gold_01
20260903_protocol_mixed01_candidate,2026-09-03T18:31:19.973529+00:00,matched_variant_paper_measure,MYBPC3,33673806,p.Tyr525* c.1575T>A,c.1575T>A,affected,5,,0,1,-5,5,0,1,regex_table,"Table T2, row 39 (router+deterministic)",baseline,,/Users/kronckbm/GitRepos/GeneVariantFetcher/benchmarks/evaluation_tiers/mixed_gold/answer_key/MYBPC3_recall_input.csv,mixed_gold_01
20260903_protocol_mixed01_candidate,2026-09-03T18:31:19.973529+00:00,matched_variant_paper_measure,MYBPC3,33673806,p.Gly531Arg c.1591G>A,c.1591G>A,affected,1,1,1,0,0,0,1,0,regex_table,"Table T2, row 40 (router+deterministic)",baseline,,/Users/kronckbm/GitRepos/GeneVariantFetcher/benchmarks/evaluation_tiers/mixed_gold/answer_key/MYBPC3_recall_input.csv,mixed_gold_01
20260903_protocol_mixed01_candidate,2026-09-03T18:31:19.973529+00:00,matched_variant_paper_measure,MYBPC3,33673806,p.Gln533* c.1597C>T,c.1597C>T,affected,1,1,1,0,0,0,1,0,regex_table,"Table T2, row 41 (router+deterministic)",baseline,,/Users/kronckbm/GitRepos/GeneVariantFetcher/benchmarks/evaluation_tiers/mixed_gold/answer_key/MYBPC3_recall_input.csv,mixed_gold_01
20260903_protocol_mixed01_candidate,2026-09-03T18:31:19.973529+00:00,matched_variant_paper_measure,MYBPC3,33673806,c.1624+4A>T,c.1624+4A>T,affected,1,1,1,0,0,0,1,0,regex_table,"Table T2, row 42 (router+deterministic)",baseline,,/Users/kronckbm/GitRepos/GeneVariantFetcher/benchmarks/evaluation_tiers/mixed_gold/answer_key/MYBPC3_recall_input.csv,mixed_gold_01
20260903_protocol_mixed01_candidate,2026-09-03T18:31:19.973529+00:00,matched_variant_paper_measure,MYBPC3,33673806,p.Glu542Gln c.1624G>C,c.1624G>C,affected,2,,0,1,-2,2,0,1,regex_table,"Table T2, row 43 (router+deterministic)",baseline,,/Users/kronckbm/GitRepos/GeneVariantFetcher/benchmarks/evaluation_tiers/mixed_gold/answer_key/MYBPC3_recall_input.csv,mixed_gold_01
20260903_protocol_mixed01_candidate,2026-09-03T18:31:19.973529+00:00,matched_variant_paper_measure,MYBPC3,33673806,p.Tyr548Profs*19 c.1641_1642delGT,c.1641_1642delGT,affected,3,,0,1,-3,3,0,1,regex_table,"Table T2, row 44 (router+deterministic)",baseline,,/Users/kronckbm/GitRepos/GeneVariantFetcher/benchmarks/evaluation_tiers/mixed_gold/answer_key/MYBPC3_recall_input.csv,mixed_gold_01
20260903_protocol_mixed01_candidate,2026-09-03T18:31:19.973529+00:00,matched_variant_paper_measure,MYBPC3,33673806,p.Glu619* c.1855G>T,c.1855G>T,affected,1,1,1,0,0,0,1,0,regex_table,"Table T2, row 45 (router+deterministic)",baseline,,/Users/kronckbm/GitRepos/GeneVariantFetcher/benchmarks/evaluation_tiers/mixed_gold/answer_key/MYBPC3_recall_input.csv,mixed_gold_01
20260903_protocol_mixed01_candidate,2026-09-03T18:31:19.973529+00:00,matched_variant_paper_measure,MYBPC3,33673806,p.Cys623* c.1869C>A,c.1869C>A,affected,1,1,1,0,0,0,1,0,regex_table,"Table T2, row 46 (router+deterministic)",baseline,,/Users/kronckbm/GitRepos/GeneVariantFetcher/benchmarks/evaluation_tiers/mixed_gold/answer_key/MYBPC3_recall_input.csv,mixed_gold_01
20260903_protocol_mixed01_candidate,2026-09-03T18:31:19.973529+00:00,matched_variant_paper_measure,MYBPC3,33673806,c.1897+1G>A,c.1897+1G>A,affected,3,,0,1,-3,3,0,1,regex_table,"Table T2, row 47 (router+deterministic)",baseline,,/Users/kronckbm/GitRepos/GeneVariantFetcher/benchmarks/evaluation_tiers/mixed_gold/answer_key/MYBPC3_recall_input.csv,mixed_gold_01
20260903_protocol_mixed01_candidate,2026-09-03T18:31:19.973529+00:00,matched_variant_paper_measure,MYBPC3,33673806,p.Arg724Trp c.2170C>T,c.2170C>T,affected,1,1,1,0,0,0,1,0,regex_table,"Table T2, row 48 (router+deterministic)",baseline,,/Users/kronckbm/GitRepos/GeneVariantFetcher/benchmarks/evaluation_tiers/mixed_gold/answer_key/MYBPC3_recall_input.csv,mixed_gold_01
20260903_protocol_mixed01_candidate,2026-09-03T18:31:19.973529+00:00,matched_variant_paper_measure,MYBPC3,33673806,p.Gly77* c.229G>T,c.229G>T,affected,1,1,1,0,0,0,1,0,regex_table,"Table T2, row 49 (router+deterministic)",baseline,,/Users/kronckbm/GitRepos/GeneVariantFetcher/benchmarks/evaluation_tiers/mixed_gold/answer_key/MYBPC3_recall_input.csv,mixed_gold_01
20260903_protocol_mixed01_candidate,2026-09-03T18:31:19.973529+00:00,matched_variant_paper_measure,MYBPC3,33673806,c.2308+1G>A,c.2308+1G>A,affected,1,1,1,0,0,0,1,0,regex_table,"Table T2, row 50 (router+deterministic)",baseline,,/Users/kronckbm/GitRepos/GeneVariantFetcher/benchmarks/evaluation_tiers/mixed_gold/answer_key/MYBPC3_recall_input.csv,mixed_gold_01
20260903_protocol_mixed01_candidate,2026-09-03T18:31:19.973529+00:00,matched_variant_paper_measure,MYBPC3,33673806,p.Val771Glyfs*62 c.2311dup,c.2311dup,affected,1,1,1,0,0,0,1,0,regex_table,"Table T2, row 51 (router+deterministic)",baseline,,/Users/kronckbm/GitRepos/GeneVariantFetcher/benchmarks/evaluation_tiers/mixed_gold/answer_key/MYBPC3_recall_input.csv,mixed_gold_01
20260903_protocol_mixed01_candidate,2026-09-03T18:31:19.973529+00:00,matched_variant_paper_measure,MYBPC3,33673806,p.Trp792Valfs*41 c.2373dup,c.2373dup,affected,14,,0,1,-14,14,0,1,regex_table,"Table T2, row 52 (router+deterministic)",baseline,,/Users/kronckbm/GitRepos/GeneVariantFetcher/benchmarks/evaluation_tiers/mixed_gold/answer_key/MYBPC3_recall_input.csv,mixed_gold_01
20260903_protocol_mixed01_candidate,2026-09-03T18:31:19.973529+00:00,matched_variant_paper_measure,MYBPC3,33673806,p.Arg820Gln c.2459G>A,c.2459G>A,affected,1,1,1,0,0,0,1,0,regex_table,"Table T2, row 53 (router+deterministic)",baseline,,/Users/kronckbm/GitRepos/GeneVariantFetcher/benchmarks/evaluation_tiers/mixed_gold/answer_key/MYBPC3_recall_input.csv,mixed_gold_01
20260903_protocol_mixed01_candidate,2026-09-03T18:31:19.973529+00:00,matched_variant_paper_measure,MYBPC3,33673806,p.His831Serfs*2 c.2490dupT,c.2490dupT,affected,1,1,1,0,0,0,1,0,regex_table,"Table T2, row 54 (router+deterministic)",baseline,,/Users/kronckbm/GitRepos/GeneVariantFetcher/benchmarks/evaluation_tiers/mixed_gold/answer_key/MYBPC3_recall_input.csv,mixed_gold_01
20260903_protocol_mixed01_candidate,2026-09-03T18:31:19.973529+00:00,matched_variant_paper_measure,MYBPC3,33673806,p.Tyr847* c.2541C>G,c.2541C>G,affected,1,1,1,0,0,0,1,0,regex_table,"Table T2, row 55 (router+deterministic)",baseline,,/Users/kronckbm/GitRepos/GeneVariantFetcher/benchmarks/evaluation_tiers/mixed_gold/answer_key/MYBPC3_recall_input.csv,mixed_gold_01
20260903_protocol_mixed01_candidate,2026-09-03T18:31:19.973529+00:00,matched_variant_paper_measure,MYBPC3,33673806,p.Gly853Leufs*31 c.2556_2557delCGinsTCT,c.2556_2557delCGinsTCT,affected,1,1,1,0,0,0,1,0,regex_table,"Table T2, row 56 (router+deterministic)",baseline,,/Users/kronckbm/GitRepos/GeneVariantFetcher/benchmarks/evaluation_tiers/mixed_gold/answer_key/MYBPC3_recall_input.csv,mixed_gold_01
20260903_protocol_mixed01_candidate,2026-09-03T18:31:19.973529+00:00,matched_variant_paper_measure,MYBPC3,33673806,c.26-2A>G,c.26-2A>G,affected,1,1,1,0,0,0,1,0,regex_table,"Table T2, row 57 (router+deterministic)",baseline,,/Users/kronckbm/GitRepos/GeneVariantFetcher/benchmarks/evaluation_tiers/mixed_gold/answer_key/MYBPC3_recall_input.csv,mixed_gold_01
20260903_protocol_mixed01_candidate,2026-09-03T18:31:19.973529+00:00,matched_variant_paper_measure,MYBPC3,33673806,p.Trp890* c.2670G>A,c.2670G>A,affected,1,1,1,0,0,0,1,0,regex_table,"Table T2, row 58 (router+deterministic)",baseline,,/Users/kronckbm/GitRepos/GeneVariantFetcher/benchmarks/evaluation_tiers/mixed_gold/answer_key/MYBPC3_recall_input.csv,mixed_gold_01
20260903_protocol_mixed01_candidate,2026-09-03T18:31:19.973529+00:00,matched_variant_paper_measure,MYBPC3,33673806,c.2737+1G>C,c.2737+1G>C,affected,1,1,1,0,0,0,1,0,regex_table,"Table T2, row 59 (router+deterministic)",baseline,,/Users/kronckbm/GitRepos/GeneVariantFetcher/benchmarks/evaluation_tiers/mixed_gold/answer_key/MYBPC3_recall_input.csv,mixed_gold_01
20260903_protocol_mixed01_candidate,2026-09-03T18:31:19.973529+00:00,matched_variant_paper_measure,MYBPC3,33673806,p.Arg943* c.2827C>T,c.2827C>T,affected,1,1,1,0,0,0,1,0,regex_table,"Table T2, row 60 (router+deterministic)",baseline,,/Users/kronckbm/GitRepos/GeneVariantFetcher/benchmarks/evaluation_tiers/mixed_gold/answer_key/MYBPC3_recall_input.csv,mixed_gold_01
20260903_protocol_mixed01_candidate,2026-09-03T18:31:19.973529+00:00,matched_variant_paper_measure,MYBPC3,33673806,p.Pro955Argfs*95 c.2864_2865delCT,c.2864_2865delCT,affected,3,,0,1,-3,3,0,1,regex_table,"Table T2, row 61 (router+deterministic)",baseline,,/Users/kronckbm/GitRepos/GeneVariantFetcher/benchmarks/evaluation_tiers/mixed_gold/answer_key/MYBPC3_recall_input.csv,mixed_gold_01
20260903_protocol_mixed01_candidate,2026-09-03T18:31:19.973529+00:00,matched_variant_paper_measure,MYBPC3,33673806,c.2905+1G>A,c.2905+1G>A,affected,1,1,1,0,0,0,1,0,regex_table,"Table T2, row 62 (router+deterministic)",baseline,,/Users/kronckbm/GitRepos/GeneVariantFetcher/benchmarks/evaluation_tiers/mixed_gold/answer_key/MYBPC3_recall_input.csv,mixed_gold_01
20260903_protocol_mixed01_candidate,2026-09-03T18:31:19.973529+00:00,matched_variant_paper_measure,MYBPC3,33673806,p.Gln969* c.2905C>T,c.2905C>T,affected,1,1,1,0,0,0,1,0,regex_table,"Table T2, row 63 (router+deterministic)",baseline,,/Users/kronckbm/GitRepos/GeneVariantFetcher/benchmarks/evaluation_tiers/mixed_gold/answer_key/MYBPC3_recall_input.csv,mixed_gold_01
20260903_protocol_mixed01_candidate,2026-09-03T18:31:19.973529+00:00,matched_variant_paper_measure,MYBPC3,33673806,p.Arg970Trp c.2908C>T,c.2908C>T,affected,1,1,1,0,0,0,1,0,regex_table,"Table T2, row 64 (router+deterministic)",baseline,,/Users/kronckbm/GitRepos/GeneVariantFetcher/benchmarks/evaluation_tiers/mixed_gold/answer_key/MYBPC3_recall_input.csv,mixed_gold_01
20260903_protocol_mixed01_candidate,2026-09-03T18:31:19.973529+00:00,matched_variant_paper_measure,MYBPC3,33673806,p.Arg1002Gln c.3005G>A,c.3005G>A,affected,1,1,1,0,0,0,1,0,regex_table,"Table T2, row 65 (router+deterministic)",baseline,,/Users/kronckbm/GitRepos/GeneVariantFetcher/benchmarks/evaluation_tiers/mixed_gold/answer_key/MYBPC3_recall_input.csv,mixed_gold_01
20260903_protocol_mixed01_candidate,2026-09-03T18:31:19.973529+00:00,matched_variant_paper_measure,MYBPC3,33673806,p.Asn1051Thrfs*24 c.3150del,c.3150del,affected,1,1,1,0,0,0,1,0,regex_table,"Table T2, row 66 (router+deterministic)",baseline,,/Users/kronckbm/GitRepos/GeneVariantFetcher/benchmarks/evaluation_tiers/mixed_gold/answer_key/MYBPC3_recall_input.csv,mixed_gold_01
20260903_protocol_mixed01_candidate,2026-09-03T18:31:19.973529+00:00,matched_variant_paper_measure,MYBPC3,33673806,p.Gln1061* c.3181C>T,c.3181C>T,affected,24,,0,1,-24,24,0,1,regex_table,"Table T2, row 67 (router+deterministic)",baseline,,/Users/kronckbm/GitRepos/GeneVariantFetcher/benchmarks/evaluation_tiers/mixed_gold/answer_key/MYBPC3_recall_input.csv,mixed_gold_01
20260903_protocol_mixed01_candidate,2026-09-03T18:31:19.973529+00:00,matched_variant_paper_measure,MYBPC3,33673806,c.3190+1G>A,c.3190+1G>A,affected,1,1,1,0,0,0,1,0,regex_table,"Table T2, row 68 (router+deterministic)",baseline,,/Users/kronckbm/GitRepos/GeneVariantFetcher/benchmarks/evaluation_tiers/mixed_gold/answer_key/MYBPC3_recall_input.csv,mixed_gold_01
20260903_protocol_mixed01_candidate,2026-09-03T18:31:19.973529+00:00,matched_variant_paper_measure,MYBPC3,33673806,c.3190+2T>G,c.3190+2T>G,affected,3,,0,1,-3,3,0,1,regex_table,"Table T2, row 69 (router+deterministic)",baseline,,/Users/kronckbm/GitRepos/GeneVariantFetcher/benchmarks/evaluation_tiers/mixed_gold/answer_key/MYBPC3_recall_input.csv,mixed_gold_01
20260903_protocol_mixed01_candidate,2026-09-03T18:31:19.973529+00:00,matched_variant_paper_measure,MYBPC3,33673806,c.3190+5G>A,c.3190+5G>A,affected,9,,0,1,-9,9,0,1,regex_table,"Table T2, row 70 (router+deterministic)",baseline,,/Users/kronckbm/GitRepos/GeneVariantFetcher/benchmarks/evaluation_tiers/mixed_gold/answer_key/MYBPC3_recall_input.csv,mixed_gold_01
20260903_protocol_mixed01_candidate,2026-09-03T18:31:19.973529+00:00,matched_variant_paper_measure,MYBPC3,33673806,p.Asp1076Gly c.3227A>G,c.3227A>G,affected,1,1,1,0,0,0,1,0,regex_table,"Table T2, row 71 (router+deterministic)",baseline,,/Users/kronckbm/GitRepos/GeneVariantFetcher/benchmarks/evaluation_tiers/mixed_gold/answer_key/MYBPC3_recall_input.csv,mixed_gold_01
20260903_protocol_mixed01_candidate,2026-09-03T18:31:19.973529+00:00,matched_variant_paper_measure,MYBPC3,33673806,p.Trp1098* c.3293G>A,c.3293G>A,affected,1,1,1,0,0,0,1,0,regex_table,"Table T2, row 72 (router+deterministic)",baseline,,/Users/kronckbm/GitRepos/GeneVariantFetcher/benchmarks/evaluation_tiers/mixed_gold/answer_key/MYBPC3_recall_input.csv,mixed_gold_01
20260903_protocol_mixed01_candidate,2026-09-03T18:31:19.973529+00:00,matched_variant_paper_measure,MYBPC3,33673806,p.Tyr1100Valfs*49 c.3297dup,c.3297dup,affected,2,,0,1,-2,2,0,1,regex_table,"Table T2, row 73 (router+deterministic)",baseline,,/Users/kronckbm/GitRepos/GeneVariantFetcher/benchmarks/evaluation_tiers/mixed_gold/answer_key/MYBPC3_recall_input.csv,mixed_gold_01
20260903_protocol_mixed01_candidate,2026-09-03T18:31:19.973529+00:00,matched_variant_paper_measure,MYBPC3,33673806,p.Tyr1136* c.3408C>A,c.3407_3409delACT,affected,3,1,1,0,-2,2,0,0,regex_table,"Table T2, row 74 (router+deterministic)",baseline,,/Users/kronckbm/GitRepos/GeneVariantFetcher/benchmarks/evaluation_tiers/mixed_gold/answer_key/MYBPC3_recall_input.csv,mixed_gold_01
20260903_protocol_mixed01_candidate,2026-09-03T18:31:19.973529+00:00,matched_variant_paper_measure,MYBPC3,33673806,p.Phe1183Cys c.3548T>G,c.3548T>G,affected,1,1,1,0,0,0,1,0,regex_table,"Table T2, row 76 (router+deterministic)",baseline,,/Users/kronckbm/GitRepos/GeneVariantFetcher/benchmarks/evaluation_tiers/mixed_gold/answer_key/MYBPC3_recall_input.csv,mixed_gold_01
20260903_protocol_mixed01_candidate,2026-09-03T18:31:19.973529+00:00,matched_variant_paper_measure,MYBPC3,33673806,p.Ala120Profs*39 c.357delA,c.357delA,affected,1,1,1,0,0,0,1,0,regex_table,"Table T2, row 77 (router+deterministic)",baseline,,/Users/kronckbm/GitRepos/GeneVariantFetcher/benchmarks/evaluation_tiers/mixed_gold/answer_key/MYBPC3_recall_input.csv,mixed_gold_01
20260903_protocol_mixed01_candidate,2026-09-03T18:31:19.973529+00:00,matched_variant_paper_measure,MYBPC3,33673806,p.Arg1205Trp c.3613C>T,c.3613C>T,affected,1,1,1,0,0,0,1,0,regex_table,"Table T2, row 78 (router+deterministic)",baseline,,/Users/kronckbm/GitRepos/GeneVariantFetcher/benchmarks/evaluation_tiers/mixed_gold/answer_key/MYBPC3_recall_input.csv,mixed_gold_01
20260903_protocol_mixed01_candidate,2026-09-03T18:31:19.973529+00:00,matched_variant_paper_measure,MYBPC3,33673806,p.Lys1209Serfs*28 c.3624delC,c.3624delC,affected,1,1,1,0,0,0,1,0,regex_table,"Table T2, row 79 (router+deterministic)",baseline,,/Users/kronckbm/GitRepos/GeneVariantFetcher/benchmarks/evaluation_tiers/mixed_gold/answer_key/MYBPC3_recall_input.csv,mixed_gold_01
20260903_protocol_mixed01_candidate,2026-09-03T18:31:19.973529+00:00,matched_variant_paper_measure,MYBPC3,33673806,c.3627+1G>A,c.3627+1G>A,affected,1,1,1,0,0,0,1,0,regex_table,"Table T2, row 80 (router+deterministic)",baseline,,/Users/kronckbm/GitRepos/GeneVariantFetcher/benchmarks/evaluation_tiers/mixed_gold/answer_key/MYBPC3_recall_input.csv,mixed_gold_01
20260903_protocol_mixed01_candidate,2026-09-03T18:31:19.973529+00:00,matched_variant_paper_measure,MYBPC3,33673806,p.Gln1233* c.3697C>T,c.3697C>T,affected,3,,0,1,-3,3,0,1,regex_table,"Table T2, row 81 (router+deterministic)",baseline,,/Users/kronckbm/GitRepos/GeneVariantFetcher/benchmarks/evaluation_tiers/mixed_gold/answer_key/MYBPC3_recall_input.csv,mixed_gold_01
20260903_protocol_mixed01_candidate,2026-09-03T18:31:19.973529+00:00,matched_variant_paper_measure,MYBPC3,33673806,p.Cys1244* c.3732C>A,c.3732C>A,affected,1,1,1,0,0,0,1,0,regex_table,"Table T2, row 82 (router+deterministic)",baseline,,/Users/kronckbm/GitRepos/GeneVariantFetcher/benchmarks/evaluation_tiers/mixed_gold/answer_key/MYBPC3_recall_input.csv,mixed_gold_01
20260903_protocol_mixed01_candidate,2026-09-03T18:31:19.973529+00:00,matched_variant_paper_measure,MYBPC3,33673806,p.Gly1249Val c.3746G>T,c.3746G>T,affected,1,1,1,0,0,0,1,0,regex_table,"Table T2, row 83 (router+deterministic)",baseline,,/Users/kronckbm/GitRepos/GeneVariantFetcher/benchmarks/evaluation_tiers/mixed_gold/answer_key/MYBPC3_recall_input.csv,mixed_gold_01
20260903_protocol_mixed01_candidate,2026-09-03T18:31:19.973529+00:00,matched_variant_paper_measure,MYBPC3,33673806,p.Arg1271* c.3811C>T,c.3811C>T,affected,1,1,1,0,0,0,1,0,regex_table,"Table T2, row 84 (router+deterministic)",baseline,,/Users/kronckbm/GitRepos/GeneVariantFetcher/benchmarks/evaluation_tiers/mixed_gold/answer_key/MYBPC3_recall_input.csv,mixed_gold_01
20260903_protocol_mixed01_candidate,2026-09-03T18:31:19.973529+00:00,matched_variant_paper_measure,MYBPC3,33673806,c.3815-1G>A,c.3815-1G>A,affected,1,1,1,0,0,0,1,0,regex_table,"Table T2, row 85 (router+deterministic)",baseline,,/Users/kronckbm/GitRepos/GeneVariantFetcher/benchmarks/evaluation_tiers/mixed_gold/answer_key/MYBPC3_recall_input.csv,mixed_gold_01
20260903_protocol_mixed01_candidate,2026-09-03T18:31:19.973529+00:00,matched_variant_paper_measure,MYBPC3,33673806,p.Gly148Serfs*4 c.441_442delTG,c.441_442delTG,affected,1,1,1,0,0,0,1,0,regex_table,"Table T2, row 86 (router+deterministic)",baseline,,/Users/kronckbm/GitRepos/GeneVariantFetcher/benchmarks/evaluation_tiers/mixed_gold/answer_key/MYBPC3_recall_input.csv,mixed_gold_01
20260903_protocol_mixed01_candidate,2026-09-03T18:31:19.973529+00:00,matched_variant_paper_measure,MYBPC3,33673806,c.505+5G>C,c.505+5G>C,affected,1,1,1,0,0,0,1,0,regex_table,"Table T2, row 87 (router+deterministic)",baseline,,/Users/kronckbm/GitRepos/GeneVariantFetcher/benchmarks/evaluation_tiers/mixed_gold/answer_key/MYBPC3_recall_input.csv,mixed_gold_01
20260903_protocol_mixed01_candidate,2026-09-03T18:31:19.973529+00:00,matched_variant_paper_measure,MYBPC3,33673806,p.Thr173Ala c.517A>G,c.517A>G,affected,1,1,1,0,0,0,1,0,regex_table,"Table T2, row 88 (router+deterministic)",baseline,,/Users/kronckbm/GitRepos/GeneVariantFetcher/benchmarks/evaluation_tiers/mixed_gold/answer_key/MYBPC3_recall_input.csv,mixed_gold_01
20260903_protocol_mixed01_candidate,2026-09-03T18:31:19.973529+00:00,matched_variant_paper_measure,MYBPC3,33673806,c.655-2A>C,c.655-2A>C,affected,1,1,1,0,0,0,1,0,regex_table,"Table T2, row 89 (router+deterministic)",baseline,,/Users/kronckbm/GitRepos/GeneVariantFetcher/benchmarks/evaluation_tiers/mixed_gold/answer_key/MYBPC3_recall_input.csv,mixed_gold_01
20260903_protocol_mixed01_candidate,2026-09-03T18:31:19.973529+00:00,matched_variant_paper_measure,MYBPC3,33673806,p.Tyr237Ser c.710A>C,c.710A>C,affected,1,1,1,0,0,0,1,0,regex_table,"Table T2, row 90 (router+deterministic)",baseline,,/Users/kronckbm/GitRepos/GeneVariantFetcher/benchmarks/evaluation_tiers/mixed_gold/answer_key/MYBPC3_recall_input.csv,mixed_gold_01
20260903_protocol_mixed01_candidate,2026-09-03T18:31:19.973529+00:00,matched_variant_paper_measure,MYBPC3,33673806,p.Asp248Alafs*51 c.743_746del,c.743_746del,affected,1,1,1,0,0,0,1,0,regex_table,"Table T2, row 91 (router+deterministic)",baseline,,/Users/kronckbm/GitRepos/GeneVariantFetcher/benchmarks/evaluation_tiers/mixed_gold/answer_key/MYBPC3_recall_input.csv,mixed_gold_01
20260903_protocol_mixed01_candidate,2026-09-03T18:31:19.973529+00:00,matched_variant_paper_measure,MYBPC3,33673806,p.Glu258Lys c.772G>A,c.772G>A,affected,4,,0,1,-4,4,0,1,regex_table,"Table T2, row 92 (router+deterministic)",baseline,,/Users/kronckbm/GitRepos/GeneVariantFetcher/benchmarks/evaluation_tiers/mixed_gold/answer_key/MYBPC3_recall_input.csv,mixed_gold_01
20260903_protocol_mixed01_candidate,2026-09-03T18:31:19.973529+00:00,matched_variant_paper_measure,MYBPC3,33673806,p.Glu258Gln c.772G>C,c.772G>C,affected,1,1,1,0,0,0,1,0,regex_table,"Table T2, row 93 (router+deterministic)",baseline,,/Users/kronckbm/GitRepos/GeneVariantFetcher/benchmarks/evaluation_tiers/mixed_gold/answer_key/MYBPC3_recall_input.csv,mixed_gold_01
20260903_protocol_mixed01_candidate,2026-09-03T18:31:19.973529+00:00,matched_variant_paper_measure,MYBPC3,33673806,c.821+5G>A,c.821+5G>A,affected,1,1,1,0,0,0,1,0,regex_table,"Table T2, row 94 (router+deterministic)",baseline,,/Users/kronckbm/GitRepos/GeneVariantFetcher/benchmarks/evaluation_tiers/mixed_gold/answer_key/MYBPC3_recall_input.csv,mixed_gold_01
20260903_protocol_mixed01_candidate,2026-09-03T18:31:19.973529+00:00,matched_variant_paper_measure,MYBPC3,33673806,p.Gly278Glufs*22 c.833del,c.833del,affected,2,,0,1,-2,2,0,1,regex_table,"Table T2, row 95 (router+deterministic)",baseline,,/Users/kronckbm/GitRepos/GeneVariantFetcher/benchmarks/evaluation_tiers/mixed_gold/answer_key/MYBPC3_recall_input.csv,mixed_gold_01
20260903_protocol_mixed01_candidate,2026-09-03T18:31:19.973529+00:00,matched_variant_paper_measure,MYBPC3,33673806,p.Phe305Profs*27 c.913_914delTT,c.913_914delTT,affected,1,1,1,0,0,0,1,0,regex_table,"Table T2, row 96 (router+deterministic)",baseline,,/Users/kronckbm/GitRepos/GeneVariantFetcher/benchmarks/evaluation_tiers/mixed_gold/answer_key/MYBPC3_recall_input.csv,mixed_gold_01
20260903_protocol_mixed01_candidate,2026-09-03T18:31:19.973529+00:00,matched_variant_paper_measure,MYBPC3,33673806,c.927-2A>G,c.927-2A>G,affected,1,1,1,0,0,0,1,0,regex_table,"Table T2, row 97 (router+deterministic)",baseline,,/Users/kronckbm/GitRepos/GeneVariantFetcher/benchmarks/evaluation_tiers/mixed_gold/answer_key/MYBPC3_recall_input.csv,mixed_gold_01
20260903_protocol_mixed01_candidate,2026-09-03T18:31:19.973529+00:00,matched_variant_paper_measure,MYBPC3,33673806,c.927-9G>A,c.927-9G>A,affected,3,,0,1,-3,3,0,1,regex_table,"Table T2, row 98 (router+deterministic)",baseline,,/Users/kronckbm/GitRepos/GeneVariantFetcher/benchmarks/evaluation_tiers/mixed_gold/answer_key/MYBPC3_recall_input.csv,mixed_gold_01
20260903_protocol_mixed01_candidate,2026-09-03T18:31:19.973529+00:00,matched_variant_paper_measure,MYBPC3,33673806,p.Glu843_Arg845del c.2528_2536del,p.Glu843_Arg845del,affected,2,,0,1,-2,2,0,1,regex_table,"Table T2, row 99 (router+deterministic)",baseline,,/Users/kronckbm/GitRepos/GeneVariantFetcher/benchmarks/evaluation_tiers/mixed_gold/answer_key/MYBPC3_recall_input.csv,mixed_gold_01
20260903_protocol_mixed01_candidate,2026-09-03T18:31:19.973529+00:00,matched_variant_paper_measure,RYR2,15466642,p.Ala2403Thr,A2403T,affected,2,2,2,0,0,0,1,0,llm_table,Table (case 34),baseline,,/Users/kronckbm/GitRepos/GeneVariantFetcher/benchmarks/evaluation_tiers/mixed_gold/answer_key/RYR2_recall_input.csv,mixed_gold_01
20260903_protocol_mixed01_candidate,2026-09-03T18:31:19.973529+00:00,matched_variant_paper_measure,RYR2,15466642,p.Ala4510Thr,A4510T,affected,1,1,1,0,0,0,1,0,llm_table,Table (case 36),baseline,,/Users/kronckbm/GitRepos/GeneVariantFetcher/benchmarks/evaluation_tiers/mixed_gold/answer_key/RYR2_recall_input.csv,mixed_gold_01
20260903_protocol_mixed01_candidate,2026-09-03T18:31:19.973529+00:00,matched_variant_paper_measure,RYR2,15466642,p.Phe4499Cys,F4499C,affected,1,1,1,0,0,0,1,0,llm_table,Table (case 35),baseline,,/Users/kronckbm/GitRepos/GeneVariantFetcher/benchmarks/evaluation_tiers/mixed_gold/answer_key/RYR2_recall_input.csv,mixed_gold_01
20260903_protocol_mixed01_candidate,2026-09-03T18:31:19.973529+00:00,matched_variant_paper_measure,RYR2,15466642,p.Gly4671Arg,G4671R,affected,1,1,1,0,0,0,1,0,llm_table,Table (case 37),baseline,,/Users/kronckbm/GitRepos/GeneVariantFetcher/benchmarks/evaluation_tiers/mixed_gold/answer_key/RYR2_recall_input.csv,mixed_gold_01
20260903_protocol_mixed01_candidate,2026-09-03T18:31:19.973529+00:00,matched_variant_paper_measure,RYR2,15466642,p.Ile419Phe,I419F,affected,3,3,3,0,0,0,1,0,llm_table,Table (case 33),baseline,,/Users/kronckbm/GitRepos/GeneVariantFetcher/benchmarks/evaluation_tiers/mixed_gold/answer_key/RYR2_recall_input.csv,mixed_gold_01
20260903_protocol_mixed01_candidate,2026-09-03T18:31:19.973529+00:00,matched_variant_paper_measure,RYR2,15466642,p.Ile4848Val,I4848V,affected,4,4,4,0,0,0,1,0,llm_table,"Table (cases 38,39)",baseline,,/Users/kronckbm/GitRepos/GeneVariantFetcher/benchmarks/evaluation_tiers/mixed_gold/answer_key/RYR2_recall_input.csv,mixed_gold_01
20260903_protocol_mixed01_candidate,2026-09-03T18:31:19.973529+00:00,matched_variant_paper_measure,RYR2,15466642,p.Pro164Ser,P164S,affected,1,1,1,0,0,0,1,0,llm_table,Table (case 31),baseline,,/Users/kronckbm/GitRepos/GeneVariantFetcher/benchmarks/evaluation_tiers/mixed_gold/answer_key/RYR2_recall_input.csv,mixed_gold_01
20260903_protocol_mixed01_candidate,2026-09-03T18:31:19.973529+00:00,matched_variant_paper_measure,RYR2,15466642,p.Arg414Leu,R414L,affected,1,1,1,0,0,0,1,0,llm_table,Table (case 32),baseline,,/Users/kronckbm/GitRepos/GeneVariantFetcher/benchmarks/evaluation_tiers/mixed_gold/answer_key/RYR2_recall_input.csv,mixed_gold_01
20260903_protocol_cont120_01_candidate,2026-09-03T23:52:59.594246+00:00,matched_variant_paper_measure,RYR2,16843546,p.Phe4851Cys,F4851C,affected,3,,0,1,-3,3,0,1,llm_text,"Results, Family 3",baseline,,/Users/kronckbm/GitRepos/GeneVariantFetcher/benchmarks/evaluation_tiers/mixed_gold_continuation_120/answer_key/RYR2_recall_input.csv,mixed_gold_cont120_01
20260903_protocol_cont120_01_candidate,2026-09-03T23:52:59.594246+00:00,matched_variant_paper_measure,RYR2,16843546,p.Arg2359Gln,R2359Q,affected,3,,0,1,-3,3,0,1,llm_text,"Results, Family 3",baseline,,/Users/kronckbm/GitRepos/GeneVariantFetcher/benchmarks/evaluation_tiers/mixed_gold_continuation_120/answer_key/RYR2_recall_input.csv,mixed_gold_cont120_01
20260903_protocol_cont120_01_candidate,2026-09-03T23:52:59.594246+00:00,matched_variant_paper_measure,RYR2,16843546,p.Arg2401His,R2401H,affected,1,1,1,0,0,0,1,0,llm_text,"Results, Family 1",baseline,,/Users/kronckbm/GitRepos/GeneVariantFetcher/benchmarks/evaluation_tiers/mixed_gold_continuation_120/answer_key/RYR2_recall_input.csv,mixed_gold_cont120_01
20260903_protocol_cont120_01_candidate,2026-09-03T23:52:59.594246+00:00,matched_variant_paper_measure,RYR2,16843546,p.Ser2246Leu,S2246L,affected,2,1,1,0,-1,1,0,0,llm_text,"Results, Family 2",baseline,,/Users/kronckbm/GitRepos/GeneVariantFetcher/benchmarks/evaluation_tiers/mixed_gold_continuation_120/answer_key/RYR2_recall_input.csv,mixed_gold_cont120_01
20260903_protocol_mixed01_candidate,2026-09-03T18:31:19.973529+00:00,matched_variant_paper_measure,RYR2,17062961,R420W,R420W,affected,2,,0,1,-2,2,0,1,llm_text,Abstract / Main text,baseline,,/Users/kronckbm/GitRepos/GeneVariantFetcher/benchmarks/evaluation_tiers/mixed_gold/answer_key/RYR2_recall_input.csv,mixed_gold_01
20260903_protocol_cont120_01_candidate,2026-09-03T23:52:59.594246+00:00,matched_variant_paper_measure,RYR2,17199967,p.Gly3946Ser,G3946S,affected,1,1,1,0,0,0,1,0,llm_text,"Case Report, Genetic study paragraph",baseline,,/Users/kronckbm/GitRepos/GeneVariantFetcher/benchmarks/evaluation_tiers/mixed_gold_continuation_120/answer_key/RYR2_recall_input.csv,mixed_gold_cont120_01
20260903_protocol_mixed01_candidate,2026-09-03T18:31:19.973529+00:00,matched_variant_paper_measure,RYR2,17556193,R2267H,R2267H,affected,1,1,1,0,0,0,1,0,figure,figure-reader,baseline,,/Users/kronckbm/GitRepos/GeneVariantFetcher/benchmarks/evaluation_tiers/mixed_gold/answer_key/RYR2_recall_input.csv,mixed_gold_01
20260903_protocol_mixed01_candidate,2026-09-03T18:31:19.973529+00:00,matched_variant_paper_measure,RYR2,17556193,S4565R,S4565R,affected,1,1,1,0,0,0,1,0,figure,figure-reader,baseline,,/Users/kronckbm/GitRepos/GeneVariantFetcher/benchmarks/evaluation_tiers/mixed_gold/answer_key/RYR2_recall_input.csv,mixed_gold_01
20260903_protocol_cont120_01_candidate,2026-09-03T23:52:59.594246+00:00,matched_variant_paper_measure,RYR2,17875969,"p.Asn57_Gly91del deletion of exon 3 (part of intron 2, exon 3, part of intron 3; Alu-mediated)",EXON 3 DELETION,affected,13,,0,1,-13,13,0,1,llm_text,"Results, paragraphs on Genotype Analysis and Clinical Features",baseline,,/Users/kronckbm/GitRepos/GeneVariantFetcher/benchmarks/evaluation_tiers/mixed_gold_continuation_120/answer_key/RYR2_recall_input.csv,mixed_gold_cont120_01
20260903_protocol_cont120_01_candidate,2026-09-03T23:52:59.594246+00:00,matched_variant_paper_measure,RYR2,19398665,A2387T,A2387T,affected,1,,0,1,-1,1,0,1,figure,figure-reader,baseline,,/Users/kronckbm/GitRepos/GeneVariantFetcher/benchmarks/evaluation_tiers/mixed_gold_continuation_120/answer_key/RYR2_recall_input.csv,mixed_gold_cont120_01
20260903_protocol_cont120_01_candidate,2026-09-03T23:52:59.594246+00:00,matched_variant_paper_measure,RYR2,19398665,A2394G,A2394G,affected,1,,0,1,-1,1,0,1,figure,figure-reader,baseline,,/Users/kronckbm/GitRepos/GeneVariantFetcher/benchmarks/evaluation_tiers/mixed_gold_continuation_120/answer_key/RYR2_recall_input.csv,mixed_gold_cont120_01
20260903_protocol_cont120_01_candidate,2026-09-03T23:52:59.594246+00:00,matched_variant_paper_measure,RYR2,19398665,A2498V,A2498V,affected,1,,0,1,-1,1,0,1,figure,figure-reader,baseline,,/Users/kronckbm/GitRepos/GeneVariantFetcher/benchmarks/evaluation_tiers/mixed_gold_continuation_120/answer_key/RYR2_recall_input.csv,mixed_gold_cont120_01
20260903_protocol_cont120_01_candidate,2026-09-03T23:52:59.594246+00:00,matched_variant_paper_measure,RYR2,19398665,A4091T,A4091T,affected,1,,0,1,-1,1,0,1,figure,figure-reader,baseline,,/Users/kronckbm/GitRepos/GeneVariantFetcher/benchmarks/evaluation_tiers/mixed_gold_continuation_120/answer_key/RYR2_recall_input.csv,mixed_gold_cont120_01
20260903_protocol_cont120_01_candidate,2026-09-03T23:52:59.594246+00:00,matched_variant_paper_measure,RYR2,19398665,A4091V,A4091V,affected,1,,0,1,-1,1,0,1,figure,figure-reader,baseline,,/Users/kronckbm/GitRepos/GeneVariantFetcher/benchmarks/evaluation_tiers/mixed_gold_continuation_120/answer_key/RYR2_recall_input.csv,mixed_gold_cont120_01
20260903_protocol_cont120_01_candidate,2026-09-03T23:52:59.594246+00:00,matched_variant_paper_measure,RYR2,19398665,C2402Y,C2402Y,affected,1,,0,1,-1,1,0,1,figure,figure-reader,baseline,,/Users/kronckbm/GitRepos/GeneVariantFetcher/benchmarks/evaluation_tiers/mixed_gold_continuation_120/answer_key/RYR2_recall_input.csv,mixed_gold_cont120_01
20260903_protocol_cont120_01_candidate,2026-09-03T23:52:59.594246+00:00,matched_variant_paper_measure,RYR2,19398665,D242V,D242V,affected,1,,0,1,-1,1,0,1,figure,figure-reader,baseline,,/Users/kronckbm/GitRepos/GeneVariantFetcher/benchmarks/evaluation_tiers/mixed_gold_continuation_120/answer_key/RYR2_recall_input.csv,mixed_gold_cont120_01
20260903_protocol_cont120_01_candidate,2026-09-03T23:52:59.594246+00:00,matched_variant_paper_measure,RYR2,19398665,D3977Y,D3977Y,affected,1,,0,1,-1,1,0,1,figure,figure-reader,baseline,,/Users/kronckbm/GitRepos/GeneVariantFetcher/benchmarks/evaluation_tiers/mixed_gold_continuation_120/answer_key/RYR2_recall_input.csv,mixed_gold_cont120_01
20260903_protocol_cont120_01_candidate,2026-09-03T23:52:59.594246+00:00,matched_variant_paper_measure,RYR2,19398665,E243K,E243K,affected,1,,0,1,-1,1,0,1,figure,figure-reader,baseline,,/Users/kronckbm/GitRepos/GeneVariantFetcher/benchmarks/evaluation_tiers/mixed_gold_continuation_120/answer_key/RYR2_recall_input.csv,mixed_gold_cont120_01
20260903_protocol_cont120_01_candidate,2026-09-03T23:52:59.594246+00:00,matched_variant_paper_measure,RYR2,19398665,E4076K,E4076K,affected,1,,0,1,-1,1,0,1,figure,figure-reader,baseline,,/Users/kronckbm/GitRepos/GeneVariantFetcher/benchmarks/evaluation_tiers/mixed_gold_continuation_120/answer_key/RYR2_recall_input.csv,mixed_gold_cont120_01
20260903_protocol_cont120_01_candidate,2026-09-03T23:52:59.594246+00:00,matched_variant_paper_measure,RYR2,19398665,F4020L,F4020L,affected,1,,0,1,-1,1,0,1,figure,figure-reader,baseline,,/Users/kronckbm/GitRepos/GeneVariantFetcher/benchmarks/evaluation_tiers/mixed_gold_continuation_120/answer_key/RYR2_recall_input.csv,mixed_gold_cont120_01
20260903_protocol_cont120_01_candidate,2026-09-03T23:52:59.594246+00:00,matched_variant_paper_measure,RYR2,19398665,F4851L,F4851L,affected,1,,0,1,-1,1,0,1,figure,figure-reader,baseline,,/Users/kronckbm/GitRepos/GeneVariantFetcher/benchmarks/evaluation_tiers/mixed_gold_continuation_120/answer_key/RYR2_recall_input.csv,mixed_gold_cont120_01
20260903_protocol_cont120_01_candidate,2026-09-03T23:52:59.594246+00:00,matched_variant_paper_measure,RYR2,19398665,G3946D,G3946D,affected,1,,0,1,-1,1,0,1,figure,figure-reader,baseline,,/Users/kronckbm/GitRepos/GeneVariantFetcher/benchmarks/evaluation_tiers/mixed_gold_continuation_120/answer_key/RYR2_recall_input.csv,mixed_gold_cont120_01
20260903_protocol_cont120_01_candidate,2026-09-03T23:52:59.594246+00:00,matched_variant_paper_measure,RYR2,19398665,G4662S*,G4662S,affected,1,,0,1,-1,1,0,1,figure,figure-reader,baseline,,/Users/kronckbm/GitRepos/GeneVariantFetcher/benchmarks/evaluation_tiers/mixed_gold_continuation_120/answer_key/RYR2_recall_input.csv,mixed_gold_cont120_01
20260903_protocol_cont120_01_candidate,2026-09-03T23:52:59.594246+00:00,matched_variant_paper_measure,RYR2,19398665,H2217Y,H2217Y,affected,1,,0,1,-1,1,0,1,figure,figure-reader,baseline,,/Users/kronckbm/GitRepos/GeneVariantFetcher/benchmarks/evaluation_tiers/mixed_gold_continuation_120/answer_key/RYR2_recall_input.csv,mixed_gold_cont120_01
20260903_protocol_cont120_01_candidate,2026-09-03T23:52:59.594246+00:00,matched_variant_paper_measure,RYR2,19398665,H4762P,H4762P,affected,1,,0,1,-1,1,0,1,figure,figure-reader,baseline,,/Users/kronckbm/GitRepos/GeneVariantFetcher/benchmarks/evaluation_tiers/mixed_gold_continuation_120/answer_key/RYR2_recall_input.csv,mixed_gold_cont120_01
20260903_protocol_cont120_01_candidate,2026-09-03T23:52:59.594246+00:00,matched_variant_paper_measure,RYR2,19398665,L3778F,L3778F,affected,1,,0,1,-1,1,0,1,figure,figure-reader,baseline,,/Users/kronckbm/GitRepos/GeneVariantFetcher/benchmarks/evaluation_tiers/mixed_gold_continuation_120/answer_key/RYR2_recall_input.csv,mixed_gold_cont120_01
20260903_protocol_cont120_01_candidate,2026-09-03T23:52:59.594246+00:00,matched_variant_paper_measure,RYR2,19398665,N4104I,N4104I,affected,1,,0,1,-1,1,0,1,figure,figure-reader,baseline,,/Users/kronckbm/GitRepos/GeneVariantFetcher/benchmarks/evaluation_tiers/mixed_gold_continuation_120/answer_key/RYR2_recall_input.csv,mixed_gold_cont120_01
20260903_protocol_cont120_01_candidate,2026-09-03T23:52:59.594246+00:00,matched_variant_paper_measure,RYR2,19398665,N4178Y,N4178Y,affected,1,,0,1,-1,1,0,1,figure,figure-reader,baseline,,/Users/kronckbm/GitRepos/GeneVariantFetcher/benchmarks/evaluation_tiers/mixed_gold_continuation_120/answer_key/RYR2_recall_input.csv,mixed_gold_cont120_01
20260903_protocol_cont120_01_candidate,2026-09-03T23:52:59.594246+00:00,matched_variant_paper_measure,RYR2,19398665,P4902S,P4902S,affected,1,,0,1,-1,1,0,1,figure,figure-reader,baseline,,/Users/kronckbm/GitRepos/GeneVariantFetcher/benchmarks/evaluation_tiers/mixed_gold_continuation_120/answer_key/RYR2_recall_input.csv,mixed_gold_cont120_01
20260903_protocol_cont120_01_candidate,2026-09-03T23:52:59.594246+00:00,matched_variant_paper_measure,RYR2,19398665,R2401H,R2401H,affected,1,,0,1,-1,1,0,1,figure,figure-reader,baseline,,/Users/kronckbm/GitRepos/GeneVariantFetcher/benchmarks/evaluation_tiers/mixed_gold_continuation_120/answer_key/RYR2_recall_input.csv,mixed_gold_cont120_01
20260903_protocol_cont120_01_candidate,2026-09-03T23:52:59.594246+00:00,matched_variant_paper_measure,RYR2,19398665,R420W,R420W,affected,1,,0,1,-1,1,0,1,figure,figure-reader,baseline,,/Users/kronckbm/GitRepos/GeneVariantFetcher/benchmarks/evaluation_tiers/mixed_gold_continuation_120/answer_key/RYR2_recall_input.csv,mixed_gold_cont120_01
20260903_protocol_cont120_01_candidate,2026-09-03T23:52:59.594246+00:00,matched_variant_paper_measure,RYR2,19398665,S2246L,S2246L,affected,1,,0,1,-1,1,0,1,figure,figure-reader,baseline,,/Users/kronckbm/GitRepos/GeneVariantFetcher/benchmarks/evaluation_tiers/mixed_gold_continuation_120/answer_key/RYR2_recall_input.csv,mixed_gold_cont120_01
20260903_protocol_cont120_01_candidate,2026-09-03T23:52:59.594246+00:00,matched_variant_paper_measure,RYR2,19398665,S3799P,S3799P,affected,1,,0,1,-1,1,0,1,figure,figure-reader,baseline,,/Users/kronckbm/GitRepos/GeneVariantFetcher/benchmarks/evaluation_tiers/mixed_gold_continuation_120/answer_key/RYR2_recall_input.csv,mixed_gold_cont120_01
20260903_protocol_cont120_01_candidate,2026-09-03T23:52:59.594246+00:00,matched_variant_paper_measure,RYR2,19398665,S413T,S413T,affected,1,,0,1,-1,1,0,1,figure,figure-reader,baseline,,/Users/kronckbm/GitRepos/GeneVariantFetcher/benchmarks/evaluation_tiers/mixed_gold_continuation_120/answer_key/RYR2_recall_input.csv,mixed_gold_cont120_01
20260903_protocol_cont120_01_candidate,2026-09-03T23:52:59.594246+00:00,matched_variant_paper_measure,RYR2,19398665,V3990D,V3990D,affected,1,,0,1,-1,1,0,1,figure,figure-reader,baseline,,/Users/kronckbm/GitRepos/GeneVariantFetcher/benchmarks/evaluation_tiers/mixed_gold_continuation_120/answer_key/RYR2_recall_input.csv,mixed_gold_cont120_01
20260903_protocol_cont120_01_candidate,2026-09-03T23:52:59.594246+00:00,matched_variant_paper_measure,RYR2,19398665,V4771I,V4771I,affected,1,,0,1,-1,1,0,1,figure,figure-reader,baseline,,/Users/kronckbm/GitRepos/GeneVariantFetcher/benchmarks/evaluation_tiers/mixed_gold_continuation_120/answer_key/RYR2_recall_input.csv,mixed_gold_cont120_01
20260903_protocol_mixed02_candidate,2026-09-03T19:34:09.579935+00:00,matched_variant_paper_measure,RYR2,21652165,p.Ser4153Arg,S4153R,affected,1,1,1,0,0,0,1,0,llm_text,"Abstract, Case Presentation",baseline,,/Users/kronckbm/GitRepos/GeneVariantFetcher/benchmarks/evaluation_tiers/mixed_gold/answer_key/RYR2_recall_input.csv,mixed_gold_02
20260903_protocol_mixed02_candidate,2026-09-03T19:34:09.579935+00:00,matched_variant_paper_measure,RYR2,21954897,p.Glu243Lys,E243K,affected,17,,0,1,-17,17,0,1,llm_text,"Methods, Patients section",baseline,,/Users/kronckbm/GitRepos/GeneVariantFetcher/benchmarks/evaluation_tiers/mixed_gold/answer_key/RYR2_recall_input.csv,mixed_gold_02
20260903_protocol_mixed02_candidate,2026-09-03T19:34:09.579935+00:00,matched_variant_paper_measure,RYR2,21954897,p.Leu4115Phe,L4115F,affected,2,2,2,0,0,0,1,0,llm_text,"Methods, Patients section",baseline,,/Users/kronckbm/GitRepos/GeneVariantFetcher/benchmarks/evaluation_tiers/mixed_gold/answer_key/RYR2_recall_input.csv,mixed_gold_02
20260903_protocol_mixed02_candidate,2026-09-03T19:34:09.579935+00:00,matched_variant_paper_measure,RYR2,21954897,p.Pro2328Ser,P2328S,affected,1,,0,1,-1,1,0,1,llm_text,"Methods, Patients section",baseline,,/Users/kronckbm/GitRepos/GeneVariantFetcher/benchmarks/evaluation_tiers/mixed_gold/answer_key/RYR2_recall_input.csv,mixed_gold_02
20260903_protocol_mixed02_candidate,2026-09-03T19:34:09.579935+00:00,matched_variant_paper_measure,RYR2,21954897,p.Tyr2392Cys,Y2392C,affected,5,,0,1,-5,5,0,1,llm_text,"Methods, Patients section",baseline,,/Users/kronckbm/GitRepos/GeneVariantFetcher/benchmarks/evaluation_tiers/mixed_gold/answer_key/RYR2_recall_input.csv,mixed_gold_02
20260903_protocol_mixed01_candidate,2026-09-03T18:31:19.973529+00:00,matched_variant_paper_measure,RYR2,22222782,p.D1872N,D1872N,affected,1,,0,1,-1,1,0,1,llm_text,Abstract/Results,baseline,,/Users/kronckbm/GitRepos/GeneVariantFetcher/benchmarks/evaluation_tiers/mixed_gold/answer_key/RYR2_recall_input.csv,mixed_gold_01
20260903_protocol_mixed01_candidate,2026-09-03T18:31:19.973529+00:00,matched_variant_paper_measure,RYR2,22222782,p.E4213D,E4213D,affected,1,,0,1,-1,1,0,1,llm_text,Abstract/Results,baseline,,/Users/kronckbm/GitRepos/GeneVariantFetcher/benchmarks/evaluation_tiers/mixed_gold/answer_key/RYR2_recall_input.csv,mixed_gold_01
20260903_protocol_mixed01_candidate,2026-09-03T18:31:19.973529+00:00,matched_variant_paper_measure,RYR2,22222782,p.G2367R,G2367R,affected,1,,0,1,-1,1,0,1,llm_text,Abstract/Results,baseline,,/Users/kronckbm/GitRepos/GeneVariantFetcher/benchmarks/evaluation_tiers/mixed_gold/answer_key/RYR2_recall_input.csv,mixed_gold_01
20260903_protocol_mixed01_candidate,2026-09-03T18:31:19.973529+00:00,matched_variant_paper_measure,RYR2,22222782,p.G4315E,G4315E,affected,1,,0,1,-1,1,0,1,llm_text,Abstract/Results,baseline,,/Users/kronckbm/GitRepos/GeneVariantFetcher/benchmarks/evaluation_tiers/mixed_gold/answer_key/RYR2_recall_input.csv,mixed_gold_01
20260903_protocol_mixed01_candidate,2026-09-03T18:31:19.973529+00:00,matched_variant_paper_measure,RYR2,22222782,p.H4579Y,H4579Y,affected,3,,0,1,-3,3,0,1,llm_text,Abstract/Results,baseline,,/Users/kronckbm/GitRepos/GeneVariantFetcher/benchmarks/evaluation_tiers/mixed_gold/answer_key/RYR2_recall_input.csv,mixed_gold_01
20260903_protocol_mixed01_candidate,2026-09-03T18:31:19.973529+00:00,matched_variant_paper_measure,RYR2,22222782,p.L4767L,L4767L,affected,1,,0,1,-1,1,0,1,llm_text,Abstract/Results,baseline,,/Users/kronckbm/GitRepos/GeneVariantFetcher/benchmarks/evaluation_tiers/mixed_gold/answer_key/RYR2_recall_input.csv,mixed_gold_01
20260903_protocol_mixed01_candidate,2026-09-03T18:31:19.973529+00:00,matched_variant_paper_measure,RYR2,22222782,p.Q486H,Q486H,affected,1,,0,1,-1,1,0,1,llm_text,Abstract/Results,baseline,,/Users/kronckbm/GitRepos/GeneVariantFetcher/benchmarks/evaluation_tiers/mixed_gold/answer_key/RYR2_recall_input.csv,mixed_gold_01
20260903_protocol_mixed02_candidate,2026-09-03T19:34:09.579935+00:00,matched_variant_paper_measure,RYR2,22519458,p.Glu4182Ala c.12545A>C,E4182A,affected,1,1,1,0,0,0,1,0,llm_table,"Table II; Results, Mutation Analysis Results section",baseline,,/Users/kronckbm/GitRepos/GeneVariantFetcher/benchmarks/evaluation_tiers/mixed_gold/answer_key/RYR2_recall_input.csv,mixed_gold_02
20260903_protocol_mixed02_candidate,2026-09-03T19:34:09.579935+00:00,matched_variant_paper_measure,RYR2,22519458,p.Met4107Val c.12643A>G,M4107V,affected,2,,0,1,-2,2,0,1,llm_table,"Table II; Results, Mutation Analysis Results section",baseline,,/Users/kronckbm/GitRepos/GeneVariantFetcher/benchmarks/evaluation_tiers/mixed_gold/answer_key/RYR2_recall_input.csv,mixed_gold_02
20260903_protocol_mixed02_candidate,2026-09-03T19:34:09.579935+00:00,matched_variant_paper_measure,RYR2,22519458,p.Ser4122Arg c.12364A>C,S4122R,affected,1,,0,1,-1,1,0,1,llm_table,"Table II; Results, Mutation Analysis Results section",baseline,,/Users/kronckbm/GitRepos/GeneVariantFetcher/benchmarks/evaluation_tiers/mixed_gold/answer_key/RYR2_recall_input.csv,mixed_gold_02
20260903_protocol_mixed02_candidate,2026-09-03T19:34:09.579935+00:00,matched_variant_paper_measure,RYR2,22519458,p.Trp4949Arg c.15162T>C,W4949R,affected,1,,0,1,-1,1,0,1,llm_table,"Table II; Results, Mutation Analysis Results section",baseline,,/Users/kronckbm/GitRepos/GeneVariantFetcher/benchmarks/evaluation_tiers/mixed_gold/answer_key/RYR2_recall_input.csv,mixed_gold_02
20260903_protocol_cont120_01_candidate,2026-09-03T23:52:59.594246+00:00,matched_variant_paper_measure,RYR2,22677073,D400H,D400H,affected,1,,0,1,-1,1,0,1,regex_table,TABLE 2 (regex extraction),baseline,,/Users/kronckbm/GitRepos/GeneVariantFetcher/benchmarks/evaluation_tiers/mixed_gold_continuation_120/answer_key/RYR2_recall_input.csv,mixed_gold_cont120_01
20260903_protocol_cont120_01_candidate,2026-09-03T23:52:59.594246+00:00,matched_variant_paper_measure,RYR2,22677073,E4146K,E4146K,affected,1,,0,1,-1,1,0,1,regex_table,TABLE 2 (regex extraction),baseline,,/Users/kronckbm/GitRepos/GeneVariantFetcher/benchmarks/evaluation_tiers/mixed_gold_continuation_120/answer_key/RYR2_recall_input.csv,mixed_gold_cont120_01
20260903_protocol_cont120_01_candidate,2026-09-03T23:52:59.594246+00:00,matched_variant_paper_measure,RYR2,22677073,G1885E,G1885E,affected,5,,0,1,-5,5,0,1,regex_table,TABLE 2 (regex extraction),baseline,,/Users/kronckbm/GitRepos/GeneVariantFetcher/benchmarks/evaluation_tiers/mixed_gold_continuation_120/answer_key/RYR2_recall_input.csv,mixed_gold_cont120_01
20260903_protocol_cont120_01_candidate,2026-09-03T23:52:59.594246+00:00,matched_variant_paper_measure,RYR2,22677073,G1886S,G1886S,affected,11,,0,1,-11,11,0,1,regex_table,TABLE 2 (regex extraction),baseline,,/Users/kronckbm/GitRepos/GeneVariantFetcher/benchmarks/evaluation_tiers/mixed_gold_continuation_120/answer_key/RYR2_recall_input.csv,mixed_gold_cont120_01
20260903_protocol_cont120_01_candidate,2026-09-03T23:52:59.594246+00:00,matched_variant_paper_measure,RYR2,22677073,c.6680G>T,G2227V,affected,1,,0,1,-1,1,0,1,regex_table,"TABLE 2, row 33 (router+deterministic)",baseline,,/Users/kronckbm/GitRepos/GeneVariantFetcher/benchmarks/evaluation_tiers/mixed_gold_continuation_120/answer_key/RYR2_recall_input.csv,mixed_gold_cont120_01
20260903_protocol_cont120_01_candidate,2026-09-03T23:52:59.594246+00:00,matched_variant_paper_measure,RYR2,22677073,H240R,H240R,affected,1,1,1,0,0,0,1,0,regex_table,TABLE 2 (regex extraction),baseline,,/Users/kronckbm/GitRepos/GeneVariantFetcher/benchmarks/evaluation_tiers/mixed_gold_continuation_120/answer_key/RYR2_recall_input.csv,mixed_gold_cont120_01
20260903_protocol_cont120_01_candidate,2026-09-03T23:52:59.594246+00:00,matched_variant_paper_measure,RYR2,22677073,I217V,I217V,affected,1,,0,1,-1,1,0,1,regex_table,TABLE 2 (regex extraction),baseline,,/Users/kronckbm/GitRepos/GeneVariantFetcher/benchmarks/evaluation_tiers/mixed_gold_continuation_120/answer_key/RYR2_recall_input.csv,mixed_gold_cont120_01
20260903_protocol_cont120_01_candidate,2026-09-03T23:52:59.594246+00:00,matched_variant_paper_measure,RYR2,22677073,L3879P,L3879P,affected,1,,0,1,-1,1,0,1,regex_table,TABLE 2 (regex extraction),baseline,,/Users/kronckbm/GitRepos/GeneVariantFetcher/benchmarks/evaluation_tiers/mixed_gold_continuation_120/answer_key/RYR2_recall_input.csv,mixed_gold_cont120_01
20260903_protocol_cont120_01_candidate,2026-09-03T23:52:59.594246+00:00,matched_variant_paper_measure,RYR2,22677073,N4097S,N4097S,affected,1,,0,1,-1,1,0,1,regex_table,TABLE 2 (regex extraction),baseline,,/Users/kronckbm/GitRepos/GeneVariantFetcher/benchmarks/evaluation_tiers/mixed_gold_continuation_120/answer_key/RYR2_recall_input.csv,mixed_gold_cont120_01
20260903_protocol_cont120_01_candidate,2026-09-03T23:52:59.594246+00:00,matched_variant_paper_measure,RYR2,22677073,Q3925E,Q3925E,affected,1,,0,1,-1,1,0,1,regex_table,TABLE 2 (regex extraction),baseline,,/Users/kronckbm/GitRepos/GeneVariantFetcher/benchmarks/evaluation_tiers/mixed_gold_continuation_120/answer_key/RYR2_recall_input.csv,mixed_gold_cont120_01
20260903_protocol_cont120_01_candidate,2026-09-03T23:52:59.594246+00:00,matched_variant_paper_measure,RYR2,22677073,R407I,R407I,affected,1,,0,1,-1,1,0,1,regex_table,TABLE 2 (regex extraction),baseline,,/Users/kronckbm/GitRepos/GeneVariantFetcher/benchmarks/evaluation_tiers/mixed_gold_continuation_120/answer_key/RYR2_recall_input.csv,mixed_gold_cont120_01
20260903_protocol_cont120_01_candidate,2026-09-03T23:52:59.594246+00:00,matched_variant_paper_measure,RYR2,22677073,R420W,R420W,affected,2,,0,1,-2,2,0,1,regex_table,TABLE 2 (regex extraction),baseline,,/Users/kronckbm/GitRepos/GeneVariantFetcher/benchmarks/evaluation_tiers/mixed_gold_continuation_120/answer_key/RYR2_recall_input.csv,mixed_gold_cont120_01
20260903_protocol_cont120_01_candidate,2026-09-03T23:52:59.594246+00:00,matched_variant_paper_measure,RYR2,22677073,R4497C,R4497C,affected,1,,0,1,-1,1,0,1,regex_table,TABLE 2 (regex extraction),baseline,,/Users/kronckbm/GitRepos/GeneVariantFetcher/benchmarks/evaluation_tiers/mixed_gold_continuation_120/answer_key/RYR2_recall_input.csv,mixed_gold_cont120_01
20260903_protocol_cont120_01_candidate,2026-09-03T23:52:59.594246+00:00,matched_variant_paper_measure,RYR2,22677073,c.6737C>T,S2246L,affected,2,,0,1,-2,2,0,1,regex_table,"TABLE 2, row 34 (router+deterministic)",baseline,,/Users/kronckbm/GitRepos/GeneVariantFetcher/benchmarks/evaluation_tiers/mixed_gold_continuation_120/answer_key/RYR2_recall_input.csv,mixed_gold_cont120_01
20260903_protocol_cont120_01_candidate,2026-09-03T23:52:59.594246+00:00,matched_variant_paper_measure,RYR2,22677073,S3959L,S3959L,affected,1,,0,1,-1,1,0,1,regex_table,TABLE 2 (regex extraction),baseline,,/Users/kronckbm/GitRepos/GeneVariantFetcher/benchmarks/evaluation_tiers/mixed_gold_continuation_120/answer_key/RYR2_recall_input.csv,mixed_gold_cont120_01
20260903_protocol_cont120_01_candidate,2026-09-03T23:52:59.594246+00:00,matched_variant_paper_measure,RYR2,22677073,T1107M,T1107M,affected,1,,0,1,-1,1,0,1,regex_table,TABLE 2 (regex extraction),baseline,,/Users/kronckbm/GitRepos/GeneVariantFetcher/benchmarks/evaluation_tiers/mixed_gold_continuation_120/answer_key/RYR2_recall_input.csv,mixed_gold_cont120_01
20260903_protocol_cont120_01_candidate,2026-09-03T23:52:59.594246+00:00,matched_variant_paper_measure,RYR2,22677073,T2510A,T2510A,affected,1,,0,1,-1,1,0,1,regex_table,TABLE 2 (regex extraction),baseline,,/Users/kronckbm/GitRepos/GeneVariantFetcher/benchmarks/evaluation_tiers/mixed_gold_continuation_120/answer_key/RYR2_recall_input.csv,mixed_gold_cont120_01
20260903_protocol_cont120_01_candidate,2026-09-03T23:52:59.594246+00:00,matched_variant_paper_measure,RYR2,22677073,T4158P,T4158P,affected,1,1,1,0,0,0,1,0,regex_table,TABLE 2 (regex extraction),baseline,,/Users/kronckbm/GitRepos/GeneVariantFetcher/benchmarks/evaluation_tiers/mixed_gold_continuation_120/answer_key/RYR2_recall_input.csv,mixed_gold_cont120_01
20260903_protocol_cont120_01_candidate,2026-09-03T23:52:59.594246+00:00,matched_variant_paper_measure,RYR2,22677073,V2113M,V2113M,affected,1,,0,1,-1,1,0,1,regex_table,TABLE 2 (regex extraction),baseline,,/Users/kronckbm/GitRepos/GeneVariantFetcher/benchmarks/evaluation_tiers/mixed_gold_continuation_120/answer_key/RYR2_recall_input.csv,mixed_gold_cont120_01
20260903_protocol_cont120_01_candidate,2026-09-03T23:52:59.594246+00:00,matched_variant_paper_measure,RYR2,22677073,W4645R,W4645R,affected,1,,0,1,-1,1,0,1,regex_table,TABLE 2 (regex extraction),baseline,,/Users/kronckbm/GitRepos/GeneVariantFetcher/benchmarks/evaluation_tiers/mixed_gold_continuation_120/answer_key/RYR2_recall_input.csv,mixed_gold_cont120_01
20260903_protocol_cont120_01_candidate,2026-09-03T23:52:59.594246+00:00,matched_variant_paper_measure,RYR2,22677073,Y2392C,Y2392C,affected,1,,0,1,-1,1,0,1,regex_table,TABLE 2 (regex extraction),baseline,,/Users/kronckbm/GitRepos/GeneVariantFetcher/benchmarks/evaluation_tiers/mixed_gold_continuation_120/answer_key/RYR2_recall_input.csv,mixed_gold_cont120_01
20260903_protocol_cont120_01_candidate,2026-09-03T23:52:59.594246+00:00,matched_variant_paper_measure,RYR2,23094885,R420Q,R420Q,affected,5,,0,1,-5,5,0,1,figure,figure-reader,baseline,,/Users/kronckbm/GitRepos/GeneVariantFetcher/benchmarks/evaluation_tiers/mixed_gold_continuation_120/answer_key/RYR2_recall_input.csv,mixed_gold_cont120_01
20260903_protocol_cont120_01_candidate,2026-09-03T23:52:59.594246+00:00,matched_variant_paper_measure,RYR2,24793461,p.Q4159P c.12476A>C,Q4159P,affected,1,1,1,0,0,0,1,0,llm_text,"Case report, Results section",baseline,,/Users/kronckbm/GitRepos/GeneVariantFetcher/benchmarks/evaluation_tiers/mixed_gold_continuation_120/answer_key/RYR2_recall_input.csv,mixed_gold_cont120_01
20260903_protocol_cont120_01_candidate,2026-09-03T23:52:59.594246+00:00,matched_variant_paper_measure,RYR2,24978818,p.D4631V c.13892A>T,D4631V,affected,1,1,1,0,0,0,1,0,llm_table,"Table 1, Results Case #239, Discussion",baseline,,/Users/kronckbm/GitRepos/GeneVariantFetcher/benchmarks/evaluation_tiers/mixed_gold_continuation_120/answer_key/RYR2_recall_input.csv,mixed_gold_cont120_01
20260903_protocol_cont120_01_candidate,2026-09-03T23:52:59.594246+00:00,matched_variant_paper_measure,RYR2,24978818,p.T2504M c.7511C>T,T2504M,affected,1,1,1,0,0,0,1,0,llm_table,"Table 2, Results Case #444",baseline,,/Users/kronckbm/GitRepos/GeneVariantFetcher/benchmarks/evaluation_tiers/mixed_gold_continuation_120/answer_key/RYR2_recall_input.csv,mixed_gold_cont120_01
20260903_protocol_cont120_01_candidate,2026-09-03T23:52:59.594246+00:00,matched_variant_paper_measure,RYR2,24978818,p.V1810L c.5428G>C,V1810L,affected,1,1,1,0,0,0,1,0,llm_table,"Table 1, Results Case #271, Discussion",baseline,,/Users/kronckbm/GitRepos/GeneVariantFetcher/benchmarks/evaluation_tiers/mixed_gold_continuation_120/answer_key/RYR2_recall_input.csv,mixed_gold_cont120_01
20260903_protocol_cont120_01_candidate,2026-09-03T23:52:59.594246+00:00,matched_variant_paper_measure,RYR2,26018045,deletion of exon 3,EXON 3 DELETION,affected,1,,0,1,-1,1,0,1,regex_text,Text scan (exon_event),baseline,,/Users/kronckbm/GitRepos/GeneVariantFetcher/benchmarks/evaluation_tiers/mixed_gold_continuation_120/answer_key/RYR2_recall_input.csv,mixed_gold_cont120_01
20260903_protocol_mixed01_candidate,2026-09-03T18:31:19.973529+00:00,matched_variant_paper_measure,RYR2,26230511,I1268T,I1268T,affected,2,2,2,0,0,0,1,0,regex_text,Text scan (protein_hgvs_paren),baseline,,/Users/kronckbm/GitRepos/GeneVariantFetcher/benchmarks/evaluation_tiers/mixed_gold/answer_key/RYR2_recall_input.csv,mixed_gold_01
20260903_protocol_mixed01_candidate,2026-09-03T18:31:19.973529+00:00,matched_variant_paper_measure,RYR2,26230511,L1686F,L1686F,affected,1,1,1,0,0,0,1,0,regex_text,Text scan (protein_hgvs_paren),baseline,,/Users/kronckbm/GitRepos/GeneVariantFetcher/benchmarks/evaluation_tiers/mixed_gold/answer_key/RYR2_recall_input.csv,mixed_gold_01
20260903_protocol_mixed02_candidate,2026-09-03T19:34:09.579935+00:00,matched_variant_paper_measure,RYR2,27491078,L3741P c.11342T>C,L3741P,affected,3,,0,1,-3,3,0,1,figure,figure-reader,baseline,,/Users/kronckbm/GitRepos/GeneVariantFetcher/benchmarks/evaluation_tiers/mixed_gold/answer_key/RYR2_recall_input.csv,mixed_gold_02
20260903_protocol_mixed02_candidate,2026-09-03T19:34:09.579935+00:00,matched_variant_paper_measure,RYR2,27646203,p.Ile4855Met,I4855M,affected,2,,0,1,-2,2,0,1,llm_text,"Results, Clinical phenotypes and genetic testing; Structural and functional analysis",baseline,,/Users/kronckbm/GitRepos/GeneVariantFetcher/benchmarks/evaluation_tiers/mixed_gold/answer_key/RYR2_recall_input.csv,mixed_gold_02
20260903_protocol_mixed01_candidate,2026-09-03T18:31:19.973529+00:00,matched_variant_paper_measure,RYR2,27839804,p.M995V c.2983A>G,M995V,affected,2,,0,1,-2,2,0,1,llm_text,Results paragraph describing genetic analysis and Fig. 3A,baseline,,/Users/kronckbm/GitRepos/GeneVariantFetcher/benchmarks/evaluation_tiers/mixed_gold/answer_key/RYR2_recall_input.csv,mixed_gold_01
20260903_protocol_mixed02_candidate,2026-09-03T19:34:09.579935+00:00,matched_variant_paper_measure,RYR2,29544605,p.A2164T c.6490G>A,A2164T,affected,1,1,1,0,0,0,1,0,llm_table,"Table 2, row 29",baseline,,/Users/kronckbm/GitRepos/GeneVariantFetcher/benchmarks/evaluation_tiers/mixed_gold/answer_key/RYR2_recall_input.csv,mixed_gold_02
20260903_protocol_mixed02_candidate,2026-09-03T19:34:09.579935+00:00,matched_variant_paper_measure,RYR2,29544605,p.A4542T c.13624G>A,A4542T,affected,1,1,1,0,0,0,1,0,llm_table,"Table 2, row 35",baseline,,/Users/kronckbm/GitRepos/GeneVariantFetcher/benchmarks/evaluation_tiers/mixed_gold/answer_key/RYR2_recall_input.csv,mixed_gold_02
20260903_protocol_mixed02_candidate,2026-09-03T19:34:09.579935+00:00,matched_variant_paper_measure,RYR2,29544605,p.F2649S c.7946T>C,F2649S,affected,1,1,1,0,0,0,1,0,llm_table,"Table 2, row 31",baseline,,/Users/kronckbm/GitRepos/GeneVariantFetcher/benchmarks/evaluation_tiers/mixed_gold/answer_key/RYR2_recall_input.csv,mixed_gold_02
20260903_protocol_mixed02_candidate,2026-09-03T19:34:09.579935+00:00,matched_variant_paper_measure,RYR2,29544605,p.G1082E c.3245G>A,G1082E,affected,1,1,1,0,0,0,1,0,llm_table,"Table 2, row 26",baseline,,/Users/kronckbm/GitRepos/GeneVariantFetcher/benchmarks/evaluation_tiers/mixed_gold/answer_key/RYR2_recall_input.csv,mixed_gold_02
20260903_protocol_mixed02_candidate,2026-09-03T19:34:09.579935+00:00,matched_variant_paper_measure,RYR2,29544605,p.I4238S c.12713T>G,I4238S,affected,1,1,1,0,0,0,1,0,llm_table,"Table 2, row 34",baseline,,/Users/kronckbm/GitRepos/GeneVariantFetcher/benchmarks/evaluation_tiers/mixed_gold/answer_key/RYR2_recall_input.csv,mixed_gold_02
20260903_protocol_mixed02_candidate,2026-09-03T19:34:09.579935+00:00,matched_variant_paper_measure,RYR2,29544605,p.M2084I c.6252G>A,M2084I,affected,1,1,1,0,0,0,1,0,llm_table,"Table 2, row 28",baseline,,/Users/kronckbm/GitRepos/GeneVariantFetcher/benchmarks/evaluation_tiers/mixed_gold/answer_key/RYR2_recall_input.csv,mixed_gold_02
20260903_protocol_mixed02_candidate,2026-09-03T19:34:09.579935+00:00,matched_variant_paper_measure,RYR2,29544605,p.M317T c.950T>C,M317T,affected,1,1,1,0,0,0,1,0,llm_table,"Table 2, row 24",baseline,,/Users/kronckbm/GitRepos/GeneVariantFetcher/benchmarks/evaluation_tiers/mixed_gold/answer_key/RYR2_recall_input.csv,mixed_gold_02
20260903_protocol_mixed02_candidate,2026-09-03T19:34:09.579935+00:00,matched_variant_paper_measure,RYR2,29544605,p.P3209L c.9626C>T,P3209L,affected,1,1,1,0,0,0,1,0,llm_table,"Table 2, row 32",baseline,,/Users/kronckbm/GitRepos/GeneVariantFetcher/benchmarks/evaluation_tiers/mixed_gold/answer_key/RYR2_recall_input.csv,mixed_gold_02
20260903_protocol_mixed02_candidate,2026-09-03T19:34:09.579935+00:00,matched_variant_paper_measure,RYR2,29544605,p.P4231L c.12692C>T,P4231L,affected,1,1,1,0,0,0,1,0,llm_table,"Table 2, row 33",baseline,,/Users/kronckbm/GitRepos/GeneVariantFetcher/benchmarks/evaluation_tiers/mixed_gold/answer_key/RYR2_recall_input.csv,mixed_gold_02
20260903_protocol_mixed02_candidate,2026-09-03T19:34:09.579935+00:00,matched_variant_paper_measure,RYR2,29544605,p.P876T c.2626C>A,P876T,affected,1,1,1,0,0,0,1,0,llm_table,"Table 2, row 25",baseline,,/Users/kronckbm/GitRepos/GeneVariantFetcher/benchmarks/evaluation_tiers/mixed_gold/answer_key/RYR2_recall_input.csv,mixed_gold_02
20260903_protocol_mixed02_candidate,2026-09-03T19:34:09.579935+00:00,matched_variant_paper_measure,RYR2,29544605,p.R2068Q c.6203G>A,R2068Q,affected,1,1,1,0,0,0,1,0,llm_table,"Table 2, row 27",baseline,,/Users/kronckbm/GitRepos/GeneVariantFetcher/benchmarks/evaluation_tiers/mixed_gold/answer_key/RYR2_recall_input.csv,mixed_gold_02
20260903_protocol_mixed02_candidate,2026-09-03T19:34:09.579935+00:00,matched_variant_paper_measure,RYR2,29544605,p.T2510A c.7528A>G,T2510A,affected,1,1,1,0,0,0,1,0,llm_table,"Table 2, row 30",baseline,,/Users/kronckbm/GitRepos/GeneVariantFetcher/benchmarks/evaluation_tiers/mixed_gold/answer_key/RYR2_recall_input.csv,mixed_gold_02
20260903_protocol_cont120_01_candidate,2026-09-03T23:52:59.594246+00:00,matched_variant_paper_measure,RYR2,30296944,p.Phe4174Ile c.12520T>A,F4174I,affected,1,1,1,0,0,0,1,0,llm_text,Abstract and Case presentation,baseline,,/Users/kronckbm/GitRepos/GeneVariantFetcher/benchmarks/evaluation_tiers/mixed_gold_continuation_120/answer_key/RYR2_recall_input.csv,mixed_gold_cont120_01
20260903_protocol_cont120_01_candidate,2026-09-03T23:52:59.594246+00:00,matched_variant_paper_measure,RYR2,30308486,p.Leu2483Arg c.7448T>G,L2483R,affected,1,1,1,0,0,0,1,0,llm_text,"Abstract, Results section describing patient and sequencing",baseline,,/Users/kronckbm/GitRepos/GeneVariantFetcher/benchmarks/evaluation_tiers/mixed_gold_continuation_120/answer_key/RYR2_recall_input.csv,mixed_gold_cont120_01
20260903_protocol_cont120_01_candidate,2026-09-03T23:52:59.594246+00:00,matched_variant_paper_measure,RYR2,33640691,p.Ala2254Val,A2254V,affected,1,,0,1,-1,1,0,1,llm_text,Resource details (main text); confirmed in Supplementary Fig. 1A,baseline,,/Users/kronckbm/GitRepos/GeneVariantFetcher/benchmarks/evaluation_tiers/mixed_gold_continuation_120/answer_key/RYR2_recall_input.csv,mixed_gold_cont120_01
20260903_protocol_cont120_01_candidate,2026-09-03T23:52:59.594246+00:00,matched_variant_paper_measure,SCN5A,8917568,N1325S,N1325S,affected,0,,0,1,0,0,1,0,regex_text,Text scan (protein_single_letter),baseline,,/Users/kronckbm/GitRepos/GeneVariantFetcher/benchmarks/evaluation_tiers/mixed_gold_continuation_120/answer_key/SCN5A_recall_input.csv,mixed_gold_cont120_01
20260903_protocol_cont120_01_candidate,2026-09-03T23:52:59.594246+00:00,matched_variant_paper_measure,SCN5A,8917568,R1644H,R1644H,affected,0,,0,1,0,0,1,0,figure,figure-reader,baseline,,/Users/kronckbm/GitRepos/GeneVariantFetcher/benchmarks/evaluation_tiers/mixed_gold_continuation_120/answer_key/SCN5A_recall_input.csv,mixed_gold_cont120_01
20260903_protocol_mixed02_candidate,2026-09-03T19:34:09.579935+00:00,matched_variant_paper_measure,SCN5A,10200053,p.Arg1623Gln,R1623Q,affected,1,1,1,0,0,0,1,0,llm_text,Abstract,baseline,,/Users/kronckbm/GitRepos/GeneVariantFetcher/benchmarks/evaluation_tiers/mixed_gold/answer_key/SCN5A_recall_input.csv,mixed_gold_02
20260903_protocol_cont120_01_candidate,2026-09-03T23:52:59.594246+00:00,matched_variant_paper_measure,SCN5A,10532948,p.Thr1620Met,T1620M,affected,0,,0,1,0,0,1,0,llm_text,Functional study - assay data only,baseline,,/Users/kronckbm/GitRepos/GeneVariantFetcher/benchmarks/evaluation_tiers/mixed_gold_continuation_120/answer_key/SCN5A_recall_input.csv,mixed_gold_cont120_01
20260903_protocol_mixed01_candidate,2026-09-03T18:31:19.973529+00:00,matched_variant_paper_measure,SCN5A,10727653,p.E1784K,E1784K,affected,1,,0,1,-1,1,0,1,llm_text,Functional study - assay data only; Abstract and Results,baseline,,/Users/kronckbm/GitRepos/GeneVariantFetcher/benchmarks/evaluation_tiers/mixed_gold/answer_key/SCN5A_recall_input.csv,mixed_gold_01
20260903_protocol_mixed01_candidate,2026-09-03T18:31:19.973529+00:00,matched_variant_paper_measure,SCN5A,10727653,p.R1432G,R1432G,affected,1,,0,1,-1,1,0,1,llm_text,Functional study - assay data only; Abstract and Results,baseline,,/Users/kronckbm/GitRepos/GeneVariantFetcher/benchmarks/evaluation_tiers/mixed_gold/answer_key/SCN5A_recall_input.csv,mixed_gold_01
20260903_protocol_mixed01_candidate,2026-09-03T18:31:19.973529+00:00,matched_variant_paper_measure,SCN5A,10727653,p.R1512W,R1512W,affected,1,,0,1,-1,1,0,1,llm_text,Functional study - assay data only; Abstract and Results,baseline,,/Users/kronckbm/GitRepos/GeneVariantFetcher/benchmarks/evaluation_tiers/mixed_gold/answer_key/SCN5A_recall_input.csv,mixed_gold_01
20260903_protocol_mixed02_candidate,2026-09-03T19:34:09.579935+00:00,matched_variant_paper_measure,SCN5A,11463728,p.Val1777Met c.5329G>A,V1777M,affected,2,,0,1,-2,2,0,1,llm_text,Results - Identification of the SCN5A Mutation; Phenotypic Characteristics of the Family; Functional Properties,baseline,,/Users/kronckbm/GitRepos/GeneVariantFetcher/benchmarks/evaluation_tiers/mixed_gold/answer_key/SCN5A_recall_input.csv,mixed_gold_02
20260903_protocol_cont120_01_candidate,2026-09-03T23:52:59.594246+00:00,matched_variant_paper_measure,SCN5A,12068034,F1760C,F1760C,affected,0,,0,1,0,0,1,0,regex_table,Table 1 (regex extraction),baseline,,/Users/kronckbm/GitRepos/GeneVariantFetcher/benchmarks/evaluation_tiers/mixed_gold_continuation_120/answer_key/SCN5A_recall_input.csv,mixed_gold_cont120_01
20260903_protocol_cont120_01_candidate,2026-09-03T23:52:59.594246+00:00,matched_variant_paper_measure,SCN5A,12454206,H558R,H558R,affected,0,,0,1,0,0,1,0,llm_text,Abstract - Functional study - assay data only,baseline,,/Users/kronckbm/GitRepos/GeneVariantFetcher/benchmarks/evaluation_tiers/mixed_gold_continuation_120/answer_key/SCN5A_recall_input.csv,mixed_gold_cont120_01
20260903_protocol_cont120_01_candidate,2026-09-03T23:52:59.594246+00:00,matched_variant_paper_measure,SCN5A,12454206,M1766L,M1766L,affected,0,,0,1,0,0,1,0,llm_text,Abstract - Functional study - assay data only,baseline,,/Users/kronckbm/GitRepos/GeneVariantFetcher/benchmarks/evaluation_tiers/mixed_gold_continuation_120/answer_key/SCN5A_recall_input.csv,mixed_gold_cont120_01
20260903_protocol_cont120_01_candidate,2026-09-03T23:52:59.594246+00:00,matched_variant_paper_measure,SCN5A,14500339,H558R,H558R,affected,0,,0,1,0,0,1,0,llm_text,Abstract - Functional study - assay data only,baseline,,/Users/kronckbm/GitRepos/GeneVariantFetcher/benchmarks/evaluation_tiers/mixed_gold_continuation_120/answer_key/SCN5A_recall_input.csv,mixed_gold_cont120_01
20260903_protocol_mixed01_candidate,2026-09-03T18:31:19.973529+00:00,matched_variant_paper_measure,SCN5A,14654377,Q1507A,Q1507A,affected,0,,0,1,0,0,1,0,regex_text,Text scan (protein_single_letter),baseline,,/Users/kronckbm/GitRepos/GeneVariantFetcher/benchmarks/evaluation_tiers/mixed_gold/answer_key/SCN5A_recall_input.csv,mixed_gold_01
20260903_protocol_mixed02_candidate,2026-09-03T19:34:09.579935+00:00,matched_variant_paper_measure,SCN5A,15028074,p.Arg367His,R367H,affected,9,,0,1,-9,9,0,1,llm_text,Abstract,baseline,,/Users/kronckbm/GitRepos/GeneVariantFetcher/benchmarks/evaluation_tiers/mixed_gold/answer_key/SCN5A_recall_input.csv,mixed_gold_02
20260903_protocol_cont120_01_candidate,2026-09-03T23:52:59.594246+00:00,matched_variant_paper_measure,SCN5A,15051636,p.R1623Q,R1623Q,affected,1,,0,1,-1,1,0,1,figure,"Results, paragraph describing K2800 and Figure 2B",baseline,,/Users/kronckbm/GitRepos/GeneVariantFetcher/benchmarks/evaluation_tiers/mixed_gold_continuation_120/answer_key/SCN5A_recall_input.csv,mixed_gold_cont120_01
20260903_protocol_cont120_01_candidate,2026-09-03T23:52:59.594246+00:00,matched_variant_paper_measure,SCN5A,15051636,p.R1644H,R1644H,affected,1,,0,1,-1,1,0,1,figure,"Results, paragraph describing K2700 and Figure 2B",baseline,,/Users/kronckbm/GitRepos/GeneVariantFetcher/benchmarks/evaluation_tiers/mixed_gold_continuation_120/answer_key/SCN5A_recall_input.csv,mixed_gold_cont120_01
20260903_protocol_mixed02_candidate,2026-09-03T19:34:09.579935+00:00,matched_variant_paper_measure,SCN5A,15057319,p.Glu473*,E473X,affected,1,,0,1,-1,1,0,1,llm_text,Functional study - assay data only. Abstract,baseline,,/Users/kronckbm/GitRepos/GeneVariantFetcher/benchmarks/evaluation_tiers/mixed_gold/answer_key/SCN5A_recall_input.csv,mixed_gold_02
20260903_protocol_mixed02_candidate,2026-09-03T19:34:09.579935+00:00,matched_variant_paper_measure,SCN5A,15057319,p.Gly1740Arg,G1740R,affected,1,,0,1,-1,1,0,1,llm_text,Functional study - assay data only. Abstract,baseline,,/Users/kronckbm/GitRepos/GeneVariantFetcher/benchmarks/evaluation_tiers/mixed_gold/answer_key/SCN5A_recall_input.csv,mixed_gold_02
20260903_protocol_mixed01_candidate,2026-09-03T18:31:19.973529+00:00,matched_variant_paper_measure,SCN5A,15579534,p.Glu1053Lys c.3157G>A,E1053K,affected,0,1,1,0,1,1,0,1,llm_text,"Results, Brugada Syndrome Associated with Human SCN5A E1053K Mutation; functional assays throughout",baseline,,/Users/kronckbm/GitRepos/GeneVariantFetcher/benchmarks/evaluation_tiers/mixed_gold/answer_key/SCN5A_recall_input.csv,mixed_gold_01
20260903_protocol_cont120_01_candidate,2026-09-03T23:52:59.594246+00:00,matched_variant_paper_measure,SCN5A,15671429,D1275N,D1275N,affected,7,,0,1,-7,7,0,1,figure,figure-reader,gold_v2,confirmed_original_pedigree_derived,validation_runs/paper_failure_probe_20260520/gold_standard_adjudication.md,mixed_gold_cont120_01
20260903_protocol_cont120_01_candidate,2026-09-03T23:52:59.594246+00:00,matched_variant_paper_measure,SCN5A,15671429,D1595H,D1595H,affected,1,,0,1,-1,1,0,1,figure,figure-reader,baseline,,/Users/kronckbm/GitRepos/GeneVariantFetcher/benchmarks/evaluation_tiers/mixed_gold_continuation_120/answer_key/SCN5A_recall_input.csv,mixed_gold_cont120_01
20260903_protocol_cont120_01_candidate,2026-09-03T23:52:59.594246+00:00,matched_variant_paper_measure,SCN5A,15671429,R814W,R814W,affected,1,1,1,0,0,0,1,0,figure,figure-reader,baseline,,/Users/kronckbm/GitRepos/GeneVariantFetcher/benchmarks/evaluation_tiers/mixed_gold_continuation_120/answer_key/SCN5A_recall_input.csv,mixed_gold_cont120_01
20260903_protocol_cont120_01_candidate,2026-09-03T23:52:59.594246+00:00,matched_variant_paper_measure,SCN5A,15671429,T220I,T220I,affected,1,1,1,0,0,0,1,0,figure,figure-reader,baseline,,/Users/kronckbm/GitRepos/GeneVariantFetcher/benchmarks/evaluation_tiers/mixed_gold_continuation_120/answer_key/SCN5A_recall_input.csv,mixed_gold_cont120_01
20260903_protocol_cont120_01_candidate,2026-09-03T23:52:59.594246+00:00,matched_variant_paper_measure,SCN5A,16155735,p.Ala551Thr,A551T,affected,2,1,1,0,-1,1,0,0,llm_text,Abstract,baseline,,/Users/kronckbm/GitRepos/GeneVariantFetcher/benchmarks/evaluation_tiers/mixed_gold_continuation_120/answer_key/SCN5A_recall_input.csv,mixed_gold_cont120_01
20260903_protocol_mixed01_candidate,2026-09-03T18:31:19.973529+00:00,matched_variant_paper_measure,SCN5A,16764707,p.Cys1363Tyr,C1363Y,affected,1,,0,1,-1,1,0,1,llm_table,Table 2,baseline,,/Users/kronckbm/GitRepos/GeneVariantFetcher/benchmarks/evaluation_tiers/mixed_gold/answer_key/SCN5A_recall_input.csv,mixed_gold_01
20260903_protocol_mixed01_candidate,2026-09-03T18:31:19.973529+00:00,matched_variant_paper_measure,SCN5A,16764707,p.Glu161Lys,E161K,affected,10,,0,1,-10,10,0,1,llm_table,Table 2,baseline,,/Users/kronckbm/GitRepos/GeneVariantFetcher/benchmarks/evaluation_tiers/mixed_gold/answer_key/SCN5A_recall_input.csv,mixed_gold_01
20260903_protocol_mixed01_candidate,2026-09-03T18:31:19.973529+00:00,matched_variant_paper_measure,SCN5A,16764707,p.Gly1743Glu,G1743E,affected,5,,0,1,-5,5,0,1,llm_table,Table 2,baseline,,/Users/kronckbm/GitRepos/GeneVariantFetcher/benchmarks/evaluation_tiers/mixed_gold/answer_key/SCN5A_recall_input.csv,mixed_gold_01
20260903_protocol_mixed01_candidate,2026-09-03T18:31:19.973529+00:00,matched_variant_paper_measure,SCN5A,16764707,p.Leu860fs*89,L860fsX,affected,1,,0,1,-1,1,0,1,llm_table,Table 2,baseline,,/Users/kronckbm/GitRepos/GeneVariantFetcher/benchmarks/evaluation_tiers/mixed_gold/answer_key/SCN5A_recall_input.csv,mixed_gold_01
20260903_protocol_mixed01_candidate,2026-09-03T18:31:19.973529+00:00,matched_variant_paper_measure,SCN5A,16764707,p.Asn927Ser,N927S,affected,1,,0,1,-1,1,0,1,llm_table,Table 2,baseline,,/Users/kronckbm/GitRepos/GeneVariantFetcher/benchmarks/evaluation_tiers/mixed_gold/answer_key/SCN5A_recall_input.csv,mixed_gold_01
20260903_protocol_mixed01_candidate,2026-09-03T18:31:19.973529+00:00,matched_variant_paper_measure,SCN5A,16764707,p.Arg1638*,R1638X,affected,2,,0,1,-2,2,0,1,llm_table,Table 2,baseline,,/Users/kronckbm/GitRepos/GeneVariantFetcher/benchmarks/evaluation_tiers/mixed_gold/answer_key/SCN5A_recall_input.csv,mixed_gold_01
20260903_protocol_mixed01_candidate,2026-09-03T18:31:19.973529+00:00,matched_variant_paper_measure,SCN5A,16764707,p.Arg965His,R965H,affected,1,,0,1,-1,1,0,1,llm_table,Table 2,baseline,,/Users/kronckbm/GitRepos/GeneVariantFetcher/benchmarks/evaluation_tiers/mixed_gold/answer_key/SCN5A_recall_input.csv,mixed_gold_01
20260903_protocol_mixed01_candidate,2026-09-03T18:31:19.973529+00:00,matched_variant_paper_measure,SCN5A,16764707,p.Trp156*,W156X,affected,1,,0,1,-1,1,0,1,llm_table,Table 2,baseline,,/Users/kronckbm/GitRepos/GeneVariantFetcher/benchmarks/evaluation_tiers/mixed_gold/answer_key/SCN5A_recall_input.csv,mixed_gold_01
20260903_protocol_cont120_01_candidate,2026-09-03T23:52:59.594246+00:00,matched_variant_paper_measure,SCN5A,17016421,H558R,H558R,affected,0,,0,1,0,0,1,0,llm_text,Abstract,baseline,,/Users/kronckbm/GitRepos/GeneVariantFetcher/benchmarks/evaluation_tiers/mixed_gold_continuation_120/answer_key/SCN5A_recall_input.csv,mixed_gold_cont120_01
20260903_protocol_mixed01_candidate,2026-09-03T18:31:19.973529+00:00,matched_variant_paper_measure,SCN5A,17081365,p.Ala1649Val,A1649V,affected,1,,0,1,-1,1,0,1,llm_text,"[ABSTRACT ONLY - FULL TEXT NOT AVAILABLE], Results",baseline,,/Users/kronckbm/GitRepos/GeneVariantFetcher/benchmarks/evaluation_tiers/mixed_gold/answer_key/SCN5A_recall_input.csv,mixed_gold_01
20260903_protocol_mixed01_candidate,2026-09-03T18:31:19.973529+00:00,matched_variant_paper_measure,SCN5A,17081365,p.Phe1617del,P.F1617DEL,affected,1,,0,1,-1,1,0,1,llm_text,"[ABSTRACT ONLY - FULL TEXT NOT AVAILABLE], Results",baseline,,/Users/kronckbm/GitRepos/GeneVariantFetcher/benchmarks/evaluation_tiers/mixed_gold/answer_key/SCN5A_recall_input.csv,mixed_gold_01
20260903_protocol_mixed01_candidate,2026-09-03T18:31:19.973529+00:00,matched_variant_paper_measure,SCN5A,17081365,p.Val95Ile,V95I,affected,1,,0,1,-1,1,0,1,llm_text,"[ABSTRACT ONLY - FULL TEXT NOT AVAILABLE], Results",baseline,,/Users/kronckbm/GitRepos/GeneVariantFetcher/benchmarks/evaluation_tiers/mixed_gold/answer_key/SCN5A_recall_input.csv,mixed_gold_01
20260903_protocol_cont120_01_candidate,2026-09-03T23:52:59.594246+00:00,matched_variant_paper_measure,SCN5A,17227473,H558R,H558R,affected,2,2,2,0,0,0,1,0,llm_table,"Table 2, patients 2 and 3",baseline,,/Users/kronckbm/GitRepos/GeneVariantFetcher/benchmarks/evaluation_tiers/mixed_gold_continuation_120/answer_key/SCN5A_recall_input.csv,mixed_gold_cont120_01
20260903_protocol_cont120_01_candidate,2026-09-03T23:52:59.594246+00:00,matched_variant_paper_measure,SCN5A,17445919,p.Asn406Ser,N406S,affected,0,,0,1,0,0,1,0,figure,Functional study - assay data only; Results and Figure legends,baseline,,/Users/kronckbm/GitRepos/GeneVariantFetcher/benchmarks/evaluation_tiers/mixed_gold_continuation_120/answer_key/SCN5A_recall_input.csv,mixed_gold_cont120_01
20260903_protocol_cont120_01_candidate,2026-09-03T23:52:59.594246+00:00,matched_variant_paper_measure,SCN5A,17675083,G400A,G400A,affected,1,1,1,0,0,0,1,0,figure,figure-reader,baseline,,/Users/kronckbm/GitRepos/GeneVariantFetcher/benchmarks/evaluation_tiers/mixed_gold_continuation_120/answer_key/SCN5A_recall_input.csv,mixed_gold_cont120_01
20260903_protocol_cont120_01_candidate,2026-09-03T23:52:59.594246+00:00,matched_variant_paper_measure,SCN5A,17675083,H558R,H558R,affected,1,1,1,0,0,0,1,0,llm_text,"Results, Molecular Genetics",baseline,,/Users/kronckbm/GitRepos/GeneVariantFetcher/benchmarks/evaluation_tiers/mixed_gold_continuation_120/answer_key/SCN5A_recall_input.csv,mixed_gold_cont120_01
20260903_protocol_cont120_01_candidate,2026-09-03T23:52:59.594246+00:00,matched_variant_paper_measure,SCN5A,17905336,p.Arg1193Gln,R1193Q,affected,3,2,2,0,-1,1,0,0,llm_text,"Results, paragraph discussing SCN5A mutations and R1193Q",baseline,,/Users/kronckbm/GitRepos/GeneVariantFetcher/benchmarks/evaluation_tiers/mixed_gold_continuation_120/answer_key/SCN5A_recall_input.csv,mixed_gold_cont120_01
20260903_protocol_mixed02_candidate,2026-09-03T19:34:09.579935+00:00,matched_variant_paper_measure,SCN5A,18242854,K343Q,K343Q,affected,0,,0,1,0,0,1,0,figure,figure-reader,baseline,,/Users/kronckbm/GitRepos/GeneVariantFetcher/benchmarks/evaluation_tiers/mixed_gold/answer_key/SCN5A_recall_input.csv,mixed_gold_02
20260903_protocol_cont120_01_candidate,2026-09-03T23:52:59.594246+00:00,matched_variant_paper_measure,SCN5A,18452873,p.E1784K c.5350G>A,E1784K,affected,2,1,1,0,-1,1,0,0,figure,"Table 2, patient 7; Results; Figure 3",baseline,,/Users/kronckbm/GitRepos/GeneVariantFetcher/benchmarks/evaluation_tiers/mixed_gold_continuation_120/answer_key/SCN5A_recall_input.csv,mixed_gold_cont120_01
20260903_protocol_cont120_01_candidate,2026-09-03T23:52:59.594246+00:00,matched_variant_paper_measure,SCN5A,18452873,p.N275K c.825C>A,N275K,affected,2,1,1,0,-1,1,0,0,llm_table,"Table 2, patient 6; Results paragraph on patient 6",baseline,,/Users/kronckbm/GitRepos/GeneVariantFetcher/benchmarks/evaluation_tiers/mixed_gold_continuation_120/answer_key/SCN5A_recall_input.csv,mixed_gold_cont120_01
20260903_protocol_cont120_01_candidate,2026-09-03T23:52:59.594246+00:00,matched_variant_paper_measure,SCN5A,18599870,p.Leu1308Phe,L1308F,affected,1,1,1,0,0,0,1,0,llm_text,"Results, Mutational Analysis and Index Patient; Discussion",baseline,,/Users/kronckbm/GitRepos/GeneVariantFetcher/benchmarks/evaluation_tiers/mixed_gold_continuation_120/answer_key/SCN5A_recall_input.csv,mixed_gold_cont120_01
20260903_protocol_cont120_01_candidate,2026-09-03T23:52:59.594246+00:00,matched_variant_paper_measure,SCN5A,18599870,p.Val232Ile,V232I,affected,1,1,1,0,0,0,1,0,figure,"Results, Mutational Analysis and Index Patient; Figures 1-8",baseline,,/Users/kronckbm/GitRepos/GeneVariantFetcher/benchmarks/evaluation_tiers/mixed_gold_continuation_120/answer_key/SCN5A_recall_input.csv,mixed_gold_cont120_01
20260903_protocol_mixed01_candidate,2026-09-03T18:31:19.973529+00:00,matched_variant_paper_measure,SCN5A,19272188,p.R965C c.2893C>T,R965C,affected,1,1,1,0,0,0,1,0,llm_text,"Results, Genetic analysis and the electrocardiographic (ECG) characteristics; Voltage dependent steady state activation and steady state inactivation",baseline,,/Users/kronckbm/GitRepos/GeneVariantFetcher/benchmarks/evaluation_tiers/mixed_gold/answer_key/SCN5A_recall_input.csv,mixed_gold_01
20260903_protocol_cont120_01_candidate,2026-09-03T23:52:59.594246+00:00,matched_variant_paper_measure,SCN5A,19632629,R1195H,R1195H,affected,1,1,1,0,0,0,1,0,figure,figure-reader,baseline,,/Users/kronckbm/GitRepos/GeneVariantFetcher/benchmarks/evaluation_tiers/mixed_gold_continuation_120/answer_key/SCN5A_recall_input.csv,mixed_gold_cont120_01
20260903_protocol_cont120_01_candidate,2026-09-03T23:52:59.594246+00:00,matched_variant_paper_measure,SCN5A,19669871,p.F1473C c.4418T>G,F1473C,affected,1,1,1,0,0,0,1,0,llm_text,"Case report, paragraph on genetic testing",baseline,,/Users/kronckbm/GitRepos/GeneVariantFetcher/benchmarks/evaluation_tiers/mixed_gold_continuation_120/answer_key/SCN5A_recall_input.csv,mixed_gold_cont120_01
20260903_protocol_cont120_01_candidate,2026-09-03T23:52:59.594246+00:00,matched_variant_paper_measure,SCN5A,19719504,L1393*,L1393X,affected,1,1,1,0,0,0,1,0,figure,"Abstract, Case report, Results",baseline,,/Users/kronckbm/GitRepos/GeneVariantFetcher/benchmarks/evaluation_tiers/mixed_gold_continuation_120/answer_key/SCN5A_recall_input.csv,mixed_gold_cont120_01
20260903_protocol_cont120_01_candidate,2026-09-03T23:52:59.594246+00:00,matched_variant_paper_measure,SCN5A,19808432,G1631D,G1631D,affected,2,2,2,0,0,0,1,0,figure,figure-reader,baseline,,/Users/kronckbm/GitRepos/GeneVariantFetcher/benchmarks/evaluation_tiers/mixed_gold_continuation_120/answer_key/SCN5A_recall_input.csv,mixed_gold_cont120_01
20260903_protocol_mixed02_candidate,2026-09-03T19:34:09.579935+00:00,matched_variant_paper_measure,SCN5A,20025708,P1008S,P1008S,affected,4,,0,1,-4,4,0,1,figure,figure-reader,baseline,,/Users/kronckbm/GitRepos/GeneVariantFetcher/benchmarks/evaluation_tiers/mixed_gold/answer_key/SCN5A_recall_input.csv,mixed_gold_02
20260903_protocol_mixed02_candidate,2026-09-03T19:34:09.579935+00:00,matched_variant_paper_measure,SCN5A,20395683,p.Arg121Trp,R121W,affected,2,2,2,0,0,0,1,0,llm_text,Abstract,baseline,,/Users/kronckbm/GitRepos/GeneVariantFetcher/benchmarks/evaluation_tiers/mixed_gold/answer_key/SCN5A_recall_input.csv,mixed_gold_02
20260903_protocol_cont120_01_candidate,2026-09-03T23:52:59.594246+00:00,matched_variant_paper_measure,SCN5A,20451667,A572D,A572D,affected,0,,0,1,0,0,1,0,regex_text,Text scan (protein_single_letter),baseline,,/Users/kronckbm/GitRepos/GeneVariantFetcher/benchmarks/evaluation_tiers/mixed_gold_continuation_120/answer_key/SCN5A_recall_input.csv,mixed_gold_cont120_01
20260903_protocol_cont120_01_candidate,2026-09-03T23:52:59.594246+00:00,matched_variant_paper_measure,SCN5A,20950709,p.Ala1924Thr,A1924T,affected,2,2,2,0,0,0,1,0,llm_text,"Case report, Discussion",baseline,,/Users/kronckbm/GitRepos/GeneVariantFetcher/benchmarks/evaluation_tiers/mixed_gold_continuation_120/answer_key/SCN5A_recall_input.csv,mixed_gold_cont120_01
20260903_protocol_mixed02_candidate,2026-09-03T19:34:09.579935+00:00,matched_variant_paper_measure,SCN5A,21167004,H558R,H558R,affected,0,,0,1,0,0,1,0,regex_table,Table 1 (regex extraction),baseline,,/Users/kronckbm/GitRepos/GeneVariantFetcher/benchmarks/evaluation_tiers/mixed_gold/answer_key/SCN5A_recall_input.csv,mixed_gold_02
20260903_protocol_mixed02_candidate,2026-09-03T19:34:09.579935+00:00,matched_variant_paper_measure,SCN5A,21167004,R222Q,R222Q,affected,6,,0,1,-6,6,0,1,figure,figure-reader,baseline,,/Users/kronckbm/GitRepos/GeneVariantFetcher/benchmarks/evaluation_tiers/mixed_gold/answer_key/SCN5A_recall_input.csv,mixed_gold_02
20260903_protocol_cont120_01_candidate,2026-09-03T23:52:59.594246+00:00,matched_variant_paper_measure,SCN5A,21498565,p.Ser1103Tyr,S1103Y,affected,0,,0,1,0,0,1,0,llm_table,"Results, genotyping and association analyses; supplemental Table 1",baseline,,/Users/kronckbm/GitRepos/GeneVariantFetcher/benchmarks/evaluation_tiers/mixed_gold_continuation_120/answer_key/SCN5A_recall_input.csv,mixed_gold_cont120_01
20260903_protocol_cont120_01_candidate,2026-09-03T23:52:59.594246+00:00,matched_variant_paper_measure,SCN5A,22129298,p.Tyr1795Cys,Y1795C,affected,1,1,1,0,0,0,1,0,llm_text,Abstract,baseline,,/Users/kronckbm/GitRepos/GeneVariantFetcher/benchmarks/evaluation_tiers/mixed_gold_continuation_120/answer_key/SCN5A_recall_input.csv,mixed_gold_cont120_01
20260903_protocol_cont120_01_candidate,2026-09-03T23:52:59.594246+00:00,matched_variant_paper_measure,SCN5A,22407026,H558R,H558R,affected,0,,0,1,0,0,1,0,llm_text,Abstract,baseline,,/Users/kronckbm/GitRepos/GeneVariantFetcher/benchmarks/evaluation_tiers/mixed_gold_continuation_120/answer_key/SCN5A_recall_input.csv,mixed_gold_cont120_01
20260903_protocol_cont120_01_candidate,2026-09-03T23:52:59.594246+00:00,matched_variant_paper_measure,SCN5A,22407026,p.P1090L,P1090L,affected,0,1,1,0,1,1,0,1,llm_text,Abstract,baseline,,/Users/kronckbm/GitRepos/GeneVariantFetcher/benchmarks/evaluation_tiers/mixed_gold_continuation_120/answer_key/SCN5A_recall_input.csv,mixed_gold_cont120_01
20260903_protocol_cont120_01_candidate,2026-09-03T23:52:59.594246+00:00,matched_variant_paper_measure,SCN5A,22407026,p.Arg1193Gln,R1193Q,affected,0,1,1,0,1,1,0,1,llm_text,Abstract,baseline,,/Users/kronckbm/GitRepos/GeneVariantFetcher/benchmarks/evaluation_tiers/mixed_gold_continuation_120/answer_key/SCN5A_recall_input.csv,mixed_gold_cont120_01
20260903_protocol_cont120_01_candidate,2026-09-03T23:52:59.594246+00:00,matched_variant_paper_measure,SCN5A,22675453,R219H,R219H,affected,3,,0,1,-3,3,0,1,figure,figure-reader,baseline,,/Users/kronckbm/GitRepos/GeneVariantFetcher/benchmarks/evaluation_tiers/mixed_gold_continuation_120/answer_key/SCN5A_recall_input.csv,mixed_gold_cont120_01
20260903_protocol_cont120_01_candidate,2026-09-03T23:52:59.594246+00:00,matched_variant_paper_measure,SCN5A,22677073,F2004L,F2004L,affected,1,1,1,0,0,0,1,0,figure,figure-reader,baseline,,/Users/kronckbm/GitRepos/GeneVariantFetcher/benchmarks/evaluation_tiers/mixed_gold_continuation_120/answer_key/SCN5A_recall_input.csv,mixed_gold_cont120_01
20260903_protocol_cont120_01_candidate,2026-09-03T23:52:59.594246+00:00,matched_variant_paper_measure,SCN5A,22677073,I1334V,I1334V,affected,1,,0,1,-1,1,0,1,figure,figure-reader,baseline,,/Users/kronckbm/GitRepos/GeneVariantFetcher/benchmarks/evaluation_tiers/mixed_gold_continuation_120/answer_key/SCN5A_recall_input.csv,mixed_gold_cont120_01
20260903_protocol_cont120_01_candidate,2026-09-03T23:52:59.594246+00:00,matched_variant_paper_measure,SCN5A,22677073,I1768V,I1768V,affected,1,1,1,0,0,0,1,0,figure,figure-reader,baseline,,/Users/kronckbm/GitRepos/GeneVariantFetcher/benchmarks/evaluation_tiers/mixed_gold_continuation_120/answer_key/SCN5A_recall_input.csv,mixed_gold_cont120_01
20260903_protocol_cont120_01_candidate,2026-09-03T23:52:59.594246+00:00,matched_variant_paper_measure,SCN5A,22677073,I267L,I267L,affected,1,1,1,0,0,0,1,0,figure,figure-reader,baseline,,/Users/kronckbm/GitRepos/GeneVariantFetcher/benchmarks/evaluation_tiers/mixed_gold_continuation_120/answer_key/SCN5A_recall_input.csv,mixed_gold_cont120_01
20260903_protocol_cont120_01_candidate,2026-09-03T23:52:59.594246+00:00,matched_variant_paper_measure,SCN5A,22677073,P2006A,P2006A,affected,1,1,1,0,0,0,1,0,figure,figure-reader,baseline,,/Users/kronckbm/GitRepos/GeneVariantFetcher/benchmarks/evaluation_tiers/mixed_gold_continuation_120/answer_key/SCN5A_recall_input.csv,mixed_gold_cont120_01
20260903_protocol_cont120_01_candidate,2026-09-03T23:52:59.594246+00:00,matched_variant_paper_measure,SCN5A,22677073,R104Q,R104Q,affected,1,1,1,0,0,0,1,0,figure,figure-reader,baseline,,/Users/kronckbm/GitRepos/GeneVariantFetcher/benchmarks/evaluation_tiers/mixed_gold_continuation_120/answer_key/SCN5A_recall_input.csv,mixed_gold_cont120_01
20260903_protocol_cont120_01_candidate,2026-09-03T23:52:59.594246+00:00,matched_variant_paper_measure,SCN5A,22677073,R1193Q,R1193Q,affected,1,1,1,0,0,0,1,0,figure,figure-reader,baseline,,/Users/kronckbm/GitRepos/GeneVariantFetcher/benchmarks/evaluation_tiers/mixed_gold_continuation_120/answer_key/SCN5A_recall_input.csv,mixed_gold_cont120_01
20260903_protocol_cont120_01_candidate,2026-09-03T23:52:59.594246+00:00,matched_variant_paper_measure,SCN5A,22677073,R680H,R680H,affected,1,1,1,0,0,0,1,0,figure,figure-reader,baseline,,/Users/kronckbm/GitRepos/GeneVariantFetcher/benchmarks/evaluation_tiers/mixed_gold_continuation_120/answer_key/SCN5A_recall_input.csv,mixed_gold_cont120_01
20260903_protocol_cont120_01_candidate,2026-09-03T23:52:59.594246+00:00,matched_variant_paper_measure,SCN5A,22677073,S1103Y,S1103Y,affected,4,4,4,0,0,0,1,0,figure,figure-reader,baseline,,/Users/kronckbm/GitRepos/GeneVariantFetcher/benchmarks/evaluation_tiers/mixed_gold_continuation_120/answer_key/SCN5A_recall_input.csv,mixed_gold_cont120_01
20260903_protocol_cont120_01_candidate,2026-09-03T23:52:59.594246+00:00,matched_variant_paper_measure,SCN5A,22677073,S216L,S216L,affected,1,2,2,0,1,1,0,0,figure,figure-reader,baseline,,/Users/kronckbm/GitRepos/GeneVariantFetcher/benchmarks/evaluation_tiers/mixed_gold_continuation_120/answer_key/SCN5A_recall_input.csv,mixed_gold_cont120_01
20260903_protocol_cont120_01_candidate,2026-09-03T23:52:59.594246+00:00,matched_variant_paper_measure,SCN5A,22677073,T220I,T220I,affected,1,1,1,0,0,0,1,0,figure,figure-reader,baseline,,/Users/kronckbm/GitRepos/GeneVariantFetcher/benchmarks/evaluation_tiers/mixed_gold_continuation_120/answer_key/SCN5A_recall_input.csv,mixed_gold_cont120_01
20260903_protocol_cont120_01_candidate,2026-09-03T23:52:59.594246+00:00,matched_variant_paper_measure,SCN5A,22677073,V1951L,V1951L,affected,2,2,2,0,0,0,1,0,figure,figure-reader,baseline,,/Users/kronckbm/GitRepos/GeneVariantFetcher/benchmarks/evaluation_tiers/mixed_gold_continuation_120/answer_key/SCN5A_recall_input.csv,mixed_gold_cont120_01
20260903_protocol_mixed02_candidate,2026-09-03T19:34:09.579935+00:00,matched_variant_paper_measure,SCN5A,22710484,p.Arg222Gln c.665G>A,R222Q,affected,2,2,2,0,0,0,1,0,llm_text,"Results, Genetic analysis and Patch-clamp studies",baseline,,/Users/kronckbm/GitRepos/GeneVariantFetcher/benchmarks/evaluation_tiers/mixed_gold/answer_key/SCN5A_recall_input.csv,mixed_gold_02
20260903_protocol_mixed02_candidate,2026-09-03T19:34:09.579935+00:00,matched_variant_paper_measure,SCN5A,22835975,H558R,H558R,affected,0,,0,1,0,0,1,0,llm_table,"Main text, case description",baseline,,/Users/kronckbm/GitRepos/GeneVariantFetcher/benchmarks/evaluation_tiers/mixed_gold/answer_key/SCN5A_recall_input.csv,mixed_gold_02
20260903_protocol_mixed02_candidate,2026-09-03T19:34:09.579935+00:00,matched_variant_paper_measure,SCN5A,23168001,p.Arg1023Cys,R1023C,affected,1,1,1,0,0,0,1,0,llm_text,"Results, case description paragraph",baseline,,/Users/kronckbm/GitRepos/GeneVariantFetcher/benchmarks/evaluation_tiers/mixed_gold/answer_key/SCN5A_recall_input.csv,mixed_gold_02
20260903_protocol_mixed01_candidate,2026-09-03T18:31:19.973529+00:00,matched_variant_paper_measure,SCN5A,23200271,p.D1790N c.5368G>A,D1790N,affected,1,,0,1,-1,1,0,1,llm_text,Results paragraph describing genetic testing and family inheritance,baseline,,/Users/kronckbm/GitRepos/GeneVariantFetcher/benchmarks/evaluation_tiers/mixed_gold/answer_key/SCN5A_recall_input.csv,mixed_gold_01
20260903_protocol_mixed01_candidate,2026-09-03T18:31:19.973529+00:00,matched_variant_paper_measure,SCN5A,23200271,p.D349N c.1045G>A,D349N,affected,1,,0,1,-1,1,0,1,llm_text,Results paragraph describing genetic testing and family inheritance,baseline,,/Users/kronckbm/GitRepos/GeneVariantFetcher/benchmarks/evaluation_tiers/mixed_gold/answer_key/SCN5A_recall_input.csv,mixed_gold_01
20260903_protocol_mixed01_candidate,2026-09-03T18:31:19.973529+00:00,matched_variant_paper_measure,SCN5A,23283979,C373F,C373F,affected,0,,0,1,0,0,1,0,regex_table,Table 1 (regex extraction),baseline,,/Users/kronckbm/GitRepos/GeneVariantFetcher/benchmarks/evaluation_tiers/mixed_gold/answer_key/SCN5A_recall_input.csv,mixed_gold_01
20260903_protocol_mixed01_candidate,2026-09-03T18:31:19.973529+00:00,matched_variant_paper_measure,SCN5A,23283979,H880Q,H880Q,affected,0,,0,1,0,0,1,0,regex_table,Table 1 (regex extraction),baseline,,/Users/kronckbm/GitRepos/GeneVariantFetcher/benchmarks/evaluation_tiers/mixed_gold/answer_key/SCN5A_recall_input.csv,mixed_gold_01
20260903_protocol_mixed01_candidate,2026-09-03T18:31:19.973529+00:00,matched_variant_paper_measure,SCN5A,23349452,p.Glu1107ArgfsX24 c.3318dupC,c.3318dupC,affected,1,1,1,0,0,0,1,0,llm_table,"Table 2, SCN5A row",baseline,,/Users/kronckbm/GitRepos/GeneVariantFetcher/benchmarks/evaluation_tiers/mixed_gold/answer_key/SCN5A_recall_input.csv,mixed_gold_01
20260903_protocol_mixed01_candidate,2026-09-03T18:31:19.973529+00:00,matched_variant_paper_measure,SCN5A,23414114,p.F2004L c.6010T>C,F2004L,affected,0,,0,1,0,0,1,0,llm_table,"Table 1, Table 3, Table 4",baseline,,/Users/kronckbm/GitRepos/GeneVariantFetcher/benchmarks/evaluation_tiers/mixed_gold/answer_key/SCN5A_recall_input.csv,mixed_gold_01
20260903_protocol_mixed02_candidate,2026-09-03T19:34:09.579935+00:00,matched_variant_paper_measure,SCN5A,23424222,p.Arg620His,R620H,affected,1,,0,1,-1,1,0,1,llm_text,Functional study - assay data only. Abstract,baseline,,/Users/kronckbm/GitRepos/GeneVariantFetcher/benchmarks/evaluation_tiers/mixed_gold/answer_key/SCN5A_recall_input.csv,mixed_gold_02
20260903_protocol_mixed02_candidate,2026-09-03T19:34:09.579935+00:00,matched_variant_paper_measure,SCN5A,23424222,p.Arg811His,R811H,affected,2,,0,1,-2,2,0,1,llm_text,Functional study - assay data only. Abstract,baseline,,/Users/kronckbm/GitRepos/GeneVariantFetcher/benchmarks/evaluation_tiers/mixed_gold/answer_key/SCN5A_recall_input.csv,mixed_gold_02
20260903_protocol_mixed02_candidate,2026-09-03T19:34:09.579935+00:00,matched_variant_paper_measure,SCN5A,23424222,p.Ser1218Ile,S1218I,affected,3,,0,1,-3,3,0,1,llm_text,Functional study - assay data only. Abstract,baseline,,/Users/kronckbm/GitRepos/GeneVariantFetcher/benchmarks/evaluation_tiers/mixed_gold/answer_key/SCN5A_recall_input.csv,mixed_gold_02
20260903_protocol_cont120_01_candidate,2026-09-03T23:52:59.594246+00:00,matched_variant_paper_measure,SCN5A,23503384,p.E553*,E553X,affected,0,,0,1,0,0,1,0,llm_text,Abstract,baseline,,/Users/kronckbm/GitRepos/GeneVariantFetcher/benchmarks/evaluation_tiers/mixed_gold_continuation_120/answer_key/SCN5A_recall_input.csv,mixed_gold_cont120_01
20260903_protocol_cont120_01_candidate,2026-09-03T23:52:59.594246+00:00,matched_variant_paper_measure,SCN5A,23503384,p.R893H,R893H,affected,1,,0,1,-1,1,0,1,llm_text,Abstract,baseline,,/Users/kronckbm/GitRepos/GeneVariantFetcher/benchmarks/evaluation_tiers/mixed_gold_continuation_120/answer_key/SCN5A_recall_input.csv,mixed_gold_cont120_01
20260903_protocol_cont120_01_candidate,2026-09-03T23:52:59.594246+00:00,matched_variant_paper_measure,SCN5A,23503384,p.S1787N,S1787N,affected,1,,0,1,-1,1,0,1,llm_text,Abstract,baseline,,/Users/kronckbm/GitRepos/GeneVariantFetcher/benchmarks/evaluation_tiers/mixed_gold_continuation_120/answer_key/SCN5A_recall_input.csv,mixed_gold_cont120_01
20260903_protocol_cont120_01_candidate,2026-09-03T23:52:59.594246+00:00,matched_variant_paper_measure,SCN5A,23503384,p.Y87C,Y87C,affected,1,,0,1,-1,1,0,1,llm_text,Abstract,baseline,,/Users/kronckbm/GitRepos/GeneVariantFetcher/benchmarks/evaluation_tiers/mixed_gold_continuation_120/answer_key/SCN5A_recall_input.csv,mixed_gold_cont120_01
20260903_protocol_cont120_01_candidate,2026-09-03T23:52:59.594246+00:00,matched_variant_paper_measure,SCN5A,23612926,D1430N,D1430N,affected,2,,0,1,-2,2,0,1,figure,figure-reader,baseline,,/Users/kronckbm/GitRepos/GeneVariantFetcher/benchmarks/evaluation_tiers/mixed_gold_continuation_120/answer_key/SCN5A_recall_input.csv,mixed_gold_cont120_01
20260903_protocol_cont120_01_candidate,2026-09-03T23:52:59.594246+00:00,matched_variant_paper_measure,SCN5A,23612926,p.Q1476*,Q1476X,affected,2,,0,1,-2,2,0,1,llm_text,"Abstract, Results",baseline,,/Users/kronckbm/GitRepos/GeneVariantFetcher/benchmarks/evaluation_tiers/mixed_gold_continuation_120/answer_key/SCN5A_recall_input.csv,mixed_gold_cont120_01
20260903_protocol_cont120_01_candidate,2026-09-03T23:52:59.594246+00:00,matched_variant_paper_measure,SCN5A,23683917,p.D1741Y,D1741Y,affected,1,1,1,0,0,0,1,0,llm_table,"Table 2, Results paragraph on case 6",baseline,,/Users/kronckbm/GitRepos/GeneVariantFetcher/benchmarks/evaluation_tiers/mixed_gold_continuation_120/answer_key/SCN5A_recall_input.csv,mixed_gold_cont120_01
20260903_protocol_cont120_01_candidate,2026-09-03T23:52:59.594246+00:00,matched_variant_paper_measure,SCN5A,23683917,p.I1768V,I1768V,affected,1,,0,1,-1,1,0,1,llm_table,Table 2; Results,baseline,,/Users/kronckbm/GitRepos/GeneVariantFetcher/benchmarks/evaluation_tiers/mixed_gold_continuation_120/answer_key/SCN5A_recall_input.csv,mixed_gold_cont120_01
20260903_protocol_cont120_01_candidate,2026-09-03T23:52:59.594246+00:00,matched_variant_paper_measure,SCN5A,23791817,p.D1275N c.3823G>A,D1275N,affected,0,,0,1,0,0,1,0,llm_text,"Functional study - assay data only; Results sections on transgenic lines, phenotype analysis, morpholino rescue",baseline,,/Users/kronckbm/GitRepos/GeneVariantFetcher/benchmarks/evaluation_tiers/mixed_gold_continuation_120/answer_key/SCN5A_recall_input.csv,mixed_gold_cont120_01
20260903_protocol_cont120_01_candidate,2026-09-03T23:52:59.594246+00:00,matched_variant_paper_measure,SCN5A,23805106,G35S,G35S,affected,0,,0,1,0,0,1,0,figure,figure-reader,baseline,,/Users/kronckbm/GitRepos/GeneVariantFetcher/benchmarks/evaluation_tiers/mixed_gold_continuation_120/answer_key/SCN5A_recall_input.csv,mixed_gold_cont120_01
20260903_protocol_cont120_01_candidate,2026-09-03T23:52:59.594246+00:00,matched_variant_paper_measure,SCN5A,23805106,G9V,G9V,affected,0,,0,1,0,0,1,0,figure,figure-reader,baseline,,/Users/kronckbm/GitRepos/GeneVariantFetcher/benchmarks/evaluation_tiers/mixed_gold_continuation_120/answer_key/SCN5A_recall_input.csv,mixed_gold_cont120_01
20260903_protocol_cont120_01_candidate,2026-09-03T23:52:59.594246+00:00,matched_variant_paper_measure,SCN5A,23805106,K126E,K126E,affected,0,,0,1,0,0,1,0,figure,figure-reader,baseline,,/Users/kronckbm/GitRepos/GeneVariantFetcher/benchmarks/evaluation_tiers/mixed_gold_continuation_120/answer_key/SCN5A_recall_input.csv,mixed_gold_cont120_01
20260903_protocol_cont120_01_candidate,2026-09-03T23:52:59.594246+00:00,matched_variant_paper_measure,SCN5A,23805106,R104Q,R104Q,affected,0,,0,1,0,0,1,0,figure,figure-reader,baseline,,/Users/kronckbm/GitRepos/GeneVariantFetcher/benchmarks/evaluation_tiers/mixed_gold_continuation_120/answer_key/SCN5A_recall_input.csv,mixed_gold_cont120_01
20260903_protocol_cont120_01_candidate,2026-09-03T23:52:59.594246+00:00,matched_variant_paper_measure,SCN5A,23805106,R18Q,R18Q,affected,0,,0,1,0,0,1,0,figure,figure-reader,baseline,,/Users/kronckbm/GitRepos/GeneVariantFetcher/benchmarks/evaluation_tiers/mixed_gold_continuation_120/answer_key/SCN5A_recall_input.csv,mixed_gold_cont120_01
20260903_protocol_cont120_01_candidate,2026-09-03T23:52:59.594246+00:00,matched_variant_paper_measure,SCN5A,23805106,R18W,R18W,affected,0,,0,1,0,0,1,0,figure,figure-reader,baseline,,/Users/kronckbm/GitRepos/GeneVariantFetcher/benchmarks/evaluation_tiers/mixed_gold_continuation_120/answer_key/SCN5A_recall_input.csv,mixed_gold_cont120_01
20260903_protocol_cont120_01_candidate,2026-09-03T23:52:59.594246+00:00,matched_variant_paper_measure,SCN5A,23805106,R27H,R27H,affected,0,,0,1,0,0,1,0,figure,figure-reader,baseline,,/Users/kronckbm/GitRepos/GeneVariantFetcher/benchmarks/evaluation_tiers/mixed_gold_continuation_120/answer_key/SCN5A_recall_input.csv,mixed_gold_cont120_01
20260903_protocol_cont120_01_candidate,2026-09-03T23:52:59.594246+00:00,matched_variant_paper_measure,SCN5A,23805106,V125L,V125L,affected,0,,0,1,0,0,1,0,figure,figure-reader,baseline,,/Users/kronckbm/GitRepos/GeneVariantFetcher/benchmarks/evaluation_tiers/mixed_gold_continuation_120/answer_key/SCN5A_recall_input.csv,mixed_gold_cont120_01
20260903_protocol_cont120_01_candidate,2026-09-03T23:52:59.594246+00:00,matched_variant_paper_measure,SCN5A,23805106,V95I,V95I,affected,0,,0,1,0,0,1,0,figure,figure-reader,baseline,,/Users/kronckbm/GitRepos/GeneVariantFetcher/benchmarks/evaluation_tiers/mixed_gold_continuation_120/answer_key/SCN5A_recall_input.csv,mixed_gold_cont120_01
20260903_protocol_cont120_01_candidate,2026-09-03T23:52:59.594246+00:00,matched_variant_paper_measure,SCN5A,23810369,p.V1281F c.3841G>T,V1281F,affected,2,,0,1,-2,2,0,1,llm_text,"Results, First family; abstract",baseline,,/Users/kronckbm/GitRepos/GeneVariantFetcher/benchmarks/evaluation_tiers/mixed_gold_continuation_120/answer_key/SCN5A_recall_input.csv,mixed_gold_cont120_01
20260903_protocol_mixed01_candidate,2026-09-03T18:31:19.973529+00:00,matched_variant_paper_measure,SCN5A,23936059,p.F2004L c.6010T>C,F2004L,affected,1,,0,1,-1,1,0,1,llm_table,"Results, Karyotype and Molecular Genetics; Table 4",baseline,,/Users/kronckbm/GitRepos/GeneVariantFetcher/benchmarks/evaluation_tiers/mixed_gold/answer_key/SCN5A_recall_input.csv,mixed_gold_01
20260903_protocol_mixed01_candidate,2026-09-03T18:31:19.973529+00:00,matched_variant_paper_measure,SCN5A,23936059,p.Arg1958* c.5872C>T,R1958X,affected,1,,0,1,-1,1,0,1,llm_table,"Results, Karyotype and Molecular Genetics; Table 4",baseline,,/Users/kronckbm/GitRepos/GeneVariantFetcher/benchmarks/evaluation_tiers/mixed_gold/answer_key/SCN5A_recall_input.csv,mixed_gold_01
20260903_protocol_cont120_01_candidate,2026-09-03T23:52:59.594246+00:00,matched_variant_paper_measure,SCN5A,24096004,M1875T,M1875T,affected,1,,0,1,-1,1,0,1,regex_text,Text scan (protein_single_letter),baseline,,/Users/kronckbm/GitRepos/GeneVariantFetcher/benchmarks/evaluation_tiers/mixed_gold_continuation_120/answer_key/SCN5A_recall_input.csv,mixed_gold_cont120_01
20260903_protocol_cont120_01_candidate,2026-09-03T23:52:59.594246+00:00,matched_variant_paper_measure,SCN5A,24439875,p.E1784K c.5350G>A,E1784K,affected,4,,0,1,-4,4,0,1,llm_text,"Results, sections 3.5 and 3.7; Abstract",baseline,,/Users/kronckbm/GitRepos/GeneVariantFetcher/benchmarks/evaluation_tiers/mixed_gold_continuation_120/answer_key/SCN5A_recall_input.csv,mixed_gold_cont120_01
20260903_protocol_cont120_01_candidate,2026-09-03T23:52:59.594246+00:00,matched_variant_paper_measure,SCN5A,24581105,p.Asp785Asn c.2353G>A,D785N,affected,2,,0,1,-2,2,0,1,llm_text,"Case report, Results section and Discussion",baseline,,/Users/kronckbm/GitRepos/GeneVariantFetcher/benchmarks/evaluation_tiers/mixed_gold_continuation_120/answer_key/SCN5A_recall_input.csv,mixed_gold_cont120_01
20260903_protocol_mixed02_candidate,2026-09-03T19:34:09.579935+00:00,matched_variant_paper_measure,SCN5A,24599044,p.Leu1786Gln,L1786Q,affected,3,,0,1,-3,3,0,1,llm_text,Title,baseline,,/Users/kronckbm/GitRepos/GeneVariantFetcher/benchmarks/evaluation_tiers/mixed_gold/answer_key/SCN5A_recall_input.csv,mixed_gold_02
20260903_protocol_cont120_01_candidate,2026-09-03T23:52:59.594246+00:00,matched_variant_paper_measure,SCN5A,24951663,H558R,H558R,affected,0,,0,1,0,0,1,0,llm_table,"Results, Common Variant Analysis; Table 3 and 4",baseline,,/Users/kronckbm/GitRepos/GeneVariantFetcher/benchmarks/evaluation_tiers/mixed_gold_continuation_120/answer_key/SCN5A_recall_input.csv,mixed_gold_cont120_01
20260903_protocol_cont120_01_candidate,2026-09-03T23:52:59.594246+00:00,matched_variant_paper_measure,SCN5A,24972929,c.3963+1G>A,c.3963+1G>A,affected,1,,0,1,-1,1,0,1,llm_text,"Results, Candidate gene sequencing and WES; Case presentation",baseline,,/Users/kronckbm/GitRepos/GeneVariantFetcher/benchmarks/evaluation_tiers/mixed_gold_continuation_120/answer_key/SCN5A_recall_input.csv,mixed_gold_cont120_01
20260903_protocol_mixed02_candidate,2026-09-03T19:34:09.579935+00:00,matched_variant_paper_measure,SCN5A,25341504,Q1695*,Q1695X,affected,3,,0,1,-3,3,0,1,figure,figure-reader,baseline,,/Users/kronckbm/GitRepos/GeneVariantFetcher/benchmarks/evaluation_tiers/mixed_gold/answer_key/SCN5A_recall_input.csv,mixed_gold_02
20260903_protocol_cont120_01_candidate,2026-09-03T23:52:59.594246+00:00,matched_variant_paper_measure,SCN5A,25923670,S1787N,S1787N,affected,0,,0,1,0,0,1,0,figure,figure-reader,baseline,,/Users/kronckbm/GitRepos/GeneVariantFetcher/benchmarks/evaluation_tiers/mixed_gold_continuation_120/answer_key/SCN5A_recall_input.csv,mixed_gold_cont120_01
20260903_protocol_mixed02_candidate,2026-09-03T19:34:09.579935+00:00,matched_variant_paper_measure,SCN5A,26129877,p.R986Q,R986Q,affected,1,,0,1,-1,1,0,1,llm_table,"Table 2, Table 3, Results section describing SCN5A R986Q clinical and functional characterization",baseline,,/Users/kronckbm/GitRepos/GeneVariantFetcher/benchmarks/evaluation_tiers/mixed_gold/answer_key/SCN5A_recall_input.csv,mixed_gold_02
20260903_protocol_cont120_01_candidate,2026-09-03T23:52:59.594246+00:00,matched_variant_paper_measure,SCN5A,26131924,p.E1784K,E1784K,affected,0,,0,1,0,0,1,0,figure,"Functional study - assay data only. Main text, Methods, Results, Figures 1-10, Table 1, Table 11",baseline,,/Users/kronckbm/GitRepos/GeneVariantFetcher/benchmarks/evaluation_tiers/mixed_gold_continuation_120/answer_key/SCN5A_recall_input.csv,mixed_gold_cont120_01
20260903_protocol_cont120_01_candidate,2026-09-03T23:52:59.594246+00:00,matched_variant_paper_measure,SCN5A,26131924,p.Arg1193Gln,R1193Q,affected,0,,0,1,0,0,1,0,figure,"Functional study - assay data only. Main text, Methods, Results, Figures 1-10, Table 1",baseline,,/Users/kronckbm/GitRepos/GeneVariantFetcher/benchmarks/evaluation_tiers/mixed_gold_continuation_120/answer_key/SCN5A_recall_input.csv,mixed_gold_cont120_01
20260903_protocol_cont120_01_candidate,2026-09-03T23:52:59.594246+00:00,matched_variant_paper_measure,SCN5A,26401487,H558R,H558R,affected,0,,0,1,0,0,1,0,llm_table,"Results, Exon 12 section and Tables 4-6",baseline,,/Users/kronckbm/GitRepos/GeneVariantFetcher/benchmarks/evaluation_tiers/mixed_gold_continuation_120/answer_key/SCN5A_recall_input.csv,mixed_gold_cont120_01
20260903_protocol_cont120_01_candidate,2026-09-03T23:52:59.594246+00:00,matched_variant_paper_measure,SCN5A,26401487,p.Ser1074Arg,S1074R,affected,1,,0,1,-1,1,0,1,llm_table,"Results, Exon 17 section and Tables 10-12",baseline,,/Users/kronckbm/GitRepos/GeneVariantFetcher/benchmarks/evaluation_tiers/mixed_gold_continuation_120/answer_key/SCN5A_recall_input.csv,mixed_gold_cont120_01
20260903_protocol_mixed01_candidate,2026-09-03T18:31:19.973529+00:00,matched_variant_paper_measure,SCN5A,26498160,p.Arg1623Gln,R1623Q,affected,1,,0,1,-1,1,0,1,llm_table,"Supplementary table 2, Proband 2; Abstract",baseline,,/Users/kronckbm/GitRepos/GeneVariantFetcher/benchmarks/evaluation_tiers/mixed_gold/answer_key/SCN5A_recall_input.csv,mixed_gold_01
20260903_protocol_mixed01_candidate,2026-09-03T18:31:19.973529+00:00,matched_variant_paper_measure,SCN5A,26498160,p.Val411Met,V411M,affected,1,,0,1,-1,1,0,1,llm_table,"Supplementary table 2, Proband 11",baseline,,/Users/kronckbm/GitRepos/GeneVariantFetcher/benchmarks/evaluation_tiers/mixed_gold/answer_key/SCN5A_recall_input.csv,mixed_gold_01
20260903_protocol_cont120_01_candidate,2026-09-03T23:52:59.594246+00:00,matched_variant_paper_measure,SCN5A,26776555,p.Lys817Glu c.2449A>G,K817E,affected,2,1,1,0,-1,1,0,0,llm_text,"Results, Clinical and genetic background; Electrophysiological characterization",baseline,,/Users/kronckbm/GitRepos/GeneVariantFetcher/benchmarks/evaluation_tiers/mixed_gold_continuation_120/answer_key/SCN5A_recall_input.csv,mixed_gold_cont120_01
20260903_protocol_mixed02_candidate,2026-09-03T19:34:09.579935+00:00,matched_variant_paper_measure,SCN5A,26803770,p.R1644H c.4931G>A,R1644H,affected,10,,0,1,-10,10,0,1,llm_text,"Results, Clinical history of a family with LQT3 syndrome; Functional study - assay data only for hiPSC experiments",baseline,,/Users/kronckbm/GitRepos/GeneVariantFetcher/benchmarks/evaluation_tiers/mixed_gold/answer_key/SCN5A_recall_input.csv,mixed_gold_02
20260903_protocol_mixed01_candidate,2026-09-03T18:31:19.973529+00:00,matched_variant_paper_measure,SCN5A,27232914,p.Arg222*,R222X,affected,1,,0,1,-1,1,0,1,llm_text,"Results, Comparisons regarding families carrying",baseline,,/Users/kronckbm/GitRepos/GeneVariantFetcher/benchmarks/evaluation_tiers/mixed_gold/answer_key/SCN5A_recall_input.csv,mixed_gold_01
20260903_protocol_mixed01_candidate,2026-09-03T18:31:19.973529+00:00,matched_variant_paper_measure,SCN5A,27232914,p.Val1344Ile,V1344I,affected,1,,0,1,-1,1,0,1,llm_text,"Results, Comparisons regarding families carrying",baseline,,/Users/kronckbm/GitRepos/GeneVariantFetcher/benchmarks/evaluation_tiers/mixed_gold/answer_key/SCN5A_recall_input.csv,mixed_gold_01
20260903_protocol_mixed01_candidate,2026-09-03T18:31:19.973529+00:00,matched_variant_paper_measure,SCN5A,27232914,p.Val160fs,V160fsX,affected,1,,0,1,-1,1,0,1,llm_text,"Results, Comparisons regarding families carrying",baseline,,/Users/kronckbm/GitRepos/GeneVariantFetcher/benchmarks/evaluation_tiers/mixed_gold/answer_key/SCN5A_recall_input.csv,mixed_gold_01
20260903_protocol_cont120_01_candidate,2026-09-03T23:52:59.594246+00:00,matched_variant_paper_measure,SCN5A,27243970,A572D,A572D,affected,0,,0,1,0,0,1,0,llm_text,Abstract,baseline,,/Users/kronckbm/GitRepos/GeneVariantFetcher/benchmarks/evaluation_tiers/mixed_gold_continuation_120/answer_key/SCN5A_recall_input.csv,mixed_gold_cont120_01
20260903_protocol_mixed02_candidate,2026-09-03T19:34:09.579935+00:00,matched_variant_paper_measure,SCN5A,27281089,p.Arg1512Trp c.4534C>T,R1512W,affected,1,,0,1,-1,1,0,1,llm_text,Functional study - assay data only; Results section and case report,baseline,,/Users/kronckbm/GitRepos/GeneVariantFetcher/benchmarks/evaluation_tiers/mixed_gold/answer_key/SCN5A_recall_input.csv,mixed_gold_02
20260903_protocol_cont120_01_candidate,2026-09-03T23:52:59.594246+00:00,matched_variant_paper_measure,SCN5A,27684715,duplication of exons 15-28,EXON15_28DUP,affected,1,,0,1,-1,1,0,1,regex_text,Text scan (exon_event),baseline,,/Users/kronckbm/GitRepos/GeneVariantFetcher/benchmarks/evaluation_tiers/mixed_gold_continuation_120/answer_key/SCN5A_recall_input.csv,mixed_gold_cont120_01
20260903_protocol_cont120_01_candidate,2026-09-03T23:52:59.594246+00:00,matched_variant_paper_measure,SCN5A,27707468,p.Ala1428Ser c.4282G>T,A1428S,affected,2,2,2,0,0,0,1,0,llm_table,"Table 4, Cases 4 and 11",baseline,,/Users/kronckbm/GitRepos/GeneVariantFetcher/benchmarks/evaluation_tiers/mixed_gold_continuation_120/answer_key/SCN5A_recall_input.csv,mixed_gold_cont120_01
20260903_protocol_cont120_01_candidate,2026-09-03T23:52:59.594246+00:00,matched_variant_paper_measure,SCN5A,27707468,p.D1275N c.3823G>A,D1275N,affected,1,1,1,0,0,0,1,0,llm_table,"Table 4, Case 3",baseline,,/Users/kronckbm/GitRepos/GeneVariantFetcher/benchmarks/evaluation_tiers/mixed_gold_continuation_120/answer_key/SCN5A_recall_input.csv,mixed_gold_cont120_01
20260903_protocol_cont120_01_candidate,2026-09-03T23:52:59.594246+00:00,matched_variant_paper_measure,SCN5A,27707468,p.Gly400Arg c.1198G>A,G400R,affected,1,1,1,0,0,0,1,0,llm_table,"Table 4, Case 2",baseline,,/Users/kronckbm/GitRepos/GeneVariantFetcher/benchmarks/evaluation_tiers/mixed_gold_continuation_120/answer_key/SCN5A_recall_input.csv,mixed_gold_cont120_01
20260903_protocol_cont120_01_candidate,2026-09-03T23:52:59.594246+00:00,matched_variant_paper_measure,SCN5A,27707468,p.Arg1898Cys c.5692C>T,R1898C,affected,1,1,1,0,0,0,1,0,llm_table,"Table 4, Case 14",baseline,,/Users/kronckbm/GitRepos/GeneVariantFetcher/benchmarks/evaluation_tiers/mixed_gold_continuation_120/answer_key/SCN5A_recall_input.csv,mixed_gold_cont120_01
20260903_protocol_cont120_01_candidate,2026-09-03T23:52:59.594246+00:00,matched_variant_paper_measure,SCN5A,27707468,p.Val1098Leu c.3292G>T,V1098L,affected,1,1,1,0,0,0,1,0,llm_table,"Table 3, Case 40",baseline,,/Users/kronckbm/GitRepos/GeneVariantFetcher/benchmarks/evaluation_tiers/mixed_gold_continuation_120/answer_key/SCN5A_recall_input.csv,mixed_gold_cont120_01
20260903_protocol_cont120_01_candidate,2026-09-03T23:52:59.594246+00:00,matched_variant_paper_measure,SCN5A,27707468,p.Val1340Ile c.4018G>A,V1340I,affected,1,1,1,0,0,0,1,0,llm_table,"Table 3, Case 4",baseline,,/Users/kronckbm/GitRepos/GeneVariantFetcher/benchmarks/evaluation_tiers/mixed_gold_continuation_120/answer_key/SCN5A_recall_input.csv,mixed_gold_cont120_01
20260903_protocol_cont120_01_candidate,2026-09-03T23:52:59.594246+00:00,matched_variant_paper_measure,SCN5A,27707468,p.Thr1893Profs*29 c.5676delC,c.5676delC,affected,1,1,1,0,0,0,1,0,llm_table,"Table 4, Case 14",baseline,,/Users/kronckbm/GitRepos/GeneVariantFetcher/benchmarks/evaluation_tiers/mixed_gold_continuation_120/answer_key/SCN5A_recall_input.csv,mixed_gold_cont120_01
20260903_protocol_mixed02_candidate,2026-09-03T19:34:09.579935+00:00,matched_variant_paper_measure,SCN5A,27784737,p.Arg1638*,R1638X,affected,1,,0,1,-1,1,0,1,llm_text,Functional study - assay data only; Abstract,baseline,,/Users/kronckbm/GitRepos/GeneVariantFetcher/benchmarks/evaluation_tiers/mixed_gold/answer_key/SCN5A_recall_input.csv,mixed_gold_02
20260903_protocol_mixed02_candidate,2026-09-03T19:34:09.579935+00:00,matched_variant_paper_measure,SCN5A,27784737,p.Trp156*,W156X,affected,1,,0,1,-1,1,0,1,llm_text,Functional study - assay data only; Abstract,baseline,,/Users/kronckbm/GitRepos/GeneVariantFetcher/benchmarks/evaluation_tiers/mixed_gold/answer_key/SCN5A_recall_input.csv,mixed_gold_02
20260903_protocol_cont120_01_candidate,2026-09-03T23:52:59.594246+00:00,matched_variant_paper_measure,SCN5A,27816319,p.Gly1935Ser,G1935S,affected,1,,0,1,-1,1,0,1,llm_table,"Results section, Table 1 reference",baseline,,/Users/kronckbm/GitRepos/GeneVariantFetcher/benchmarks/evaluation_tiers/mixed_gold_continuation_120/answer_key/SCN5A_recall_input.csv,mixed_gold_cont120_01
20260903_protocol_cont120_01_candidate,2026-09-03T23:52:59.594246+00:00,matched_variant_paper_measure,SCN5A,27816319,p.Arg975Trp,R975W,affected,2,,0,1,-2,2,0,1,llm_table,"Results section, Table 1 reference",baseline,,/Users/kronckbm/GitRepos/GeneVariantFetcher/benchmarks/evaluation_tiers/mixed_gold_continuation_120/answer_key/SCN5A_recall_input.csv,mixed_gold_cont120_01
20260903_protocol_cont120_01_candidate,2026-09-03T23:52:59.594246+00:00,matched_variant_paper_measure,SCN5A,28018021,p.Arg34His c.101G>A,R34H,affected,1,1,1,0,0,0,1,0,figure,"Table 3, Results text, Figure 2",baseline,,/Users/kronckbm/GitRepos/GeneVariantFetcher/benchmarks/evaluation_tiers/mixed_gold_continuation_120/answer_key/SCN5A_recall_input.csv,mixed_gold_cont120_01
20260903_protocol_cont120_01_candidate,2026-09-03T23:52:59.594246+00:00,matched_variant_paper_measure,SCN5A,28217227,Q779X,Q779X,affected,4,,0,1,-4,4,0,1,figure,figure-reader,baseline,,/Users/kronckbm/GitRepos/GeneVariantFetcher/benchmarks/evaluation_tiers/mixed_gold_continuation_120/answer_key/SCN5A_recall_input.csv,mixed_gold_cont120_01
20260903_protocol_mixed01_candidate,2026-09-03T18:31:19.973529+00:00,matched_variant_paper_measure,SCN5A,28469501,p.Gly289Ser,G289S,affected,1,,0,1,-1,1,0,1,llm_table,Results of Molecular Testing; Table 3,baseline,,/Users/kronckbm/GitRepos/GeneVariantFetcher/benchmarks/evaluation_tiers/mixed_gold/answer_key/SCN5A_recall_input.csv,mixed_gold_01
20260903_protocol_cont120_01_candidate,2026-09-03T23:52:59.594246+00:00,matched_variant_paper_measure,SCN5A,28491738,p.Ala735Val,A735V,affected,1,1,1,0,0,0,1,0,llm_text,"Case report, Genetic study section",baseline,,/Users/kronckbm/GitRepos/GeneVariantFetcher/benchmarks/evaluation_tiers/mixed_gold_continuation_120/answer_key/SCN5A_recall_input.csv,mixed_gold_cont120_01
20260903_protocol_mixed01_candidate,2026-09-03T18:31:19.973529+00:00,matched_variant_paper_measure,SCN5A,28637969,p.Asp1275Asn,D1275N,affected,1,,0,1,-1,1,0,1,llm_text,Functional study - assay data only; Results and Conclusions sections,baseline,,/Users/kronckbm/GitRepos/GeneVariantFetcher/benchmarks/evaluation_tiers/mixed_gold/answer_key/SCN5A_recall_input.csv,mixed_gold_01
20260903_protocol_mixed01_candidate,2026-09-03T18:31:19.973529+00:00,matched_variant_paper_measure,SCN5A,28638671,p.Arg1193Gln,R1193Q,affected,0,1,1,0,1,1,0,1,llm_text,"Case Presentation section, Abstract",baseline,,/Users/kronckbm/GitRepos/GeneVariantFetcher/benchmarks/evaluation_tiers/mixed_gold/answer_key/SCN5A_recall_input.csv,mixed_gold_01
20260903_protocol_mixed01_candidate,2026-09-03T18:31:19.973529+00:00,matched_variant_paper_measure,SCN5A,28779003,c.677C>T,A226V,affected,1,,0,1,-1,1,0,1,llm_text,"Results, Abstract",baseline,,/Users/kronckbm/GitRepos/GeneVariantFetcher/benchmarks/evaluation_tiers/mixed_gold/answer_key/SCN5A_recall_input.csv,mixed_gold_01
20260903_protocol_mixed01_candidate,2026-09-03T18:31:19.973529+00:00,matched_variant_paper_measure,SCN5A,28779003,p.Arg225Gln c.674G>A,R225Q,affected,1,,0,1,-1,1,0,1,llm_text,"Results, Abstract",baseline,,/Users/kronckbm/GitRepos/GeneVariantFetcher/benchmarks/evaluation_tiers/mixed_gold/answer_key/SCN5A_recall_input.csv,mixed_gold_01
20260903_protocol_mixed02_candidate,2026-09-03T19:34:09.579935+00:00,matched_variant_paper_measure,SCN5A,28815794,p.Gly1262Ser c.3978C>G,G1262S,affected,1,1,1,0,0,0,1,0,llm_table,"Table 3, Results section",baseline,,/Users/kronckbm/GitRepos/GeneVariantFetcher/benchmarks/evaluation_tiers/mixed_gold/answer_key/SCN5A_recall_input.csv,mixed_gold_02
20260903_protocol_mixed01_candidate,2026-09-03T18:31:19.973529+00:00,matched_variant_paper_measure,SCN5A,29062695,p.Phe532Cys,F532C,affected,2,,0,1,-2,2,0,1,llm_text,"Case report, Discussion",baseline,,/Users/kronckbm/GitRepos/GeneVariantFetcher/benchmarks/evaluation_tiers/mixed_gold/answer_key/SCN5A_recall_input.csv,mixed_gold_01
20260903_protocol_cont120_01_candidate,2026-09-03T23:52:59.594246+00:00,matched_variant_paper_measure,SCN5A,29514831,Y1810A,Y1810A,affected,0,,0,1,0,0,1,0,figure,figure-reader,baseline,,/Users/kronckbm/GitRepos/GeneVariantFetcher/benchmarks/evaluation_tiers/mixed_gold_continuation_120/answer_key/SCN5A_recall_input.csv,mixed_gold_cont120_01
20260903_protocol_cont120_01_candidate,2026-09-03T23:52:59.594246+00:00,matched_variant_paper_measure,SCN5A,29514831,Y1888A,Y1888A,affected,0,,0,1,0,0,1,0,figure,figure-reader,baseline,,/Users/kronckbm/GitRepos/GeneVariantFetcher/benchmarks/evaluation_tiers/mixed_gold_continuation_120/answer_key/SCN5A_recall_input.csv,mixed_gold_cont120_01
20260903_protocol_cont120_01_candidate,2026-09-03T23:52:59.594246+00:00,matched_variant_paper_measure,SCN5A,29514831,Y1976A,Y1976A,affected,0,,0,1,0,0,1,0,figure,figure-reader,baseline,,/Users/kronckbm/GitRepos/GeneVariantFetcher/benchmarks/evaluation_tiers/mixed_gold_continuation_120/answer_key/SCN5A_recall_input.csv,mixed_gold_cont120_01
20260903_protocol_cont120_01_candidate,2026-09-03T23:52:59.594246+00:00,matched_variant_paper_measure,SCN5A,29514831,Y68A,Y68A,affected,0,,0,1,0,0,1,0,figure,figure-reader,baseline,,/Users/kronckbm/GitRepos/GeneVariantFetcher/benchmarks/evaluation_tiers/mixed_gold_continuation_120/answer_key/SCN5A_recall_input.csv,mixed_gold_cont120_01
20260903_protocol_mixed02_candidate,2026-09-03T19:34:09.579935+00:00,matched_variant_paper_measure,SCN5A,29544605,p.A997S c.2989G>T,A997S,affected,1,1,1,0,0,0,1,0,llm_table,"Table 2, row 53",baseline,,/Users/kronckbm/GitRepos/GeneVariantFetcher/benchmarks/evaluation_tiers/mixed_gold/answer_key/SCN5A_recall_input.csv,mixed_gold_02
20260903_protocol_mixed02_candidate,2026-09-03T19:34:09.579935+00:00,matched_variant_paper_measure,SCN5A,29544605,p.G333A c.997G>C,G333A,affected,1,1,1,0,0,0,1,0,llm_table,"Table 2, row 38",baseline,,/Users/kronckbm/GitRepos/GeneVariantFetcher/benchmarks/evaluation_tiers/mixed_gold/answer_key/SCN5A_recall_input.csv,mixed_gold_02
20260903_protocol_mixed02_candidate,2026-09-03T19:34:09.579935+00:00,matched_variant_paper_measure,SCN5A,29544605,p.R1027W c.3079C>T,R1027W,affected,1,1,1,0,0,0,1,0,llm_table,"Table 2, row 52",baseline,,/Users/kronckbm/GitRepos/GeneVariantFetcher/benchmarks/evaluation_tiers/mixed_gold/answer_key/SCN5A_recall_input.csv,mixed_gold_02
20260903_protocol_mixed02_candidate,2026-09-03T19:34:09.579935+00:00,matched_variant_paper_measure,SCN5A,29544605,p.S1787G c.5359A>G,S1787G,affected,1,1,1,0,0,0,1,0,llm_table,"Table 2, row 41",baseline,,/Users/kronckbm/GitRepos/GeneVariantFetcher/benchmarks/evaluation_tiers/mixed_gold/answer_key/SCN5A_recall_input.csv,mixed_gold_02
20260903_protocol_mixed02_candidate,2026-09-03T19:34:09.579935+00:00,matched_variant_paper_measure,SCN5A,29544605,p.V1624I c.4870G>A,V1624I,affected,1,1,1,0,0,0,1,0,llm_table,"Table 2, row 40",baseline,,/Users/kronckbm/GitRepos/GeneVariantFetcher/benchmarks/evaluation_tiers/mixed_gold/answer_key/SCN5A_recall_input.csv,mixed_gold_02
20260903_protocol_mixed02_candidate,2026-09-03T19:34:09.579935+00:00,matched_variant_paper_measure,SCN5A,29544605,p.V751I c.2251G>A,V751I,affected,1,1,1,0,0,0,1,0,llm_table,"Table 2, row 39",baseline,,/Users/kronckbm/GitRepos/GeneVariantFetcher/benchmarks/evaluation_tiers/mixed_gold/answer_key/SCN5A_recall_input.csv,mixed_gold_02
20260903_protocol_cont120_01_candidate,2026-09-03T23:52:59.594246+00:00,matched_variant_paper_measure,SCN5A,29709244,I1660V,I1660V,affected,1,,0,1,-1,1,0,1,regex_table,Supplementary Table 1 (regex extraction),baseline,,/Users/kronckbm/GitRepos/GeneVariantFetcher/benchmarks/evaluation_tiers/mixed_gold_continuation_120/answer_key/SCN5A_recall_input.csv,mixed_gold_cont120_01
20260903_protocol_cont120_01_candidate,2026-09-03T23:52:59.594246+00:00,matched_variant_paper_measure,SCN5A,29759671,p.Asp501Gly c.1502A>G,D501G,affected,1,,0,1,-1,1,0,1,llm_table,"Table 2, Row 5",baseline,,/Users/kronckbm/GitRepos/GeneVariantFetcher/benchmarks/evaluation_tiers/mixed_gold_continuation_120/answer_key/SCN5A_recall_input.csv,mixed_gold_cont120_01
20260903_protocol_cont120_01_candidate,2026-09-03T23:52:59.594246+00:00,matched_variant_paper_measure,SCN5A,29759671,p.Gly1319Val c.3956G>T,G1319V,affected,1,,0,1,-1,1,0,1,llm_table,"Table 2, Row 8",baseline,,/Users/kronckbm/GitRepos/GeneVariantFetcher/benchmarks/evaluation_tiers/mixed_gold_continuation_120/answer_key/SCN5A_recall_input.csv,mixed_gold_cont120_01
20260903_protocol_cont120_01_candidate,2026-09-03T23:52:59.594246+00:00,matched_variant_paper_measure,SCN5A,29759671,p.Ile1660Val c.4978A>G,I1660V,affected,1,1,1,0,0,0,1,0,llm_table,"Table 2, Row 1",baseline,,/Users/kronckbm/GitRepos/GeneVariantFetcher/benchmarks/evaluation_tiers/mixed_gold_continuation_120/answer_key/SCN5A_recall_input.csv,mixed_gold_cont120_01
20260903_protocol_cont120_01_candidate,2026-09-03T23:52:59.594246+00:00,matched_variant_paper_measure,SCN5A,29759671,p.Asn1380del c.4140_4142delCAA,P.N1380DEL,affected,1,,0,1,-1,1,0,1,llm_table,"Table 2, Row 10",baseline,,/Users/kronckbm/GitRepos/GeneVariantFetcher/benchmarks/evaluation_tiers/mixed_gold_continuation_120/answer_key/SCN5A_recall_input.csv,mixed_gold_cont120_01
20260903_protocol_cont120_01_candidate,2026-09-03T23:52:59.594246+00:00,matched_variant_paper_measure,SCN5A,29759671,p.Arg1232Gln c.3695G>A,R1232Q,affected,1,,0,1,-1,1,0,1,llm_table,"Table 2, Row 2",baseline,,/Users/kronckbm/GitRepos/GeneVariantFetcher/benchmarks/evaluation_tiers/mixed_gold_continuation_120/answer_key/SCN5A_recall_input.csv,mixed_gold_cont120_01
20260903_protocol_cont120_01_candidate,2026-09-03T23:52:59.594246+00:00,matched_variant_paper_measure,SCN5A,29759671,p.Arg1897Trp c.5689C>T,R1897W,affected,1,1,1,0,0,0,1,0,llm_table,"Table 2, Row 12",baseline,,/Users/kronckbm/GitRepos/GeneVariantFetcher/benchmarks/evaluation_tiers/mixed_gold_continuation_120/answer_key/SCN5A_recall_input.csv,mixed_gold_cont120_01
20260903_protocol_cont120_01_candidate,2026-09-03T23:52:59.594246+00:00,matched_variant_paper_measure,SCN5A,29759671,p.Arg893His c.2678G>A,R893H,affected,1,,0,1,-1,1,0,1,llm_table,"Table 2, Row 6",baseline,,/Users/kronckbm/GitRepos/GeneVariantFetcher/benchmarks/evaluation_tiers/mixed_gold_continuation_120/answer_key/SCN5A_recall_input.csv,mixed_gold_cont120_01
20260903_protocol_cont120_01_candidate,2026-09-03T23:52:59.594246+00:00,matched_variant_paper_measure,SCN5A,29759671,p.Trp879Arg c.2635T>C,W879R,affected,1,1,1,0,0,0,1,0,llm_table,"Table 2, Row 9",baseline,,/Users/kronckbm/GitRepos/GeneVariantFetcher/benchmarks/evaluation_tiers/mixed_gold_continuation_120/answer_key/SCN5A_recall_input.csv,mixed_gold_cont120_01
20260903_protocol_cont120_01_candidate,2026-09-03T23:52:59.594246+00:00,matched_variant_paper_measure,SCN5A,29759671,p.Phe861fs*90 c.2582_2583delTT,c.2582_2583delTT,affected,1,,0,1,-1,1,0,1,llm_table,"Table 2, Row 7",baseline,,/Users/kronckbm/GitRepos/GeneVariantFetcher/benchmarks/evaluation_tiers/mixed_gold_continuation_120/answer_key/SCN5A_recall_input.csv,mixed_gold_cont120_01
20260903_protocol_cont120_01_candidate,2026-09-03T23:52:59.594246+00:00,matched_variant_paper_measure,SCN5A,29759671,p.Arg1362fs*12 c.4086delG,c.4086delG,affected,1,,0,1,-1,1,0,1,llm_table,"Table 2, Row 4",baseline,,/Users/kronckbm/GitRepos/GeneVariantFetcher/benchmarks/evaluation_tiers/mixed_gold_continuation_120/answer_key/SCN5A_recall_input.csv,mixed_gold_cont120_01
20260903_protocol_cont120_01_candidate,2026-09-03T23:52:59.594246+00:00,matched_variant_paper_measure,SCN5A,29759671,c.934+1G>A,c.934+1G>A,affected,1,1,1,0,0,0,1,0,llm_table,"Table 2, Row 3",baseline,,/Users/kronckbm/GitRepos/GeneVariantFetcher/benchmarks/evaluation_tiers/mixed_gold_continuation_120/answer_key/SCN5A_recall_input.csv,mixed_gold_cont120_01
20260903_protocol_mixed02_candidate,2026-09-03T19:34:09.579935+00:00,matched_variant_paper_measure,SCN5A,30059973,p.Ala1186Thr c.3556G>A,A1186T,affected,2,,0,1,-2,2,0,1,regex_table,Fixed-width table,baseline,,/Users/kronckbm/GitRepos/GeneVariantFetcher/benchmarks/evaluation_tiers/mixed_gold/answer_key/SCN5A_recall_input.csv,mixed_gold_02
20260903_protocol_mixed02_candidate,2026-09-03T19:34:09.579935+00:00,matched_variant_paper_measure,SCN5A,30059973,p.Ala1221Val c.3662C>T,A1221V,affected,2,,0,1,-2,2,0,1,regex_table,Fixed-width table,baseline,,/Users/kronckbm/GitRepos/GeneVariantFetcher/benchmarks/evaluation_tiers/mixed_gold/answer_key/SCN5A_recall_input.csv,mixed_gold_02
20260903_protocol_mixed02_candidate,2026-09-03T19:34:09.579935+00:00,matched_variant_paper_measure,SCN5A,30059973,p.Ala1330Asp c.3989C>A,A1330D,affected,1,,0,1,-1,1,0,1,regex_table,Fixed-width table,baseline,,/Users/kronckbm/GitRepos/GeneVariantFetcher/benchmarks/evaluation_tiers/mixed_gold/answer_key/SCN5A_recall_input.csv,mixed_gold_02
20260903_protocol_mixed02_candidate,2026-09-03T19:34:09.579935+00:00,matched_variant_paper_measure,SCN5A,30059973,p.Ala1330Thr c.3988G>A,A1330T,affected,1,,0,1,-1,1,0,1,regex_table,Fixed-width table,baseline,,/Users/kronckbm/GitRepos/GeneVariantFetcher/benchmarks/evaluation_tiers/mixed_gold/answer_key/SCN5A_recall_input.csv,mixed_gold_02
20260903_protocol_mixed02_candidate,2026-09-03T19:34:09.579935+00:00,matched_variant_paper_measure,SCN5A,30059973,p.Ala1428Ser c.4282G>T,A1428S,affected,1,,0,1,-1,1,0,1,regex_table,Fixed-width table,baseline,,/Users/kronckbm/GitRepos/GeneVariantFetcher/benchmarks/evaluation_tiers/mixed_gold/answer_key/SCN5A_recall_input.csv,mixed_gold_02
20260903_protocol_mixed02_candidate,2026-09-03T19:34:09.579935+00:00,matched_variant_paper_measure,SCN5A,30059973,p.Ala1746Thr c.5236G>A,A1746T,affected,2,,0,1,-2,2,0,1,regex_table,Fixed-width table,baseline,,/Users/kronckbm/GitRepos/GeneVariantFetcher/benchmarks/evaluation_tiers/mixed_gold/answer_key/SCN5A_recall_input.csv,mixed_gold_02
20260903_protocol_mixed02_candidate,2026-09-03T19:34:09.579935+00:00,matched_variant_paper_measure,SCN5A,30059973,p.Ala242Asp c.725C>A,A242D,affected,1,,0,1,-1,1,0,1,regex_table,Fixed-width table,baseline,,/Users/kronckbm/GitRepos/GeneVariantFetcher/benchmarks/evaluation_tiers/mixed_gold/answer_key/SCN5A_recall_input.csv,mixed_gold_02
20260903_protocol_mixed02_candidate,2026-09-03T19:34:09.579935+00:00,matched_variant_paper_measure,SCN5A,30059973,p.Ala332Thr c.994G>A,A332T,affected,1,,0,1,-1,1,0,1,regex_table,Fixed-width table,baseline,,/Users/kronckbm/GitRepos/GeneVariantFetcher/benchmarks/evaluation_tiers/mixed_gold/answer_key/SCN5A_recall_input.csv,mixed_gold_02
20260903_protocol_mixed02_candidate,2026-09-03T19:34:09.579935+00:00,matched_variant_paper_measure,SCN5A,30059973,p.Ala413Thr c.1237G>A,A413T,affected,2,,0,1,-2,2,0,1,regex_table,Fixed-width table,baseline,,/Users/kronckbm/GitRepos/GeneVariantFetcher/benchmarks/evaluation_tiers/mixed_gold/answer_key/SCN5A_recall_input.csv,mixed_gold_02
20260903_protocol_mixed02_candidate,2026-09-03T19:34:09.579935+00:00,matched_variant_paper_measure,SCN5A,30059973,p.Ala425Thr c.1273G>A,A425T,affected,1,,0,1,-1,1,0,1,regex_table,Fixed-width table,baseline,,/Users/kronckbm/GitRepos/GeneVariantFetcher/benchmarks/evaluation_tiers/mixed_gold/answer_key/SCN5A_recall_input.csv,mixed_gold_02
20260903_protocol_mixed02_candidate,2026-09-03T19:34:09.579935+00:00,matched_variant_paper_measure,SCN5A,30059973,p.Ala735Val c.2204C>T,A735V,affected,1,,0,1,-1,1,0,1,regex_table,Fixed-width table,baseline,,/Users/kronckbm/GitRepos/GeneVariantFetcher/benchmarks/evaluation_tiers/mixed_gold/answer_key/SCN5A_recall_input.csv,mixed_gold_02
20260903_protocol_mixed02_candidate,2026-09-03T19:34:09.579935+00:00,matched_variant_paper_measure,SCN5A,30059973,p.Cys341Tyr c.1022G>A,C341Y,affected,2,,0,1,-2,2,0,1,regex_table,Fixed-width table,baseline,,/Users/kronckbm/GitRepos/GeneVariantFetcher/benchmarks/evaluation_tiers/mixed_gold/answer_key/SCN5A_recall_input.csv,mixed_gold_02
20260903_protocol_mixed02_candidate,2026-09-03T19:34:09.579935+00:00,matched_variant_paper_measure,SCN5A,30059973,p.Cys683Arg c.2047T>C,C683R,affected,6,,0,1,-6,6,0,1,regex_table,Fixed-width table,baseline,,/Users/kronckbm/GitRepos/GeneVariantFetcher/benchmarks/evaluation_tiers/mixed_gold/answer_key/SCN5A_recall_input.csv,mixed_gold_02
20260903_protocol_mixed02_candidate,2026-09-03T19:34:09.579935+00:00,matched_variant_paper_measure,SCN5A,30059973,p.Asp1275Asn c.3823G>A,D1275N,affected,4,,0,1,-4,4,0,1,regex_table,Fixed-width table,baseline,,/Users/kronckbm/GitRepos/GeneVariantFetcher/benchmarks/evaluation_tiers/mixed_gold/answer_key/SCN5A_recall_input.csv,mixed_gold_02
20260903_protocol_mixed02_candidate,2026-09-03T19:34:09.579935+00:00,matched_variant_paper_measure,SCN5A,30059973,p.Asp1595Asn c.4783G>A,D1595N,affected,1,,0,1,-1,1,0,1,regex_table,Fixed-width table,baseline,,/Users/kronckbm/GitRepos/GeneVariantFetcher/benchmarks/evaluation_tiers/mixed_gold/answer_key/SCN5A_recall_input.csv,mixed_gold_02
20260903_protocol_mixed02_candidate,2026-09-03T19:34:09.579935+00:00,matched_variant_paper_measure,SCN5A,30059973,p.Asp1790Gly c.5369A>G,D1790G,affected,7,,0,1,-7,7,0,1,regex_table,Fixed-width table,baseline,,/Users/kronckbm/GitRepos/GeneVariantFetcher/benchmarks/evaluation_tiers/mixed_gold/answer_key/SCN5A_recall_input.csv,mixed_gold_02
20260903_protocol_mixed02_candidate,2026-09-03T19:34:09.579935+00:00,matched_variant_paper_measure,SCN5A,30059973,p.Asp1790Asn c.5368G>A,D1790N,affected,1,,0,1,-1,1,0,1,regex_table,Fixed-width table,baseline,,/Users/kronckbm/GitRepos/GeneVariantFetcher/benchmarks/evaluation_tiers/mixed_gold/answer_key/SCN5A_recall_input.csv,mixed_gold_02
20260903_protocol_mixed02_candidate,2026-09-03T19:34:09.579935+00:00,matched_variant_paper_measure,SCN5A,30059973,p.Asp356Asn c.1066G>A,D356N,affected,3,,0,1,-3,3,0,1,regex_table,Fixed-width table,baseline,,/Users/kronckbm/GitRepos/GeneVariantFetcher/benchmarks/evaluation_tiers/mixed_gold/answer_key/SCN5A_recall_input.csv,mixed_gold_02
20260903_protocol_mixed02_candidate,2026-09-03T19:34:09.579935+00:00,matched_variant_paper_measure,SCN5A,30059973,p.Glu1053Lys c.3157G>A,E1053K,affected,1,,0,1,-1,1,0,1,regex_table,Fixed-width table,baseline,,/Users/kronckbm/GitRepos/GeneVariantFetcher/benchmarks/evaluation_tiers/mixed_gold/answer_key/SCN5A_recall_input.csv,mixed_gold_02
20260903_protocol_mixed02_candidate,2026-09-03T19:34:09.579935+00:00,matched_variant_paper_measure,SCN5A,30059973,p.Glu1105* c.3313G>T,E1105X,affected,1,,0,1,-1,1,0,1,regex_table,Fixed-width table,baseline,,/Users/kronckbm/GitRepos/GeneVariantFetcher/benchmarks/evaluation_tiers/mixed_gold/answer_key/SCN5A_recall_input.csv,mixed_gold_02
20260903_protocol_mixed02_candidate,2026-09-03T19:34:09.579935+00:00,matched_variant_paper_measure,SCN5A,30059973,p.Glu1107* c.3319G>T,E1107X,affected,1,,0,1,-1,1,0,1,regex_table,Fixed-width table,baseline,,/Users/kronckbm/GitRepos/GeneVariantFetcher/benchmarks/evaluation_tiers/mixed_gold/answer_key/SCN5A_recall_input.csv,mixed_gold_02
20260903_protocol_mixed02_candidate,2026-09-03T19:34:09.579935+00:00,matched_variant_paper_measure,SCN5A,30059973,p.Glu1225Lys c.3673G>A,E1225K,affected,3,,0,1,-3,3,0,1,regex_table,Fixed-width table,baseline,,/Users/kronckbm/GitRepos/GeneVariantFetcher/benchmarks/evaluation_tiers/mixed_gold/answer_key/SCN5A_recall_input.csv,mixed_gold_02
20260903_protocol_mixed02_candidate,2026-09-03T19:34:09.579935+00:00,matched_variant_paper_measure,SCN5A,30059973,p.Glu1240Gln c.3718G>C,E1240Q,affected,1,,0,1,-1,1,0,1,regex_table,Fixed-width table,baseline,,/Users/kronckbm/GitRepos/GeneVariantFetcher/benchmarks/evaluation_tiers/mixed_gold/answer_key/SCN5A_recall_input.csv,mixed_gold_02
20260903_protocol_mixed02_candidate,2026-09-03T19:34:09.579935+00:00,matched_variant_paper_measure,SCN5A,30059973,p.Glu161Lys c.481G>A,E161K,affected,2,,0,1,-2,2,0,1,regex_table,Fixed-width table,baseline,,/Users/kronckbm/GitRepos/GeneVariantFetcher/benchmarks/evaluation_tiers/mixed_gold/answer_key/SCN5A_recall_input.csv,mixed_gold_02
20260903_protocol_mixed02_candidate,2026-09-03T19:34:09.579935+00:00,matched_variant_paper_measure,SCN5A,30059973,p.Glu1784Lys c.5350G>A,E1784K,affected,69,,0,1,-69,69,0,1,regex_table,Fixed-width table,baseline,,/Users/kronckbm/GitRepos/GeneVariantFetcher/benchmarks/evaluation_tiers/mixed_gold/answer_key/SCN5A_recall_input.csv,mixed_gold_02
20260903_protocol_mixed02_candidate,2026-09-03T19:34:09.579935+00:00,matched_variant_paper_measure,SCN5A,30059973,p.Glu346* c.1036G>T,E346X,affected,1,,0,1,-1,1,0,1,regex_table,Fixed-width table,baseline,,/Users/kronckbm/GitRepos/GeneVariantFetcher/benchmarks/evaluation_tiers/mixed_gold/answer_key/SCN5A_recall_input.csv,mixed_gold_02
20260903_protocol_mixed02_candidate,2026-09-03T19:34:09.579935+00:00,matched_variant_paper_measure,SCN5A,30059973,p.Glu901Lys c.2701G>A,E901K,affected,7,,0,1,-7,7,0,1,regex_table,Fixed-width table,baseline,,/Users/kronckbm/GitRepos/GeneVariantFetcher/benchmarks/evaluation_tiers/mixed_gold/answer_key/SCN5A_recall_input.csv,mixed_gold_02
20260903_protocol_mixed02_candidate,2026-09-03T19:34:09.579935+00:00,matched_variant_paper_measure,SCN5A,30059973,p.Phe1210Ser c.3629T>C,F1210S,affected,1,,0,1,-1,1,0,1,regex_table,Fixed-width table,baseline,,/Users/kronckbm/GitRepos/GeneVariantFetcher/benchmarks/evaluation_tiers/mixed_gold/answer_key/SCN5A_recall_input.csv,mixed_gold_02
20260903_protocol_mixed02_candidate,2026-09-03T19:34:09.579935+00:00,matched_variant_paper_measure,SCN5A,30059973,p.Phe1460Leu c.4380C>A,F1460L,affected,1,,0,1,-1,1,0,1,regex_table,Fixed-width table,baseline,,/Users/kronckbm/GitRepos/GeneVariantFetcher/benchmarks/evaluation_tiers/mixed_gold/answer_key/SCN5A_recall_input.csv,mixed_gold_02
20260903_protocol_mixed02_candidate,2026-09-03T19:34:09.579935+00:00,matched_variant_paper_measure,SCN5A,30059973,p.Phe1486Leu c.4458C>A,F1486L,affected,1,,0,1,-1,1,0,1,regex_table,Fixed-width table,baseline,,/Users/kronckbm/GitRepos/GeneVariantFetcher/benchmarks/evaluation_tiers/mixed_gold/answer_key/SCN5A_recall_input.csv,mixed_gold_02
20260903_protocol_mixed02_candidate,2026-09-03T19:34:09.579935+00:00,matched_variant_paper_measure,SCN5A,30059973,p.Phe355Ile c.1063T>A,F355I,affected,2,,0,1,-2,2,0,1,regex_table,Fixed-width table,baseline,,/Users/kronckbm/GitRepos/GeneVariantFetcher/benchmarks/evaluation_tiers/mixed_gold/answer_key/SCN5A_recall_input.csv,mixed_gold_02
20260903_protocol_mixed02_candidate,2026-09-03T19:34:09.579935+00:00,matched_variant_paper_measure,SCN5A,30059973,p.Phe4Val c.10T>G,F4V,affected,1,,0,1,-1,1,0,1,regex_table,Fixed-width table,baseline,,/Users/kronckbm/GitRepos/GeneVariantFetcher/benchmarks/evaluation_tiers/mixed_gold/answer_key/SCN5A_recall_input.csv,mixed_gold_02
20260903_protocol_mixed02_candidate,2026-09-03T19:34:09.579935+00:00,matched_variant_paper_measure,SCN5A,30059973,p.Phe892Ile c.2674T>A,F892I,affected,1,,0,1,-1,1,0,1,regex_table,Fixed-width table,baseline,,/Users/kronckbm/GitRepos/GeneVariantFetcher/benchmarks/evaluation_tiers/mixed_gold/answer_key/SCN5A_recall_input.csv,mixed_gold_02
20260903_protocol_mixed02_candidate,2026-09-03T19:34:09.579935+00:00,matched_variant_paper_measure,SCN5A,30059973,p.Phe93Ser c.278T>C,F93S,affected,3,,0,1,-3,3,0,1,regex_table,Fixed-width table,baseline,,/Users/kronckbm/GitRepos/GeneVariantFetcher/benchmarks/evaluation_tiers/mixed_gold/answer_key/SCN5A_recall_input.csv,mixed_gold_02
20260903_protocol_mixed02_candidate,2026-09-03T19:34:09.579935+00:00,matched_variant_paper_measure,SCN5A,30059973,p.Gly1031fs*27 c.4299+1dup,G1031fsX,affected,1,,0,1,-1,1,0,1,regex_table,Fixed-width table,baseline,,/Users/kronckbm/GitRepos/GeneVariantFetcher/benchmarks/evaluation_tiers/mixed_gold/answer_key/SCN5A_recall_input.csv,mixed_gold_02
20260903_protocol_mixed02_candidate,2026-09-03T19:34:09.579935+00:00,matched_variant_paper_measure,SCN5A,30059973,p.Gly1262Ser c.3784G>A,G1262S,affected,1,,0,1,-1,1,0,1,regex_table,Fixed-width table,baseline,,/Users/kronckbm/GitRepos/GeneVariantFetcher/benchmarks/evaluation_tiers/mixed_gold/answer_key/SCN5A_recall_input.csv,mixed_gold_02
20260903_protocol_mixed02_candidate,2026-09-03T19:34:09.579935+00:00,matched_variant_paper_measure,SCN5A,30059973,p.Gly1319Val c.3956G>T,G1319V,affected,8,,0,1,-8,8,0,1,regex_table,Fixed-width table,baseline,,/Users/kronckbm/GitRepos/GeneVariantFetcher/benchmarks/evaluation_tiers/mixed_gold/answer_key/SCN5A_recall_input.csv,mixed_gold_02
20260903_protocol_mixed02_candidate,2026-09-03T19:34:09.579935+00:00,matched_variant_paper_measure,SCN5A,30059973,p.Gly1369* c.4105G>T,G1369X,affected,1,,0,1,-1,1,0,1,regex_table,Fixed-width table,baseline,,/Users/kronckbm/GitRepos/GeneVariantFetcher/benchmarks/evaluation_tiers/mixed_gold/answer_key/SCN5A_recall_input.csv,mixed_gold_02
20260903_protocol_mixed02_candidate,2026-09-03T19:34:09.579935+00:00,matched_variant_paper_measure,SCN5A,30059973,p.Gly1406Arg c.4216G>C,G1406R,affected,2,,0,1,-2,2,0,1,regex_table,Fixed-width table,baseline,,/Users/kronckbm/GitRepos/GeneVariantFetcher/benchmarks/evaluation_tiers/mixed_gold/answer_key/SCN5A_recall_input.csv,mixed_gold_02
20260903_protocol_mixed02_candidate,2026-09-03T19:34:09.579935+00:00,matched_variant_paper_measure,SCN5A,30059973,p.Gly1408Arg c.4222G>A,G1408R,affected,2,,0,1,-2,2,0,1,regex_table,Fixed-width table,baseline,,/Users/kronckbm/GitRepos/GeneVariantFetcher/benchmarks/evaluation_tiers/mixed_gold/answer_key/SCN5A_recall_input.csv,mixed_gold_02
20260903_protocol_mixed02_candidate,2026-09-03T19:34:09.579935+00:00,matched_variant_paper_measure,SCN5A,30059973,p.Gly1481Glu c.4442G>A,G1481E,affected,1,,0,1,-1,1,0,1,regex_table,Fixed-width table,baseline,,/Users/kronckbm/GitRepos/GeneVariantFetcher/benchmarks/evaluation_tiers/mixed_gold/answer_key/SCN5A_recall_input.csv,mixed_gold_02
20260903_protocol_mixed02_candidate,2026-09-03T19:34:09.579935+00:00,matched_variant_paper_measure,SCN5A,30059973,p.Gly1481Arg c.4441G>A,G1481R,affected,1,,0,1,-1,1,0,1,regex_table,Fixed-width table,baseline,,/Users/kronckbm/GitRepos/GeneVariantFetcher/benchmarks/evaluation_tiers/mixed_gold/answer_key/SCN5A_recall_input.csv,mixed_gold_02
20260903_protocol_mixed02_candidate,2026-09-03T19:34:09.579935+00:00,matched_variant_paper_measure,SCN5A,30059973,p.Gly1481Val c.4442G>T,G1481V,affected,1,,0,1,-1,1,0,1,regex_table,Fixed-width table,baseline,,/Users/kronckbm/GitRepos/GeneVariantFetcher/benchmarks/evaluation_tiers/mixed_gold/answer_key/SCN5A_recall_input.csv,mixed_gold_02
20260903_protocol_mixed02_candidate,2026-09-03T19:34:09.579935+00:00,matched_variant_paper_measure,SCN5A,30059973,p.Gly1631Asp c.4892G>A,G1631D,affected,1,,0,1,-1,1,0,1,regex_table,Fixed-width table,baseline,,/Users/kronckbm/GitRepos/GeneVariantFetcher/benchmarks/evaluation_tiers/mixed_gold/answer_key/SCN5A_recall_input.csv,mixed_gold_02
20260903_protocol_mixed02_candidate,2026-09-03T19:34:09.579935+00:00,matched_variant_paper_measure,SCN5A,30059973,p.Gly1743Glu c.5228G>A,G1743E,affected,8,,0,1,-8,8,0,1,regex_table,Fixed-width table,baseline,,/Users/kronckbm/GitRepos/GeneVariantFetcher/benchmarks/evaluation_tiers/mixed_gold/answer_key/SCN5A_recall_input.csv,mixed_gold_02
20260903_protocol_mixed02_candidate,2026-09-03T19:34:09.579935+00:00,matched_variant_paper_measure,SCN5A,30059973,p.Gly1743Arg c.5227G>A,G1743R,affected,3,,0,1,-3,3,0,1,regex_table,Fixed-width table,baseline,,/Users/kronckbm/GitRepos/GeneVariantFetcher/benchmarks/evaluation_tiers/mixed_gold/answer_key/SCN5A_recall_input.csv,mixed_gold_02
20260903_protocol_mixed02_candidate,2026-09-03T19:34:09.579935+00:00,matched_variant_paper_measure,SCN5A,30059973,p.Gly514Cys c.1540G>T,G514C,affected,2,,0,1,-2,2,0,1,regex_table,Fixed-width table,baseline,,/Users/kronckbm/GitRepos/GeneVariantFetcher/benchmarks/evaluation_tiers/mixed_gold/answer_key/SCN5A_recall_input.csv,mixed_gold_02
20260903_protocol_mixed02_candidate,2026-09-03T19:34:09.579935+00:00,matched_variant_paper_measure,SCN5A,30059973,p.Gly897Glu c.2690G>A,G897E,affected,1,,0,1,-1,1,0,1,regex_table,Fixed-width table,baseline,,/Users/kronckbm/GitRepos/GeneVariantFetcher/benchmarks/evaluation_tiers/mixed_gold/answer_key/SCN5A_recall_input.csv,mixed_gold_02
20260903_protocol_mixed02_candidate,2026-09-03T19:34:09.579935+00:00,matched_variant_paper_measure,SCN5A,30059973,p.His1200Tyr c.3598C>T,H1200Y,affected,2,,0,1,-2,2,0,1,regex_table,Fixed-width table,baseline,,/Users/kronckbm/GitRepos/GeneVariantFetcher/benchmarks/evaluation_tiers/mixed_gold/answer_key/SCN5A_recall_input.csv,mixed_gold_02
20260903_protocol_mixed02_candidate,2026-09-03T19:34:09.579935+00:00,matched_variant_paper_measure,SCN5A,30059973,p.His1849Arg c.5546A>G,H1849R,affected,1,,0,1,-1,1,0,1,regex_table,Fixed-width table,baseline,,/Users/kronckbm/GitRepos/GeneVariantFetcher/benchmarks/evaluation_tiers/mixed_gold/answer_key/SCN5A_recall_input.csv,mixed_gold_02
20260903_protocol_mixed02_candidate,2026-09-03T19:34:09.579935+00:00,matched_variant_paper_measure,SCN5A,30059973,p.Ile1334Val c.4000A>G,I1334V,affected,3,,0,1,-3,3,0,1,regex_table,Fixed-width table,baseline,,/Users/kronckbm/GitRepos/GeneVariantFetcher/benchmarks/evaluation_tiers/mixed_gold/answer_key/SCN5A_recall_input.csv,mixed_gold_02
20260903_protocol_mixed02_candidate,2026-09-03T19:34:09.579935+00:00,matched_variant_paper_measure,SCN5A,30059973,p.Ile1521Lys c.4562T>A,I1521K,affected,2,,0,1,-2,2,0,1,regex_table,Fixed-width table,baseline,,/Users/kronckbm/GitRepos/GeneVariantFetcher/benchmarks/evaluation_tiers/mixed_gold/answer_key/SCN5A_recall_input.csv,mixed_gold_02
20260903_protocol_mixed02_candidate,2026-09-03T19:34:09.579935+00:00,matched_variant_paper_measure,SCN5A,30059973,p.Ile1524Thr c.4571T>C,I1524T,affected,2,,0,1,-2,2,0,1,regex_table,Fixed-width table,baseline,,/Users/kronckbm/GitRepos/GeneVariantFetcher/benchmarks/evaluation_tiers/mixed_gold/answer_key/SCN5A_recall_input.csv,mixed_gold_02
20260903_protocol_mixed02_candidate,2026-09-03T19:34:09.579935+00:00,matched_variant_paper_measure,SCN5A,30059973,p.Ile1660Val c.4978A>G,I1660V,affected,2,,0,1,-2,2,0,1,regex_table,Fixed-width table,baseline,,/Users/kronckbm/GitRepos/GeneVariantFetcher/benchmarks/evaluation_tiers/mixed_gold/answer_key/SCN5A_recall_input.csv,mixed_gold_02
20260903_protocol_mixed02_candidate,2026-09-03T19:34:09.579935+00:00,matched_variant_paper_measure,SCN5A,30059973,p.Ile1749Asn c.5246T>A,I1749N,affected,1,,0,1,-1,1,0,1,regex_table,Fixed-width table,baseline,,/Users/kronckbm/GitRepos/GeneVariantFetcher/benchmarks/evaluation_tiers/mixed_gold/answer_key/SCN5A_recall_input.csv,mixed_gold_02
20260903_protocol_mixed02_candidate,2026-09-03T19:34:09.579935+00:00,matched_variant_paper_measure,SCN5A,30059973,p.Ile1768Val c.5302A>G,I1768V,affected,9,,0,1,-9,9,0,1,regex_table,Fixed-width table,baseline,,/Users/kronckbm/GitRepos/GeneVariantFetcher/benchmarks/evaluation_tiers/mixed_gold/answer_key/SCN5A_recall_input.csv,mixed_gold_02
20260903_protocol_mixed02_candidate,2026-09-03T19:34:09.579935+00:00,matched_variant_paper_measure,SCN5A,30059973,p.Lys1504Glu c.4510A>G,K1504E,affected,1,,0,1,-1,1,0,1,regex_table,Fixed-width table,baseline,,/Users/kronckbm/GitRepos/GeneVariantFetcher/benchmarks/evaluation_tiers/mixed_gold/answer_key/SCN5A_recall_input.csv,mixed_gold_02
20260903_protocol_mixed02_candidate,2026-09-03T19:34:09.579935+00:00,matched_variant_paper_measure,SCN5A,30059973,p.Leu1222Arg c.3665T>G,L1222R,affected,1,,0,1,-1,1,0,1,regex_table,Fixed-width table,baseline,,/Users/kronckbm/GitRepos/GeneVariantFetcher/benchmarks/evaluation_tiers/mixed_gold/answer_key/SCN5A_recall_input.csv,mixed_gold_02
20260903_protocol_mixed02_candidate,2026-09-03T19:34:09.579935+00:00,matched_variant_paper_measure,SCN5A,30059973,p.Leu1346Pro c.4037T>C,L1346P,affected,1,,0,1,-1,1,0,1,regex_table,Fixed-width table,baseline,,/Users/kronckbm/GitRepos/GeneVariantFetcher/benchmarks/evaluation_tiers/mixed_gold/answer_key/SCN5A_recall_input.csv,mixed_gold_02
20260903_protocol_mixed02_candidate,2026-09-03T19:34:09.579935+00:00,matched_variant_paper_measure,SCN5A,30059973,p.Leu1373* c.4118del,L1373X,affected,4,,0,1,-4,4,0,1,regex_table,Fixed-width table,baseline,,/Users/kronckbm/GitRepos/GeneVariantFetcher/benchmarks/evaluation_tiers/mixed_gold/answer_key/SCN5A_recall_input.csv,mixed_gold_02
20260903_protocol_mixed02_candidate,2026-09-03T19:34:09.579935+00:00,matched_variant_paper_measure,SCN5A,30059973,p.Leu1501Val c.4501C>G,L1501V,affected,4,,0,1,-4,4,0,1,regex_table,Fixed-width table,baseline,,/Users/kronckbm/GitRepos/GeneVariantFetcher/benchmarks/evaluation_tiers/mixed_gold/answer_key/SCN5A_recall_input.csv,mixed_gold_02
20260903_protocol_mixed02_candidate,2026-09-03T19:34:09.579935+00:00,matched_variant_paper_measure,SCN5A,30059973,p.Leu1634Pro c.4901T>C,L1634P,affected,1,,0,1,-1,1,0,1,regex_table,Fixed-width table,baseline,,/Users/kronckbm/GitRepos/GeneVariantFetcher/benchmarks/evaluation_tiers/mixed_gold/answer_key/SCN5A_recall_input.csv,mixed_gold_02
20260903_protocol_mixed02_candidate,2026-09-03T19:34:09.579935+00:00,matched_variant_paper_measure,SCN5A,30059973,p.Leu1786Arg c.5357T>G,L1786R,affected,1,,0,1,-1,1,0,1,regex_table,Fixed-width table,baseline,,/Users/kronckbm/GitRepos/GeneVariantFetcher/benchmarks/evaluation_tiers/mixed_gold/answer_key/SCN5A_recall_input.csv,mixed_gold_02
20260903_protocol_mixed02_candidate,2026-09-03T19:34:09.579935+00:00,matched_variant_paper_measure,SCN5A,30059973,p.Leu212Pro c.635T>C,L212P,affected,2,,0,1,-2,2,0,1,regex_table,Fixed-width table,baseline,,/Users/kronckbm/GitRepos/GeneVariantFetcher/benchmarks/evaluation_tiers/mixed_gold/answer_key/SCN5A_recall_input.csv,mixed_gold_02
20260903_protocol_mixed02_candidate,2026-09-03T19:34:09.579935+00:00,matched_variant_paper_measure,SCN5A,30059973,p.Leu224Phe c.670C>T,L224F,affected,1,,0,1,-1,1,0,1,regex_table,Fixed-width table,baseline,,/Users/kronckbm/GitRepos/GeneVariantFetcher/benchmarks/evaluation_tiers/mixed_gold/answer_key/SCN5A_recall_input.csv,mixed_gold_02
20260903_protocol_mixed02_candidate,2026-09-03T19:34:09.579935+00:00,matched_variant_paper_measure,SCN5A,30059973,p.Leu227Pro c.680T>C,L227P,affected,1,,0,1,-1,1,0,1,regex_table,Fixed-width table,baseline,,/Users/kronckbm/GitRepos/GeneVariantFetcher/benchmarks/evaluation_tiers/mixed_gold/answer_key/SCN5A_recall_input.csv,mixed_gold_02
20260903_protocol_mixed02_candidate,2026-09-03T19:34:09.579935+00:00,matched_variant_paper_measure,SCN5A,30059973,p.Leu276Pro c.827T>C,L276P,affected,2,,0,1,-2,2,0,1,regex_table,Fixed-width table,baseline,,/Users/kronckbm/GitRepos/GeneVariantFetcher/benchmarks/evaluation_tiers/mixed_gold/answer_key/SCN5A_recall_input.csv,mixed_gold_02
20260903_protocol_mixed02_candidate,2026-09-03T19:34:09.579935+00:00,matched_variant_paper_measure,SCN5A,30059973,p.Leu736Pro c.2207T>C,L736P,affected,1,,0,1,-1,1,0,1,regex_table,Fixed-width table,baseline,,/Users/kronckbm/GitRepos/GeneVariantFetcher/benchmarks/evaluation_tiers/mixed_gold/answer_key/SCN5A_recall_input.csv,mixed_gold_02
20260903_protocol_mixed02_candidate,2026-09-03T19:34:09.579935+00:00,matched_variant_paper_measure,SCN5A,30059973,p.Leu839Pro c.2516T>C,L839P,affected,1,,0,1,-1,1,0,1,regex_table,Fixed-width table,baseline,,/Users/kronckbm/GitRepos/GeneVariantFetcher/benchmarks/evaluation_tiers/mixed_gold/answer_key/SCN5A_recall_input.csv,mixed_gold_02
20260903_protocol_mixed02_candidate,2026-09-03T19:34:09.579935+00:00,matched_variant_paper_measure,SCN5A,30059973,p.Met1487Leu c.4459A>C,M1487L,affected,1,,0,1,-1,1,0,1,regex_table,Fixed-width table,baseline,,/Users/kronckbm/GitRepos/GeneVariantFetcher/benchmarks/evaluation_tiers/mixed_gold/answer_key/SCN5A_recall_input.csv,mixed_gold_02
20260903_protocol_mixed02_candidate,2026-09-03T19:34:09.579935+00:00,matched_variant_paper_measure,SCN5A,30059973,p.Met1498Thr c.4493T>C,M1498T,affected,2,,0,1,-2,2,0,1,regex_table,Fixed-width table,baseline,,/Users/kronckbm/GitRepos/GeneVariantFetcher/benchmarks/evaluation_tiers/mixed_gold/answer_key/SCN5A_recall_input.csv,mixed_gold_02
20260903_protocol_mixed02_candidate,2026-09-03T19:34:09.579935+00:00,matched_variant_paper_measure,SCN5A,30059973,p.Met1766Leu c.5296A>C,M1766L,affected,1,,0,1,-1,1,0,1,regex_table,Fixed-width table,baseline,,/Users/kronckbm/GitRepos/GeneVariantFetcher/benchmarks/evaluation_tiers/mixed_gold/answer_key/SCN5A_recall_input.csv,mixed_gold_02
20260903_protocol_mixed02_candidate,2026-09-03T19:34:09.579935+00:00,matched_variant_paper_measure,SCN5A,30059973,p.Met1793Lys c.5378T>A,M1793K,affected,1,,0,1,-1,1,0,1,regex_table,Fixed-width table,baseline,,/Users/kronckbm/GitRepos/GeneVariantFetcher/benchmarks/evaluation_tiers/mixed_gold/answer_key/SCN5A_recall_input.csv,mixed_gold_02
20260903_protocol_mixed02_candidate,2026-09-03T19:34:09.579935+00:00,matched_variant_paper_measure,SCN5A,30059973,p.Met369Lys c.1106T>A,M369K,affected,3,,0,1,-3,3,0,1,regex_table,Fixed-width table,baseline,,/Users/kronckbm/GitRepos/GeneVariantFetcher/benchmarks/evaluation_tiers/mixed_gold/answer_key/SCN5A_recall_input.csv,mixed_gold_02
20260903_protocol_mixed02_candidate,2026-09-03T19:34:09.579935+00:00,matched_variant_paper_measure,SCN5A,30059973,p.Asn1325Ser c.3974A>G,N1325S,affected,4,,0,1,-4,4,0,1,regex_table,Fixed-width table,baseline,,/Users/kronckbm/GitRepos/GeneVariantFetcher/benchmarks/evaluation_tiers/mixed_gold/answer_key/SCN5A_recall_input.csv,mixed_gold_02
20260903_protocol_mixed02_candidate,2026-09-03T19:34:09.579935+00:00,matched_variant_paper_measure,SCN5A,30059973,p.Asn1380Lys c.4140C>G,N1380K,affected,2,,0,1,-2,2,0,1,regex_table,Fixed-width table,baseline,,/Users/kronckbm/GitRepos/GeneVariantFetcher/benchmarks/evaluation_tiers/mixed_gold/answer_key/SCN5A_recall_input.csv,mixed_gold_02
20260903_protocol_mixed02_candidate,2026-09-03T19:34:09.579935+00:00,matched_variant_paper_measure,SCN5A,30059973,p.Asn1722Asp c.5164A>G,N1722D,affected,2,,0,1,-2,2,0,1,regex_table,Fixed-width table,baseline,,/Users/kronckbm/GitRepos/GeneVariantFetcher/benchmarks/evaluation_tiers/mixed_gold/answer_key/SCN5A_recall_input.csv,mixed_gold_02
20260903_protocol_mixed02_candidate,2026-09-03T19:34:09.579935+00:00,matched_variant_paper_measure,SCN5A,30059973,p.Asn1774Asp c.5320A>G,N1774D,affected,1,,0,1,-1,1,0,1,regex_table,Fixed-width table,baseline,,/Users/kronckbm/GitRepos/GeneVariantFetcher/benchmarks/evaluation_tiers/mixed_gold/answer_key/SCN5A_recall_input.csv,mixed_gold_02
20260903_protocol_mixed02_candidate,2026-09-03T19:34:09.579935+00:00,matched_variant_paper_measure,SCN5A,30059973,p.Asn1774His c.5320A>C,N1774H,affected,1,,0,1,-1,1,0,1,regex_table,Fixed-width table,baseline,,/Users/kronckbm/GitRepos/GeneVariantFetcher/benchmarks/evaluation_tiers/mixed_gold/answer_key/SCN5A_recall_input.csv,mixed_gold_02
20260903_protocol_mixed02_candidate,2026-09-03T19:34:09.579935+00:00,matched_variant_paper_measure,SCN5A,30059973,p.Asn406Lys c.1218C>A,N406K,affected,2,,0,1,-2,2,0,1,regex_table,Fixed-width table,baseline,,/Users/kronckbm/GitRepos/GeneVariantFetcher/benchmarks/evaluation_tiers/mixed_gold/answer_key/SCN5A_recall_input.csv,mixed_gold_02
20260903_protocol_mixed02_candidate,2026-09-03T19:34:09.579935+00:00,matched_variant_paper_measure,SCN5A,30059973,p.Asn927Ser c.2780A>G,N927S,affected,1,,0,1,-1,1,0,1,regex_table,Fixed-width table,baseline,,/Users/kronckbm/GitRepos/GeneVariantFetcher/benchmarks/evaluation_tiers/mixed_gold/answer_key/SCN5A_recall_input.csv,mixed_gold_02
20260903_protocol_mixed02_candidate,2026-09-03T19:34:09.579935+00:00,matched_variant_paper_measure,SCN5A,30059973,p.Glu1071Glyfs*76 c.3207_3211dup,P.E1071GFSX76,affected,1,,0,1,-1,1,0,1,regex_table,Fixed-width table,baseline,,/Users/kronckbm/GitRepos/GeneVariantFetcher/benchmarks/evaluation_tiers/mixed_gold/answer_key/SCN5A_recall_input.csv,mixed_gold_02
20260903_protocol_mixed02_candidate,2026-09-03T19:34:09.579935+00:00,matched_variant_paper_measure,SCN5A,30059973,p.Glu1107Argfs*24 c.3318dup,P.E1107RFSX24,affected,2,,0,1,-2,2,0,1,regex_table,Fixed-width table,baseline,,/Users/kronckbm/GitRepos/GeneVariantFetcher/benchmarks/evaluation_tiers/mixed_gold/answer_key/SCN5A_recall_input.csv,mixed_gold_02
20260903_protocol_mixed02_candidate,2026-09-03T19:34:09.579935+00:00,matched_variant_paper_measure,SCN5A,30059973,p.Glu1165Argfs*6 c.3491dup,P.E1165RFSX6,affected,2,,0,1,-2,2,0,1,regex_table,Fixed-width table,baseline,,/Users/kronckbm/GitRepos/GeneVariantFetcher/benchmarks/evaluation_tiers/mixed_gold/answer_key/SCN5A_recall_input.csv,mixed_gold_02
20260903_protocol_mixed02_candidate,2026-09-03T19:34:09.579935+00:00,matched_variant_paper_measure,SCN5A,30059973,p.Phe1486del c.4456_4458del,P.F1486DEL,affected,1,,0,1,-1,1,0,1,regex_table,Fixed-width table,baseline,,/Users/kronckbm/GitRepos/GeneVariantFetcher/benchmarks/evaluation_tiers/mixed_gold/answer_key/SCN5A_recall_input.csv,mixed_gold_02
20260903_protocol_mixed02_candidate,2026-09-03T19:34:09.579935+00:00,matched_variant_paper_measure,SCN5A,30059973,p.Phe1617del c.4850_4852del,P.F1617DEL,affected,4,,0,1,-4,4,0,1,regex_table,Fixed-width table,baseline,,/Users/kronckbm/GitRepos/GeneVariantFetcher/benchmarks/evaluation_tiers/mixed_gold/answer_key/SCN5A_recall_input.csv,mixed_gold_02
20260903_protocol_mixed02_candidate,2026-09-03T19:34:09.579935+00:00,matched_variant_paper_measure,SCN5A,30059973,p.Phe1775Leufs*15 c.5321_5324dup,P.F1775LFSX15,affected,2,,0,1,-2,2,0,1,regex_table,Fixed-width table,baseline,,/Users/kronckbm/GitRepos/GeneVariantFetcher/benchmarks/evaluation_tiers/mixed_gold/answer_key/SCN5A_recall_input.csv,mixed_gold_02
20260903_protocol_mixed02_candidate,2026-09-03T19:34:09.579935+00:00,matched_variant_paper_measure,SCN5A,30059973,p.Phe851Cysfs*19,P.F851CFSX19,affected,1,,0,1,-1,1,0,1,regex_table,Fixed-width table,baseline,,/Users/kronckbm/GitRepos/GeneVariantFetcher/benchmarks/evaluation_tiers/mixed_gold/answer_key/SCN5A_recall_input.csv,mixed_gold_02
20260903_protocol_mixed02_candidate,2026-09-03T19:34:09.579935+00:00,matched_variant_paper_measure,SCN5A,30059973,p.Phe861Trpfs*90 c.2582_2583del,P.F861WFSX90,affected,6,,0,1,-6,6,0,1,regex_table,Fixed-width table,baseline,,/Users/kronckbm/GitRepos/GeneVariantFetcher/benchmarks/evaluation_tiers/mixed_gold/answer_key/SCN5A_recall_input.csv,mixed_gold_02
20260903_protocol_mixed02_candidate,2026-09-03T19:34:09.579935+00:00,matched_variant_paper_measure,SCN5A,30059973,p.Gly1748del c.5242_5244del,P.G1748DEL,affected,1,,0,1,-1,1,0,1,regex_table,Fixed-width table,baseline,,/Users/kronckbm/GitRepos/GeneVariantFetcher/benchmarks/evaluation_tiers/mixed_gold/answer_key/SCN5A_recall_input.csv,mixed_gold_02
20260903_protocol_mixed02_candidate,2026-09-03T19:34:09.579935+00:00,matched_variant_paper_measure,SCN5A,30059973,p.Ile1758del c.5272_5274del,P.I1758DEL,affected,3,,0,1,-3,3,0,1,regex_table,Fixed-width table,baseline,,/Users/kronckbm/GitRepos/GeneVariantFetcher/benchmarks/evaluation_tiers/mixed_gold/answer_key/SCN5A_recall_input.csv,mixed_gold_02
20260903_protocol_mixed02_candidate,2026-09-03T19:34:09.579935+00:00,matched_variant_paper_measure,SCN5A,30059973,p.Ile759Phefs*6 c.2274delG,P.I759FFSX6,affected,3,,0,1,-3,3,0,1,regex_table,Fixed-width table,baseline,,/Users/kronckbm/GitRepos/GeneVariantFetcher/benchmarks/evaluation_tiers/mixed_gold/answer_key/SCN5A_recall_input.csv,mixed_gold_02
20260903_protocol_mixed02_candidate,2026-09-03T19:34:09.579935+00:00,matched_variant_paper_measure,SCN5A,30059973,p.Leu1222Leufs*7 c.3666+1del,P.L1222LFSX7,affected,2,,0,1,-2,2,0,1,regex_table,Fixed-width table,baseline,,/Users/kronckbm/GitRepos/GeneVariantFetcher/benchmarks/evaluation_tiers/mixed_gold/answer_key/SCN5A_recall_input.csv,mixed_gold_02
20260903_protocol_mixed02_candidate,2026-09-03T19:34:09.579935+00:00,matched_variant_paper_measure,SCN5A,30059973,p.Leu1339del c.4015_4017del,P.L1339DEL,affected,1,,0,1,-1,1,0,1,regex_table,Fixed-width table,baseline,,/Users/kronckbm/GitRepos/GeneVariantFetcher/benchmarks/evaluation_tiers/mixed_gold/answer_key/SCN5A_recall_input.csv,mixed_gold_02
20260903_protocol_mixed02_candidate,2026-09-03T19:34:09.579935+00:00,matched_variant_paper_measure,SCN5A,30059973,p.Leu729del c.2184_2186del,P.L729DEL,affected,1,,0,1,-1,1,0,1,regex_table,Fixed-width table,baseline,,/Users/kronckbm/GitRepos/GeneVariantFetcher/benchmarks/evaluation_tiers/mixed_gold/answer_key/SCN5A_recall_input.csv,mixed_gold_02
20260903_protocol_mixed02_candidate,2026-09-03T19:34:09.579935+00:00,matched_variant_paper_measure,SCN5A,30059973,p.Asn1380del c.4140_4142del,P.N1380DEL,affected,3,,0,1,-3,3,0,1,regex_table,Fixed-width table,baseline,,/Users/kronckbm/GitRepos/GeneVariantFetcher/benchmarks/evaluation_tiers/mixed_gold/answer_key/SCN5A_recall_input.csv,mixed_gold_02
20260903_protocol_mixed02_candidate,2026-09-03T19:34:09.579935+00:00,matched_variant_paper_measure,SCN5A,30059973,p.Asn291Thrfs*52 c.870del,P.N291TFSX52,affected,2,,0,1,-2,2,0,1,regex_table,Fixed-width table,baseline,,/Users/kronckbm/GitRepos/GeneVariantFetcher/benchmarks/evaluation_tiers/mixed_gold/answer_key/SCN5A_recall_input.csv,mixed_gold_02
20260903_protocol_mixed02_candidate,2026-09-03T19:34:09.579935+00:00,matched_variant_paper_measure,SCN5A,30059973,p.Asn841Thrfs*2 c.2520del,P.N841TFSX2,affected,1,,0,1,-1,1,0,1,regex_table,Fixed-width table,baseline,,/Users/kronckbm/GitRepos/GeneVariantFetcher/benchmarks/evaluation_tiers/mixed_gold/answer_key/SCN5A_recall_input.csv,mixed_gold_02
20260903_protocol_mixed02_candidate,2026-09-03T19:34:09.579935+00:00,matched_variant_paper_measure,SCN5A,30059973,p.Pro2006Leufs*32 c.6017del,P.P2006LFSX32,affected,1,,0,1,-1,1,0,1,regex_table,Fixed-width table,baseline,,/Users/kronckbm/GitRepos/GeneVariantFetcher/benchmarks/evaluation_tiers/mixed_gold/answer_key/SCN5A_recall_input.csv,mixed_gold_02
20260903_protocol_mixed02_candidate,2026-09-03T19:34:09.579935+00:00,matched_variant_paper_measure,SCN5A,30059973,p.Gln1475Asnfs*6 c.4423del,P.Q1475NFSX6,affected,1,,0,1,-1,1,0,1,regex_table,Fixed-width table,baseline,,/Users/kronckbm/GitRepos/GeneVariantFetcher/benchmarks/evaluation_tiers/mixed_gold/answer_key/SCN5A_recall_input.csv,mixed_gold_02
20260903_protocol_mixed02_candidate,2026-09-03T19:34:09.579935+00:00,matched_variant_paper_measure,SCN5A,30059973,p.Gln1507_Pro1509del c.4519-4527del,P.Q1507_P1509DEL,affected,9,,0,1,-9,9,0,1,regex_table,Fixed-width table,baseline,,/Users/kronckbm/GitRepos/GeneVariantFetcher/benchmarks/evaluation_tiers/mixed_gold/answer_key/SCN5A_recall_input.csv,mixed_gold_02
20260903_protocol_mixed02_candidate,2026-09-03T19:34:09.579935+00:00,matched_variant_paper_measure,SCN5A,30059973,p.Gln646Argfs*5 c.1936del,P.Q646RFSX5,affected,7,,0,1,-7,7,0,1,regex_table,Fixed-width table,baseline,,/Users/kronckbm/GitRepos/GeneVariantFetcher/benchmarks/evaluation_tiers/mixed_gold/answer_key/SCN5A_recall_input.csv,mixed_gold_02
20260903_protocol_mixed02_candidate,2026-09-03T19:34:09.579935+00:00,matched_variant_paper_measure,SCN5A,30059973,p.Gln90Trpfs*14 c.268del,P.Q90WFSX14,affected,1,,0,1,-1,1,0,1,regex_table,Fixed-width table,baseline,,/Users/kronckbm/GitRepos/GeneVariantFetcher/benchmarks/evaluation_tiers/mixed_gold/answer_key/SCN5A_recall_input.csv,mixed_gold_02
20260903_protocol_mixed02_candidate,2026-09-03T19:34:09.579935+00:00,matched_variant_paper_measure,SCN5A,30059973,p.Thr631Valfs*101 c.1890G>A,P.T631VFSX101,affected,3,,0,1,-3,3,0,1,regex_table,Fixed-width table,baseline,,/Users/kronckbm/GitRepos/GeneVariantFetcher/benchmarks/evaluation_tiers/mixed_gold/answer_key/SCN5A_recall_input.csv,mixed_gold_02
20260903_protocol_mixed02_candidate,2026-09-03T19:34:09.579935+00:00,matched_variant_paper_measure,SCN5A,30059973,p.Tyr1795_Glu1796insAsp c.5385_5387dup,P.Y1795_E1796INSD,affected,7,,0,1,-7,7,0,1,regex_table,Fixed-width table,baseline,,/Users/kronckbm/GitRepos/GeneVariantFetcher/benchmarks/evaluation_tiers/mixed_gold/answer_key/SCN5A_recall_input.csv,mixed_gold_02
20260903_protocol_mixed02_candidate,2026-09-03T19:34:09.579935+00:00,matched_variant_paper_measure,SCN5A,30059973,p.Tyr774Thrfs*28 c.2320del,P.Y774TFSX28,affected,2,,0,1,-2,2,0,1,regex_table,Fixed-width table,baseline,,/Users/kronckbm/GitRepos/GeneVariantFetcher/benchmarks/evaluation_tiers/mixed_gold/answer_key/SCN5A_recall_input.csv,mixed_gold_02
20260903_protocol_mixed02_candidate,2026-09-03T19:34:09.579935+00:00,matched_variant_paper_measure,SCN5A,30059973,p.Pro1332Leu c.3995C>T,P1332L,affected,1,,0,1,-1,1,0,1,regex_table,Fixed-width table,baseline,,/Users/kronckbm/GitRepos/GeneVariantFetcher/benchmarks/evaluation_tiers/mixed_gold/answer_key/SCN5A_recall_input.csv,mixed_gold_02
20260903_protocol_mixed02_candidate,2026-09-03T19:34:09.579935+00:00,matched_variant_paper_measure,SCN5A,30059973,p.Pro1332Gln c.3995C>A,P1332Q,affected,1,,0,1,-1,1,0,1,regex_table,Fixed-width table,baseline,,/Users/kronckbm/GitRepos/GeneVariantFetcher/benchmarks/evaluation_tiers/mixed_gold/answer_key/SCN5A_recall_input.csv,mixed_gold_02
20260903_protocol_mixed02_candidate,2026-09-03T19:34:09.579935+00:00,matched_variant_paper_measure,SCN5A,30059973,p.Pro336Leu c.1007C>T,P336L,affected,1,,0,1,-1,1,0,1,regex_table,Fixed-width table,baseline,,/Users/kronckbm/GitRepos/GeneVariantFetcher/benchmarks/evaluation_tiers/mixed_gold/answer_key/SCN5A_recall_input.csv,mixed_gold_02
20260903_protocol_mixed02_candidate,2026-09-03T19:34:09.579935+00:00,matched_variant_paper_measure,SCN5A,30059973,p.Pro717Leu c.2150C>T,P717L,affected,2,,0,1,-2,2,0,1,regex_table,Fixed-width table,baseline,,/Users/kronckbm/GitRepos/GeneVariantFetcher/benchmarks/evaluation_tiers/mixed_gold/answer_key/SCN5A_recall_input.csv,mixed_gold_02
20260903_protocol_mixed02_candidate,2026-09-03T19:34:09.579935+00:00,matched_variant_paper_measure,SCN5A,30059973,p.Gln1000* c.2998C>T,Q1000X,affected,1,,0,1,-1,1,0,1,regex_table,Fixed-width table,baseline,,/Users/kronckbm/GitRepos/GeneVariantFetcher/benchmarks/evaluation_tiers/mixed_gold/answer_key/SCN5A_recall_input.csv,mixed_gold_02
20260903_protocol_mixed02_candidate,2026-09-03T19:34:09.579935+00:00,matched_variant_paper_measure,SCN5A,30059973,p.Gln1059* c.3175C>T,Q1059X,affected,1,,0,1,-1,1,0,1,regex_table,Fixed-width table,baseline,,/Users/kronckbm/GitRepos/GeneVariantFetcher/benchmarks/evaluation_tiers/mixed_gold/answer_key/SCN5A_recall_input.csv,mixed_gold_02
20260903_protocol_mixed02_candidate,2026-09-03T19:34:09.579935+00:00,matched_variant_paper_measure,SCN5A,30059973,p.Gln1118* c.3352C>T,Q1118X,affected,2,,0,1,-2,2,0,1,regex_table,Fixed-width table,baseline,,/Users/kronckbm/GitRepos/GeneVariantFetcher/benchmarks/evaluation_tiers/mixed_gold/answer_key/SCN5A_recall_input.csv,mixed_gold_02
20260903_protocol_mixed02_candidate,2026-09-03T19:34:09.579935+00:00,matched_variant_paper_measure,SCN5A,30059973,p.Gln1475Leu c.4424A>T,Q1475L,affected,1,,0,1,-1,1,0,1,regex_table,Fixed-width table,baseline,,/Users/kronckbm/GitRepos/GeneVariantFetcher/benchmarks/evaluation_tiers/mixed_gold/answer_key/SCN5A_recall_input.csv,mixed_gold_02
20260903_protocol_mixed02_candidate,2026-09-03T19:34:09.579935+00:00,matched_variant_paper_measure,SCN5A,30059973,p.Gln1491His c.4473G>T,Q1491H,affected,1,,0,1,-1,1,0,1,regex_table,Fixed-width table,baseline,,/Users/kronckbm/GitRepos/GeneVariantFetcher/benchmarks/evaluation_tiers/mixed_gold/answer_key/SCN5A_recall_input.csv,mixed_gold_02
20260903_protocol_mixed02_candidate,2026-09-03T19:34:09.579935+00:00,matched_variant_paper_measure,SCN5A,30059973,p.Gln1695* c.5083C>T,Q1695X,affected,1,,0,1,-1,1,0,1,regex_table,Fixed-width table,baseline,,/Users/kronckbm/GitRepos/GeneVariantFetcher/benchmarks/evaluation_tiers/mixed_gold/answer_key/SCN5A_recall_input.csv,mixed_gold_02
20260903_protocol_mixed02_candidate,2026-09-03T19:34:09.579935+00:00,matched_variant_paper_measure,SCN5A,30059973,p.Gln779Lys c.2335C>A,Q779K,affected,2,,0,1,-2,2,0,1,regex_table,Fixed-width table,baseline,,/Users/kronckbm/GitRepos/GeneVariantFetcher/benchmarks/evaluation_tiers/mixed_gold/answer_key/SCN5A_recall_input.csv,mixed_gold_02
20260903_protocol_mixed02_candidate,2026-09-03T19:34:09.579935+00:00,matched_variant_paper_measure,SCN5A,30059973,p.Gln779* c.2335C>T,Q779X,affected,2,,0,1,-2,2,0,1,regex_table,Fixed-width table,baseline,,/Users/kronckbm/GitRepos/GeneVariantFetcher/benchmarks/evaluation_tiers/mixed_gold/answer_key/SCN5A_recall_input.csv,mixed_gold_02
20260903_protocol_mixed02_candidate,2026-09-03T19:34:09.579935+00:00,matched_variant_paper_measure,SCN5A,30059973,p.Arg1023Cys c.3067C>T,R1023C,affected,2,,0,1,-2,2,0,1,regex_table,Fixed-width table,baseline,,/Users/kronckbm/GitRepos/GeneVariantFetcher/benchmarks/evaluation_tiers/mixed_gold/answer_key/SCN5A_recall_input.csv,mixed_gold_02
20260903_protocol_mixed02_candidate,2026-09-03T19:34:09.579935+00:00,matched_variant_paper_measure,SCN5A,30059973,p.Arg121Gln c.362G>A,R121Q,affected,1,,0,1,-1,1,0,1,regex_table,Fixed-width table,baseline,,/Users/kronckbm/GitRepos/GeneVariantFetcher/benchmarks/evaluation_tiers/mixed_gold/answer_key/SCN5A_recall_input.csv,mixed_gold_02
20260903_protocol_mixed02_candidate,2026-09-03T19:34:09.579935+00:00,matched_variant_paper_measure,SCN5A,30059973,p.Arg1232Trp c.3694C>T,R1232W,affected,1,,0,1,-1,1,0,1,regex_table,Fixed-width table,baseline,,/Users/kronckbm/GitRepos/GeneVariantFetcher/benchmarks/evaluation_tiers/mixed_gold/answer_key/SCN5A_recall_input.csv,mixed_gold_02
20260903_protocol_mixed02_candidate,2026-09-03T19:34:09.579935+00:00,matched_variant_paper_measure,SCN5A,30059973,p.Arg1583His c.4748G>A,R1583H,affected,1,,0,1,-1,1,0,1,regex_table,Fixed-width table,baseline,,/Users/kronckbm/GitRepos/GeneVariantFetcher/benchmarks/evaluation_tiers/mixed_gold/answer_key/SCN5A_recall_input.csv,mixed_gold_02
20260903_protocol_mixed02_candidate,2026-09-03T19:34:09.579935+00:00,matched_variant_paper_measure,SCN5A,30059973,p.Arg1623Gln c.4868G>A,R1623Q,affected,6,,0,1,-6,6,0,1,regex_table,Fixed-width table,baseline,,/Users/kronckbm/GitRepos/GeneVariantFetcher/benchmarks/evaluation_tiers/mixed_gold/answer_key/SCN5A_recall_input.csv,mixed_gold_02
20260903_protocol_mixed02_candidate,2026-09-03T19:34:09.579935+00:00,matched_variant_paper_measure,SCN5A,30059973,p.Arg1623* c.4867C>T,R1623X,affected,1,,0,1,-1,1,0,1,regex_table,Fixed-width table,baseline,,/Users/kronckbm/GitRepos/GeneVariantFetcher/benchmarks/evaluation_tiers/mixed_gold/answer_key/SCN5A_recall_input.csv,mixed_gold_02
20260903_protocol_mixed02_candidate,2026-09-03T19:34:09.579935+00:00,matched_variant_paper_measure,SCN5A,30059973,p.Arg1626Cys c.4876C>T,R1626C,affected,1,,0,1,-1,1,0,1,regex_table,Fixed-width table,baseline,,/Users/kronckbm/GitRepos/GeneVariantFetcher/benchmarks/evaluation_tiers/mixed_gold/answer_key/SCN5A_recall_input.csv,mixed_gold_02
20260903_protocol_mixed02_candidate,2026-09-03T19:34:09.579935+00:00,matched_variant_paper_measure,SCN5A,30059973,p.Arg1632Leu c.4895G>T,R1632L,affected,1,,0,1,-1,1,0,1,regex_table,Fixed-width table,baseline,,/Users/kronckbm/GitRepos/GeneVariantFetcher/benchmarks/evaluation_tiers/mixed_gold/answer_key/SCN5A_recall_input.csv,mixed_gold_02
20260903_protocol_mixed02_candidate,2026-09-03T19:34:09.579935+00:00,matched_variant_paper_measure,SCN5A,30059973,p.R1644H c.4931G>A,R1644H,affected,2,,0,1,-2,2,0,1,regex_table,Fixed-width table,baseline,,/Users/kronckbm/GitRepos/GeneVariantFetcher/benchmarks/evaluation_tiers/mixed_gold/answer_key/SCN5A_recall_input.csv,mixed_gold_02
20260903_protocol_mixed02_candidate,2026-09-03T19:34:09.579935+00:00,matched_variant_paper_measure,SCN5A,30059973,p.Arg1897Trp c.5689C>T,R1897W,affected,2,,0,1,-2,2,0,1,regex_table,Fixed-width table,baseline,,/Users/kronckbm/GitRepos/GeneVariantFetcher/benchmarks/evaluation_tiers/mixed_gold/answer_key/SCN5A_recall_input.csv,mixed_gold_02
20260903_protocol_mixed02_candidate,2026-09-03T19:34:09.579935+00:00,matched_variant_paper_measure,SCN5A,30059973,p.Arg1944* c.5830C>T,R1944X,affected,2,,0,1,-2,2,0,1,regex_table,Fixed-width table,baseline,,/Users/kronckbm/GitRepos/GeneVariantFetcher/benchmarks/evaluation_tiers/mixed_gold/answer_key/SCN5A_recall_input.csv,mixed_gold_02
20260903_protocol_mixed02_candidate,2026-09-03T19:34:09.579935+00:00,matched_variant_paper_measure,SCN5A,30059973,p.Arg1991Gln c.5972G>A,R1991Q,affected,1,,0,1,-1,1,0,1,regex_table,Fixed-width table,baseline,,/Users/kronckbm/GitRepos/GeneVariantFetcher/benchmarks/evaluation_tiers/mixed_gold/answer_key/SCN5A_recall_input.csv,mixed_gold_02
20260903_protocol_mixed02_candidate,2026-09-03T19:34:09.579935+00:00,matched_variant_paper_measure,SCN5A,30059973,p.Arg222Gln c.665G>A,R222Q,affected,1,,0,1,-1,1,0,1,regex_table,Fixed-width table,baseline,,/Users/kronckbm/GitRepos/GeneVariantFetcher/benchmarks/evaluation_tiers/mixed_gold/answer_key/SCN5A_recall_input.csv,mixed_gold_02
20260903_protocol_mixed02_candidate,2026-09-03T19:34:09.579935+00:00,matched_variant_paper_measure,SCN5A,30059973,p.Arg225Trp c.673C>T,R225W,affected,4,,0,1,-4,4,0,1,regex_table,Fixed-width table,baseline,,/Users/kronckbm/GitRepos/GeneVariantFetcher/benchmarks/evaluation_tiers/mixed_gold/answer_key/SCN5A_recall_input.csv,mixed_gold_02
20260903_protocol_mixed02_candidate,2026-09-03T19:34:09.579935+00:00,matched_variant_paper_measure,SCN5A,30059973,p.Arg282Cys c.844C>T,R282C,affected,1,,0,1,-1,1,0,1,regex_table,Fixed-width table,baseline,,/Users/kronckbm/GitRepos/GeneVariantFetcher/benchmarks/evaluation_tiers/mixed_gold/answer_key/SCN5A_recall_input.csv,mixed_gold_02
20260903_protocol_mixed02_candidate,2026-09-03T19:34:09.579935+00:00,matched_variant_paper_measure,SCN5A,30059973,p.Arg340Trp c.1018C>T,R340W,affected,1,,0,1,-1,1,0,1,regex_table,Fixed-width table,baseline,,/Users/kronckbm/GitRepos/GeneVariantFetcher/benchmarks/evaluation_tiers/mixed_gold/answer_key/SCN5A_recall_input.csv,mixed_gold_02
20260903_protocol_mixed02_candidate,2026-09-03T19:34:09.579935+00:00,matched_variant_paper_measure,SCN5A,30059973,p.Arg367Cys c.1099C>T,R367C,affected,1,,0,1,-1,1,0,1,regex_table,Fixed-width table,baseline,,/Users/kronckbm/GitRepos/GeneVariantFetcher/benchmarks/evaluation_tiers/mixed_gold/answer_key/SCN5A_recall_input.csv,mixed_gold_02
20260903_protocol_mixed02_candidate,2026-09-03T19:34:09.579935+00:00,matched_variant_paper_measure,SCN5A,30059973,p.Arg367His c.1100G>A,R367H,affected,1,,0,1,-1,1,0,1,regex_table,Fixed-width table,baseline,,/Users/kronckbm/GitRepos/GeneVariantFetcher/benchmarks/evaluation_tiers/mixed_gold/answer_key/SCN5A_recall_input.csv,mixed_gold_02
20260903_protocol_mixed02_candidate,2026-09-03T19:34:09.579935+00:00,matched_variant_paper_measure,SCN5A,30059973,p.Arg376Cys c.1126C>T,R376C,affected,3,,0,1,-3,3,0,1,regex_table,Fixed-width table,baseline,,/Users/kronckbm/GitRepos/GeneVariantFetcher/benchmarks/evaluation_tiers/mixed_gold/answer_key/SCN5A_recall_input.csv,mixed_gold_02
20260903_protocol_mixed02_candidate,2026-09-03T19:34:09.579935+00:00,matched_variant_paper_measure,SCN5A,30059973,p.Arg43* c.127C>T,R43X,affected,1,,0,1,-1,1,0,1,regex_table,Fixed-width table,baseline,,/Users/kronckbm/GitRepos/GeneVariantFetcher/benchmarks/evaluation_tiers/mixed_gold/answer_key/SCN5A_recall_input.csv,mixed_gold_02
20260903_protocol_mixed02_candidate,2026-09-03T19:34:09.579935+00:00,matched_variant_paper_measure,SCN5A,30059973,p.Arg535* c.1603C>T,R535X,affected,4,,0,1,-4,4,0,1,regex_table,Fixed-width table,baseline,,/Users/kronckbm/GitRepos/GeneVariantFetcher/benchmarks/evaluation_tiers/mixed_gold/answer_key/SCN5A_recall_input.csv,mixed_gold_02
20260903_protocol_mixed02_candidate,2026-09-03T19:34:09.579935+00:00,matched_variant_paper_measure,SCN5A,30059973,p.Arg689Cys c.2065C>T,R689C,affected,1,,0,1,-1,1,0,1,regex_table,Fixed-width table,baseline,,/Users/kronckbm/GitRepos/GeneVariantFetcher/benchmarks/evaluation_tiers/mixed_gold/answer_key/SCN5A_recall_input.csv,mixed_gold_02
20260903_protocol_mixed02_candidate,2026-09-03T19:34:09.579935+00:00,matched_variant_paper_measure,SCN5A,30059973,p.Arg814Gln c.2441G>A,R814Q,affected,3,,0,1,-3,3,0,1,regex_table,Fixed-width table,baseline,,/Users/kronckbm/GitRepos/GeneVariantFetcher/benchmarks/evaluation_tiers/mixed_gold/answer_key/SCN5A_recall_input.csv,mixed_gold_02
20260903_protocol_mixed02_candidate,2026-09-03T19:34:09.579935+00:00,matched_variant_paper_measure,SCN5A,30059973,p.Arg878Cys c.2632C>T,R878C,affected,1,,0,1,-1,1,0,1,regex_table,Fixed-width table,baseline,,/Users/kronckbm/GitRepos/GeneVariantFetcher/benchmarks/evaluation_tiers/mixed_gold/answer_key/SCN5A_recall_input.csv,mixed_gold_02
20260903_protocol_mixed02_candidate,2026-09-03T19:34:09.579935+00:00,matched_variant_paper_measure,SCN5A,30059973,p.Arg893Cys c.2677C>T,R893C,affected,1,,0,1,-1,1,0,1,regex_table,Fixed-width table,baseline,,/Users/kronckbm/GitRepos/GeneVariantFetcher/benchmarks/evaluation_tiers/mixed_gold/answer_key/SCN5A_recall_input.csv,mixed_gold_02
20260903_protocol_mixed02_candidate,2026-09-03T19:34:09.579935+00:00,matched_variant_paper_measure,SCN5A,30059973,p.Arg965Cys c.2893C>T,R965C,affected,2,,0,1,-2,2,0,1,regex_table,Fixed-width table,baseline,,/Users/kronckbm/GitRepos/GeneVariantFetcher/benchmarks/evaluation_tiers/mixed_gold/answer_key/SCN5A_recall_input.csv,mixed_gold_02
20260903_protocol_mixed02_candidate,2026-09-03T19:34:09.579935+00:00,matched_variant_paper_measure,SCN5A,30059973,p.Ser1074Gly c.3220A>G,S1074G,affected,1,,0,1,-1,1,0,1,regex_table,Fixed-width table,baseline,,/Users/kronckbm/GitRepos/GeneVariantFetcher/benchmarks/evaluation_tiers/mixed_gold/answer_key/SCN5A_recall_input.csv,mixed_gold_02
20260903_protocol_mixed02_candidate,2026-09-03T19:34:09.579935+00:00,matched_variant_paper_measure,SCN5A,30059973,p.Ser1079Phe c.3236C>T,S1079F,affected,2,,0,1,-2,2,0,1,regex_table,Fixed-width table,baseline,,/Users/kronckbm/GitRepos/GeneVariantFetcher/benchmarks/evaluation_tiers/mixed_gold/answer_key/SCN5A_recall_input.csv,mixed_gold_02
20260903_protocol_mixed02_candidate,2026-09-03T19:34:09.579935+00:00,matched_variant_paper_measure,SCN5A,30059973,p.Ser1079Tyr c.3236C>A,S1079Y,affected,2,,0,1,-2,2,0,1,regex_table,Fixed-width table,baseline,,/Users/kronckbm/GitRepos/GeneVariantFetcher/benchmarks/evaluation_tiers/mixed_gold/answer_key/SCN5A_recall_input.csv,mixed_gold_02
20260903_protocol_mixed02_candidate,2026-09-03T19:34:09.579935+00:00,matched_variant_paper_measure,SCN5A,30059973,p.Ser1672Tyr c.5015C>A,S1672Y,affected,1,,0,1,-1,1,0,1,regex_table,Fixed-width table,baseline,,/Users/kronckbm/GitRepos/GeneVariantFetcher/benchmarks/evaluation_tiers/mixed_gold/answer_key/SCN5A_recall_input.csv,mixed_gold_02
20260903_protocol_mixed02_candidate,2026-09-03T19:34:09.579935+00:00,matched_variant_paper_measure,SCN5A,30059973,p.Ser1710Leu c.5129C>T,S1710L,affected,4,,0,1,-4,4,0,1,regex_table,Fixed-width table,baseline,,/Users/kronckbm/GitRepos/GeneVariantFetcher/benchmarks/evaluation_tiers/mixed_gold/answer_key/SCN5A_recall_input.csv,mixed_gold_02
20260903_protocol_mixed02_candidate,2026-09-03T19:34:09.579935+00:00,matched_variant_paper_measure,SCN5A,30059973,p.Ser401Pro c.1201T>C,S401P,affected,1,,0,1,-1,1,0,1,regex_table,Fixed-width table,baseline,,/Users/kronckbm/GitRepos/GeneVariantFetcher/benchmarks/evaluation_tiers/mixed_gold/answer_key/SCN5A_recall_input.csv,mixed_gold_02
20260903_protocol_mixed02_candidate,2026-09-03T19:34:09.579935+00:00,matched_variant_paper_measure,SCN5A,30059973,p.Ser941Phe c.2822C>T,S941F,affected,1,,0,1,-1,1,0,1,regex_table,Fixed-width table,baseline,,/Users/kronckbm/GitRepos/GeneVariantFetcher/benchmarks/evaluation_tiers/mixed_gold/answer_key/SCN5A_recall_input.csv,mixed_gold_02
20260903_protocol_mixed02_candidate,2026-09-03T19:34:09.579935+00:00,matched_variant_paper_measure,SCN5A,30059973,p.Ser941Asn c.2821T>A,S941N,affected,1,,0,1,-1,1,0,1,regex_table,Fixed-width table,baseline,,/Users/kronckbm/GitRepos/GeneVariantFetcher/benchmarks/evaluation_tiers/mixed_gold/answer_key/SCN5A_recall_input.csv,mixed_gold_02
20260903_protocol_mixed02_candidate,2026-09-03T19:34:09.579935+00:00,matched_variant_paper_measure,SCN5A,30059973,p.Thr1209Arg c.3626C>G,T1209R,affected,1,,0,1,-1,1,0,1,regex_table,Fixed-width table,baseline,,/Users/kronckbm/GitRepos/GeneVariantFetcher/benchmarks/evaluation_tiers/mixed_gold/answer_key/SCN5A_recall_input.csv,mixed_gold_02
20260903_protocol_mixed02_candidate,2026-09-03T19:34:09.579935+00:00,matched_variant_paper_measure,SCN5A,30059973,p.Thr1304Met c.3911C>T,T1304M,affected,2,,0,1,-2,2,0,1,regex_table,Fixed-width table,baseline,,/Users/kronckbm/GitRepos/GeneVariantFetcher/benchmarks/evaluation_tiers/mixed_gold/answer_key/SCN5A_recall_input.csv,mixed_gold_02
20260903_protocol_mixed02_candidate,2026-09-03T19:34:09.579935+00:00,matched_variant_paper_measure,SCN5A,30059973,p.Thr370Met c.1109C>T,T370M,affected,4,,0,1,-4,4,0,1,regex_table,Fixed-width table,baseline,,/Users/kronckbm/GitRepos/GeneVariantFetcher/benchmarks/evaluation_tiers/mixed_gold/answer_key/SCN5A_recall_input.csv,mixed_gold_02
20260903_protocol_mixed02_candidate,2026-09-03T19:34:09.579935+00:00,matched_variant_paper_measure,SCN5A,30059973,p.Thr630Met c.1889C>T,T630M,affected,2,,0,1,-2,2,0,1,regex_table,Fixed-width table,baseline,,/Users/kronckbm/GitRepos/GeneVariantFetcher/benchmarks/evaluation_tiers/mixed_gold/answer_key/SCN5A_recall_input.csv,mixed_gold_02
20260903_protocol_mixed02_candidate,2026-09-03T19:34:09.579935+00:00,matched_variant_paper_measure,SCN5A,30059973,p.Val1747Met c.5239G>A,V1747M,affected,1,,0,1,-1,1,0,1,regex_table,Fixed-width table,baseline,,/Users/kronckbm/GitRepos/GeneVariantFetcher/benchmarks/evaluation_tiers/mixed_gold/answer_key/SCN5A_recall_input.csv,mixed_gold_02
20260903_protocol_mixed02_candidate,2026-09-03T19:34:09.579935+00:00,matched_variant_paper_measure,SCN5A,30059973,p.Val1763Leu c.5287G>T,V1763L,affected,1,,0,1,-1,1,0,1,regex_table,Fixed-width table,baseline,,/Users/kronckbm/GitRepos/GeneVariantFetcher/benchmarks/evaluation_tiers/mixed_gold/answer_key/SCN5A_recall_input.csv,mixed_gold_02
20260903_protocol_mixed02_candidate,2026-09-03T19:34:09.579935+00:00,matched_variant_paper_measure,SCN5A,30059973,p.Val1763Met c.5287G>A,V1763M,affected,6,,0,1,-6,6,0,1,regex_table,Fixed-width table,baseline,,/Users/kronckbm/GitRepos/GeneVariantFetcher/benchmarks/evaluation_tiers/mixed_gold/answer_key/SCN5A_recall_input.csv,mixed_gold_02
20260903_protocol_mixed02_candidate,2026-09-03T19:34:09.579935+00:00,matched_variant_paper_measure,SCN5A,30059973,p.Val1777Leu c.5329G>T,V1777L,affected,1,,0,1,-1,1,0,1,regex_table,Fixed-width table,baseline,,/Users/kronckbm/GitRepos/GeneVariantFetcher/benchmarks/evaluation_tiers/mixed_gold/answer_key/SCN5A_recall_input.csv,mixed_gold_02
20260903_protocol_mixed02_candidate,2026-09-03T19:34:09.579935+00:00,matched_variant_paper_measure,SCN5A,30059973,p.Val1777Met c.5329G>A,V1777M,affected,8,,0,1,-8,8,0,1,regex_table,Fixed-width table,baseline,,/Users/kronckbm/GitRepos/GeneVariantFetcher/benchmarks/evaluation_tiers/mixed_gold/answer_key/SCN5A_recall_input.csv,mixed_gold_02
20260903_protocol_mixed02_candidate,2026-09-03T19:34:09.579935+00:00,matched_variant_paper_measure,SCN5A,30059973,p.Val240Met c.718G>A,V240M,affected,1,,0,1,-1,1,0,1,regex_table,Fixed-width table,baseline,,/Users/kronckbm/GitRepos/GeneVariantFetcher/benchmarks/evaluation_tiers/mixed_gold/answer_key/SCN5A_recall_input.csv,mixed_gold_02
20260903_protocol_mixed02_candidate,2026-09-03T19:34:09.579935+00:00,matched_variant_paper_measure,SCN5A,30059973,p.Val263Ile c.787G>A,V263I,affected,1,,0,1,-1,1,0,1,regex_table,Fixed-width table,baseline,,/Users/kronckbm/GitRepos/GeneVariantFetcher/benchmarks/evaluation_tiers/mixed_gold/answer_key/SCN5A_recall_input.csv,mixed_gold_02
20260903_protocol_mixed02_candidate,2026-09-03T19:34:09.579935+00:00,matched_variant_paper_measure,SCN5A,30059973,p.Val411Met c.1231G>A,V411M,affected,10,,0,1,-10,10,0,1,regex_table,Fixed-width table,baseline,,/Users/kronckbm/GitRepos/GeneVariantFetcher/benchmarks/evaluation_tiers/mixed_gold/answer_key/SCN5A_recall_input.csv,mixed_gold_02
20260903_protocol_mixed02_candidate,2026-09-03T19:34:09.579935+00:00,matched_variant_paper_measure,SCN5A,30059973,p.Trp1191* c.3572G>A,W1191X,affected,2,,0,1,-2,2,0,1,regex_table,Fixed-width table,baseline,,/Users/kronckbm/GitRepos/GeneVariantFetcher/benchmarks/evaluation_tiers/mixed_gold/answer_key/SCN5A_recall_input.csv,mixed_gold_02
20260903_protocol_mixed02_candidate,2026-09-03T19:34:09.579935+00:00,matched_variant_paper_measure,SCN5A,30059973,p.Trp1345Cys c.4035G>T,W1345C,affected,2,,0,1,-2,2,0,1,regex_table,Fixed-width table,baseline,,/Users/kronckbm/GitRepos/GeneVariantFetcher/benchmarks/evaluation_tiers/mixed_gold/answer_key/SCN5A_recall_input.csv,mixed_gold_02
20260903_protocol_mixed02_candidate,2026-09-03T19:34:09.579935+00:00,matched_variant_paper_measure,SCN5A,30059973,p.Trp156* c.468G>A,W156X,affected,1,,0,1,-1,1,0,1,regex_table,Fixed-width table,baseline,,/Users/kronckbm/GitRepos/GeneVariantFetcher/benchmarks/evaluation_tiers/mixed_gold/answer_key/SCN5A_recall_input.csv,mixed_gold_02
20260903_protocol_mixed02_candidate,2026-09-03T19:34:09.579935+00:00,matched_variant_paper_measure,SCN5A,30059973,p.Trp374Gly c.1120T>G,W374G,affected,2,,0,1,-2,2,0,1,regex_table,Fixed-width table,baseline,,/Users/kronckbm/GitRepos/GeneVariantFetcher/benchmarks/evaluation_tiers/mixed_gold/answer_key/SCN5A_recall_input.csv,mixed_gold_02
20260903_protocol_mixed02_candidate,2026-09-03T19:34:09.579935+00:00,matched_variant_paper_measure,SCN5A,30059973,p.Tyr1449Cys c.4346A>G,Y1449C,affected,2,,0,1,-2,2,0,1,regex_table,Fixed-width table,baseline,,/Users/kronckbm/GitRepos/GeneVariantFetcher/benchmarks/evaluation_tiers/mixed_gold/answer_key/SCN5A_recall_input.csv,mixed_gold_02
20260903_protocol_mixed02_candidate,2026-09-03T19:34:09.579935+00:00,matched_variant_paper_measure,SCN5A,30059973,p.Tyr1615* c.4845C>G,Y1615X,affected,1,,0,1,-1,1,0,1,regex_table,Fixed-width table,baseline,,/Users/kronckbm/GitRepos/GeneVariantFetcher/benchmarks/evaluation_tiers/mixed_gold/answer_key/SCN5A_recall_input.csv,mixed_gold_02
20260903_protocol_mixed02_candidate,2026-09-03T19:34:09.579935+00:00,matched_variant_paper_measure,SCN5A,30059973,p.Tyr1767Cys c.5300A>G,Y1767C,affected,2,,0,1,-2,2,0,1,regex_table,Fixed-width table,baseline,,/Users/kronckbm/GitRepos/GeneVariantFetcher/benchmarks/evaluation_tiers/mixed_gold/answer_key/SCN5A_recall_input.csv,mixed_gold_02
20260903_protocol_mixed02_candidate,2026-09-03T19:34:09.579935+00:00,matched_variant_paper_measure,SCN5A,30059973,p.Tyr1795Cys c.5384A>G,Y1795C,affected,2,,0,1,-2,2,0,1,regex_table,Fixed-width table,baseline,,/Users/kronckbm/GitRepos/GeneVariantFetcher/benchmarks/evaluation_tiers/mixed_gold/answer_key/SCN5A_recall_input.csv,mixed_gold_02
20260903_protocol_mixed02_candidate,2026-09-03T19:34:09.579935+00:00,matched_variant_paper_measure,SCN5A,30059973,p.Tyr1795Asn c.5383T>A,Y1795N,affected,1,,0,1,-1,1,0,1,regex_table,Fixed-width table,baseline,,/Users/kronckbm/GitRepos/GeneVariantFetcher/benchmarks/evaluation_tiers/mixed_gold/answer_key/SCN5A_recall_input.csv,mixed_gold_02
20260903_protocol_mixed02_candidate,2026-09-03T19:34:09.579935+00:00,matched_variant_paper_measure,SCN5A,30059973,p.Tyr1811Asn c.5431T>A,Y1811N,affected,1,,0,1,-1,1,0,1,regex_table,Fixed-width table,baseline,,/Users/kronckbm/GitRepos/GeneVariantFetcher/benchmarks/evaluation_tiers/mixed_gold/answer_key/SCN5A_recall_input.csv,mixed_gold_02
20260903_protocol_mixed02_candidate,2026-09-03T19:34:09.579935+00:00,matched_variant_paper_measure,SCN5A,30059973,p.Tyr1811* c.5433T>G,Y1811X,affected,1,,0,1,-1,1,0,1,regex_table,Fixed-width table,baseline,,/Users/kronckbm/GitRepos/GeneVariantFetcher/benchmarks/evaluation_tiers/mixed_gold/answer_key/SCN5A_recall_input.csv,mixed_gold_02
20260903_protocol_mixed02_candidate,2026-09-03T19:34:09.579935+00:00,matched_variant_paper_measure,SCN5A,30059973,c.3840+1G>A,c.3840+1G>A,affected,5,,0,1,-5,5,0,1,regex_table,Fixed-width table,baseline,,/Users/kronckbm/GitRepos/GeneVariantFetcher/benchmarks/evaluation_tiers/mixed_gold/answer_key/SCN5A_recall_input.csv,mixed_gold_02
20260903_protocol_mixed02_candidate,2026-09-03T19:34:09.579935+00:00,matched_variant_paper_measure,SCN5A,30059973,c.393-1C>T,c.393-1C>T,affected,1,,0,1,-1,1,0,1,regex_table,Fixed-width table,baseline,,/Users/kronckbm/GitRepos/GeneVariantFetcher/benchmarks/evaluation_tiers/mixed_gold/answer_key/SCN5A_recall_input.csv,mixed_gold_02
20260903_protocol_mixed02_candidate,2026-09-03T19:34:09.579935+00:00,matched_variant_paper_measure,SCN5A,30059973,c.4245+1G>T,c.4245+1G>T,affected,1,,0,1,-1,1,0,1,regex_table,Fixed-width table,baseline,,/Users/kronckbm/GitRepos/GeneVariantFetcher/benchmarks/evaluation_tiers/mixed_gold/answer_key/SCN5A_recall_input.csv,mixed_gold_02
20260903_protocol_mixed02_candidate,2026-09-03T19:34:09.579935+00:00,matched_variant_paper_measure,SCN5A,30059973,c.4437+5G>A,c.4437+5G>A,affected,1,,0,1,-1,1,0,1,regex_table,Fixed-width table,baseline,,/Users/kronckbm/GitRepos/GeneVariantFetcher/benchmarks/evaluation_tiers/mixed_gold/answer_key/SCN5A_recall_input.csv,mixed_gold_02
20260903_protocol_mixed02_candidate,2026-09-03T19:34:09.579935+00:00,matched_variant_paper_measure,SCN5A,30059973,c.611+1G>A,c.611+1G>A,affected,2,,0,1,-2,2,0,1,regex_table,Fixed-width table,baseline,,/Users/kronckbm/GitRepos/GeneVariantFetcher/benchmarks/evaluation_tiers/mixed_gold/answer_key/SCN5A_recall_input.csv,mixed_gold_02
20260903_protocol_mixed02_candidate,2026-09-03T19:34:09.579935+00:00,matched_variant_paper_measure,SCN5A,30059973,c.703+1G>A,c.703+1G>A,affected,1,,0,1,-1,1,0,1,regex_table,Fixed-width table,baseline,,/Users/kronckbm/GitRepos/GeneVariantFetcher/benchmarks/evaluation_tiers/mixed_gold/answer_key/SCN5A_recall_input.csv,mixed_gold_02
20260903_protocol_mixed02_candidate,2026-09-03T19:34:09.579935+00:00,matched_variant_paper_measure,SCN5A,30059973,c.934+1G>A,c.934+1G>A,affected,2,,0,1,-2,2,0,1,regex_table,Fixed-width table,baseline,,/Users/kronckbm/GitRepos/GeneVariantFetcher/benchmarks/evaluation_tiers/mixed_gold/answer_key/SCN5A_recall_input.csv,mixed_gold_02
20260903_protocol_mixed02_candidate,2026-09-03T19:34:09.579935+00:00,matched_variant_paper_measure,SCN5A,30116708,p.Arg222Gly c.664C>G,R222G,affected,3,,0,1,-3,3,0,1,figure,"Case report, Mutation in the SCN5A gene section; Figure 1 pedigree",baseline,,/Users/kronckbm/GitRepos/GeneVariantFetcher/benchmarks/evaluation_tiers/mixed_gold/answer_key/SCN5A_recall_input.csv,mixed_gold_02
20260903_protocol_cont120_01_candidate,2026-09-03T23:52:59.594246+00:00,matched_variant_paper_measure,SCN5A,30218094,R219H,R219H,affected,0,1,1,0,1,1,0,1,figure,figure-reader,baseline,,/Users/kronckbm/GitRepos/GeneVariantFetcher/benchmarks/evaluation_tiers/mixed_gold_continuation_120/answer_key/SCN5A_recall_input.csv,mixed_gold_cont120_01
20260903_protocol_cont120_01_candidate,2026-09-03T23:52:59.594246+00:00,matched_variant_paper_measure,APOE,23990795,p.E37K,p.E37K,unaffected,1,1,1,0,0,0,1,0,llm_table,"Table 2, row for APOE E37K; Table 3 clinical status split",baseline,,/Users/kronckbm/GitRepos/GeneVariantFetcher/benchmarks/evaluation_tiers/mixed_gold_continuation_120/answer_key/APOE_recall_input.csv,mixed_gold_cont120_01
20260903_protocol_cont120_01_candidate,2026-09-03T23:52:59.594246+00:00,matched_variant_paper_measure,APOE,23990795,p.L46P,p.L46P,unaffected,4,,0,1,-4,4,0,1,llm_table,"Table 2, row for APOE L46P; Table 3 clinical status split",baseline,,/Users/kronckbm/GitRepos/GeneVariantFetcher/benchmarks/evaluation_tiers/mixed_gold_continuation_120/answer_key/APOE_recall_input.csv,mixed_gold_cont120_01
20260903_protocol_mixed01_candidate,2026-09-03T18:31:19.973529+00:00,matched_variant_paper_measure,KCNH2,9544837,p.Ala614Val,A614V,unaffected,0,,0,1,0,0,1,0,llm_text,Abstract,baseline,,/Users/kronckbm/GitRepos/GeneVariantFetcher/benchmarks/evaluation_tiers/mixed_gold/answer_key/KCNH2_recall_input.csv,mixed_gold_01
20260903_protocol_mixed01_candidate,2026-09-03T18:31:19.973529+00:00,matched_variant_paper_measure,KCNH2,9544837,p.Asn629Asp,N629D,unaffected,0,,0,1,0,0,1,0,llm_text,Abstract,baseline,,/Users/kronckbm/GitRepos/GeneVariantFetcher/benchmarks/evaluation_tiers/mixed_gold/answer_key/KCNH2_recall_input.csv,mixed_gold_01
20260903_protocol_mixed01_candidate,2026-09-03T18:31:19.973529+00:00,matched_variant_paper_measure,KCNH2,9544837,p.Asn629Ser,N629S,unaffected,0,,0,1,0,0,1,0,llm_text,Abstract,baseline,,/Users/kronckbm/GitRepos/GeneVariantFetcher/benchmarks/evaluation_tiers/mixed_gold/answer_key/KCNH2_recall_input.csv,mixed_gold_01
20260903_protocol_mixed01_candidate,2026-09-03T18:31:19.973529+00:00,matched_variant_paper_measure,KCNH2,9544837,p.Asn633Ser,N633S,unaffected,0,,0,1,0,0,1,0,llm_text,Abstract,baseline,,/Users/kronckbm/GitRepos/GeneVariantFetcher/benchmarks/evaluation_tiers/mixed_gold/answer_key/KCNH2_recall_input.csv,mixed_gold_01
20260903_protocol_mixed01_candidate,2026-09-03T18:31:19.973529+00:00,matched_variant_paper_measure,KCNH2,9544837,p.Val612Leu,V612L,unaffected,1,,0,1,-1,1,0,1,llm_text,Abstract,baseline,,/Users/kronckbm/GitRepos/GeneVariantFetcher/benchmarks/evaluation_tiers/mixed_gold/answer_key/KCNH2_recall_input.csv,mixed_gold_01
20260903_protocol_cont120_01_candidate,2026-09-03T23:52:59.594246+00:00,matched_variant_paper_measure,KCNH2,10790218,p.Tyr667*,Y667X,unaffected,2,,0,1,-2,2,0,1,llm_text,"Abstract, Results",baseline,,/Users/kronckbm/GitRepos/GeneVariantFetcher/benchmarks/evaluation_tiers/mixed_gold_continuation_120/answer_key/KCNH2_recall_input.csv,mixed_gold_cont120_01
20260903_protocol_cont120_01_candidate,2026-09-03T23:52:59.594246+00:00,matched_variant_paper_measure,KCNH2,12442276,p.E444D c.1332G>T,E444D,unaffected,0,,0,1,0,0,1,0,llm_table,"Table 2, Results section on KCNH2 mutations",baseline,,/Users/kronckbm/GitRepos/GeneVariantFetcher/benchmarks/evaluation_tiers/mixed_gold_continuation_120/answer_key/KCNH2_recall_input.csv,mixed_gold_cont120_01
20260903_protocol_cont120_01_candidate,2026-09-03T23:52:59.594246+00:00,matched_variant_paper_measure,KCNH2,12442276,p.L413P c.1421T>C,L413P,unaffected,0,1,1,0,1,1,0,1,llm_table,"Table 2, Results section on KCNH2 mutations",baseline,,/Users/kronckbm/GitRepos/GeneVariantFetcher/benchmarks/evaluation_tiers/mixed_gold_continuation_120/answer_key/KCNH2_recall_input.csv,mixed_gold_cont120_01
20260903_protocol_cont120_01_candidate,2026-09-03T23:52:59.594246+00:00,matched_variant_paper_measure,KCNH2,12442276,p.L559H c.1676T>A,L559H,unaffected,0,1,1,0,1,1,0,1,llm_table,"Table 2, Results section on KCNH2 mutations",baseline,,/Users/kronckbm/GitRepos/GeneVariantFetcher/benchmarks/evaluation_tiers/mixed_gold_continuation_120/answer_key/KCNH2_recall_input.csv,mixed_gold_cont120_01
20260903_protocol_cont120_01_candidate,2026-09-03T23:52:59.594246+00:00,matched_variant_paper_measure,KCNH2,14714110,R863X,R863X,unaffected,1,,0,1,-1,1,0,1,figure,figure-reader,baseline,,/Users/kronckbm/GitRepos/GeneVariantFetcher/benchmarks/evaluation_tiers/mixed_gold_continuation_120/answer_key/KCNH2_recall_input.csv,mixed_gold_cont120_01
20260903_protocol_mixed01_candidate,2026-09-03T18:31:19.973529+00:00,matched_variant_paper_measure,KCNH2,15466642,p.Thr613Met,T613M,unaffected,0,,0,1,0,0,1,0,llm_table,"Table, Case 30; Results text",baseline,,/Users/kronckbm/GitRepos/GeneVariantFetcher/benchmarks/evaluation_tiers/mixed_gold/answer_key/KCNH2_recall_input.csv,mixed_gold_01
20260903_protocol_mixed01_candidate,2026-09-03T18:31:19.973529+00:00,matched_variant_paper_measure,KCNH2,15466642,p.Val131fs,V131fsX,unaffected,0,,0,1,0,0,1,0,llm_table,"Table, Case 29; Results text",baseline,,/Users/kronckbm/GitRepos/GeneVariantFetcher/benchmarks/evaluation_tiers/mixed_gold/answer_key/KCNH2_recall_input.csv,mixed_gold_01
20260903_protocol_cont120_01_candidate,2026-09-03T23:52:59.594246+00:00,matched_variant_paper_measure,KCNH2,15670565,p.Lys101Glu c.301A>G,K101E,unaffected,0,,0,1,0,0,1,0,llm_text,"Main text, Results and Abstract",baseline,,/Users/kronckbm/GitRepos/GeneVariantFetcher/benchmarks/evaluation_tiers/mixed_gold_continuation_120/answer_key/KCNH2_recall_input.csv,mixed_gold_cont120_01
20260903_protocol_mixed01_candidate,2026-09-03T18:31:19.973529+00:00,matched_variant_paper_measure,KCNH2,15851119,p.Ile31Ser,I31S,unaffected,0,,0,1,0,0,1,0,llm_table,"Table 1, Row 1; Results paragraph on 13 KCNH2 mutations",baseline,,/Users/kronckbm/GitRepos/GeneVariantFetcher/benchmarks/evaluation_tiers/mixed_gold/answer_key/KCNH2_recall_input.csv,mixed_gold_01
20260903_protocol_mixed01_candidate,2026-09-03T18:31:19.973529+00:00,matched_variant_paper_measure,KCNH2,15851119,p.Pro910fs,P910fsX,unaffected,0,,0,1,0,0,1,0,llm_table,"Table 1, Row 9; Results",baseline,,/Users/kronckbm/GitRepos/GeneVariantFetcher/benchmarks/evaluation_tiers/mixed_gold/answer_key/KCNH2_recall_input.csv,mixed_gold_01
20260903_protocol_mixed01_candidate,2026-09-03T18:31:19.973529+00:00,matched_variant_paper_measure,KCNH2,15851119,p.Arg1005fs,R1005fsX,unaffected,0,,0,1,0,0,1,0,llm_table,"Table 1, Row 12; Results",baseline,,/Users/kronckbm/GitRepos/GeneVariantFetcher/benchmarks/evaluation_tiers/mixed_gold/answer_key/KCNH2_recall_input.csv,mixed_gold_01
20260903_protocol_mixed01_candidate,2026-09-03T18:31:19.973529+00:00,matched_variant_paper_measure,KCNH2,15851119,p.Arg920fs,R920fsX,unaffected,0,,0,1,0,0,1,0,llm_table,"Table 1, Row 10; Results",baseline,,/Users/kronckbm/GitRepos/GeneVariantFetcher/benchmarks/evaluation_tiers/mixed_gold/answer_key/KCNH2_recall_input.csv,mixed_gold_01
20260903_protocol_cont120_01_candidate,2026-09-03T23:52:59.594246+00:00,matched_variant_paper_measure,KCNH2,16155735,p.Asn633Asp,N633D,unaffected,0,,0,1,0,0,1,0,llm_text,Abstract,baseline,,/Users/kronckbm/GitRepos/GeneVariantFetcher/benchmarks/evaluation_tiers/mixed_gold_continuation_120/answer_key/KCNH2_recall_input.csv,mixed_gold_cont120_01
20260903_protocol_cont120_01_candidate,2026-09-03T23:52:59.594246+00:00,matched_variant_paper_measure,KCNH2,16155735,c.2768delC,P923fsX,unaffected,0,,0,1,0,0,1,0,llm_text,Abstract,baseline,,/Users/kronckbm/GitRepos/GeneVariantFetcher/benchmarks/evaluation_tiers/mixed_gold_continuation_120/answer_key/KCNH2_recall_input.csv,mixed_gold_cont120_01
20260903_protocol_cont120_01_candidate,2026-09-03T23:52:59.594246+00:00,matched_variant_paper_measure,KCNH2,17531263,p.Pro347Ser c.1039C>T,P347S,unaffected,7,,0,1,-7,7,0,1,llm_table,"Results, Genetic analysis and Biophysical properties sections; Discussion",baseline,,/Users/kronckbm/GitRepos/GeneVariantFetcher/benchmarks/evaluation_tiers/mixed_gold_continuation_120/answer_key/KCNH2_recall_input.csv,mixed_gold_cont120_01
20260903_protocol_cont120_01_candidate,2026-09-03T23:52:59.594246+00:00,matched_variant_paper_measure,KCNH2,19070294,p.Ala614Val,A614V,unaffected,0,,0,1,0,0,1,0,llm_text,"Abstract, Results",baseline,,/Users/kronckbm/GitRepos/GeneVariantFetcher/benchmarks/evaluation_tiers/mixed_gold_continuation_120/answer_key/KCNH2_recall_input.csv,mixed_gold_cont120_01
20260903_protocol_cont120_01_candidate,2026-09-03T23:52:59.594246+00:00,matched_variant_paper_measure,KCNH2,19160088,p.Leu552Ser,L552S,unaffected,2,,0,1,-2,2,0,1,llm_text,"Results section, genotyping results",baseline,,/Users/kronckbm/GitRepos/GeneVariantFetcher/benchmarks/evaluation_tiers/mixed_gold_continuation_120/answer_key/KCNH2_recall_input.csv,mixed_gold_cont120_01
20260903_protocol_mixed02_candidate,2026-09-03T19:34:09.579935+00:00,matched_variant_paper_measure,KCNH2,19215240,p.Phe463Leu,F463L,unaffected,1,,0,1,-1,1,0,1,llm_text,Abstract only - Functional study - assay data only,baseline,,/Users/kronckbm/GitRepos/GeneVariantFetcher/benchmarks/evaluation_tiers/mixed_gold/answer_key/KCNH2_recall_input.csv,mixed_gold_02
20260903_protocol_cont120_01_candidate,2026-09-03T23:52:59.594246+00:00,matched_variant_paper_measure,KCNH2,19490267,p.G572S,G572S,unaffected,0,,0,1,0,0,1,0,llm_text,"Results, Clinical Features; Mutant Phenotype; Coassembly of HERG WT and G572S Mutant Subunits",baseline,,/Users/kronckbm/GitRepos/GeneVariantFetcher/benchmarks/evaluation_tiers/mixed_gold_continuation_120/answer_key/KCNH2_recall_input.csv,mixed_gold_cont120_01
20260903_protocol_cont120_01_candidate,2026-09-03T23:52:59.594246+00:00,matched_variant_paper_measure,KCNH2,19490267,p.G584S,G584S,unaffected,16,,0,1,-16,16,0,1,llm_text,"Results, Clinical Features; Electrophysiological Phenotype of G584S; Modeling of Mutant Phenotypes",baseline,,/Users/kronckbm/GitRepos/GeneVariantFetcher/benchmarks/evaluation_tiers/mixed_gold_continuation_120/answer_key/KCNH2_recall_input.csv,mixed_gold_cont120_01
20260903_protocol_cont120_01_candidate,2026-09-03T23:52:59.594246+00:00,matched_variant_paper_measure,KCNH2,20167303,deletion of exons 6-14,EXON6-14DEL,unaffected,0,,0,1,0,0,1,0,llm_table,"Table 1 B, Case 20; Results text",baseline,,/Users/kronckbm/GitRepos/GeneVariantFetcher/benchmarks/evaluation_tiers/mixed_gold_continuation_120/answer_key/KCNH2_recall_input.csv,mixed_gold_cont120_01
20260903_protocol_cont120_01_candidate,2026-09-03T23:52:59.594246+00:00,matched_variant_paper_measure,KCNH2,20167303,p.Q81H c.243G>C,Q81H,unaffected,1,1,1,0,0,0,1,0,llm_table,"Table 1, Case 3; Results text",baseline,,/Users/kronckbm/GitRepos/GeneVariantFetcher/benchmarks/evaluation_tiers/mixed_gold_continuation_120/answer_key/KCNH2_recall_input.csv,mixed_gold_cont120_01
20260903_protocol_cont120_01_candidate,2026-09-03T23:52:59.594246+00:00,matched_variant_paper_measure,KCNH2,20167303,p.R1047L c.3140G>T,R1047L,unaffected,0,,0,1,0,0,1,0,llm_table,"Table 1, Case 2; Results text",baseline,,/Users/kronckbm/GitRepos/GeneVariantFetcher/benchmarks/evaluation_tiers/mixed_gold_continuation_120/answer_key/KCNH2_recall_input.csv,mixed_gold_cont120_01
20260903_protocol_cont120_01_candidate,2026-09-03T23:52:59.594246+00:00,matched_variant_paper_measure,KCNH2,20167303,p.S621R c.1861A>C,S621R,unaffected,1,,0,1,-1,1,0,1,llm_table,"Table 1, Case 16; Results text",baseline,,/Users/kronckbm/GitRepos/GeneVariantFetcher/benchmarks/evaluation_tiers/mixed_gold_continuation_120/answer_key/KCNH2_recall_input.csv,mixed_gold_cont120_01
20260903_protocol_mixed01_candidate,2026-09-03T18:31:19.973529+00:00,matched_variant_paper_measure,KCNH2,22067087,p.Arg176Trp,R176W,unaffected,0,,0,1,0,0,1,0,llm_text,Abstract and title,baseline,,/Users/kronckbm/GitRepos/GeneVariantFetcher/benchmarks/evaluation_tiers/mixed_gold/answer_key/KCNH2_recall_input.csv,mixed_gold_01
20260903_protocol_cont120_01_candidate,2026-09-03T23:52:59.594246+00:00,matched_variant_paper_measure,KCNH2,22407026,p.K897T,K897T,unaffected,1,,0,1,-1,1,0,1,llm_text,Abstract,baseline,,/Users/kronckbm/GitRepos/GeneVariantFetcher/benchmarks/evaluation_tiers/mixed_gold_continuation_120/answer_key/KCNH2_recall_input.csv,mixed_gold_cont120_01
20260903_protocol_cont120_01_candidate,2026-09-03T23:52:59.594246+00:00,matched_variant_paper_measure,KCNH2,22407026,p.M645R,M645R,unaffected,1,,0,1,-1,1,0,1,llm_text,"Abstract, Results",baseline,,/Users/kronckbm/GitRepos/GeneVariantFetcher/benchmarks/evaluation_tiers/mixed_gold_continuation_120/answer_key/KCNH2_recall_input.csv,mixed_gold_cont120_01
20260903_protocol_mixed01_candidate,2026-09-03T18:31:19.973529+00:00,matched_variant_paper_measure,KCNH2,23936059,p.Ala913Val c.2738C>T,A913V,unaffected,0,,0,1,0,0,1,0,llm_table,"Results, Karyotype and Molecular Genetics; Table 4",baseline,,/Users/kronckbm/GitRepos/GeneVariantFetcher/benchmarks/evaluation_tiers/mixed_gold/answer_key/KCNH2_recall_input.csv,mixed_gold_01
20260903_protocol_mixed01_candidate,2026-09-03T18:31:19.973529+00:00,matched_variant_paper_measure,KCNH2,23936059,p.Arg1047Leu c.3140G>T,R1047L,unaffected,0,,0,1,0,0,1,0,llm_table,"Results, Karyotype and Molecular Genetics; Table 4",baseline,,/Users/kronckbm/GitRepos/GeneVariantFetcher/benchmarks/evaluation_tiers/mixed_gold/answer_key/KCNH2_recall_input.csv,mixed_gold_01
20260903_protocol_mixed02_candidate,2026-09-03T19:34:09.579935+00:00,matched_variant_paper_measure,KCNH2,26129877,p.Thr436Met,T436M,unaffected,1,,0,1,-1,1,0,1,figure,Table 3; Results section on KCNH2 T436M; Figure II and Table II (functional data),baseline,,/Users/kronckbm/GitRepos/GeneVariantFetcher/benchmarks/evaluation_tiers/mixed_gold/answer_key/KCNH2_recall_input.csv,mixed_gold_02
20260903_protocol_mixed02_candidate,2026-09-03T19:34:09.579935+00:00,matched_variant_paper_measure,KCNH2,26129877,p.Thr895Met,T895M,unaffected,3,,0,1,-3,3,0,1,figure,Table 3; Results section on KCNH2 T895M; Figure 4 and Table II (functional data),baseline,,/Users/kronckbm/GitRepos/GeneVariantFetcher/benchmarks/evaluation_tiers/mixed_gold/answer_key/KCNH2_recall_input.csv,mixed_gold_02
20260903_protocol_cont120_01_candidate,2026-09-03T23:52:59.594246+00:00,matched_variant_paper_measure,KCNH2,26173150,p.Thr613Ala c.1837A>G,T613A,unaffected,0,,0,1,0,0,1,0,figure,"Results, Introduction, Figure 1, Figure 2",baseline,,/Users/kronckbm/GitRepos/GeneVariantFetcher/benchmarks/evaluation_tiers/mixed_gold_continuation_120/answer_key/KCNH2_recall_input.csv,mixed_gold_cont120_01
20260903_protocol_mixed02_candidate,2026-09-03T19:34:09.579935+00:00,matched_variant_paper_measure,KCNH2,26831020,K638del,K638del,unaffected,0,,0,1,0,0,1,0,regex_table,"Table (regex extraction), block 1",baseline,,/Users/kronckbm/GitRepos/GeneVariantFetcher/benchmarks/evaluation_tiers/mixed_gold/answer_key/KCNH2_recall_input.csv,mixed_gold_02
20260903_protocol_cont120_01_candidate,2026-09-03T23:52:59.594246+00:00,matched_variant_paper_measure,KCNH2,27555138,p.Ala614Val,A614V,unaffected,0,,0,1,0,0,1,0,llm_text,"Case report, Results and Discussion sections",baseline,,/Users/kronckbm/GitRepos/GeneVariantFetcher/benchmarks/evaluation_tiers/mixed_gold_continuation_120/answer_key/KCNH2_recall_input.csv,mixed_gold_cont120_01
20260903_protocol_cont120_01_candidate,2026-09-03T23:52:59.594246+00:00,matched_variant_paper_measure,KCNH2,27816319,p.Cys44Trp,C44W,unaffected,0,,0,1,0,0,1,0,llm_table,"Results, Table 1",baseline,,/Users/kronckbm/GitRepos/GeneVariantFetcher/benchmarks/evaluation_tiers/mixed_gold_continuation_120/answer_key/KCNH2_recall_input.csv,mixed_gold_cont120_01
20260903_protocol_cont120_01_candidate,2026-09-03T23:52:59.594246+00:00,matched_variant_paper_measure,KCNH2,27816319,p.Glu1126Glyfs*144,E1126fsX,unaffected,0,,0,1,0,0,1,0,llm_table,"Results, Table 1",baseline,,/Users/kronckbm/GitRepos/GeneVariantFetcher/benchmarks/evaluation_tiers/mixed_gold_continuation_120/answer_key/KCNH2_recall_input.csv,mixed_gold_cont120_01
20260903_protocol_cont120_01_candidate,2026-09-03T23:52:59.594246+00:00,matched_variant_paper_measure,KCNH2,27816319,p.His492Tyr,H492Y,unaffected,3,,0,1,-3,3,0,1,llm_table,"Results, Table 2, Fig. 3",baseline,,/Users/kronckbm/GitRepos/GeneVariantFetcher/benchmarks/evaluation_tiers/mixed_gold_continuation_120/answer_key/KCNH2_recall_input.csv,mixed_gold_cont120_01
20260903_protocol_mixed01_candidate,2026-09-03T18:31:19.973529+00:00,matched_variant_paper_measure,KCNH2,28491588,p.K897T,K897T,unaffected,0,,0,1,0,0,1,0,llm_text,"Case report, Discussion",baseline,,/Users/kronckbm/GitRepos/GeneVariantFetcher/benchmarks/evaluation_tiers/mixed_gold/answer_key/KCNH2_recall_input.csv,mixed_gold_01
20260903_protocol_mixed01_candidate,2026-09-03T18:31:19.973529+00:00,matched_variant_paper_measure,KCNH2,28491588,p.T618I c.1853C>T,T618I,unaffected,0,,0,1,0,0,1,0,llm_text,"Case report, Results section",baseline,,/Users/kronckbm/GitRepos/GeneVariantFetcher/benchmarks/evaluation_tiers/mixed_gold/answer_key/KCNH2_recall_input.csv,mixed_gold_01
20260903_protocol_mixed02_candidate,2026-09-03T19:34:09.579935+00:00,matched_variant_paper_measure,KCNH2,29330128,p.Ser55Leu,S55L,unaffected,0,,0,1,0,0,1,0,figure,"Results, Figure 2, Figure 3",baseline,,/Users/kronckbm/GitRepos/GeneVariantFetcher/benchmarks/evaluation_tiers/mixed_gold/answer_key/KCNH2_recall_input.csv,mixed_gold_02
20260903_protocol_mixed02_candidate,2026-09-03T19:34:09.579935+00:00,matched_variant_paper_measure,KCNH2,29752375,A190T,A190T,unaffected,0,,0,1,0,0,1,0,figure,figure-reader,baseline,,/Users/kronckbm/GitRepos/GeneVariantFetcher/benchmarks/evaluation_tiers/mixed_gold/answer_key/KCNH2_recall_input.csv,mixed_gold_02
20260903_protocol_mixed02_candidate,2026-09-03T19:34:09.579935+00:00,matched_variant_paper_measure,KCNH2,29752375,E90K,E90K,unaffected,0,,0,1,0,0,1,0,figure,figure-reader,baseline,,/Users/kronckbm/GitRepos/GeneVariantFetcher/benchmarks/evaluation_tiers/mixed_gold/answer_key/KCNH2_recall_input.csv,mixed_gold_02
20260903_protocol_mixed02_candidate,2026-09-03T19:34:09.579935+00:00,matched_variant_paper_measure,KCNH2,29752375,G294V,G294V,unaffected,0,,0,1,0,0,1,0,figure,figure-reader,baseline,,/Users/kronckbm/GitRepos/GeneVariantFetcher/benchmarks/evaluation_tiers/mixed_gold/answer_key/KCNH2_recall_input.csv,mixed_gold_02
20260903_protocol_mixed02_candidate,2026-09-03T19:34:09.579935+00:00,matched_variant_paper_measure,KCNH2,29752375,P967L,P967L,unaffected,0,,0,1,0,0,1,0,figure,figure-reader,baseline,,/Users/kronckbm/GitRepos/GeneVariantFetcher/benchmarks/evaluation_tiers/mixed_gold/answer_key/KCNH2_recall_input.csv,mixed_gold_02
20260903_protocol_mixed02_candidate,2026-09-03T19:34:09.579935+00:00,matched_variant_paper_measure,KCNH2,29752375,Q1068R,Q1068R,unaffected,0,,0,1,0,0,1,0,figure,figure-reader,baseline,,/Users/kronckbm/GitRepos/GeneVariantFetcher/benchmarks/evaluation_tiers/mixed_gold/answer_key/KCNH2_recall_input.csv,mixed_gold_02
20260903_protocol_mixed02_candidate,2026-09-03T19:34:09.579935+00:00,matched_variant_paper_measure,KCNH2,29752375,R1005W,R1005W,unaffected,0,,0,1,0,0,1,0,figure,figure-reader,baseline,,/Users/kronckbm/GitRepos/GeneVariantFetcher/benchmarks/evaluation_tiers/mixed_gold/answer_key/KCNH2_recall_input.csv,mixed_gold_02
20260903_protocol_mixed02_candidate,2026-09-03T19:34:09.579935+00:00,matched_variant_paper_measure,KCNH2,29752375,R181Q,R181Q,unaffected,0,,0,1,0,0,1,0,figure,figure-reader,baseline,,/Users/kronckbm/GitRepos/GeneVariantFetcher/benchmarks/evaluation_tiers/mixed_gold/answer_key/KCNH2_recall_input.csv,mixed_gold_02
20260903_protocol_mixed02_candidate,2026-09-03T19:34:09.579935+00:00,matched_variant_paper_measure,KCNH2,29752375,R791W,R791W,unaffected,0,,0,1,0,0,1,0,figure,figure-reader,baseline,,/Users/kronckbm/GitRepos/GeneVariantFetcher/benchmarks/evaluation_tiers/mixed_gold/answer_key/KCNH2_recall_input.csv,mixed_gold_02
20260903_protocol_mixed01_candidate,2026-09-03T18:31:19.973529+00:00,matched_variant_paper_measure,KCNH2,29881912,R62Q,R62Q,unaffected,0,,0,1,0,0,1,0,figure,figure-reader,baseline,,/Users/kronckbm/GitRepos/GeneVariantFetcher/benchmarks/evaluation_tiers/mixed_gold/answer_key/KCNH2_recall_input.csv,mixed_gold_01
20260903_protocol_cont120_01_candidate,2026-09-03T23:52:59.594246+00:00,matched_variant_paper_measure,KCNQ1,9702906,p.Phe339del,F339del,unaffected,0,,0,1,0,0,1,0,llm_text,Abstract,baseline,,/Users/kronckbm/GitRepos/GeneVariantFetcher/benchmarks/evaluation_tiers/mixed_gold_continuation_120/answer_key/KCNQ1_recall_input.csv,mixed_gold_cont120_01
20260903_protocol_cont120_01_candidate,2026-09-03T23:52:59.594246+00:00,matched_variant_paper_measure,KCNQ1,11021476,p.Arg259Cys,R259C,unaffected,0,,0,1,0,0,1,0,llm_text,Abstract,baseline,,/Users/kronckbm/GitRepos/GeneVariantFetcher/benchmarks/evaluation_tiers/mixed_gold_continuation_120/answer_key/KCNQ1_recall_input.csv,mixed_gold_cont120_01
20260903_protocol_mixed01_candidate,2026-09-03T18:31:19.973529+00:00,matched_variant_paper_measure,KCNQ1,12710526,p.Leu251Pro,L251P,unaffected,0,,0,1,0,0,1,0,llm_text,Abstract - Functional study - assay data only,baseline,,/Users/kronckbm/GitRepos/GeneVariantFetcher/benchmarks/evaluation_tiers/mixed_gold/answer_key/KCNQ1_recall_input.csv,mixed_gold_01
20260903_protocol_mixed02_candidate,2026-09-03T19:34:09.579935+00:00,matched_variant_paper_measure,KCNQ1,14527360,p.Gly306Val,G306V,unaffected,0,,0,1,0,0,1,0,llm_text,Abstract,baseline,,/Users/kronckbm/GitRepos/GeneVariantFetcher/benchmarks/evaluation_tiers/mixed_gold/answer_key/KCNQ1_recall_input.csv,mixed_gold_02
20260903_protocol_mixed02_candidate,2026-09-03T19:34:09.579935+00:00,matched_variant_paper_measure,KCNQ1,14527360,p.Ser277Leu,S277L,unaffected,0,,0,1,0,0,1,0,llm_text,Abstract,baseline,,/Users/kronckbm/GitRepos/GeneVariantFetcher/benchmarks/evaluation_tiers/mixed_gold/answer_key/KCNQ1_recall_input.csv,mixed_gold_02
20260903_protocol_cont120_01_candidate,2026-09-03T23:52:59.594246+00:00,matched_variant_paper_measure,KCNQ1,15528464,G589D,G589D,unaffected,0,,0,1,0,0,1,0,regex_text,Text scan (protein_single_letter),baseline,,/Users/kronckbm/GitRepos/GeneVariantFetcher/benchmarks/evaluation_tiers/mixed_gold_continuation_120/answer_key/KCNQ1_recall_input.csv,mixed_gold_cont120_01
20260903_protocol_cont120_01_candidate,2026-09-03T23:52:59.594246+00:00,matched_variant_paper_measure,KCNQ1,16155735,p.Ala341Val,A341V,unaffected,0,,0,1,0,0,1,0,llm_text,Abstract,baseline,,/Users/kronckbm/GitRepos/GeneVariantFetcher/benchmarks/evaluation_tiers/mixed_gold_continuation_120/answer_key/KCNQ1_recall_input.csv,mixed_gold_cont120_01
20260903_protocol_cont120_01_candidate,2026-09-03T23:52:59.594246+00:00,matched_variant_paper_measure,KCNQ1,17224687,p.Phe339Ser c.1016T>C,F339S,unaffected,0,0,0,0,0,0,1,0,llm_text,"Results, Long QT syndrome (KCNQ1 and KCNH2)",baseline,,/Users/kronckbm/GitRepos/GeneVariantFetcher/benchmarks/evaluation_tiers/mixed_gold_continuation_120/answer_key/KCNQ1_recall_input.csv,mixed_gold_cont120_01
20260903_protocol_cont120_01_candidate,2026-09-03T23:52:59.594246+00:00,matched_variant_paper_measure,KCNQ1,17224687,p.Thr144Ala c.430A>G,T144A,unaffected,1,1,1,0,0,0,1,0,llm_text,"Results, Long QT syndrome (KCNQ1 and KCNH2)",baseline,,/Users/kronckbm/GitRepos/GeneVariantFetcher/benchmarks/evaluation_tiers/mixed_gold_continuation_120/answer_key/KCNQ1_recall_input.csv,mixed_gold_cont120_01
20260903_protocol_cont120_01_candidate,2026-09-03T23:52:59.594246+00:00,matched_variant_paper_measure,KCNQ1,18580685,p.Val205Met,V205M,unaffected,0,,0,1,0,0,1,0,llm_text,"Results, paragraph 1; Discussion",baseline,,/Users/kronckbm/GitRepos/GeneVariantFetcher/benchmarks/evaluation_tiers/mixed_gold_continuation_120/answer_key/KCNQ1_recall_input.csv,mixed_gold_cont120_01
20260903_protocol_cont120_01_candidate,2026-09-03T23:52:59.594246+00:00,matched_variant_paper_measure,KCNQ1,19056345,p.Ile313Glu,I313E,unaffected,0,,0,1,0,0,1,0,figure,"Functional study - assay data only; Results, Table 1, Figure 1, Figure 2",baseline,,/Users/kronckbm/GitRepos/GeneVariantFetcher/benchmarks/evaluation_tiers/mixed_gold_continuation_120/answer_key/KCNQ1_recall_input.csv,mixed_gold_cont120_01
20260903_protocol_cont120_01_candidate,2026-09-03T23:52:59.594246+00:00,matched_variant_paper_measure,KCNQ1,19056345,p.Ile313Gly,I313G,unaffected,0,,0,1,0,0,1,0,figure,"Functional study - assay data only; Results, Table 1, Figure 1, Figure 2, Figure 3",baseline,,/Users/kronckbm/GitRepos/GeneVariantFetcher/benchmarks/evaluation_tiers/mixed_gold_continuation_120/answer_key/KCNQ1_recall_input.csv,mixed_gold_cont120_01
20260903_protocol_cont120_01_candidate,2026-09-03T23:52:59.594246+00:00,matched_variant_paper_measure,KCNQ1,19056345,p.Ile313Lys,I313K,unaffected,0,,0,1,0,0,1,0,figure,"Functional study - assay data only; Results, Table 1, Figure 1, Figure 2",baseline,,/Users/kronckbm/GitRepos/GeneVariantFetcher/benchmarks/evaluation_tiers/mixed_gold_continuation_120/answer_key/KCNQ1_recall_input.csv,mixed_gold_cont120_01
20260903_protocol_cont120_01_candidate,2026-09-03T23:52:59.594246+00:00,matched_variant_paper_measure,KCNQ1,19056345,p.Ile313Val,I313V,unaffected,0,,0,1,0,0,1,0,figure,"Functional study - assay data only; Results, Table 1, Figure 1, Figure 2",baseline,,/Users/kronckbm/GitRepos/GeneVariantFetcher/benchmarks/evaluation_tiers/mixed_gold_continuation_120/answer_key/KCNQ1_recall_input.csv,mixed_gold_cont120_01
20260903_protocol_cont120_01_candidate,2026-09-03T23:52:59.594246+00:00,matched_variant_paper_measure,KCNQ1,19160088,G589D,G589D,unaffected,0,,0,1,0,0,1,0,llm_text,Results,baseline,,/Users/kronckbm/GitRepos/GeneVariantFetcher/benchmarks/evaluation_tiers/mixed_gold_continuation_120/answer_key/KCNQ1_recall_input.csv,mixed_gold_cont120_01
20260903_protocol_cont120_01_candidate,2026-09-03T23:52:59.594246+00:00,matched_variant_paper_measure,KCNQ1,19348785,p.Gly314Ser,G314S,unaffected,0,,0,1,0,0,1,0,llm_text,Functional study - assay data only,baseline,,/Users/kronckbm/GitRepos/GeneVariantFetcher/benchmarks/evaluation_tiers/mixed_gold_continuation_120/answer_key/KCNQ1_recall_input.csv,mixed_gold_cont120_01
20260903_protocol_cont120_01_candidate,2026-09-03T23:52:59.594246+00:00,matched_variant_paper_measure,KCNQ1,19880070,A341V,A341V,unaffected,0,,0,1,0,0,1,0,figure,figure-reader,baseline,,/Users/kronckbm/GitRepos/GeneVariantFetcher/benchmarks/evaluation_tiers/mixed_gold_continuation_120/answer_key/KCNQ1_recall_input.csv,mixed_gold_cont120_01
20260903_protocol_mixed02_candidate,2026-09-03T19:34:09.579935+00:00,matched_variant_paper_measure,KCNQ1,20138589,p.Arg190Leu,R190L,unaffected,2,,0,1,-2,2,0,1,llm_text,"Case report, Discussion",baseline,,/Users/kronckbm/GitRepos/GeneVariantFetcher/benchmarks/evaluation_tiers/mixed_gold/answer_key/KCNQ1_recall_input.csv,mixed_gold_02
20260903_protocol_cont120_01_candidate,2026-09-03T23:52:59.594246+00:00,matched_variant_paper_measure,KCNQ1,20167303,p.Arg243Cys c.727C>T,R243C,unaffected,1,1,1,0,0,0,1,0,llm_text,"Results, Case 1",baseline,,/Users/kronckbm/GitRepos/GeneVariantFetcher/benchmarks/evaluation_tiers/mixed_gold_continuation_120/answer_key/KCNQ1_recall_input.csv,mixed_gold_cont120_01
20260903_protocol_mixed02_candidate,2026-09-03T19:34:09.579935+00:00,matched_variant_paper_measure,KCNQ1,20421371,D202H,D202H,unaffected,0,,0,1,0,0,1,0,figure,figure-reader,baseline,,/Users/kronckbm/GitRepos/GeneVariantFetcher/benchmarks/evaluation_tiers/mixed_gold/answer_key/KCNQ1_recall_input.csv,mixed_gold_02
20260903_protocol_mixed02_candidate,2026-09-03T19:34:09.579935+00:00,matched_variant_paper_measure,KCNQ1,20421371,D202N,D202N,unaffected,0,,0,1,0,0,1,0,figure,figure-reader,baseline,,/Users/kronckbm/GitRepos/GeneVariantFetcher/benchmarks/evaluation_tiers/mixed_gold/answer_key/KCNQ1_recall_input.csv,mixed_gold_02
20260903_protocol_mixed02_candidate,2026-09-03T19:34:09.579935+00:00,matched_variant_paper_measure,KCNQ1,20421371,I204F,I204F,unaffected,0,,0,1,0,0,1,0,figure,figure-reader,baseline,,/Users/kronckbm/GitRepos/GeneVariantFetcher/benchmarks/evaluation_tiers/mixed_gold/answer_key/KCNQ1_recall_input.csv,mixed_gold_02
20260903_protocol_mixed02_candidate,2026-09-03T19:34:09.579935+00:00,matched_variant_paper_measure,KCNQ1,20421371,I204M,I204M,unaffected,0,,0,1,0,0,1,0,figure,figure-reader,baseline,,/Users/kronckbm/GitRepos/GeneVariantFetcher/benchmarks/evaluation_tiers/mixed_gold/answer_key/KCNQ1_recall_input.csv,mixed_gold_02
20260903_protocol_mixed02_candidate,2026-09-03T19:34:09.579935+00:00,matched_variant_paper_measure,KCNQ1,20421371,S209F,S209F,unaffected,0,,0,1,0,0,1,0,figure,figure-reader,baseline,,/Users/kronckbm/GitRepos/GeneVariantFetcher/benchmarks/evaluation_tiers/mixed_gold/answer_key/KCNQ1_recall_input.csv,mixed_gold_02
20260903_protocol_mixed02_candidate,2026-09-03T19:34:09.579935+00:00,matched_variant_paper_measure,KCNQ1,20421371,V205M,V205M,unaffected,0,,0,1,0,0,1,0,figure,figure-reader,baseline,,/Users/kronckbm/GitRepos/GeneVariantFetcher/benchmarks/evaluation_tiers/mixed_gold/answer_key/KCNQ1_recall_input.csv,mixed_gold_02
20260903_protocol_mixed02_candidate,2026-09-03T19:34:09.579935+00:00,matched_variant_paper_measure,KCNQ1,20421371,V215M,V215M,unaffected,0,,0,1,0,0,1,0,figure,figure-reader,baseline,,/Users/kronckbm/GitRepos/GeneVariantFetcher/benchmarks/evaluation_tiers/mixed_gold/answer_key/KCNQ1_recall_input.csv,mixed_gold_02
20260903_protocol_cont120_01_candidate,2026-09-03T23:52:59.594246+00:00,matched_variant_paper_measure,KCNQ1,20981542,p.Gly316Glu,G316E,unaffected,1,,0,1,-1,1,0,1,llm_text,Abstract,baseline,,/Users/kronckbm/GitRepos/GeneVariantFetcher/benchmarks/evaluation_tiers/mixed_gold_continuation_120/answer_key/KCNQ1_recall_input.csv,mixed_gold_cont120_01
20260903_protocol_mixed01_candidate,2026-09-03T18:31:19.973529+00:00,matched_variant_paper_measure,KCNQ1,21138517,p.Gly589Asp,G589D,unaffected,9,9,9,0,0,0,1,0,llm_text,"Methods, Patient population paragraph",baseline,,/Users/kronckbm/GitRepos/GeneVariantFetcher/benchmarks/evaluation_tiers/mixed_gold/answer_key/KCNQ1_recall_input.csv,mixed_gold_01
20260903_protocol_cont120_01_candidate,2026-09-03T23:52:59.594246+00:00,matched_variant_paper_measure,KCNQ1,21952006,Q357R,Q357R,unaffected,0,,0,1,0,0,1,0,llm_text,"Results, Functional study - assay data only",baseline,,/Users/kronckbm/GitRepos/GeneVariantFetcher/benchmarks/evaluation_tiers/mixed_gold_continuation_120/answer_key/KCNQ1_recall_input.csv,mixed_gold_cont120_01
20260903_protocol_cont120_01_candidate,2026-09-03T23:52:59.594246+00:00,matched_variant_paper_measure,KCNQ1,22539601,p.Arg518*,R518X,unaffected,0,,0,1,0,0,1,0,llm_text,Abstract,baseline,,/Users/kronckbm/GitRepos/GeneVariantFetcher/benchmarks/evaluation_tiers/mixed_gold_continuation_120/answer_key/KCNQ1_recall_input.csv,mixed_gold_cont120_01
20260903_protocol_cont120_01_candidate,2026-09-03T23:52:59.594246+00:00,matched_variant_paper_measure,KCNQ1,22677073,A302V,A302V,unaffected,0,,0,1,0,0,1,0,figure,figure-reader,baseline,,/Users/kronckbm/GitRepos/GeneVariantFetcher/benchmarks/evaluation_tiers/mixed_gold_continuation_120/answer_key/KCNQ1_recall_input.csv,mixed_gold_cont120_01
20260903_protocol_cont120_01_candidate,2026-09-03T23:52:59.594246+00:00,matched_variant_paper_measure,KCNQ1,22677073,A341E,A341E,unaffected,0,,0,1,0,0,1,0,figure,figure-reader,baseline,,/Users/kronckbm/GitRepos/GeneVariantFetcher/benchmarks/evaluation_tiers/mixed_gold_continuation_120/answer_key/KCNQ1_recall_input.csv,mixed_gold_cont120_01
20260903_protocol_cont120_01_candidate,2026-09-03T23:52:59.594246+00:00,matched_variant_paper_measure,KCNQ1,22677073,G269S,G269S,unaffected,0,,0,1,0,0,1,0,figure,figure-reader,baseline,,/Users/kronckbm/GitRepos/GeneVariantFetcher/benchmarks/evaluation_tiers/mixed_gold_continuation_120/answer_key/KCNQ1_recall_input.csv,mixed_gold_cont120_01
20260903_protocol_cont120_01_candidate,2026-09-03T23:52:59.594246+00:00,matched_variant_paper_measure,KCNQ1,22677073,G584S,G584S,unaffected,0,,0,1,0,0,1,0,figure,figure-reader,baseline,,/Users/kronckbm/GitRepos/GeneVariantFetcher/benchmarks/evaluation_tiers/mixed_gold_continuation_120/answer_key/KCNQ1_recall_input.csv,mixed_gold_cont120_01
20260903_protocol_cont120_01_candidate,2026-09-03T23:52:59.594246+00:00,matched_variant_paper_measure,KCNQ1,22677073,I198V,I198V,unaffected,0,,0,1,0,0,1,0,figure,figure-reader,baseline,,/Users/kronckbm/GitRepos/GeneVariantFetcher/benchmarks/evaluation_tiers/mixed_gold_continuation_120/answer_key/KCNQ1_recall_input.csv,mixed_gold_cont120_01
20260903_protocol_cont120_01_candidate,2026-09-03T23:52:59.594246+00:00,matched_variant_paper_measure,KCNQ1,22677073,L191FS,L191fsX,unaffected,0,,0,1,0,0,1,0,regex_text,Text scan (protein_single_letter),baseline,,/Users/kronckbm/GitRepos/GeneVariantFetcher/benchmarks/evaluation_tiers/mixed_gold_continuation_120/answer_key/KCNQ1_recall_input.csv,mixed_gold_cont120_01
20260903_protocol_cont120_01_candidate,2026-09-03T23:52:59.594246+00:00,matched_variant_paper_measure,KCNQ1,22677073,T312I,T312I,unaffected,0,,0,1,0,0,1,0,figure,figure-reader,baseline,,/Users/kronckbm/GitRepos/GeneVariantFetcher/benchmarks/evaluation_tiers/mixed_gold_continuation_120/answer_key/KCNQ1_recall_input.csv,mixed_gold_cont120_01
20260903_protocol_cont120_01_candidate,2026-09-03T23:52:59.594246+00:00,matched_variant_paper_measure,KCNQ1,22677073,T587M,T587M,unaffected,0,,0,1,0,0,1,0,figure,figure-reader,baseline,,/Users/kronckbm/GitRepos/GeneVariantFetcher/benchmarks/evaluation_tiers/mixed_gold_continuation_120/answer_key/KCNQ1_recall_input.csv,mixed_gold_cont120_01
20260903_protocol_cont120_01_candidate,2026-09-03T23:52:59.594246+00:00,matched_variant_paper_measure,KCNQ1,22677073,W379R,W379R,unaffected,0,,0,1,0,0,1,0,figure,figure-reader,baseline,,/Users/kronckbm/GitRepos/GeneVariantFetcher/benchmarks/evaluation_tiers/mixed_gold_continuation_120/answer_key/KCNQ1_recall_input.csv,mixed_gold_cont120_01
20260903_protocol_cont120_01_candidate,2026-09-03T23:52:59.594246+00:00,matched_variant_paper_measure,KCNQ1,22677073,Y111C,Y111C,unaffected,0,,0,1,0,0,1,0,figure,figure-reader,baseline,,/Users/kronckbm/GitRepos/GeneVariantFetcher/benchmarks/evaluation_tiers/mixed_gold_continuation_120/answer_key/KCNQ1_recall_input.csv,mixed_gold_cont120_01
20260903_protocol_mixed01_candidate,2026-09-03T18:31:19.973529+00:00,matched_variant_paper_measure,KCNQ1,23092362,G325R,G325R,unaffected,0,,0,1,0,0,1,0,figure,figure-reader,baseline,,/Users/kronckbm/GitRepos/GeneVariantFetcher/benchmarks/evaluation_tiers/mixed_gold/answer_key/KCNQ1_recall_input.csv,mixed_gold_01
20260903_protocol_mixed01_candidate,2026-09-03T18:31:19.973529+00:00,matched_variant_paper_measure,KCNQ1,23092362,T322A,T322A,unaffected,0,,0,1,0,0,1,0,figure,figure-reader,baseline,,/Users/kronckbm/GitRepos/GeneVariantFetcher/benchmarks/evaluation_tiers/mixed_gold/answer_key/KCNQ1_recall_input.csv,mixed_gold_01
20260903_protocol_mixed01_candidate,2026-09-03T18:31:19.973529+00:00,matched_variant_paper_measure,KCNQ1,23092362,T322M,T322M,unaffected,0,,0,1,0,0,1,0,figure,figure-reader,baseline,,/Users/kronckbm/GitRepos/GeneVariantFetcher/benchmarks/evaluation_tiers/mixed_gold/answer_key/KCNQ1_recall_input.csv,mixed_gold_01
20260903_protocol_cont120_01_candidate,2026-09-03T23:52:59.594246+00:00,matched_variant_paper_measure,KCNQ1,25444851,p.D202H,D202H,unaffected,0,,0,1,0,0,1,0,figure,"Functional study - assay data only; Results, Figures 1,3; Table 1",baseline,,/Users/kronckbm/GitRepos/GeneVariantFetcher/benchmarks/evaluation_tiers/mixed_gold_continuation_120/answer_key/KCNQ1_recall_input.csv,mixed_gold_cont120_01
20260903_protocol_cont120_01_candidate,2026-09-03T23:52:59.594246+00:00,matched_variant_paper_measure,KCNQ1,25825456,p.Arg190Trp,R190W,unaffected,1,,0,1,-1,1,0,1,llm_text,Abstract,baseline,,/Users/kronckbm/GitRepos/GeneVariantFetcher/benchmarks/evaluation_tiers/mixed_gold_continuation_120/answer_key/KCNQ1_recall_input.csv,mixed_gold_cont120_01
20260903_protocol_mixed02_candidate,2026-09-03T19:34:09.579935+00:00,matched_variant_paper_measure,KCNQ1,26168993,p.Phe279Ile,F279I,unaffected,1,,0,1,-1,1,0,1,llm_text,Abstract,baseline,,/Users/kronckbm/GitRepos/GeneVariantFetcher/benchmarks/evaluation_tiers/mixed_gold/answer_key/KCNQ1_recall_input.csv,mixed_gold_02
20260903_protocol_cont120_01_candidate,2026-09-03T23:52:59.594246+00:00,matched_variant_paper_measure,KCNQ1,27810088,V133I,V133I,unaffected,20,,0,1,-20,20,0,1,figure,figure-reader,baseline,,/Users/kronckbm/GitRepos/GeneVariantFetcher/benchmarks/evaluation_tiers/mixed_gold_continuation_120/answer_key/KCNQ1_recall_input.csv,mixed_gold_cont120_01
20260903_protocol_mixed02_candidate,2026-09-03T19:34:09.579935+00:00,matched_variant_paper_measure,KCNQ1,27868350,p.Arg259Gly c.775C>G,R259G,unaffected,1,1,1,0,0,0,1,0,llm_text,"CASE REPORT, paragraph describing sequencing results",baseline,,/Users/kronckbm/GitRepos/GeneVariantFetcher/benchmarks/evaluation_tiers/mixed_gold/answer_key/KCNQ1_recall_input.csv,mixed_gold_02
20260903_protocol_mixed02_candidate,2026-09-03T19:34:09.579935+00:00,matched_variant_paper_measure,KCNQ1,29330128,p.Val162Met,V162M,unaffected,3,,0,1,-3,3,0,1,llm_text,"Results, Discussion",baseline,,/Users/kronckbm/GitRepos/GeneVariantFetcher/benchmarks/evaluation_tiers/mixed_gold/answer_key/KCNQ1_recall_input.csv,mixed_gold_02
20260903_protocol_cont120_01_candidate,2026-09-03T23:52:59.594246+00:00,matched_variant_paper_measure,KCNQ1,29488358,G229D,G229D,unaffected,0,,0,1,0,0,1,0,figure,figure-reader,baseline,,/Users/kronckbm/GitRepos/GeneVariantFetcher/benchmarks/evaluation_tiers/mixed_gold_continuation_120/answer_key/KCNQ1_recall_input.csv,mixed_gold_cont120_01
20260903_protocol_mixed02_candidate,2026-09-03T19:34:09.579935+00:00,matched_variant_paper_measure,KCNQ1,29544605,p.R518Q c.1553G>A,R518Q,unaffected,0,,0,1,0,0,1,0,llm_table,"Table 2, row 16",baseline,,/Users/kronckbm/GitRepos/GeneVariantFetcher/benchmarks/evaluation_tiers/mixed_gold/answer_key/KCNQ1_recall_input.csv,mixed_gold_02
20260903_protocol_mixed02_candidate,2026-09-03T19:34:09.579935+00:00,matched_variant_paper_measure,KCNQ1,29544605,p.S77F c.230C>T,S77F,unaffected,0,,0,1,0,0,1,0,llm_table,"Table 2, row 15",baseline,,/Users/kronckbm/GitRepos/GeneVariantFetcher/benchmarks/evaluation_tiers/mixed_gold/answer_key/KCNQ1_recall_input.csv,mixed_gold_02
20260903_protocol_mixed01_candidate,2026-09-03T18:31:19.973529+00:00,matched_variant_paper_measure,KCNQ1,29677589,p.Arg190Trp c.568C>T,R190W,unaffected,0,,0,1,0,0,1,0,llm_text,Resource details paragraph,baseline,,/Users/kronckbm/GitRepos/GeneVariantFetcher/benchmarks/evaluation_tiers/mixed_gold/answer_key/KCNQ1_recall_input.csv,mixed_gold_01
20260903_protocol_mixed01_candidate,2026-09-03T18:31:19.973529+00:00,matched_variant_paper_measure,KCNQ1,29677589,p.Arg594Gln c.1781G>A,R594Q,unaffected,0,,0,1,0,0,1,0,llm_text,Resource details paragraph,baseline,,/Users/kronckbm/GitRepos/GeneVariantFetcher/benchmarks/evaluation_tiers/mixed_gold/answer_key/KCNQ1_recall_input.csv,mixed_gold_01
20260903_protocol_mixed01_candidate,2026-09-03T18:31:19.973529+00:00,matched_variant_paper_measure,KCNQ1,29857160,c.1032G>A,A344A,unaffected,0,1,1,0,1,1,0,1,llm_text,"Results, Clinical phenotypes and genetic analysis; Functional study - assay data only for n= values",baseline,,/Users/kronckbm/GitRepos/GeneVariantFetcher/benchmarks/evaluation_tiers/mixed_gold/answer_key/KCNQ1_recall_input.csv,mixed_gold_01
20260903_protocol_cont120_01_candidate,2026-09-03T23:52:59.594246+00:00,matched_variant_paper_measure,KCNQ1,29876285,A300S,A300S,unaffected,4,3,3,0,-1,1,0,0,figure,figure-reader,baseline,,/Users/kronckbm/GitRepos/GeneVariantFetcher/benchmarks/evaluation_tiers/mixed_gold_continuation_120/answer_key/KCNQ1_recall_input.csv,mixed_gold_cont120_01
20260903_protocol_mixed02_candidate,2026-09-03T19:34:09.579935+00:00,matched_variant_paper_measure,KCNQ1,29922582,p.Arg518*,R518X,unaffected,2,1,1,0,-1,1,0,0,figure,"Case report, Figure 2",baseline,,/Users/kronckbm/GitRepos/GeneVariantFetcher/benchmarks/evaluation_tiers/mixed_gold/answer_key/KCNQ1_recall_input.csv,mixed_gold_02
20260903_protocol_cont120_01_candidate,2026-09-03T23:52:59.594246+00:00,matched_variant_paper_measure,KCNQ1,29978770,p.Arg190Trp,R190W,unaffected,2,,0,1,-2,2,0,1,llm_table,Abstract and main text (refers to prior report),baseline,,/Users/kronckbm/GitRepos/GeneVariantFetcher/benchmarks/evaluation_tiers/mixed_gold_continuation_120/answer_key/KCNQ1_recall_input.csv,mixed_gold_cont120_01
20260903_protocol_mixed01_candidate,2026-09-03T18:31:19.973529+00:00,matched_variant_paper_measure,KCNQ1,30508507,p.Arg366Trp c.1096C>T,R366W,unaffected,1,,0,1,-1,1,0,1,llm_text,"Results, Whole exome sequencing analysis; Discussion paragraph on Patient 14",baseline,,/Users/kronckbm/GitRepos/GeneVariantFetcher/benchmarks/evaluation_tiers/mixed_gold/answer_key/KCNQ1_recall_input.csv,mixed_gold_01
20260903_protocol_cont120_01_candidate,2026-09-03T23:52:59.594246+00:00,matched_variant_paper_measure,KCNQ1,31293497,p.R360_Q361dupQKQR,R360_Q361DUPQKQR,unaffected,5,5,5,0,0,0,1,0,llm_text,"Results, Mutation Screening; Strong Linkage; Linkage Evidence for 10p14; Electrophysiology",baseline,,/Users/kronckbm/GitRepos/GeneVariantFetcher/benchmarks/evaluation_tiers/mixed_gold_continuation_120/answer_key/KCNQ1_recall_input.csv,mixed_gold_cont120_01
20260903_protocol_cont120_01_candidate,2026-09-03T23:52:59.594246+00:00,matched_variant_paper_measure,KCNQ1,31484877,p.Glu39* c.115G>T,E39X,unaffected,2,,0,1,-2,2,0,1,figure,"Case Report, Figure 1C",baseline,,/Users/kronckbm/GitRepos/GeneVariantFetcher/benchmarks/evaluation_tiers/mixed_gold_continuation_120/answer_key/KCNQ1_recall_input.csv,mixed_gold_cont120_01
20260903_protocol_cont120_01_candidate,2026-09-03T23:52:59.594246+00:00,matched_variant_paper_measure,KCNQ1,31484877,p.Gly168Arg c.502G>A,G168R,unaffected,1,,0,1,-1,1,0,1,figure,"Case Report, Figure 1B",baseline,,/Users/kronckbm/GitRepos/GeneVariantFetcher/benchmarks/evaluation_tiers/mixed_gold_continuation_120/answer_key/KCNQ1_recall_input.csv,mixed_gold_cont120_01
20260903_protocol_mixed02_candidate,2026-09-03T19:34:09.579935+00:00,matched_variant_paper_measure,KCNQ1,32508908,p.K581X,K581X,unaffected,1,,0,1,-1,1,0,1,figure,figure-reader,baseline,,/Users/kronckbm/GitRepos/GeneVariantFetcher/benchmarks/evaluation_tiers/mixed_gold/answer_key/KCNQ1_recall_input.csv,mixed_gold_02
20260903_protocol_mixed02_candidate,2026-09-03T19:34:09.579935+00:00,matched_variant_paper_measure,KCNQ1,33498651,P631fs*20,P631fsX,unaffected,7,7,7,0,0,0,1,0,figure,figure-reader,baseline,,/Users/kronckbm/GitRepos/GeneVariantFetcher/benchmarks/evaluation_tiers/mixed_gold/answer_key/KCNQ1_recall_input.csv,mixed_gold_02
20260903_protocol_mixed01_candidate,2026-09-03T18:31:19.973529+00:00,matched_variant_paper_measure,KCNQ1,33664273,p.Arg259Leu c.776G>T,R259L,unaffected,0,,0,1,0,0,1,0,llm_table,"Table 1, Results NGS analysis and Family genetic testing",baseline,,/Users/kronckbm/GitRepos/GeneVariantFetcher/benchmarks/evaluation_tiers/mixed_gold/answer_key/KCNQ1_recall_input.csv,mixed_gold_01
20260903_protocol_cont120_01_candidate,2026-09-03T23:52:59.594246+00:00,matched_variant_paper_measure,MYBPC3,21302287,p.A364T c.1090G>A,c.1090G>A,unaffected,0,,0,1,0,0,1,0,llm_table,Table 3,baseline,,/Users/kronckbm/GitRepos/GeneVariantFetcher/benchmarks/evaluation_tiers/mixed_gold_continuation_120/answer_key/MYBPC3_recall_input.csv,mixed_gold_cont120_01
20260903_protocol_cont120_01_candidate,2026-09-03T23:52:59.594246+00:00,matched_variant_paper_measure,MYBPC3,21302287,c.1223+29G>A,c.1223+29G>A,unaffected,0,,0,1,0,0,1,0,regex_table,"Table (regex extraction), block 5, row 9",baseline,,/Users/kronckbm/GitRepos/GeneVariantFetcher/benchmarks/evaluation_tiers/mixed_gold_continuation_120/answer_key/MYBPC3_recall_input.csv,mixed_gold_cont120_01
20260903_protocol_cont120_01_candidate,2026-09-03T23:52:59.594246+00:00,matched_variant_paper_measure,MYBPC3,21302287,p.R458H c.1373G>A,c.1373G>A,unaffected,0,,0,1,0,0,1,0,llm_table,Table 3,baseline,,/Users/kronckbm/GitRepos/GeneVariantFetcher/benchmarks/evaluation_tiers/mixed_gold_continuation_120/answer_key/MYBPC3_recall_input.csv,mixed_gold_cont120_01
20260903_protocol_cont120_01_candidate,2026-09-03T23:52:59.594246+00:00,matched_variant_paper_measure,MYBPC3,21302287,A522T c.1564G>A,c.1564G>A,unaffected,0,,0,1,0,0,1,0,regex_table,"Table (regex extraction), block 5, row 4",baseline,,/Users/kronckbm/GitRepos/GeneVariantFetcher/benchmarks/evaluation_tiers/mixed_gold_continuation_120/answer_key/MYBPC3_recall_input.csv,mixed_gold_cont120_01
20260903_protocol_cont120_01_candidate,2026-09-03T23:52:59.594246+00:00,matched_variant_paper_measure,MYBPC3,21302287,p.E542Q c.1624G>C,c.1624G>C,unaffected,0,,0,1,0,0,1,0,llm_table,Table 3,baseline,,/Users/kronckbm/GitRepos/GeneVariantFetcher/benchmarks/evaluation_tiers/mixed_gold_continuation_120/answer_key/MYBPC3_recall_input.csv,mixed_gold_cont120_01
20260903_protocol_cont120_01_candidate,2026-09-03T23:52:59.594246+00:00,matched_variant_paper_measure,MYBPC3,21302287,p.D605H c.1813G>C,c.1813G>C,unaffected,0,,0,1,0,0,1,0,llm_table,Table 3,baseline,,/Users/kronckbm/GitRepos/GeneVariantFetcher/benchmarks/evaluation_tiers/mixed_gold_continuation_120/answer_key/MYBPC3_recall_input.csv,mixed_gold_cont120_01
20260903_protocol_cont120_01_candidate,2026-09-03T23:52:59.594246+00:00,matched_variant_paper_measure,MYBPC3,21302287,R668C,c.2002C>T,unaffected,0,,0,1,0,0,1,0,figure,figure-reader,baseline,,/Users/kronckbm/GitRepos/GeneVariantFetcher/benchmarks/evaluation_tiers/mixed_gold_continuation_120/answer_key/MYBPC3_recall_input.csv,mixed_gold_cont120_01
20260903_protocol_cont120_01_candidate,2026-09-03T23:52:59.594246+00:00,matched_variant_paper_measure,MYBPC3,21302287,c.2309-2A>G,c.2309-2A>G,unaffected,0,,0,1,0,0,1,0,llm_table,Table 3,baseline,,/Users/kronckbm/GitRepos/GeneVariantFetcher/benchmarks/evaluation_tiers/mixed_gold_continuation_120/answer_key/MYBPC3_recall_input.csv,mixed_gold_cont120_01
20260903_protocol_cont120_01_candidate,2026-09-03T23:52:59.594246+00:00,matched_variant_paper_measure,MYBPC3,21302287,p.V771M c.2311G>A,c.2311G>A,unaffected,0,,0,1,0,0,1,0,llm_table,Table 3,baseline,,/Users/kronckbm/GitRepos/GeneVariantFetcher/benchmarks/evaluation_tiers/mixed_gold_continuation_120/answer_key/MYBPC3_recall_input.csv,mixed_gold_cont120_01
20260903_protocol_cont120_01_candidate,2026-09-03T23:52:59.594246+00:00,matched_variant_paper_measure,MYBPC3,21302287,c.2340+18C>G,c.2340+18C>G,unaffected,0,,0,1,0,0,1,0,regex_table,"Table (regex extraction), block 5, row 10",baseline,,/Users/kronckbm/GitRepos/GeneVariantFetcher/benchmarks/evaluation_tiers/mixed_gold_continuation_120/answer_key/MYBPC3_recall_input.csv,mixed_gold_cont120_01
20260903_protocol_cont120_01_candidate,2026-09-03T23:52:59.594246+00:00,matched_variant_paper_measure,MYBPC3,21302287,R810Q,c.2429G>A,unaffected,0,,0,1,0,0,1,0,figure,figure-reader,baseline,,/Users/kronckbm/GitRepos/GeneVariantFetcher/benchmarks/evaluation_tiers/mixed_gold_continuation_120/answer_key/MYBPC3_recall_input.csv,mixed_gold_cont120_01
20260903_protocol_cont120_01_candidate,2026-09-03T23:52:59.594246+00:00,matched_variant_paper_measure,MYBPC3,21302287,V849V c.2550C>T,c.2550C>T,unaffected,0,,0,1,0,0,1,0,regex_table,"Table (regex extraction), block 5, row 6",baseline,,/Users/kronckbm/GitRepos/GeneVariantFetcher/benchmarks/evaluation_tiers/mixed_gold_continuation_120/answer_key/MYBPC3_recall_input.csv,mixed_gold_cont120_01
20260903_protocol_cont120_01_candidate,2026-09-03T23:52:59.594246+00:00,matched_variant_paper_measure,MYBPC3,21302287,p.T885M c.2654C>T,c.2654C>T,unaffected,0,,0,1,0,0,1,0,llm_table,Table 3,baseline,,/Users/kronckbm/GitRepos/GeneVariantFetcher/benchmarks/evaluation_tiers/mixed_gold_continuation_120/answer_key/MYBPC3_recall_input.csv,mixed_gold_cont120_01
20260903_protocol_cont120_01_candidate,2026-09-03T23:52:59.594246+00:00,matched_variant_paper_measure,MYBPC3,21302287,c.2737+12C>T,c.2737+12C>T,unaffected,0,,0,1,0,0,1,0,regex_table,"Table (regex extraction), block 5, row 11",baseline,,/Users/kronckbm/GitRepos/GeneVariantFetcher/benchmarks/evaluation_tiers/mixed_gold_continuation_120/answer_key/MYBPC3_recall_input.csv,mixed_gold_cont120_01
20260903_protocol_cont120_01_candidate,2026-09-03T23:52:59.594246+00:00,matched_variant_paper_measure,MYBPC3,21302287,R493X c.2827C>T,c.2827C>T,unaffected,0,,0,1,0,0,1,0,regex_table,Table 3 (regex extraction),baseline,,/Users/kronckbm/GitRepos/GeneVariantFetcher/benchmarks/evaluation_tiers/mixed_gold_continuation_120/answer_key/MYBPC3_recall_input.csv,mixed_gold_cont120_01
20260903_protocol_cont120_01_candidate,2026-09-03T23:52:59.594246+00:00,matched_variant_paper_measure,MYBPC3,21302287,M949IfsX100,c.2846_2847insT,unaffected,0,,0,1,0,0,1,0,figure,figure-reader,baseline,,/Users/kronckbm/GitRepos/GeneVariantFetcher/benchmarks/evaluation_tiers/mixed_gold_continuation_120/answer_key/MYBPC3_recall_input.csv,mixed_gold_cont120_01
20260903_protocol_cont120_01_candidate,2026-09-03T23:52:59.594246+00:00,matched_variant_paper_measure,MYBPC3,21302287,c.2905+1G>A,c.2905+1G>A,unaffected,0,,0,1,0,0,1,0,llm_table,Table 3,baseline,,/Users/kronckbm/GitRepos/GeneVariantFetcher/benchmarks/evaluation_tiers/mixed_gold_continuation_120/answer_key/MYBPC3_recall_input.csv,mixed_gold_cont120_01
20260903_protocol_cont120_01_candidate,2026-09-03T23:52:59.594246+00:00,matched_variant_paper_measure,MYBPC3,21302287,p.Q969* c.2905C>T,c.2905C>T,unaffected,0,,0,1,0,0,1,0,llm_table,Table 3,baseline,,/Users/kronckbm/GitRepos/GeneVariantFetcher/benchmarks/evaluation_tiers/mixed_gold_continuation_120/answer_key/MYBPC3_recall_input.csv,mixed_gold_cont120_01
20260903_protocol_cont120_01_candidate,2026-09-03T23:52:59.594246+00:00,matched_variant_paper_measure,MYBPC3,21302287,p.Q1012* c.3034C>T,c.3034C>T,unaffected,0,,0,1,0,0,1,0,llm_table,Table 3,baseline,,/Users/kronckbm/GitRepos/GeneVariantFetcher/benchmarks/evaluation_tiers/mixed_gold_continuation_120/answer_key/MYBPC3_recall_input.csv,mixed_gold_cont120_01
20260903_protocol_cont120_01_candidate,2026-09-03T23:52:59.594246+00:00,matched_variant_paper_measure,MYBPC3,21302287,L1084P,c.3251T>C,unaffected,0,,0,1,0,0,1,0,figure,figure-reader,baseline,,/Users/kronckbm/GitRepos/GeneVariantFetcher/benchmarks/evaluation_tiers/mixed_gold_continuation_120/answer_key/MYBPC3_recall_input.csv,mixed_gold_cont120_01
20260903_protocol_cont120_01_candidate,2026-09-03T23:52:59.594246+00:00,matched_variant_paper_measure,MYBPC3,21302287,E1096E c.3288G>A,c.3288G>A,unaffected,0,,0,1,0,0,1,0,regex_table,"Table (regex extraction), block 5, row 7",baseline,,/Users/kronckbm/GitRepos/GeneVariantFetcher/benchmarks/evaluation_tiers/mixed_gold_continuation_120/answer_key/MYBPC3_recall_input.csv,mixed_gold_cont120_01
20260903_protocol_cont120_01_candidate,2026-09-03T23:52:59.594246+00:00,matched_variant_paper_measure,MYBPC3,21302287,p.Q1233* c.3697C>T,c.3697C>T,unaffected,0,,0,1,0,0,1,0,llm_table,Table 3,baseline,,/Users/kronckbm/GitRepos/GeneVariantFetcher/benchmarks/evaluation_tiers/mixed_gold_continuation_120/answer_key/MYBPC3_recall_input.csv,mixed_gold_cont120_01
20260903_protocol_cont120_01_candidate,2026-09-03T23:52:59.594246+00:00,matched_variant_paper_measure,MYBPC3,21302287,V158M c.472G>A,c.472G>A,unaffected,0,,0,1,0,0,1,0,regex_table,"Table (regex extraction), block 5, row 2",baseline,,/Users/kronckbm/GitRepos/GeneVariantFetcher/benchmarks/evaluation_tiers/mixed_gold_continuation_120/answer_key/MYBPC3_recall_input.csv,mixed_gold_cont120_01
20260903_protocol_cont120_01_candidate,2026-09-03T23:52:59.594246+00:00,matched_variant_paper_measure,MYBPC3,21302287,G164G c.492C>T,c.492C>T,unaffected,0,,0,1,0,0,1,0,regex_table,"Table (regex extraction), block 5, row 5",baseline,,/Users/kronckbm/GitRepos/GeneVariantFetcher/benchmarks/evaluation_tiers/mixed_gold_continuation_120/answer_key/MYBPC3_recall_input.csv,mixed_gold_cont120_01
20260903_protocol_cont120_01_candidate,2026-09-03T23:52:59.594246+00:00,matched_variant_paper_measure,MYBPC3,21302287,R326Q c.977G>A,c.977G>A,unaffected,0,,0,1,0,0,1,0,regex_table,"Table (regex extraction), block 5, row 3",baseline,,/Users/kronckbm/GitRepos/GeneVariantFetcher/benchmarks/evaluation_tiers/mixed_gold_continuation_120/answer_key/MYBPC3_recall_input.csv,mixed_gold_cont120_01
20260903_protocol_mixed01_candidate,2026-09-03T18:31:19.973529+00:00,matched_variant_paper_measure,MYBPC3,33673806,p.Gly347Ser c.1039G>A,c.1039G>A,unaffected,0,,0,1,0,0,1,0,regex_table,"Table T2, row 26 (router+deterministic)",baseline,,/Users/kronckbm/GitRepos/GeneVariantFetcher/benchmarks/evaluation_tiers/mixed_gold/answer_key/MYBPC3_recall_input.csv,mixed_gold_01
20260903_protocol_mixed01_candidate,2026-09-03T18:31:19.973529+00:00,matched_variant_paper_measure,MYBPC3,33673806,p.Ser362Lysfs*28 c.1084dupA,c.1084dupA,unaffected,0,,0,1,0,0,1,0,regex_table,"Table T2, row 27 (router+deterministic)",baseline,,/Users/kronckbm/GitRepos/GeneVariantFetcher/benchmarks/evaluation_tiers/mixed_gold/answer_key/MYBPC3_recall_input.csv,mixed_gold_01
20260903_protocol_mixed01_candidate,2026-09-03T18:31:19.973529+00:00,matched_variant_paper_measure,MYBPC3,33673806,c.1091-1G>A,c.1091-1G>A,unaffected,0,,0,1,0,0,1,0,regex_table,"Table T2, row 28 (router+deterministic)",baseline,,/Users/kronckbm/GitRepos/GeneVariantFetcher/benchmarks/evaluation_tiers/mixed_gold/answer_key/MYBPC3_recall_input.csv,mixed_gold_01
20260903_protocol_mixed01_candidate,2026-09-03T18:31:19.973529+00:00,matched_variant_paper_measure,MYBPC3,33673806,p.Trp396Cys c.1188G>T,c.1188G>T,unaffected,0,,0,1,0,0,1,0,regex_table,"Table T2, row 29 (router+deterministic)",baseline,,/Users/kronckbm/GitRepos/GeneVariantFetcher/benchmarks/evaluation_tiers/mixed_gold/answer_key/MYBPC3_recall_input.csv,mixed_gold_01
20260903_protocol_mixed01_candidate,2026-09-03T18:31:19.973529+00:00,matched_variant_paper_measure,MYBPC3,33673806,c.1223+1G>A,c.1223+1G>A,unaffected,0,,0,1,0,0,1,0,regex_table,"Table T2, row 30 (router+deterministic)",baseline,,/Users/kronckbm/GitRepos/GeneVariantFetcher/benchmarks/evaluation_tiers/mixed_gold/answer_key/MYBPC3_recall_input.csv,mixed_gold_01
20260903_protocol_mixed01_candidate,2026-09-03T18:31:19.973529+00:00,matched_variant_paper_measure,MYBPC3,33673806,c.1224-19G>A,c.1224-19G>A,unaffected,0,,0,1,0,0,1,0,regex_table,"Table T2, row 31 (router+deterministic)",baseline,,/Users/kronckbm/GitRepos/GeneVariantFetcher/benchmarks/evaluation_tiers/mixed_gold/answer_key/MYBPC3_recall_input.csv,mixed_gold_01
20260903_protocol_mixed01_candidate,2026-09-03T18:31:19.973529+00:00,matched_variant_paper_measure,MYBPC3,33673806,c.1227-13G>A,c.1227-13G>A,unaffected,0,,0,1,0,0,1,0,regex_table,"Table T2, row 32 (router+deterministic)",baseline,,/Users/kronckbm/GitRepos/GeneVariantFetcher/benchmarks/evaluation_tiers/mixed_gold/answer_key/MYBPC3_recall_input.csv,mixed_gold_01
20260903_protocol_mixed01_candidate,2026-09-03T18:31:19.973529+00:00,matched_variant_paper_measure,MYBPC3,33673806,c.1351+1G>A,c.1351+1G>A,unaffected,0,,0,1,0,0,1,0,regex_table,"Table T2, row 33 (router+deterministic)",baseline,,/Users/kronckbm/GitRepos/GeneVariantFetcher/benchmarks/evaluation_tiers/mixed_gold/answer_key/MYBPC3_recall_input.csv,mixed_gold_01
20260903_protocol_mixed01_candidate,2026-09-03T18:31:19.973529+00:00,matched_variant_paper_measure,MYBPC3,33673806,p.Gln483* c.1447C>T,c.1447C>T,unaffected,0,,0,1,0,0,1,0,regex_table,"Table T2, row 34 (router+deterministic)",baseline,,/Users/kronckbm/GitRepos/GeneVariantFetcher/benchmarks/evaluation_tiers/mixed_gold/answer_key/MYBPC3_recall_input.csv,mixed_gold_01
20260903_protocol_mixed01_candidate,2026-09-03T18:31:19.973529+00:00,matched_variant_paper_measure,MYBPC3,33673806,c.1457+2T>G,c.1457+2T>G,unaffected,0,,0,1,0,0,1,0,regex_table,"Table T2, row 35 (router+deterministic)",baseline,,/Users/kronckbm/GitRepos/GeneVariantFetcher/benchmarks/evaluation_tiers/mixed_gold/answer_key/MYBPC3_recall_input.csv,mixed_gold_01
20260903_protocol_mixed01_candidate,2026-09-03T18:31:19.973529+00:00,matched_variant_paper_measure,MYBPC3,33673806,p.Arg495Gln c.1484G>A,c.1484G>A,unaffected,0,,0,1,0,0,1,0,regex_table,"Table T2, row 36 (router+deterministic)",baseline,,/Users/kronckbm/GitRepos/GeneVariantFetcher/benchmarks/evaluation_tiers/mixed_gold/answer_key/MYBPC3_recall_input.csv,mixed_gold_01
20260903_protocol_mixed01_candidate,2026-09-03T18:31:19.973529+00:00,matched_variant_paper_measure,MYBPC3,33673806,p.Arg502Trp c.1504C>T,c.1504C>T,unaffected,0,,0,1,0,0,1,0,regex_table,"Table T2, row 37 (router+deterministic)",baseline,,/Users/kronckbm/GitRepos/GeneVariantFetcher/benchmarks/evaluation_tiers/mixed_gold/answer_key/MYBPC3_recall_input.csv,mixed_gold_01
20260903_protocol_mixed01_candidate,2026-09-03T18:31:19.973529+00:00,matched_variant_paper_measure,MYBPC3,33673806,p.Arg502Glnfs*27 c.1505_1509delGGTTC,c.1505_1509delGGTTC,unaffected,0,,0,1,0,0,1,0,regex_table,"Table T2, row 38 (router+deterministic)",baseline,,/Users/kronckbm/GitRepos/GeneVariantFetcher/benchmarks/evaluation_tiers/mixed_gold/answer_key/MYBPC3_recall_input.csv,mixed_gold_01
20260903_protocol_mixed01_candidate,2026-09-03T18:31:19.973529+00:00,matched_variant_paper_measure,MYBPC3,33673806,p.Tyr525* c.1575T>A,c.1575T>A,unaffected,0,,0,1,0,0,1,0,regex_table,"Table T2, row 39 (router+deterministic)",baseline,,/Users/kronckbm/GitRepos/GeneVariantFetcher/benchmarks/evaluation_tiers/mixed_gold/answer_key/MYBPC3_recall_input.csv,mixed_gold_01
20260903_protocol_mixed01_candidate,2026-09-03T18:31:19.973529+00:00,matched_variant_paper_measure,MYBPC3,33673806,p.Gly531Arg c.1591G>A,c.1591G>A,unaffected,0,,0,1,0,0,1,0,regex_table,"Table T2, row 40 (router+deterministic)",baseline,,/Users/kronckbm/GitRepos/GeneVariantFetcher/benchmarks/evaluation_tiers/mixed_gold/answer_key/MYBPC3_recall_input.csv,mixed_gold_01
20260903_protocol_mixed01_candidate,2026-09-03T18:31:19.973529+00:00,matched_variant_paper_measure,MYBPC3,33673806,p.Gln533* c.1597C>T,c.1597C>T,unaffected,0,,0,1,0,0,1,0,regex_table,"Table T2, row 41 (router+deterministic)",baseline,,/Users/kronckbm/GitRepos/GeneVariantFetcher/benchmarks/evaluation_tiers/mixed_gold/answer_key/MYBPC3_recall_input.csv,mixed_gold_01
20260903_protocol_mixed01_candidate,2026-09-03T18:31:19.973529+00:00,matched_variant_paper_measure,MYBPC3,33673806,c.1624+4A>T,c.1624+4A>T,unaffected,0,,0,1,0,0,1,0,regex_table,"Table T2, row 42 (router+deterministic)",baseline,,/Users/kronckbm/GitRepos/GeneVariantFetcher/benchmarks/evaluation_tiers/mixed_gold/answer_key/MYBPC3_recall_input.csv,mixed_gold_01
20260903_protocol_mixed01_candidate,2026-09-03T18:31:19.973529+00:00,matched_variant_paper_measure,MYBPC3,33673806,p.Glu542Gln c.1624G>C,c.1624G>C,unaffected,0,,0,1,0,0,1,0,regex_table,"Table T2, row 43 (router+deterministic)",baseline,,/Users/kronckbm/GitRepos/GeneVariantFetcher/benchmarks/evaluation_tiers/mixed_gold/answer_key/MYBPC3_recall_input.csv,mixed_gold_01
20260903_protocol_mixed01_candidate,2026-09-03T18:31:19.973529+00:00,matched_variant_paper_measure,MYBPC3,33673806,p.Tyr548Profs*19 c.1641_1642delGT,c.1641_1642delGT,unaffected,0,,0,1,0,0,1,0,regex_table,"Table T2, row 44 (router+deterministic)",baseline,,/Users/kronckbm/GitRepos/GeneVariantFetcher/benchmarks/evaluation_tiers/mixed_gold/answer_key/MYBPC3_recall_input.csv,mixed_gold_01
20260903_protocol_mixed01_candidate,2026-09-03T18:31:19.973529+00:00,matched_variant_paper_measure,MYBPC3,33673806,p.Glu619* c.1855G>T,c.1855G>T,unaffected,0,,0,1,0,0,1,0,regex_table,"Table T2, row 45 (router+deterministic)",baseline,,/Users/kronckbm/GitRepos/GeneVariantFetcher/benchmarks/evaluation_tiers/mixed_gold/answer_key/MYBPC3_recall_input.csv,mixed_gold_01
20260903_protocol_mixed01_candidate,2026-09-03T18:31:19.973529+00:00,matched_variant_paper_measure,MYBPC3,33673806,p.Cys623* c.1869C>A,c.1869C>A,unaffected,0,,0,1,0,0,1,0,regex_table,"Table T2, row 46 (router+deterministic)",baseline,,/Users/kronckbm/GitRepos/GeneVariantFetcher/benchmarks/evaluation_tiers/mixed_gold/answer_key/MYBPC3_recall_input.csv,mixed_gold_01
20260903_protocol_mixed01_candidate,2026-09-03T18:31:19.973529+00:00,matched_variant_paper_measure,MYBPC3,33673806,c.1897+1G>A,c.1897+1G>A,unaffected,0,,0,1,0,0,1,0,regex_table,"Table T2, row 47 (router+deterministic)",baseline,,/Users/kronckbm/GitRepos/GeneVariantFetcher/benchmarks/evaluation_tiers/mixed_gold/answer_key/MYBPC3_recall_input.csv,mixed_gold_01
20260903_protocol_mixed01_candidate,2026-09-03T18:31:19.973529+00:00,matched_variant_paper_measure,MYBPC3,33673806,p.Arg724Trp c.2170C>T,c.2170C>T,unaffected,0,,0,1,0,0,1,0,regex_table,"Table T2, row 48 (router+deterministic)",baseline,,/Users/kronckbm/GitRepos/GeneVariantFetcher/benchmarks/evaluation_tiers/mixed_gold/answer_key/MYBPC3_recall_input.csv,mixed_gold_01
20260903_protocol_mixed01_candidate,2026-09-03T18:31:19.973529+00:00,matched_variant_paper_measure,MYBPC3,33673806,p.Gly77* c.229G>T,c.229G>T,unaffected,0,,0,1,0,0,1,0,regex_table,"Table T2, row 49 (router+deterministic)",baseline,,/Users/kronckbm/GitRepos/GeneVariantFetcher/benchmarks/evaluation_tiers/mixed_gold/answer_key/MYBPC3_recall_input.csv,mixed_gold_01
20260903_protocol_mixed01_candidate,2026-09-03T18:31:19.973529+00:00,matched_variant_paper_measure,MYBPC3,33673806,c.2308+1G>A,c.2308+1G>A,unaffected,0,,0,1,0,0,1,0,regex_table,"Table T2, row 50 (router+deterministic)",baseline,,/Users/kronckbm/GitRepos/GeneVariantFetcher/benchmarks/evaluation_tiers/mixed_gold/answer_key/MYBPC3_recall_input.csv,mixed_gold_01
20260903_protocol_mixed01_candidate,2026-09-03T18:31:19.973529+00:00,matched_variant_paper_measure,MYBPC3,33673806,p.Val771Glyfs*62 c.2311dup,c.2311dup,unaffected,0,,0,1,0,0,1,0,regex_table,"Table T2, row 51 (router+deterministic)",baseline,,/Users/kronckbm/GitRepos/GeneVariantFetcher/benchmarks/evaluation_tiers/mixed_gold/answer_key/MYBPC3_recall_input.csv,mixed_gold_01
20260903_protocol_mixed01_candidate,2026-09-03T18:31:19.973529+00:00,matched_variant_paper_measure,MYBPC3,33673806,p.Trp792Valfs*41 c.2373dup,c.2373dup,unaffected,0,,0,1,0,0,1,0,regex_table,"Table T2, row 52 (router+deterministic)",baseline,,/Users/kronckbm/GitRepos/GeneVariantFetcher/benchmarks/evaluation_tiers/mixed_gold/answer_key/MYBPC3_recall_input.csv,mixed_gold_01
20260903_protocol_mixed01_candidate,2026-09-03T18:31:19.973529+00:00,matched_variant_paper_measure,MYBPC3,33673806,p.Arg820Gln c.2459G>A,c.2459G>A,unaffected,0,,0,1,0,0,1,0,regex_table,"Table T2, row 53 (router+deterministic)",baseline,,/Users/kronckbm/GitRepos/GeneVariantFetcher/benchmarks/evaluation_tiers/mixed_gold/answer_key/MYBPC3_recall_input.csv,mixed_gold_01
20260903_protocol_mixed01_candidate,2026-09-03T18:31:19.973529+00:00,matched_variant_paper_measure,MYBPC3,33673806,p.His831Serfs*2 c.2490dupT,c.2490dupT,unaffected,0,,0,1,0,0,1,0,regex_table,"Table T2, row 54 (router+deterministic)",baseline,,/Users/kronckbm/GitRepos/GeneVariantFetcher/benchmarks/evaluation_tiers/mixed_gold/answer_key/MYBPC3_recall_input.csv,mixed_gold_01
20260903_protocol_mixed01_candidate,2026-09-03T18:31:19.973529+00:00,matched_variant_paper_measure,MYBPC3,33673806,p.Tyr847* c.2541C>G,c.2541C>G,unaffected,0,,0,1,0,0,1,0,regex_table,"Table T2, row 55 (router+deterministic)",baseline,,/Users/kronckbm/GitRepos/GeneVariantFetcher/benchmarks/evaluation_tiers/mixed_gold/answer_key/MYBPC3_recall_input.csv,mixed_gold_01
20260903_protocol_mixed01_candidate,2026-09-03T18:31:19.973529+00:00,matched_variant_paper_measure,MYBPC3,33673806,p.Gly853Leufs*31 c.2556_2557delCGinsTCT,c.2556_2557delCGinsTCT,unaffected,0,,0,1,0,0,1,0,regex_table,"Table T2, row 56 (router+deterministic)",baseline,,/Users/kronckbm/GitRepos/GeneVariantFetcher/benchmarks/evaluation_tiers/mixed_gold/answer_key/MYBPC3_recall_input.csv,mixed_gold_01
20260903_protocol_mixed01_candidate,2026-09-03T18:31:19.973529+00:00,matched_variant_paper_measure,MYBPC3,33673806,c.26-2A>G,c.26-2A>G,unaffected,0,,0,1,0,0,1,0,regex_table,"Table T2, row 57 (router+deterministic)",baseline,,/Users/kronckbm/GitRepos/GeneVariantFetcher/benchmarks/evaluation_tiers/mixed_gold/answer_key/MYBPC3_recall_input.csv,mixed_gold_01
20260903_protocol_mixed01_candidate,2026-09-03T18:31:19.973529+00:00,matched_variant_paper_measure,MYBPC3,33673806,p.Trp890* c.2670G>A,c.2670G>A,unaffected,0,,0,1,0,0,1,0,regex_table,"Table T2, row 58 (router+deterministic)",baseline,,/Users/kronckbm/GitRepos/GeneVariantFetcher/benchmarks/evaluation_tiers/mixed_gold/answer_key/MYBPC3_recall_input.csv,mixed_gold_01
20260903_protocol_mixed01_candidate,2026-09-03T18:31:19.973529+00:00,matched_variant_paper_measure,MYBPC3,33673806,c.2737+1G>C,c.2737+1G>C,unaffected,0,,0,1,0,0,1,0,regex_table,"Table T2, row 59 (router+deterministic)",baseline,,/Users/kronckbm/GitRepos/GeneVariantFetcher/benchmarks/evaluation_tiers/mixed_gold/answer_key/MYBPC3_recall_input.csv,mixed_gold_01
20260903_protocol_mixed01_candidate,2026-09-03T18:31:19.973529+00:00,matched_variant_paper_measure,MYBPC3,33673806,p.Arg943* c.2827C>T,c.2827C>T,unaffected,0,,0,1,0,0,1,0,regex_table,"Table T2, row 60 (router+deterministic)",baseline,,/Users/kronckbm/GitRepos/GeneVariantFetcher/benchmarks/evaluation_tiers/mixed_gold/answer_key/MYBPC3_recall_input.csv,mixed_gold_01
20260903_protocol_mixed01_candidate,2026-09-03T18:31:19.973529+00:00,matched_variant_paper_measure,MYBPC3,33673806,p.Pro955Argfs*95 c.2864_2865delCT,c.2864_2865delCT,unaffected,0,,0,1,0,0,1,0,regex_table,"Table T2, row 61 (router+deterministic)",baseline,,/Users/kronckbm/GitRepos/GeneVariantFetcher/benchmarks/evaluation_tiers/mixed_gold/answer_key/MYBPC3_recall_input.csv,mixed_gold_01
20260903_protocol_mixed01_candidate,2026-09-03T18:31:19.973529+00:00,matched_variant_paper_measure,MYBPC3,33673806,c.2905+1G>A,c.2905+1G>A,unaffected,0,,0,1,0,0,1,0,regex_table,"Table T2, row 62 (router+deterministic)",baseline,,/Users/kronckbm/GitRepos/GeneVariantFetcher/benchmarks/evaluation_tiers/mixed_gold/answer_key/MYBPC3_recall_input.csv,mixed_gold_01
20260903_protocol_mixed01_candidate,2026-09-03T18:31:19.973529+00:00,matched_variant_paper_measure,MYBPC3,33673806,p.Gln969* c.2905C>T,c.2905C>T,unaffected,0,,0,1,0,0,1,0,regex_table,"Table T2, row 63 (router+deterministic)",baseline,,/Users/kronckbm/GitRepos/GeneVariantFetcher/benchmarks/evaluation_tiers/mixed_gold/answer_key/MYBPC3_recall_input.csv,mixed_gold_01
20260903_protocol_mixed01_candidate,2026-09-03T18:31:19.973529+00:00,matched_variant_paper_measure,MYBPC3,33673806,p.Arg970Trp c.2908C>T,c.2908C>T,unaffected,0,,0,1,0,0,1,0,regex_table,"Table T2, row 64 (router+deterministic)",baseline,,/Users/kronckbm/GitRepos/GeneVariantFetcher/benchmarks/evaluation_tiers/mixed_gold/answer_key/MYBPC3_recall_input.csv,mixed_gold_01
20260903_protocol_mixed01_candidate,2026-09-03T18:31:19.973529+00:00,matched_variant_paper_measure,MYBPC3,33673806,p.Arg1002Gln c.3005G>A,c.3005G>A,unaffected,0,,0,1,0,0,1,0,regex_table,"Table T2, row 65 (router+deterministic)",baseline,,/Users/kronckbm/GitRepos/GeneVariantFetcher/benchmarks/evaluation_tiers/mixed_gold/answer_key/MYBPC3_recall_input.csv,mixed_gold_01
20260903_protocol_mixed01_candidate,2026-09-03T18:31:19.973529+00:00,matched_variant_paper_measure,MYBPC3,33673806,p.Asn1051Thrfs*24 c.3150del,c.3150del,unaffected,0,,0,1,0,0,1,0,regex_table,"Table T2, row 66 (router+deterministic)",baseline,,/Users/kronckbm/GitRepos/GeneVariantFetcher/benchmarks/evaluation_tiers/mixed_gold/answer_key/MYBPC3_recall_input.csv,mixed_gold_01
20260903_protocol_mixed01_candidate,2026-09-03T18:31:19.973529+00:00,matched_variant_paper_measure,MYBPC3,33673806,p.Gln1061* c.3181C>T,c.3181C>T,unaffected,0,,0,1,0,0,1,0,regex_table,"Table T2, row 67 (router+deterministic)",baseline,,/Users/kronckbm/GitRepos/GeneVariantFetcher/benchmarks/evaluation_tiers/mixed_gold/answer_key/MYBPC3_recall_input.csv,mixed_gold_01
20260903_protocol_mixed01_candidate,2026-09-03T18:31:19.973529+00:00,matched_variant_paper_measure,MYBPC3,33673806,c.3190+1G>A,c.3190+1G>A,unaffected,0,,0,1,0,0,1,0,regex_table,"Table T2, row 68 (router+deterministic)",baseline,,/Users/kronckbm/GitRepos/GeneVariantFetcher/benchmarks/evaluation_tiers/mixed_gold/answer_key/MYBPC3_recall_input.csv,mixed_gold_01
20260903_protocol_mixed01_candidate,2026-09-03T18:31:19.973529+00:00,matched_variant_paper_measure,MYBPC3,33673806,c.3190+2T>G,c.3190+2T>G,unaffected,0,,0,1,0,0,1,0,regex_table,"Table T2, row 69 (router+deterministic)",baseline,,/Users/kronckbm/GitRepos/GeneVariantFetcher/benchmarks/evaluation_tiers/mixed_gold/answer_key/MYBPC3_recall_input.csv,mixed_gold_01
20260903_protocol_mixed01_candidate,2026-09-03T18:31:19.973529+00:00,matched_variant_paper_measure,MYBPC3,33673806,c.3190+5G>A,c.3190+5G>A,unaffected,0,,0,1,0,0,1,0,regex_table,"Table T2, row 70 (router+deterministic)",baseline,,/Users/kronckbm/GitRepos/GeneVariantFetcher/benchmarks/evaluation_tiers/mixed_gold/answer_key/MYBPC3_recall_input.csv,mixed_gold_01
20260903_protocol_mixed01_candidate,2026-09-03T18:31:19.973529+00:00,matched_variant_paper_measure,MYBPC3,33673806,p.Asp1076Gly c.3227A>G,c.3227A>G,unaffected,0,,0,1,0,0,1,0,regex_table,"Table T2, row 71 (router+deterministic)",baseline,,/Users/kronckbm/GitRepos/GeneVariantFetcher/benchmarks/evaluation_tiers/mixed_gold/answer_key/MYBPC3_recall_input.csv,mixed_gold_01
20260903_protocol_mixed01_candidate,2026-09-03T18:31:19.973529+00:00,matched_variant_paper_measure,MYBPC3,33673806,p.Trp1098* c.3293G>A,c.3293G>A,unaffected,0,,0,1,0,0,1,0,regex_table,"Table T2, row 72 (router+deterministic)",baseline,,/Users/kronckbm/GitRepos/GeneVariantFetcher/benchmarks/evaluation_tiers/mixed_gold/answer_key/MYBPC3_recall_input.csv,mixed_gold_01
20260903_protocol_mixed01_candidate,2026-09-03T18:31:19.973529+00:00,matched_variant_paper_measure,MYBPC3,33673806,p.Tyr1100Valfs*49 c.3297dup,c.3297dup,unaffected,0,,0,1,0,0,1,0,regex_table,"Table T2, row 73 (router+deterministic)",baseline,,/Users/kronckbm/GitRepos/GeneVariantFetcher/benchmarks/evaluation_tiers/mixed_gold/answer_key/MYBPC3_recall_input.csv,mixed_gold_01
20260903_protocol_mixed01_candidate,2026-09-03T18:31:19.973529+00:00,matched_variant_paper_measure,MYBPC3,33673806,p.Tyr1136* c.3408C>A,c.3407_3409delACT,unaffected,0,,0,1,0,0,1,0,regex_table,"Table T2, row 74 (router+deterministic)",baseline,,/Users/kronckbm/GitRepos/GeneVariantFetcher/benchmarks/evaluation_tiers/mixed_gold/answer_key/MYBPC3_recall_input.csv,mixed_gold_01
20260903_protocol_mixed01_candidate,2026-09-03T18:31:19.973529+00:00,matched_variant_paper_measure,MYBPC3,33673806,p.Phe1183Cys c.3548T>G,c.3548T>G,unaffected,0,,0,1,0,0,1,0,regex_table,"Table T2, row 76 (router+deterministic)",baseline,,/Users/kronckbm/GitRepos/GeneVariantFetcher/benchmarks/evaluation_tiers/mixed_gold/answer_key/MYBPC3_recall_input.csv,mixed_gold_01
20260903_protocol_mixed01_candidate,2026-09-03T18:31:19.973529+00:00,matched_variant_paper_measure,MYBPC3,33673806,p.Ala120Profs*39 c.357delA,c.357delA,unaffected,0,,0,1,0,0,1,0,regex_table,"Table T2, row 77 (router+deterministic)",baseline,,/Users/kronckbm/GitRepos/GeneVariantFetcher/benchmarks/evaluation_tiers/mixed_gold/answer_key/MYBPC3_recall_input.csv,mixed_gold_01
20260903_protocol_mixed01_candidate,2026-09-03T18:31:19.973529+00:00,matched_variant_paper_measure,MYBPC3,33673806,p.Arg1205Trp c.3613C>T,c.3613C>T,unaffected,0,,0,1,0,0,1,0,regex_table,"Table T2, row 78 (router+deterministic)",baseline,,/Users/kronckbm/GitRepos/GeneVariantFetcher/benchmarks/evaluation_tiers/mixed_gold/answer_key/MYBPC3_recall_input.csv,mixed_gold_01
20260903_protocol_mixed01_candidate,2026-09-03T18:31:19.973529+00:00,matched_variant_paper_measure,MYBPC3,33673806,p.Lys1209Serfs*28 c.3624delC,c.3624delC,unaffected,0,,0,1,0,0,1,0,regex_table,"Table T2, row 79 (router+deterministic)",baseline,,/Users/kronckbm/GitRepos/GeneVariantFetcher/benchmarks/evaluation_tiers/mixed_gold/answer_key/MYBPC3_recall_input.csv,mixed_gold_01
20260903_protocol_mixed01_candidate,2026-09-03T18:31:19.973529+00:00,matched_variant_paper_measure,MYBPC3,33673806,c.3627+1G>A,c.3627+1G>A,unaffected,0,,0,1,0,0,1,0,regex_table,"Table T2, row 80 (router+deterministic)",baseline,,/Users/kronckbm/GitRepos/GeneVariantFetcher/benchmarks/evaluation_tiers/mixed_gold/answer_key/MYBPC3_recall_input.csv,mixed_gold_01
20260903_protocol_mixed01_candidate,2026-09-03T18:31:19.973529+00:00,matched_variant_paper_measure,MYBPC3,33673806,p.Gln1233* c.3697C>T,c.3697C>T,unaffected,0,,0,1,0,0,1,0,regex_table,"Table T2, row 81 (router+deterministic)",baseline,,/Users/kronckbm/GitRepos/GeneVariantFetcher/benchmarks/evaluation_tiers/mixed_gold/answer_key/MYBPC3_recall_input.csv,mixed_gold_01
20260903_protocol_mixed01_candidate,2026-09-03T18:31:19.973529+00:00,matched_variant_paper_measure,MYBPC3,33673806,p.Cys1244* c.3732C>A,c.3732C>A,unaffected,0,,0,1,0,0,1,0,regex_table,"Table T2, row 82 (router+deterministic)",baseline,,/Users/kronckbm/GitRepos/GeneVariantFetcher/benchmarks/evaluation_tiers/mixed_gold/answer_key/MYBPC3_recall_input.csv,mixed_gold_01
20260903_protocol_mixed01_candidate,2026-09-03T18:31:19.973529+00:00,matched_variant_paper_measure,MYBPC3,33673806,p.Gly1249Val c.3746G>T,c.3746G>T,unaffected,0,,0,1,0,0,1,0,regex_table,"Table T2, row 83 (router+deterministic)",baseline,,/Users/kronckbm/GitRepos/GeneVariantFetcher/benchmarks/evaluation_tiers/mixed_gold/answer_key/MYBPC3_recall_input.csv,mixed_gold_01
20260903_protocol_mixed01_candidate,2026-09-03T18:31:19.973529+00:00,matched_variant_paper_measure,MYBPC3,33673806,p.Arg1271* c.3811C>T,c.3811C>T,unaffected,0,,0,1,0,0,1,0,regex_table,"Table T2, row 84 (router+deterministic)",baseline,,/Users/kronckbm/GitRepos/GeneVariantFetcher/benchmarks/evaluation_tiers/mixed_gold/answer_key/MYBPC3_recall_input.csv,mixed_gold_01
20260903_protocol_mixed01_candidate,2026-09-03T18:31:19.973529+00:00,matched_variant_paper_measure,MYBPC3,33673806,c.3815-1G>A,c.3815-1G>A,unaffected,0,,0,1,0,0,1,0,regex_table,"Table T2, row 85 (router+deterministic)",baseline,,/Users/kronckbm/GitRepos/GeneVariantFetcher/benchmarks/evaluation_tiers/mixed_gold/answer_key/MYBPC3_recall_input.csv,mixed_gold_01
20260903_protocol_mixed01_candidate,2026-09-03T18:31:19.973529+00:00,matched_variant_paper_measure,MYBPC3,33673806,p.Gly148Serfs*4 c.441_442delTG,c.441_442delTG,unaffected,0,,0,1,0,0,1,0,regex_table,"Table T2, row 86 (router+deterministic)",baseline,,/Users/kronckbm/GitRepos/GeneVariantFetcher/benchmarks/evaluation_tiers/mixed_gold/answer_key/MYBPC3_recall_input.csv,mixed_gold_01
20260903_protocol_mixed01_candidate,2026-09-03T18:31:19.973529+00:00,matched_variant_paper_measure,MYBPC3,33673806,c.505+5G>C,c.505+5G>C,unaffected,0,,0,1,0,0,1,0,regex_table,"Table T2, row 87 (router+deterministic)",baseline,,/Users/kronckbm/GitRepos/GeneVariantFetcher/benchmarks/evaluation_tiers/mixed_gold/answer_key/MYBPC3_recall_input.csv,mixed_gold_01
20260903_protocol_mixed01_candidate,2026-09-03T18:31:19.973529+00:00,matched_variant_paper_measure,MYBPC3,33673806,p.Thr173Ala c.517A>G,c.517A>G,unaffected,0,,0,1,0,0,1,0,regex_table,"Table T2, row 88 (router+deterministic)",baseline,,/Users/kronckbm/GitRepos/GeneVariantFetcher/benchmarks/evaluation_tiers/mixed_gold/answer_key/MYBPC3_recall_input.csv,mixed_gold_01
20260903_protocol_mixed01_candidate,2026-09-03T18:31:19.973529+00:00,matched_variant_paper_measure,MYBPC3,33673806,c.655-2A>C,c.655-2A>C,unaffected,0,,0,1,0,0,1,0,regex_table,"Table T2, row 89 (router+deterministic)",baseline,,/Users/kronckbm/GitRepos/GeneVariantFetcher/benchmarks/evaluation_tiers/mixed_gold/answer_key/MYBPC3_recall_input.csv,mixed_gold_01
20260903_protocol_mixed01_candidate,2026-09-03T18:31:19.973529+00:00,matched_variant_paper_measure,MYBPC3,33673806,p.Tyr237Ser c.710A>C,c.710A>C,unaffected,0,,0,1,0,0,1,0,regex_table,"Table T2, row 90 (router+deterministic)",baseline,,/Users/kronckbm/GitRepos/GeneVariantFetcher/benchmarks/evaluation_tiers/mixed_gold/answer_key/MYBPC3_recall_input.csv,mixed_gold_01
20260903_protocol_mixed01_candidate,2026-09-03T18:31:19.973529+00:00,matched_variant_paper_measure,MYBPC3,33673806,p.Asp248Alafs*51 c.743_746del,c.743_746del,unaffected,0,,0,1,0,0,1,0,regex_table,"Table T2, row 91 (router+deterministic)",baseline,,/Users/kronckbm/GitRepos/GeneVariantFetcher/benchmarks/evaluation_tiers/mixed_gold/answer_key/MYBPC3_recall_input.csv,mixed_gold_01
20260903_protocol_mixed01_candidate,2026-09-03T18:31:19.973529+00:00,matched_variant_paper_measure,MYBPC3,33673806,p.Glu258Lys c.772G>A,c.772G>A,unaffected,0,,0,1,0,0,1,0,regex_table,"Table T2, row 92 (router+deterministic)",baseline,,/Users/kronckbm/GitRepos/GeneVariantFetcher/benchmarks/evaluation_tiers/mixed_gold/answer_key/MYBPC3_recall_input.csv,mixed_gold_01
20260903_protocol_mixed01_candidate,2026-09-03T18:31:19.973529+00:00,matched_variant_paper_measure,MYBPC3,33673806,p.Glu258Gln c.772G>C,c.772G>C,unaffected,0,,0,1,0,0,1,0,regex_table,"Table T2, row 93 (router+deterministic)",baseline,,/Users/kronckbm/GitRepos/GeneVariantFetcher/benchmarks/evaluation_tiers/mixed_gold/answer_key/MYBPC3_recall_input.csv,mixed_gold_01
20260903_protocol_mixed01_candidate,2026-09-03T18:31:19.973529+00:00,matched_variant_paper_measure,MYBPC3,33673806,c.821+5G>A,c.821+5G>A,unaffected,0,,0,1,0,0,1,0,regex_table,"Table T2, row 94 (router+deterministic)",baseline,,/Users/kronckbm/GitRepos/GeneVariantFetcher/benchmarks/evaluation_tiers/mixed_gold/answer_key/MYBPC3_recall_input.csv,mixed_gold_01
20260903_protocol_mixed01_candidate,2026-09-03T18:31:19.973529+00:00,matched_variant_paper_measure,MYBPC3,33673806,p.Gly278Glufs*22 c.833del,c.833del,unaffected,0,,0,1,0,0,1,0,regex_table,"Table T2, row 95 (router+deterministic)",baseline,,/Users/kronckbm/GitRepos/GeneVariantFetcher/benchmarks/evaluation_tiers/mixed_gold/answer_key/MYBPC3_recall_input.csv,mixed_gold_01
20260903_protocol_mixed01_candidate,2026-09-03T18:31:19.973529+00:00,matched_variant_paper_measure,MYBPC3,33673806,p.Phe305Profs*27 c.913_914delTT,c.913_914delTT,unaffected,0,,0,1,0,0,1,0,regex_table,"Table T2, row 96 (router+deterministic)",baseline,,/Users/kronckbm/GitRepos/GeneVariantFetcher/benchmarks/evaluation_tiers/mixed_gold/answer_key/MYBPC3_recall_input.csv,mixed_gold_01
20260903_protocol_mixed01_candidate,2026-09-03T18:31:19.973529+00:00,matched_variant_paper_measure,MYBPC3,33673806,c.927-2A>G,c.927-2A>G,unaffected,0,,0,1,0,0,1,0,regex_table,"Table T2, row 97 (router+deterministic)",baseline,,/Users/kronckbm/GitRepos/GeneVariantFetcher/benchmarks/evaluation_tiers/mixed_gold/answer_key/MYBPC3_recall_input.csv,mixed_gold_01
20260903_protocol_mixed01_candidate,2026-09-03T18:31:19.973529+00:00,matched_variant_paper_measure,MYBPC3,33673806,c.927-9G>A,c.927-9G>A,unaffected,0,,0,1,0,0,1,0,regex_table,"Table T2, row 98 (router+deterministic)",baseline,,/Users/kronckbm/GitRepos/GeneVariantFetcher/benchmarks/evaluation_tiers/mixed_gold/answer_key/MYBPC3_recall_input.csv,mixed_gold_01
20260903_protocol_mixed01_candidate,2026-09-03T18:31:19.973529+00:00,matched_variant_paper_measure,MYBPC3,33673806,p.Glu843_Arg845del c.2528_2536del,p.Glu843_Arg845del,unaffected,0,,0,1,0,0,1,0,regex_table,"Table T2, row 99 (router+deterministic)",baseline,,/Users/kronckbm/GitRepos/GeneVariantFetcher/benchmarks/evaluation_tiers/mixed_gold/answer_key/MYBPC3_recall_input.csv,mixed_gold_01
20260903_protocol_mixed01_candidate,2026-09-03T18:31:19.973529+00:00,matched_variant_paper_measure,RYR2,15466642,p.Ala2403Thr,A2403T,unaffected,0,,0,1,0,0,1,0,llm_table,Table (case 34),baseline,,/Users/kronckbm/GitRepos/GeneVariantFetcher/benchmarks/evaluation_tiers/mixed_gold/answer_key/RYR2_recall_input.csv,mixed_gold_01
20260903_protocol_mixed01_candidate,2026-09-03T18:31:19.973529+00:00,matched_variant_paper_measure,RYR2,15466642,p.Ala4510Thr,A4510T,unaffected,0,,0,1,0,0,1,0,llm_table,Table (case 36),baseline,,/Users/kronckbm/GitRepos/GeneVariantFetcher/benchmarks/evaluation_tiers/mixed_gold/answer_key/RYR2_recall_input.csv,mixed_gold_01
20260903_protocol_mixed01_candidate,2026-09-03T18:31:19.973529+00:00,matched_variant_paper_measure,RYR2,15466642,p.Phe4499Cys,F4499C,unaffected,0,,0,1,0,0,1,0,llm_table,Table (case 35),baseline,,/Users/kronckbm/GitRepos/GeneVariantFetcher/benchmarks/evaluation_tiers/mixed_gold/answer_key/RYR2_recall_input.csv,mixed_gold_01
20260903_protocol_mixed01_candidate,2026-09-03T18:31:19.973529+00:00,matched_variant_paper_measure,RYR2,15466642,p.Gly4671Arg,G4671R,unaffected,0,,0,1,0,0,1,0,llm_table,Table (case 37),baseline,,/Users/kronckbm/GitRepos/GeneVariantFetcher/benchmarks/evaluation_tiers/mixed_gold/answer_key/RYR2_recall_input.csv,mixed_gold_01
20260903_protocol_mixed01_candidate,2026-09-03T18:31:19.973529+00:00,matched_variant_paper_measure,RYR2,15466642,p.Ile419Phe,I419F,unaffected,0,,0,1,0,0,1,0,llm_table,Table (case 33),baseline,,/Users/kronckbm/GitRepos/GeneVariantFetcher/benchmarks/evaluation_tiers/mixed_gold/answer_key/RYR2_recall_input.csv,mixed_gold_01
20260903_protocol_mixed01_candidate,2026-09-03T18:31:19.973529+00:00,matched_variant_paper_measure,RYR2,15466642,p.Ile4848Val,I4848V,unaffected,0,,0,1,0,0,1,0,llm_table,"Table (cases 38,39)",baseline,,/Users/kronckbm/GitRepos/GeneVariantFetcher/benchmarks/evaluation_tiers/mixed_gold/answer_key/RYR2_recall_input.csv,mixed_gold_01
20260903_protocol_mixed01_candidate,2026-09-03T18:31:19.973529+00:00,matched_variant_paper_measure,RYR2,15466642,p.Pro164Ser,P164S,unaffected,0,,0,1,0,0,1,0,llm_table,Table (case 31),baseline,,/Users/kronckbm/GitRepos/GeneVariantFetcher/benchmarks/evaluation_tiers/mixed_gold/answer_key/RYR2_recall_input.csv,mixed_gold_01
20260903_protocol_mixed01_candidate,2026-09-03T18:31:19.973529+00:00,matched_variant_paper_measure,RYR2,15466642,p.Arg414Leu,R414L,unaffected,0,,0,1,0,0,1,0,llm_table,Table (case 32),baseline,,/Users/kronckbm/GitRepos/GeneVariantFetcher/benchmarks/evaluation_tiers/mixed_gold/answer_key/RYR2_recall_input.csv,mixed_gold_01
20260903_protocol_cont120_01_candidate,2026-09-03T23:52:59.594246+00:00,matched_variant_paper_measure,RYR2,16843546,p.Phe4851Cys,F4851C,unaffected,0,,0,1,0,0,1,0,llm_text,"Results, Family 3",baseline,,/Users/kronckbm/GitRepos/GeneVariantFetcher/benchmarks/evaluation_tiers/mixed_gold_continuation_120/answer_key/RYR2_recall_input.csv,mixed_gold_cont120_01
20260903_protocol_cont120_01_candidate,2026-09-03T23:52:59.594246+00:00,matched_variant_paper_measure,RYR2,16843546,p.Arg2359Gln,R2359Q,unaffected,0,,0,1,0,0,1,0,llm_text,"Results, Family 3",baseline,,/Users/kronckbm/GitRepos/GeneVariantFetcher/benchmarks/evaluation_tiers/mixed_gold_continuation_120/answer_key/RYR2_recall_input.csv,mixed_gold_cont120_01
20260903_protocol_cont120_01_candidate,2026-09-03T23:52:59.594246+00:00,matched_variant_paper_measure,RYR2,16843546,p.Arg2401His,R2401H,unaffected,0,,0,1,0,0,1,0,llm_text,"Results, Family 1",baseline,,/Users/kronckbm/GitRepos/GeneVariantFetcher/benchmarks/evaluation_tiers/mixed_gold_continuation_120/answer_key/RYR2_recall_input.csv,mixed_gold_cont120_01
20260903_protocol_cont120_01_candidate,2026-09-03T23:52:59.594246+00:00,matched_variant_paper_measure,RYR2,16843546,p.Ser2246Leu,S2246L,unaffected,0,,0,1,0,0,1,0,llm_text,"Results, Family 2",baseline,,/Users/kronckbm/GitRepos/GeneVariantFetcher/benchmarks/evaluation_tiers/mixed_gold_continuation_120/answer_key/RYR2_recall_input.csv,mixed_gold_cont120_01
20260903_protocol_mixed01_candidate,2026-09-03T18:31:19.973529+00:00,matched_variant_paper_measure,RYR2,17062961,R420W,R420W,unaffected,0,,0,1,0,0,1,0,llm_text,Abstract / Main text,baseline,,/Users/kronckbm/GitRepos/GeneVariantFetcher/benchmarks/evaluation_tiers/mixed_gold/answer_key/RYR2_recall_input.csv,mixed_gold_01
20260903_protocol_cont120_01_candidate,2026-09-03T23:52:59.594246+00:00,matched_variant_paper_measure,RYR2,17199967,p.Gly3946Ser,G3946S,unaffected,0,,0,1,0,0,1,0,llm_text,"Case Report, Genetic study paragraph",baseline,,/Users/kronckbm/GitRepos/GeneVariantFetcher/benchmarks/evaluation_tiers/mixed_gold_continuation_120/answer_key/RYR2_recall_input.csv,mixed_gold_cont120_01
20260903_protocol_mixed01_candidate,2026-09-03T18:31:19.973529+00:00,matched_variant_paper_measure,RYR2,17556193,R2267H,R2267H,unaffected,0,,0,1,0,0,1,0,figure,figure-reader,baseline,,/Users/kronckbm/GitRepos/GeneVariantFetcher/benchmarks/evaluation_tiers/mixed_gold/answer_key/RYR2_recall_input.csv,mixed_gold_01
20260903_protocol_mixed01_candidate,2026-09-03T18:31:19.973529+00:00,matched_variant_paper_measure,RYR2,17556193,S4565R,S4565R,unaffected,0,,0,1,0,0,1,0,figure,figure-reader,baseline,,/Users/kronckbm/GitRepos/GeneVariantFetcher/benchmarks/evaluation_tiers/mixed_gold/answer_key/RYR2_recall_input.csv,mixed_gold_01
20260903_protocol_cont120_01_candidate,2026-09-03T23:52:59.594246+00:00,matched_variant_paper_measure,RYR2,17875969,"p.Asn57_Gly91del deletion of exon 3 (part of intron 2, exon 3, part of intron 3; Alu-mediated)",EXON 3 DELETION,unaffected,0,,0,1,0,0,1,0,llm_text,"Results, paragraphs on Genotype Analysis and Clinical Features",baseline,,/Users/kronckbm/GitRepos/GeneVariantFetcher/benchmarks/evaluation_tiers/mixed_gold_continuation_120/answer_key/RYR2_recall_input.csv,mixed_gold_cont120_01
20260903_protocol_cont120_01_candidate,2026-09-03T23:52:59.594246+00:00,matched_variant_paper_measure,RYR2,19398665,A2387T,A2387T,unaffected,0,,0,1,0,0,1,0,figure,figure-reader,baseline,,/Users/kronckbm/GitRepos/GeneVariantFetcher/benchmarks/evaluation_tiers/mixed_gold_continuation_120/answer_key/RYR2_recall_input.csv,mixed_gold_cont120_01
20260903_protocol_cont120_01_candidate,2026-09-03T23:52:59.594246+00:00,matched_variant_paper_measure,RYR2,19398665,A2394G,A2394G,unaffected,0,,0,1,0,0,1,0,figure,figure-reader,baseline,,/Users/kronckbm/GitRepos/GeneVariantFetcher/benchmarks/evaluation_tiers/mixed_gold_continuation_120/answer_key/RYR2_recall_input.csv,mixed_gold_cont120_01
20260903_protocol_cont120_01_candidate,2026-09-03T23:52:59.594246+00:00,matched_variant_paper_measure,RYR2,19398665,A2498V,A2498V,unaffected,0,,0,1,0,0,1,0,figure,figure-reader,baseline,,/Users/kronckbm/GitRepos/GeneVariantFetcher/benchmarks/evaluation_tiers/mixed_gold_continuation_120/answer_key/RYR2_recall_input.csv,mixed_gold_cont120_01
20260903_protocol_cont120_01_candidate,2026-09-03T23:52:59.594246+00:00,matched_variant_paper_measure,RYR2,19398665,A4091T,A4091T,unaffected,0,,0,1,0,0,1,0,figure,figure-reader,baseline,,/Users/kronckbm/GitRepos/GeneVariantFetcher/benchmarks/evaluation_tiers/mixed_gold_continuation_120/answer_key/RYR2_recall_input.csv,mixed_gold_cont120_01
20260903_protocol_cont120_01_candidate,2026-09-03T23:52:59.594246+00:00,matched_variant_paper_measure,RYR2,19398665,A4091V,A4091V,unaffected,0,,0,1,0,0,1,0,figure,figure-reader,baseline,,/Users/kronckbm/GitRepos/GeneVariantFetcher/benchmarks/evaluation_tiers/mixed_gold_continuation_120/answer_key/RYR2_recall_input.csv,mixed_gold_cont120_01
20260903_protocol_cont120_01_candidate,2026-09-03T23:52:59.594246+00:00,matched_variant_paper_measure,RYR2,19398665,C2402Y,C2402Y,unaffected,0,,0,1,0,0,1,0,figure,figure-reader,baseline,,/Users/kronckbm/GitRepos/GeneVariantFetcher/benchmarks/evaluation_tiers/mixed_gold_continuation_120/answer_key/RYR2_recall_input.csv,mixed_gold_cont120_01
20260903_protocol_cont120_01_candidate,2026-09-03T23:52:59.594246+00:00,matched_variant_paper_measure,RYR2,19398665,D242V,D242V,unaffected,0,,0,1,0,0,1,0,figure,figure-reader,baseline,,/Users/kronckbm/GitRepos/GeneVariantFetcher/benchmarks/evaluation_tiers/mixed_gold_continuation_120/answer_key/RYR2_recall_input.csv,mixed_gold_cont120_01
20260903_protocol_cont120_01_candidate,2026-09-03T23:52:59.594246+00:00,matched_variant_paper_measure,RYR2,19398665,D3977Y,D3977Y,unaffected,0,,0,1,0,0,1,0,figure,figure-reader,baseline,,/Users/kronckbm/GitRepos/GeneVariantFetcher/benchmarks/evaluation_tiers/mixed_gold_continuation_120/answer_key/RYR2_recall_input.csv,mixed_gold_cont120_01
20260903_protocol_cont120_01_candidate,2026-09-03T23:52:59.594246+00:00,matched_variant_paper_measure,RYR2,19398665,E243K,E243K,unaffected,0,,0,1,0,0,1,0,figure,figure-reader,baseline,,/Users/kronckbm/GitRepos/GeneVariantFetcher/benchmarks/evaluation_tiers/mixed_gold_continuation_120/answer_key/RYR2_recall_input.csv,mixed_gold_cont120_01
20260903_protocol_cont120_01_candidate,2026-09-03T23:52:59.594246+00:00,matched_variant_paper_measure,RYR2,19398665,E4076K,E4076K,unaffected,0,,0,1,0,0,1,0,figure,figure-reader,baseline,,/Users/kronckbm/GitRepos/GeneVariantFetcher/benchmarks/evaluation_tiers/mixed_gold_continuation_120/answer_key/RYR2_recall_input.csv,mixed_gold_cont120_01
20260903_protocol_cont120_01_candidate,2026-09-03T23:52:59.594246+00:00,matched_variant_paper_measure,RYR2,19398665,F4020L,F4020L,unaffected,0,,0,1,0,0,1,0,figure,figure-reader,baseline,,/Users/kronckbm/GitRepos/GeneVariantFetcher/benchmarks/evaluation_tiers/mixed_gold_continuation_120/answer_key/RYR2_recall_input.csv,mixed_gold_cont120_01
20260903_protocol_cont120_01_candidate,2026-09-03T23:52:59.594246+00:00,matched_variant_paper_measure,RYR2,19398665,F4851L,F4851L,unaffected,0,,0,1,0,0,1,0,figure,figure-reader,baseline,,/Users/kronckbm/GitRepos/GeneVariantFetcher/benchmarks/evaluation_tiers/mixed_gold_continuation_120/answer_key/RYR2_recall_input.csv,mixed_gold_cont120_01
20260903_protocol_cont120_01_candidate,2026-09-03T23:52:59.594246+00:00,matched_variant_paper_measure,RYR2,19398665,G3946D,G3946D,unaffected,0,,0,1,0,0,1,0,figure,figure-reader,baseline,,/Users/kronckbm/GitRepos/GeneVariantFetcher/benchmarks/evaluation_tiers/mixed_gold_continuation_120/answer_key/RYR2_recall_input.csv,mixed_gold_cont120_01
20260903_protocol_cont120_01_candidate,2026-09-03T23:52:59.594246+00:00,matched_variant_paper_measure,RYR2,19398665,G4662S*,G4662S,unaffected,0,,0,1,0,0,1,0,figure,figure-reader,baseline,,/Users/kronckbm/GitRepos/GeneVariantFetcher/benchmarks/evaluation_tiers/mixed_gold_continuation_120/answer_key/RYR2_recall_input.csv,mixed_gold_cont120_01
20260903_protocol_cont120_01_candidate,2026-09-03T23:52:59.594246+00:00,matched_variant_paper_measure,RYR2,19398665,H2217Y,H2217Y,unaffected,0,,0,1,0,0,1,0,figure,figure-reader,baseline,,/Users/kronckbm/GitRepos/GeneVariantFetcher/benchmarks/evaluation_tiers/mixed_gold_continuation_120/answer_key/RYR2_recall_input.csv,mixed_gold_cont120_01
20260903_protocol_cont120_01_candidate,2026-09-03T23:52:59.594246+00:00,matched_variant_paper_measure,RYR2,19398665,H4762P,H4762P,unaffected,0,,0,1,0,0,1,0,figure,figure-reader,baseline,,/Users/kronckbm/GitRepos/GeneVariantFetcher/benchmarks/evaluation_tiers/mixed_gold_continuation_120/answer_key/RYR2_recall_input.csv,mixed_gold_cont120_01
20260903_protocol_cont120_01_candidate,2026-09-03T23:52:59.594246+00:00,matched_variant_paper_measure,RYR2,19398665,L3778F,L3778F,unaffected,0,,0,1,0,0,1,0,figure,figure-reader,baseline,,/Users/kronckbm/GitRepos/GeneVariantFetcher/benchmarks/evaluation_tiers/mixed_gold_continuation_120/answer_key/RYR2_recall_input.csv,mixed_gold_cont120_01
20260903_protocol_cont120_01_candidate,2026-09-03T23:52:59.594246+00:00,matched_variant_paper_measure,RYR2,19398665,N4104I,N4104I,unaffected,0,,0,1,0,0,1,0,figure,figure-reader,baseline,,/Users/kronckbm/GitRepos/GeneVariantFetcher/benchmarks/evaluation_tiers/mixed_gold_continuation_120/answer_key/RYR2_recall_input.csv,mixed_gold_cont120_01
20260903_protocol_cont120_01_candidate,2026-09-03T23:52:59.594246+00:00,matched_variant_paper_measure,RYR2,19398665,N4178Y,N4178Y,unaffected,0,,0,1,0,0,1,0,figure,figure-reader,baseline,,/Users/kronckbm/GitRepos/GeneVariantFetcher/benchmarks/evaluation_tiers/mixed_gold_continuation_120/answer_key/RYR2_recall_input.csv,mixed_gold_cont120_01
20260903_protocol_cont120_01_candidate,2026-09-03T23:52:59.594246+00:00,matched_variant_paper_measure,RYR2,19398665,P4902S,P4902S,unaffected,0,,0,1,0,0,1,0,figure,figure-reader,baseline,,/Users/kronckbm/GitRepos/GeneVariantFetcher/benchmarks/evaluation_tiers/mixed_gold_continuation_120/answer_key/RYR2_recall_input.csv,mixed_gold_cont120_01
20260903_protocol_cont120_01_candidate,2026-09-03T23:52:59.594246+00:00,matched_variant_paper_measure,RYR2,19398665,R2401H,R2401H,unaffected,0,,0,1,0,0,1,0,figure,figure-reader,baseline,,/Users/kronckbm/GitRepos/GeneVariantFetcher/benchmarks/evaluation_tiers/mixed_gold_continuation_120/answer_key/RYR2_recall_input.csv,mixed_gold_cont120_01
20260903_protocol_cont120_01_candidate,2026-09-03T23:52:59.594246+00:00,matched_variant_paper_measure,RYR2,19398665,R420W,R420W,unaffected,0,,0,1,0,0,1,0,figure,figure-reader,baseline,,/Users/kronckbm/GitRepos/GeneVariantFetcher/benchmarks/evaluation_tiers/mixed_gold_continuation_120/answer_key/RYR2_recall_input.csv,mixed_gold_cont120_01
20260903_protocol_cont120_01_candidate,2026-09-03T23:52:59.594246+00:00,matched_variant_paper_measure,RYR2,19398665,S2246L,S2246L,unaffected,0,,0,1,0,0,1,0,figure,figure-reader,baseline,,/Users/kronckbm/GitRepos/GeneVariantFetcher/benchmarks/evaluation_tiers/mixed_gold_continuation_120/answer_key/RYR2_recall_input.csv,mixed_gold_cont120_01
20260903_protocol_cont120_01_candidate,2026-09-03T23:52:59.594246+00:00,matched_variant_paper_measure,RYR2,19398665,S3799P,S3799P,unaffected,0,,0,1,0,0,1,0,figure,figure-reader,baseline,,/Users/kronckbm/GitRepos/GeneVariantFetcher/benchmarks/evaluation_tiers/mixed_gold_continuation_120/answer_key/RYR2_recall_input.csv,mixed_gold_cont120_01
20260903_protocol_cont120_01_candidate,2026-09-03T23:52:59.594246+00:00,matched_variant_paper_measure,RYR2,19398665,S413T,S413T,unaffected,0,,0,1,0,0,1,0,figure,figure-reader,baseline,,/Users/kronckbm/GitRepos/GeneVariantFetcher/benchmarks/evaluation_tiers/mixed_gold_continuation_120/answer_key/RYR2_recall_input.csv,mixed_gold_cont120_01
20260903_protocol_cont120_01_candidate,2026-09-03T23:52:59.594246+00:00,matched_variant_paper_measure,RYR2,19398665,V3990D,V3990D,unaffected,0,,0,1,0,0,1,0,figure,figure-reader,baseline,,/Users/kronckbm/GitRepos/GeneVariantFetcher/benchmarks/evaluation_tiers/mixed_gold_continuation_120/answer_key/RYR2_recall_input.csv,mixed_gold_cont120_01
20260903_protocol_cont120_01_candidate,2026-09-03T23:52:59.594246+00:00,matched_variant_paper_measure,RYR2,19398665,V4771I,V4771I,unaffected,0,,0,1,0,0,1,0,figure,figure-reader,baseline,,/Users/kronckbm/GitRepos/GeneVariantFetcher/benchmarks/evaluation_tiers/mixed_gold_continuation_120/answer_key/RYR2_recall_input.csv,mixed_gold_cont120_01
20260903_protocol_mixed02_candidate,2026-09-03T19:34:09.579935+00:00,matched_variant_paper_measure,RYR2,21652165,p.Ser4153Arg,S4153R,unaffected,0,,0,1,0,0,1,0,llm_text,"Abstract, Case Presentation",baseline,,/Users/kronckbm/GitRepos/GeneVariantFetcher/benchmarks/evaluation_tiers/mixed_gold/answer_key/RYR2_recall_input.csv,mixed_gold_02
20260903_protocol_mixed02_candidate,2026-09-03T19:34:09.579935+00:00,matched_variant_paper_measure,RYR2,21954897,p.Glu243Lys,E243K,unaffected,0,,0,1,0,0,1,0,llm_text,"Methods, Patients section",baseline,,/Users/kronckbm/GitRepos/GeneVariantFetcher/benchmarks/evaluation_tiers/mixed_gold/answer_key/RYR2_recall_input.csv,mixed_gold_02
20260903_protocol_mixed02_candidate,2026-09-03T19:34:09.579935+00:00,matched_variant_paper_measure,RYR2,21954897,p.Leu4115Phe,L4115F,unaffected,0,,0,1,0,0,1,0,llm_text,"Methods, Patients section",baseline,,/Users/kronckbm/GitRepos/GeneVariantFetcher/benchmarks/evaluation_tiers/mixed_gold/answer_key/RYR2_recall_input.csv,mixed_gold_02
20260903_protocol_mixed02_candidate,2026-09-03T19:34:09.579935+00:00,matched_variant_paper_measure,RYR2,21954897,p.Pro2328Ser,P2328S,unaffected,0,,0,1,0,0,1,0,llm_text,"Methods, Patients section",baseline,,/Users/kronckbm/GitRepos/GeneVariantFetcher/benchmarks/evaluation_tiers/mixed_gold/answer_key/RYR2_recall_input.csv,mixed_gold_02
20260903_protocol_mixed02_candidate,2026-09-03T19:34:09.579935+00:00,matched_variant_paper_measure,RYR2,21954897,p.Tyr2392Cys,Y2392C,unaffected,0,,0,1,0,0,1,0,llm_text,"Methods, Patients section",baseline,,/Users/kronckbm/GitRepos/GeneVariantFetcher/benchmarks/evaluation_tiers/mixed_gold/answer_key/RYR2_recall_input.csv,mixed_gold_02
20260903_protocol_mixed01_candidate,2026-09-03T18:31:19.973529+00:00,matched_variant_paper_measure,RYR2,22222782,p.D1872N,D1872N,unaffected,1,,0,1,-1,1,0,1,llm_text,Abstract/Results,baseline,,/Users/kronckbm/GitRepos/GeneVariantFetcher/benchmarks/evaluation_tiers/mixed_gold/answer_key/RYR2_recall_input.csv,mixed_gold_01
20260903_protocol_mixed01_candidate,2026-09-03T18:31:19.973529+00:00,matched_variant_paper_measure,RYR2,22222782,p.E4213D,E4213D,unaffected,0,,0,1,0,0,1,0,llm_text,Abstract/Results,baseline,,/Users/kronckbm/GitRepos/GeneVariantFetcher/benchmarks/evaluation_tiers/mixed_gold/answer_key/RYR2_recall_input.csv,mixed_gold_01
20260903_protocol_mixed01_candidate,2026-09-03T18:31:19.973529+00:00,matched_variant_paper_measure,RYR2,22222782,p.G2367R,G2367R,unaffected,0,,0,1,0,0,1,0,llm_text,Abstract/Results,baseline,,/Users/kronckbm/GitRepos/GeneVariantFetcher/benchmarks/evaluation_tiers/mixed_gold/answer_key/RYR2_recall_input.csv,mixed_gold_01
20260903_protocol_mixed01_candidate,2026-09-03T18:31:19.973529+00:00,matched_variant_paper_measure,RYR2,22222782,p.G4315E,G4315E,unaffected,0,,0,1,0,0,1,0,llm_text,Abstract/Results,baseline,,/Users/kronckbm/GitRepos/GeneVariantFetcher/benchmarks/evaluation_tiers/mixed_gold/answer_key/RYR2_recall_input.csv,mixed_gold_01
20260903_protocol_mixed01_candidate,2026-09-03T18:31:19.973529+00:00,matched_variant_paper_measure,RYR2,22222782,p.H4579Y,H4579Y,unaffected,1,,0,1,-1,1,0,1,llm_text,Abstract/Results,baseline,,/Users/kronckbm/GitRepos/GeneVariantFetcher/benchmarks/evaluation_tiers/mixed_gold/answer_key/RYR2_recall_input.csv,mixed_gold_01
20260903_protocol_mixed01_candidate,2026-09-03T18:31:19.973529+00:00,matched_variant_paper_measure,RYR2,22222782,p.L4767L,L4767L,unaffected,0,,0,1,0,0,1,0,llm_text,Abstract/Results,baseline,,/Users/kronckbm/GitRepos/GeneVariantFetcher/benchmarks/evaluation_tiers/mixed_gold/answer_key/RYR2_recall_input.csv,mixed_gold_01
20260903_protocol_mixed01_candidate,2026-09-03T18:31:19.973529+00:00,matched_variant_paper_measure,RYR2,22222782,p.Q486H,Q486H,unaffected,1,,0,1,-1,1,0,1,llm_text,Abstract/Results,baseline,,/Users/kronckbm/GitRepos/GeneVariantFetcher/benchmarks/evaluation_tiers/mixed_gold/answer_key/RYR2_recall_input.csv,mixed_gold_01
20260903_protocol_mixed02_candidate,2026-09-03T19:34:09.579935+00:00,matched_variant_paper_measure,RYR2,22519458,p.Glu4182Ala c.12545A>C,E4182A,unaffected,0,0,0,0,0,0,1,0,llm_table,"Table II; Results, Mutation Analysis Results section",baseline,,/Users/kronckbm/GitRepos/GeneVariantFetcher/benchmarks/evaluation_tiers/mixed_gold/answer_key/RYR2_recall_input.csv,mixed_gold_02
20260903_protocol_mixed02_candidate,2026-09-03T19:34:09.579935+00:00,matched_variant_paper_measure,RYR2,22519458,p.Met4107Val c.12643A>G,M4107V,unaffected,0,,0,1,0,0,1,0,llm_table,"Table II; Results, Mutation Analysis Results section",baseline,,/Users/kronckbm/GitRepos/GeneVariantFetcher/benchmarks/evaluation_tiers/mixed_gold/answer_key/RYR2_recall_input.csv,mixed_gold_02
20260903_protocol_mixed02_candidate,2026-09-03T19:34:09.579935+00:00,matched_variant_paper_measure,RYR2,22519458,p.Ser4122Arg c.12364A>C,S4122R,unaffected,0,,0,1,0,0,1,0,llm_table,"Table II; Results, Mutation Analysis Results section",baseline,,/Users/kronckbm/GitRepos/GeneVariantFetcher/benchmarks/evaluation_tiers/mixed_gold/answer_key/RYR2_recall_input.csv,mixed_gold_02
20260903_protocol_mixed02_candidate,2026-09-03T19:34:09.579935+00:00,matched_variant_paper_measure,RYR2,22519458,p.Trp4949Arg c.15162T>C,W4949R,unaffected,0,,0,1,0,0,1,0,llm_table,"Table II; Results, Mutation Analysis Results section",baseline,,/Users/kronckbm/GitRepos/GeneVariantFetcher/benchmarks/evaluation_tiers/mixed_gold/answer_key/RYR2_recall_input.csv,mixed_gold_02
20260903_protocol_cont120_01_candidate,2026-09-03T23:52:59.594246+00:00,matched_variant_paper_measure,RYR2,22677073,D400H,D400H,unaffected,0,,0,1,0,0,1,0,regex_table,TABLE 2 (regex extraction),baseline,,/Users/kronckbm/GitRepos/GeneVariantFetcher/benchmarks/evaluation_tiers/mixed_gold_continuation_120/answer_key/RYR2_recall_input.csv,mixed_gold_cont120_01
20260903_protocol_cont120_01_candidate,2026-09-03T23:52:59.594246+00:00,matched_variant_paper_measure,RYR2,22677073,E4146K,E4146K,unaffected,0,,0,1,0,0,1,0,regex_table,TABLE 2 (regex extraction),baseline,,/Users/kronckbm/GitRepos/GeneVariantFetcher/benchmarks/evaluation_tiers/mixed_gold_continuation_120/answer_key/RYR2_recall_input.csv,mixed_gold_cont120_01
20260903_protocol_cont120_01_candidate,2026-09-03T23:52:59.594246+00:00,matched_variant_paper_measure,RYR2,22677073,G1885E,G1885E,unaffected,0,,0,1,0,0,1,0,regex_table,TABLE 2 (regex extraction),baseline,,/Users/kronckbm/GitRepos/GeneVariantFetcher/benchmarks/evaluation_tiers/mixed_gold_continuation_120/answer_key/RYR2_recall_input.csv,mixed_gold_cont120_01
20260903_protocol_cont120_01_candidate,2026-09-03T23:52:59.594246+00:00,matched_variant_paper_measure,RYR2,22677073,G1886S,G1886S,unaffected,0,,0,1,0,0,1,0,regex_table,TABLE 2 (regex extraction),baseline,,/Users/kronckbm/GitRepos/GeneVariantFetcher/benchmarks/evaluation_tiers/mixed_gold_continuation_120/answer_key/RYR2_recall_input.csv,mixed_gold_cont120_01
20260903_protocol_cont120_01_candidate,2026-09-03T23:52:59.594246+00:00,matched_variant_paper_measure,RYR2,22677073,c.6680G>T,G2227V,unaffected,0,,0,1,0,0,1,0,regex_table,"TABLE 2, row 33 (router+deterministic)",baseline,,/Users/kronckbm/GitRepos/GeneVariantFetcher/benchmarks/evaluation_tiers/mixed_gold_continuation_120/answer_key/RYR2_recall_input.csv,mixed_gold_cont120_01
20260903_protocol_cont120_01_candidate,2026-09-03T23:52:59.594246+00:00,matched_variant_paper_measure,RYR2,22677073,H240R,H240R,unaffected,0,,0,1,0,0,1,0,regex_table,TABLE 2 (regex extraction),baseline,,/Users/kronckbm/GitRepos/GeneVariantFetcher/benchmarks/evaluation_tiers/mixed_gold_continuation_120/answer_key/RYR2_recall_input.csv,mixed_gold_cont120_01
20260903_protocol_cont120_01_candidate,2026-09-03T23:52:59.594246+00:00,matched_variant_paper_measure,RYR2,22677073,I217V,I217V,unaffected,0,,0,1,0,0,1,0,regex_table,TABLE 2 (regex extraction),baseline,,/Users/kronckbm/GitRepos/GeneVariantFetcher/benchmarks/evaluation_tiers/mixed_gold_continuation_120/answer_key/RYR2_recall_input.csv,mixed_gold_cont120_01
20260903_protocol_cont120_01_candidate,2026-09-03T23:52:59.594246+00:00,matched_variant_paper_measure,RYR2,22677073,L3879P,L3879P,unaffected,0,,0,1,0,0,1,0,regex_table,TABLE 2 (regex extraction),baseline,,/Users/kronckbm/GitRepos/GeneVariantFetcher/benchmarks/evaluation_tiers/mixed_gold_continuation_120/answer_key/RYR2_recall_input.csv,mixed_gold_cont120_01
20260903_protocol_cont120_01_candidate,2026-09-03T23:52:59.594246+00:00,matched_variant_paper_measure,RYR2,22677073,N4097S,N4097S,unaffected,0,,0,1,0,0,1,0,regex_table,TABLE 2 (regex extraction),baseline,,/Users/kronckbm/GitRepos/GeneVariantFetcher/benchmarks/evaluation_tiers/mixed_gold_continuation_120/answer_key/RYR2_recall_input.csv,mixed_gold_cont120_01
20260903_protocol_cont120_01_candidate,2026-09-03T23:52:59.594246+00:00,matched_variant_paper_measure,RYR2,22677073,Q3925E,Q3925E,unaffected,0,,0,1,0,0,1,0,regex_table,TABLE 2 (regex extraction),baseline,,/Users/kronckbm/GitRepos/GeneVariantFetcher/benchmarks/evaluation_tiers/mixed_gold_continuation_120/answer_key/RYR2_recall_input.csv,mixed_gold_cont120_01
20260903_protocol_cont120_01_candidate,2026-09-03T23:52:59.594246+00:00,matched_variant_paper_measure,RYR2,22677073,R407I,R407I,unaffected,0,,0,1,0,0,1,0,regex_table,TABLE 2 (regex extraction),baseline,,/Users/kronckbm/GitRepos/GeneVariantFetcher/benchmarks/evaluation_tiers/mixed_gold_continuation_120/answer_key/RYR2_recall_input.csv,mixed_gold_cont120_01
20260903_protocol_cont120_01_candidate,2026-09-03T23:52:59.594246+00:00,matched_variant_paper_measure,RYR2,22677073,R420W,R420W,unaffected,0,,0,1,0,0,1,0,regex_table,TABLE 2 (regex extraction),baseline,,/Users/kronckbm/GitRepos/GeneVariantFetcher/benchmarks/evaluation_tiers/mixed_gold_continuation_120/answer_key/RYR2_recall_input.csv,mixed_gold_cont120_01
20260903_protocol_cont120_01_candidate,2026-09-03T23:52:59.594246+00:00,matched_variant_paper_measure,RYR2,22677073,R4497C,R4497C,unaffected,0,,0,1,0,0,1,0,regex_table,TABLE 2 (regex extraction),baseline,,/Users/kronckbm/GitRepos/GeneVariantFetcher/benchmarks/evaluation_tiers/mixed_gold_continuation_120/answer_key/RYR2_recall_input.csv,mixed_gold_cont120_01
20260903_protocol_cont120_01_candidate,2026-09-03T23:52:59.594246+00:00,matched_variant_paper_measure,RYR2,22677073,c.6737C>T,S2246L,unaffected,0,,0,1,0,0,1,0,regex_table,"TABLE 2, row 34 (router+deterministic)",baseline,,/Users/kronckbm/GitRepos/GeneVariantFetcher/benchmarks/evaluation_tiers/mixed_gold_continuation_120/answer_key/RYR2_recall_input.csv,mixed_gold_cont120_01
20260903_protocol_cont120_01_candidate,2026-09-03T23:52:59.594246+00:00,matched_variant_paper_measure,RYR2,22677073,S3959L,S3959L,unaffected,0,,0,1,0,0,1,0,regex_table,TABLE 2 (regex extraction),baseline,,/Users/kronckbm/GitRepos/GeneVariantFetcher/benchmarks/evaluation_tiers/mixed_gold_continuation_120/answer_key/RYR2_recall_input.csv,mixed_gold_cont120_01
20260903_protocol_cont120_01_candidate,2026-09-03T23:52:59.594246+00:00,matched_variant_paper_measure,RYR2,22677073,T1107M,T1107M,unaffected,0,,0,1,0,0,1,0,regex_table,TABLE 2 (regex extraction),baseline,,/Users/kronckbm/GitRepos/GeneVariantFetcher/benchmarks/evaluation_tiers/mixed_gold_continuation_120/answer_key/RYR2_recall_input.csv,mixed_gold_cont120_01
20260903_protocol_cont120_01_candidate,2026-09-03T23:52:59.594246+00:00,matched_variant_paper_measure,RYR2,22677073,T2510A,T2510A,unaffected,0,,0,1,0,0,1,0,regex_table,TABLE 2 (regex extraction),baseline,,/Users/kronckbm/GitRepos/GeneVariantFetcher/benchmarks/evaluation_tiers/mixed_gold_continuation_120/answer_key/RYR2_recall_input.csv,mixed_gold_cont120_01
20260903_protocol_cont120_01_candidate,2026-09-03T23:52:59.594246+00:00,matched_variant_paper_measure,RYR2,22677073,T4158P,T4158P,unaffected,0,,0,1,0,0,1,0,regex_table,TABLE 2 (regex extraction),baseline,,/Users/kronckbm/GitRepos/GeneVariantFetcher/benchmarks/evaluation_tiers/mixed_gold_continuation_120/answer_key/RYR2_recall_input.csv,mixed_gold_cont120_01
20260903_protocol_cont120_01_candidate,2026-09-03T23:52:59.594246+00:00,matched_variant_paper_measure,RYR2,22677073,V2113M,V2113M,unaffected,0,,0,1,0,0,1,0,regex_table,TABLE 2 (regex extraction),baseline,,/Users/kronckbm/GitRepos/GeneVariantFetcher/benchmarks/evaluation_tiers/mixed_gold_continuation_120/answer_key/RYR2_recall_input.csv,mixed_gold_cont120_01
20260903_protocol_cont120_01_candidate,2026-09-03T23:52:59.594246+00:00,matched_variant_paper_measure,RYR2,22677073,W4645R,W4645R,unaffected,0,,0,1,0,0,1,0,regex_table,TABLE 2 (regex extraction),baseline,,/Users/kronckbm/GitRepos/GeneVariantFetcher/benchmarks/evaluation_tiers/mixed_gold_continuation_120/answer_key/RYR2_recall_input.csv,mixed_gold_cont120_01
20260903_protocol_cont120_01_candidate,2026-09-03T23:52:59.594246+00:00,matched_variant_paper_measure,RYR2,22677073,Y2392C,Y2392C,unaffected,0,,0,1,0,0,1,0,regex_table,TABLE 2 (regex extraction),baseline,,/Users/kronckbm/GitRepos/GeneVariantFetcher/benchmarks/evaluation_tiers/mixed_gold_continuation_120/answer_key/RYR2_recall_input.csv,mixed_gold_cont120_01
20260903_protocol_cont120_01_candidate,2026-09-03T23:52:59.594246+00:00,matched_variant_paper_measure,RYR2,23094885,R420Q,R420Q,unaffected,5,6,6,0,1,1,0,0,figure,figure-reader,baseline,,/Users/kronckbm/GitRepos/GeneVariantFetcher/benchmarks/evaluation_tiers/mixed_gold_continuation_120/answer_key/RYR2_recall_input.csv,mixed_gold_cont120_01
20260903_protocol_cont120_01_candidate,2026-09-03T23:52:59.594246+00:00,matched_variant_paper_measure,RYR2,24793461,p.Q4159P c.12476A>C,Q4159P,unaffected,0,,0,1,0,0,1,0,llm_text,"Case report, Results section",baseline,,/Users/kronckbm/GitRepos/GeneVariantFetcher/benchmarks/evaluation_tiers/mixed_gold_continuation_120/answer_key/RYR2_recall_input.csv,mixed_gold_cont120_01
20260903_protocol_cont120_01_candidate,2026-09-03T23:52:59.594246+00:00,matched_variant_paper_measure,RYR2,24978818,p.D4631V c.13892A>T,D4631V,unaffected,0,,0,1,0,0,1,0,llm_table,"Table 1, Results Case #239, Discussion",baseline,,/Users/kronckbm/GitRepos/GeneVariantFetcher/benchmarks/evaluation_tiers/mixed_gold_continuation_120/answer_key/RYR2_recall_input.csv,mixed_gold_cont120_01
20260903_protocol_cont120_01_candidate,2026-09-03T23:52:59.594246+00:00,matched_variant_paper_measure,RYR2,24978818,p.T2504M c.7511C>T,T2504M,unaffected,0,,0,1,0,0,1,0,llm_table,"Table 2, Results Case #444",baseline,,/Users/kronckbm/GitRepos/GeneVariantFetcher/benchmarks/evaluation_tiers/mixed_gold_continuation_120/answer_key/RYR2_recall_input.csv,mixed_gold_cont120_01
20260903_protocol_cont120_01_candidate,2026-09-03T23:52:59.594246+00:00,matched_variant_paper_measure,RYR2,24978818,p.V1810L c.5428G>C,V1810L,unaffected,1,1,1,0,0,0,1,0,llm_table,"Table 1, Results Case #271, Discussion",baseline,,/Users/kronckbm/GitRepos/GeneVariantFetcher/benchmarks/evaluation_tiers/mixed_gold_continuation_120/answer_key/RYR2_recall_input.csv,mixed_gold_cont120_01
20260903_protocol_cont120_01_candidate,2026-09-03T23:52:59.594246+00:00,matched_variant_paper_measure,RYR2,26018045,deletion of exon 3,EXON 3 DELETION,unaffected,0,,0,1,0,0,1,0,regex_text,Text scan (exon_event),baseline,,/Users/kronckbm/GitRepos/GeneVariantFetcher/benchmarks/evaluation_tiers/mixed_gold_continuation_120/answer_key/RYR2_recall_input.csv,mixed_gold_cont120_01
20260903_protocol_mixed01_candidate,2026-09-03T18:31:19.973529+00:00,matched_variant_paper_measure,RYR2,26230511,I1268T,I1268T,unaffected,0,0,0,0,0,0,1,0,regex_text,Text scan (protein_hgvs_paren),baseline,,/Users/kronckbm/GitRepos/GeneVariantFetcher/benchmarks/evaluation_tiers/mixed_gold/answer_key/RYR2_recall_input.csv,mixed_gold_01
20260903_protocol_mixed01_candidate,2026-09-03T18:31:19.973529+00:00,matched_variant_paper_measure,RYR2,26230511,L1686F,L1686F,unaffected,0,,0,1,0,0,1,0,regex_text,Text scan (protein_hgvs_paren),baseline,,/Users/kronckbm/GitRepos/GeneVariantFetcher/benchmarks/evaluation_tiers/mixed_gold/answer_key/RYR2_recall_input.csv,mixed_gold_01
20260903_protocol_mixed02_candidate,2026-09-03T19:34:09.579935+00:00,matched_variant_paper_measure,RYR2,27491078,L3741P c.11342T>C,L3741P,unaffected,0,,0,1,0,0,1,0,figure,figure-reader,baseline,,/Users/kronckbm/GitRepos/GeneVariantFetcher/benchmarks/evaluation_tiers/mixed_gold/answer_key/RYR2_recall_input.csv,mixed_gold_02
20260903_protocol_mixed02_candidate,2026-09-03T19:34:09.579935+00:00,matched_variant_paper_measure,RYR2,27646203,p.Ile4855Met,I4855M,unaffected,0,,0,1,0,0,1,0,llm_text,"Results, Clinical phenotypes and genetic testing; Structural and functional analysis",baseline,,/Users/kronckbm/GitRepos/GeneVariantFetcher/benchmarks/evaluation_tiers/mixed_gold/answer_key/RYR2_recall_input.csv,mixed_gold_02
20260903_protocol_mixed01_candidate,2026-09-03T18:31:19.973529+00:00,matched_variant_paper_measure,RYR2,27839804,p.M995V c.2983A>G,M995V,unaffected,1,,0,1,-1,1,0,1,llm_text,Results paragraph describing genetic analysis and Fig. 3A,baseline,,/Users/kronckbm/GitRepos/GeneVariantFetcher/benchmarks/evaluation_tiers/mixed_gold/answer_key/RYR2_recall_input.csv,mixed_gold_01
20260903_protocol_mixed02_candidate,2026-09-03T19:34:09.579935+00:00,matched_variant_paper_measure,RYR2,29544605,p.A2164T c.6490G>A,A2164T,unaffected,0,,0,1,0,0,1,0,llm_table,"Table 2, row 29",baseline,,/Users/kronckbm/GitRepos/GeneVariantFetcher/benchmarks/evaluation_tiers/mixed_gold/answer_key/RYR2_recall_input.csv,mixed_gold_02
20260903_protocol_mixed02_candidate,2026-09-03T19:34:09.579935+00:00,matched_variant_paper_measure,RYR2,29544605,p.A4542T c.13624G>A,A4542T,unaffected,0,,0,1,0,0,1,0,llm_table,"Table 2, row 35",baseline,,/Users/kronckbm/GitRepos/GeneVariantFetcher/benchmarks/evaluation_tiers/mixed_gold/answer_key/RYR2_recall_input.csv,mixed_gold_02
20260903_protocol_mixed02_candidate,2026-09-03T19:34:09.579935+00:00,matched_variant_paper_measure,RYR2,29544605,p.F2649S c.7946T>C,F2649S,unaffected,0,,0,1,0,0,1,0,llm_table,"Table 2, row 31",baseline,,/Users/kronckbm/GitRepos/GeneVariantFetcher/benchmarks/evaluation_tiers/mixed_gold/answer_key/RYR2_recall_input.csv,mixed_gold_02
20260903_protocol_mixed02_candidate,2026-09-03T19:34:09.579935+00:00,matched_variant_paper_measure,RYR2,29544605,p.G1082E c.3245G>A,G1082E,unaffected,0,,0,1,0,0,1,0,llm_table,"Table 2, row 26",baseline,,/Users/kronckbm/GitRepos/GeneVariantFetcher/benchmarks/evaluation_tiers/mixed_gold/answer_key/RYR2_recall_input.csv,mixed_gold_02
20260903_protocol_mixed02_candidate,2026-09-03T19:34:09.579935+00:00,matched_variant_paper_measure,RYR2,29544605,p.I4238S c.12713T>G,I4238S,unaffected,0,,0,1,0,0,1,0,llm_table,"Table 2, row 34",baseline,,/Users/kronckbm/GitRepos/GeneVariantFetcher/benchmarks/evaluation_tiers/mixed_gold/answer_key/RYR2_recall_input.csv,mixed_gold_02
20260903_protocol_mixed02_candidate,2026-09-03T19:34:09.579935+00:00,matched_variant_paper_measure,RYR2,29544605,p.M2084I c.6252G>A,M2084I,unaffected,0,,0,1,0,0,1,0,llm_table,"Table 2, row 28",baseline,,/Users/kronckbm/GitRepos/GeneVariantFetcher/benchmarks/evaluation_tiers/mixed_gold/answer_key/RYR2_recall_input.csv,mixed_gold_02
20260903_protocol_mixed02_candidate,2026-09-03T19:34:09.579935+00:00,matched_variant_paper_measure,RYR2,29544605,p.M317T c.950T>C,M317T,unaffected,0,,0,1,0,0,1,0,llm_table,"Table 2, row 24",baseline,,/Users/kronckbm/GitRepos/GeneVariantFetcher/benchmarks/evaluation_tiers/mixed_gold/answer_key/RYR2_recall_input.csv,mixed_gold_02
20260903_protocol_mixed02_candidate,2026-09-03T19:34:09.579935+00:00,matched_variant_paper_measure,RYR2,29544605,p.P3209L c.9626C>T,P3209L,unaffected,0,,0,1,0,0,1,0,llm_table,"Table 2, row 32",baseline,,/Users/kronckbm/GitRepos/GeneVariantFetcher/benchmarks/evaluation_tiers/mixed_gold/answer_key/RYR2_recall_input.csv,mixed_gold_02
20260903_protocol_mixed02_candidate,2026-09-03T19:34:09.579935+00:00,matched_variant_paper_measure,RYR2,29544605,p.P4231L c.12692C>T,P4231L,unaffected,0,,0,1,0,0,1,0,llm_table,"Table 2, row 33",baseline,,/Users/kronckbm/GitRepos/GeneVariantFetcher/benchmarks/evaluation_tiers/mixed_gold/answer_key/RYR2_recall_input.csv,mixed_gold_02
20260903_protocol_mixed02_candidate,2026-09-03T19:34:09.579935+00:00,matched_variant_paper_measure,RYR2,29544605,p.P876T c.2626C>A,P876T,unaffected,0,,0,1,0,0,1,0,llm_table,"Table 2, row 25",baseline,,/Users/kronckbm/GitRepos/GeneVariantFetcher/benchmarks/evaluation_tiers/mixed_gold/answer_key/RYR2_recall_input.csv,mixed_gold_02
20260903_protocol_mixed02_candidate,2026-09-03T19:34:09.579935+00:00,matched_variant_paper_measure,RYR2,29544605,p.R2068Q c.6203G>A,R2068Q,unaffected,0,,0,1,0,0,1,0,llm_table,"Table 2, row 27",baseline,,/Users/kronckbm/GitRepos/GeneVariantFetcher/benchmarks/evaluation_tiers/mixed_gold/answer_key/RYR2_recall_input.csv,mixed_gold_02
20260903_protocol_mixed02_candidate,2026-09-03T19:34:09.579935+00:00,matched_variant_paper_measure,RYR2,29544605,p.T2510A c.7528A>G,T2510A,unaffected,0,,0,1,0,0,1,0,llm_table,"Table 2, row 30",baseline,,/Users/kronckbm/GitRepos/GeneVariantFetcher/benchmarks/evaluation_tiers/mixed_gold/answer_key/RYR2_recall_input.csv,mixed_gold_02
20260903_protocol_cont120_01_candidate,2026-09-03T23:52:59.594246+00:00,matched_variant_paper_measure,RYR2,30296944,p.Phe4174Ile c.12520T>A,F4174I,unaffected,0,,0,1,0,0,1,0,llm_text,Abstract and Case presentation,baseline,,/Users/kronckbm/GitRepos/GeneVariantFetcher/benchmarks/evaluation_tiers/mixed_gold_continuation_120/answer_key/RYR2_recall_input.csv,mixed_gold_cont120_01
20260903_protocol_cont120_01_candidate,2026-09-03T23:52:59.594246+00:00,matched_variant_paper_measure,RYR2,30308486,p.Leu2483Arg c.7448T>G,L2483R,unaffected,0,,0,1,0,0,1,0,llm_text,"Abstract, Results section describing patient and sequencing",baseline,,/Users/kronckbm/GitRepos/GeneVariantFetcher/benchmarks/evaluation_tiers/mixed_gold_continuation_120/answer_key/RYR2_recall_input.csv,mixed_gold_cont120_01
20260903_protocol_cont120_01_candidate,2026-09-03T23:52:59.594246+00:00,matched_variant_paper_measure,RYR2,33640691,p.Ala2254Val,A2254V,unaffected,0,,0,1,0,0,1,0,llm_text,Resource details (main text); confirmed in Supplementary Fig. 1A,baseline,,/Users/kronckbm/GitRepos/GeneVariantFetcher/benchmarks/evaluation_tiers/mixed_gold_continuation_120/answer_key/RYR2_recall_input.csv,mixed_gold_cont120_01
20260903_protocol_cont120_01_candidate,2026-09-03T23:52:59.594246+00:00,matched_variant_paper_measure,SCN5A,8917568,N1325S,N1325S,unaffected,0,,0,1,0,0,1,0,regex_text,Text scan (protein_single_letter),baseline,,/Users/kronckbm/GitRepos/GeneVariantFetcher/benchmarks/evaluation_tiers/mixed_gold_continuation_120/answer_key/SCN5A_recall_input.csv,mixed_gold_cont120_01
20260903_protocol_cont120_01_candidate,2026-09-03T23:52:59.594246+00:00,matched_variant_paper_measure,SCN5A,8917568,R1644H,R1644H,unaffected,0,,0,1,0,0,1,0,figure,figure-reader,baseline,,/Users/kronckbm/GitRepos/GeneVariantFetcher/benchmarks/evaluation_tiers/mixed_gold_continuation_120/answer_key/SCN5A_recall_input.csv,mixed_gold_cont120_01
20260903_protocol_mixed02_candidate,2026-09-03T19:34:09.579935+00:00,matched_variant_paper_measure,SCN5A,10200053,p.Arg1623Gln,R1623Q,unaffected,0,0,0,0,0,0,1,0,llm_text,Abstract,baseline,,/Users/kronckbm/GitRepos/GeneVariantFetcher/benchmarks/evaluation_tiers/mixed_gold/answer_key/SCN5A_recall_input.csv,mixed_gold_02
20260903_protocol_cont120_01_candidate,2026-09-03T23:52:59.594246+00:00,matched_variant_paper_measure,SCN5A,10532948,p.Thr1620Met,T1620M,unaffected,0,,0,1,0,0,1,0,llm_text,Functional study - assay data only,baseline,,/Users/kronckbm/GitRepos/GeneVariantFetcher/benchmarks/evaluation_tiers/mixed_gold_continuation_120/answer_key/SCN5A_recall_input.csv,mixed_gold_cont120_01
20260903_protocol_mixed01_candidate,2026-09-03T18:31:19.973529+00:00,matched_variant_paper_measure,SCN5A,10727653,p.E1784K,E1784K,unaffected,0,,0,1,0,0,1,0,llm_text,Functional study - assay data only; Abstract and Results,baseline,,/Users/kronckbm/GitRepos/GeneVariantFetcher/benchmarks/evaluation_tiers/mixed_gold/answer_key/SCN5A_recall_input.csv,mixed_gold_01
20260903_protocol_mixed01_candidate,2026-09-03T18:31:19.973529+00:00,matched_variant_paper_measure,SCN5A,10727653,p.R1432G,R1432G,unaffected,0,,0,1,0,0,1,0,llm_text,Functional study - assay data only; Abstract and Results,baseline,,/Users/kronckbm/GitRepos/GeneVariantFetcher/benchmarks/evaluation_tiers/mixed_gold/answer_key/SCN5A_recall_input.csv,mixed_gold_01
20260903_protocol_mixed01_candidate,2026-09-03T18:31:19.973529+00:00,matched_variant_paper_measure,SCN5A,10727653,p.R1512W,R1512W,unaffected,0,,0,1,0,0,1,0,llm_text,Functional study - assay data only; Abstract and Results,baseline,,/Users/kronckbm/GitRepos/GeneVariantFetcher/benchmarks/evaluation_tiers/mixed_gold/answer_key/SCN5A_recall_input.csv,mixed_gold_01
20260903_protocol_mixed02_candidate,2026-09-03T19:34:09.579935+00:00,matched_variant_paper_measure,SCN5A,11463728,p.Val1777Met c.5329G>A,V1777M,unaffected,4,,0,1,-4,4,0,1,llm_text,Results - Identification of the SCN5A Mutation; Phenotypic Characteristics of the Family; Functional Properties,baseline,,/Users/kronckbm/GitRepos/GeneVariantFetcher/benchmarks/evaluation_tiers/mixed_gold/answer_key/SCN5A_recall_input.csv,mixed_gold_02
20260903_protocol_cont120_01_candidate,2026-09-03T23:52:59.594246+00:00,matched_variant_paper_measure,SCN5A,12068034,F1760C,F1760C,unaffected,0,,0,1,0,0,1,0,regex_table,Table 1 (regex extraction),baseline,,/Users/kronckbm/GitRepos/GeneVariantFetcher/benchmarks/evaluation_tiers/mixed_gold_continuation_120/answer_key/SCN5A_recall_input.csv,mixed_gold_cont120_01
20260903_protocol_cont120_01_candidate,2026-09-03T23:52:59.594246+00:00,matched_variant_paper_measure,SCN5A,12454206,H558R,H558R,unaffected,0,,0,1,0,0,1,0,llm_text,Abstract - Functional study - assay data only,baseline,,/Users/kronckbm/GitRepos/GeneVariantFetcher/benchmarks/evaluation_tiers/mixed_gold_continuation_120/answer_key/SCN5A_recall_input.csv,mixed_gold_cont120_01
20260903_protocol_cont120_01_candidate,2026-09-03T23:52:59.594246+00:00,matched_variant_paper_measure,SCN5A,12454206,M1766L,M1766L,unaffected,0,,0,1,0,0,1,0,llm_text,Abstract - Functional study - assay data only,baseline,,/Users/kronckbm/GitRepos/GeneVariantFetcher/benchmarks/evaluation_tiers/mixed_gold_continuation_120/answer_key/SCN5A_recall_input.csv,mixed_gold_cont120_01
20260903_protocol_cont120_01_candidate,2026-09-03T23:52:59.594246+00:00,matched_variant_paper_measure,SCN5A,14500339,H558R,H558R,unaffected,0,,0,1,0,0,1,0,llm_text,Abstract - Functional study - assay data only,baseline,,/Users/kronckbm/GitRepos/GeneVariantFetcher/benchmarks/evaluation_tiers/mixed_gold_continuation_120/answer_key/SCN5A_recall_input.csv,mixed_gold_cont120_01
20260903_protocol_mixed01_candidate,2026-09-03T18:31:19.973529+00:00,matched_variant_paper_measure,SCN5A,14654377,Q1507A,Q1507A,unaffected,0,,0,1,0,0,1,0,regex_text,Text scan (protein_single_letter),baseline,,/Users/kronckbm/GitRepos/GeneVariantFetcher/benchmarks/evaluation_tiers/mixed_gold/answer_key/SCN5A_recall_input.csv,mixed_gold_01
20260903_protocol_mixed02_candidate,2026-09-03T19:34:09.579935+00:00,matched_variant_paper_measure,SCN5A,15028074,p.Arg367His,R367H,unaffected,2,,0,1,-2,2,0,1,llm_text,Abstract,baseline,,/Users/kronckbm/GitRepos/GeneVariantFetcher/benchmarks/evaluation_tiers/mixed_gold/answer_key/SCN5A_recall_input.csv,mixed_gold_02
20260903_protocol_cont120_01_candidate,2026-09-03T23:52:59.594246+00:00,matched_variant_paper_measure,SCN5A,15051636,p.R1623Q,R1623Q,unaffected,0,,0,1,0,0,1,0,figure,"Results, paragraph describing K2800 and Figure 2B",baseline,,/Users/kronckbm/GitRepos/GeneVariantFetcher/benchmarks/evaluation_tiers/mixed_gold_continuation_120/answer_key/SCN5A_recall_input.csv,mixed_gold_cont120_01
20260903_protocol_cont120_01_candidate,2026-09-03T23:52:59.594246+00:00,matched_variant_paper_measure,SCN5A,15051636,p.R1644H,R1644H,unaffected,1,,0,1,-1,1,0,1,figure,"Results, paragraph describing K2700 and Figure 2B",baseline,,/Users/kronckbm/GitRepos/GeneVariantFetcher/benchmarks/evaluation_tiers/mixed_gold_continuation_120/answer_key/SCN5A_recall_input.csv,mixed_gold_cont120_01
20260903_protocol_mixed02_candidate,2026-09-03T19:34:09.579935+00:00,matched_variant_paper_measure,SCN5A,15057319,p.Glu473*,E473X,unaffected,0,,0,1,0,0,1,0,llm_text,Functional study - assay data only. Abstract,baseline,,/Users/kronckbm/GitRepos/GeneVariantFetcher/benchmarks/evaluation_tiers/mixed_gold/answer_key/SCN5A_recall_input.csv,mixed_gold_02
20260903_protocol_mixed02_candidate,2026-09-03T19:34:09.579935+00:00,matched_variant_paper_measure,SCN5A,15057319,p.Gly1740Arg,G1740R,unaffected,0,,0,1,0,0,1,0,llm_text,Functional study - assay data only. Abstract,baseline,,/Users/kronckbm/GitRepos/GeneVariantFetcher/benchmarks/evaluation_tiers/mixed_gold/answer_key/SCN5A_recall_input.csv,mixed_gold_02
20260903_protocol_mixed01_candidate,2026-09-03T18:31:19.973529+00:00,matched_variant_paper_measure,SCN5A,15579534,p.Glu1053Lys c.3157G>A,E1053K,unaffected,0,,0,1,0,0,1,0,llm_text,"Results, Brugada Syndrome Associated with Human SCN5A E1053K Mutation; functional assays throughout",baseline,,/Users/kronckbm/GitRepos/GeneVariantFetcher/benchmarks/evaluation_tiers/mixed_gold/answer_key/SCN5A_recall_input.csv,mixed_gold_01
20260903_protocol_cont120_01_candidate,2026-09-03T23:52:59.594246+00:00,matched_variant_paper_measure,SCN5A,15671429,D1275N,D1275N,unaffected,15,,0,1,-15,15,0,1,figure,figure-reader,gold_v2,confirmed_original_pedigree_derived,validation_runs/paper_failure_probe_20260520/gold_standard_adjudication.md,mixed_gold_cont120_01
20260903_protocol_cont120_01_candidate,2026-09-03T23:52:59.594246+00:00,matched_variant_paper_measure,SCN5A,15671429,D1595H,D1595H,unaffected,0,,0,1,0,0,1,0,figure,figure-reader,baseline,,/Users/kronckbm/GitRepos/GeneVariantFetcher/benchmarks/evaluation_tiers/mixed_gold_continuation_120/answer_key/SCN5A_recall_input.csv,mixed_gold_cont120_01
20260903_protocol_cont120_01_candidate,2026-09-03T23:52:59.594246+00:00,matched_variant_paper_measure,SCN5A,15671429,R814W,R814W,unaffected,0,,0,1,0,0,1,0,figure,figure-reader,baseline,,/Users/kronckbm/GitRepos/GeneVariantFetcher/benchmarks/evaluation_tiers/mixed_gold_continuation_120/answer_key/SCN5A_recall_input.csv,mixed_gold_cont120_01
20260903_protocol_cont120_01_candidate,2026-09-03T23:52:59.594246+00:00,matched_variant_paper_measure,SCN5A,15671429,T220I,T220I,unaffected,0,,0,1,0,0,1,0,figure,figure-reader,baseline,,/Users/kronckbm/GitRepos/GeneVariantFetcher/benchmarks/evaluation_tiers/mixed_gold_continuation_120/answer_key/SCN5A_recall_input.csv,mixed_gold_cont120_01
20260903_protocol_cont120_01_candidate,2026-09-03T23:52:59.594246+00:00,matched_variant_paper_measure,SCN5A,16155735,p.Ala551Thr,A551T,unaffected,1,,0,1,-1,1,0,1,llm_text,Abstract,baseline,,/Users/kronckbm/GitRepos/GeneVariantFetcher/benchmarks/evaluation_tiers/mixed_gold_continuation_120/answer_key/SCN5A_recall_input.csv,mixed_gold_cont120_01
20260903_protocol_mixed01_candidate,2026-09-03T18:31:19.973529+00:00,matched_variant_paper_measure,SCN5A,16764707,p.Cys1363Tyr,C1363Y,unaffected,0,,0,1,0,0,1,0,llm_table,Table 2,baseline,,/Users/kronckbm/GitRepos/GeneVariantFetcher/benchmarks/evaluation_tiers/mixed_gold/answer_key/SCN5A_recall_input.csv,mixed_gold_01
20260903_protocol_mixed01_candidate,2026-09-03T18:31:19.973529+00:00,matched_variant_paper_measure,SCN5A,16764707,p.Glu161Lys,E161K,unaffected,0,,0,1,0,0,1,0,llm_table,Table 2,baseline,,/Users/kronckbm/GitRepos/GeneVariantFetcher/benchmarks/evaluation_tiers/mixed_gold/answer_key/SCN5A_recall_input.csv,mixed_gold_01
20260903_protocol_mixed01_candidate,2026-09-03T18:31:19.973529+00:00,matched_variant_paper_measure,SCN5A,16764707,p.Gly1743Glu,G1743E,unaffected,0,,0,1,0,0,1,0,llm_table,Table 2,baseline,,/Users/kronckbm/GitRepos/GeneVariantFetcher/benchmarks/evaluation_tiers/mixed_gold/answer_key/SCN5A_recall_input.csv,mixed_gold_01
20260903_protocol_mixed01_candidate,2026-09-03T18:31:19.973529+00:00,matched_variant_paper_measure,SCN5A,16764707,p.Leu860fs*89,L860fsX,unaffected,0,,0,1,0,0,1,0,llm_table,Table 2,baseline,,/Users/kronckbm/GitRepos/GeneVariantFetcher/benchmarks/evaluation_tiers/mixed_gold/answer_key/SCN5A_recall_input.csv,mixed_gold_01
20260903_protocol_mixed01_candidate,2026-09-03T18:31:19.973529+00:00,matched_variant_paper_measure,SCN5A,16764707,p.Asn927Ser,N927S,unaffected,0,,0,1,0,0,1,0,llm_table,Table 2,baseline,,/Users/kronckbm/GitRepos/GeneVariantFetcher/benchmarks/evaluation_tiers/mixed_gold/answer_key/SCN5A_recall_input.csv,mixed_gold_01
20260903_protocol_mixed01_candidate,2026-09-03T18:31:19.973529+00:00,matched_variant_paper_measure,SCN5A,16764707,p.Arg1638*,R1638X,unaffected,0,,0,1,0,0,1,0,llm_table,Table 2,baseline,,/Users/kronckbm/GitRepos/GeneVariantFetcher/benchmarks/evaluation_tiers/mixed_gold/answer_key/SCN5A_recall_input.csv,mixed_gold_01
20260903_protocol_mixed01_candidate,2026-09-03T18:31:19.973529+00:00,matched_variant_paper_measure,SCN5A,16764707,p.Arg965His,R965H,unaffected,0,,0,1,0,0,1,0,llm_table,Table 2,baseline,,/Users/kronckbm/GitRepos/GeneVariantFetcher/benchmarks/evaluation_tiers/mixed_gold/answer_key/SCN5A_recall_input.csv,mixed_gold_01
20260903_protocol_mixed01_candidate,2026-09-03T18:31:19.973529+00:00,matched_variant_paper_measure,SCN5A,16764707,p.Trp156*,W156X,unaffected,0,,0,1,0,0,1,0,llm_table,Table 2,baseline,,/Users/kronckbm/GitRepos/GeneVariantFetcher/benchmarks/evaluation_tiers/mixed_gold/answer_key/SCN5A_recall_input.csv,mixed_gold_01
20260903_protocol_cont120_01_candidate,2026-09-03T23:52:59.594246+00:00,matched_variant_paper_measure,SCN5A,17016421,H558R,H558R,unaffected,0,,0,1,0,0,1,0,llm_text,Abstract,baseline,,/Users/kronckbm/GitRepos/GeneVariantFetcher/benchmarks/evaluation_tiers/mixed_gold_continuation_120/answer_key/SCN5A_recall_input.csv,mixed_gold_cont120_01
20260903_protocol_mixed01_candidate,2026-09-03T18:31:19.973529+00:00,matched_variant_paper_measure,SCN5A,17081365,p.Ala1649Val,A1649V,unaffected,0,,0,1,0,0,1,0,llm_text,"[ABSTRACT ONLY - FULL TEXT NOT AVAILABLE], Results",baseline,,/Users/kronckbm/GitRepos/GeneVariantFetcher/benchmarks/evaluation_tiers/mixed_gold/answer_key/SCN5A_recall_input.csv,mixed_gold_01
20260903_protocol_mixed01_candidate,2026-09-03T18:31:19.973529+00:00,matched_variant_paper_measure,SCN5A,17081365,p.Phe1617del,P.F1617DEL,unaffected,0,,0,1,0,0,1,0,llm_text,"[ABSTRACT ONLY - FULL TEXT NOT AVAILABLE], Results",baseline,,/Users/kronckbm/GitRepos/GeneVariantFetcher/benchmarks/evaluation_tiers/mixed_gold/answer_key/SCN5A_recall_input.csv,mixed_gold_01
20260903_protocol_mixed01_candidate,2026-09-03T18:31:19.973529+00:00,matched_variant_paper_measure,SCN5A,17081365,p.Val95Ile,V95I,unaffected,0,,0,1,0,0,1,0,llm_text,"[ABSTRACT ONLY - FULL TEXT NOT AVAILABLE], Results",baseline,,/Users/kronckbm/GitRepos/GeneVariantFetcher/benchmarks/evaluation_tiers/mixed_gold/answer_key/SCN5A_recall_input.csv,mixed_gold_01
20260903_protocol_cont120_01_candidate,2026-09-03T23:52:59.594246+00:00,matched_variant_paper_measure,SCN5A,17227473,H558R,H558R,unaffected,0,,0,1,0,0,1,0,llm_table,"Table 2, patients 2 and 3",baseline,,/Users/kronckbm/GitRepos/GeneVariantFetcher/benchmarks/evaluation_tiers/mixed_gold_continuation_120/answer_key/SCN5A_recall_input.csv,mixed_gold_cont120_01
20260903_protocol_cont120_01_candidate,2026-09-03T23:52:59.594246+00:00,matched_variant_paper_measure,SCN5A,17445919,p.Asn406Ser,N406S,unaffected,0,,0,1,0,0,1,0,figure,Functional study - assay data only; Results and Figure legends,baseline,,/Users/kronckbm/GitRepos/GeneVariantFetcher/benchmarks/evaluation_tiers/mixed_gold_continuation_120/answer_key/SCN5A_recall_input.csv,mixed_gold_cont120_01
20260903_protocol_cont120_01_candidate,2026-09-03T23:52:59.594246+00:00,matched_variant_paper_measure,SCN5A,17675083,G400A,G400A,unaffected,0,,0,1,0,0,1,0,figure,figure-reader,baseline,,/Users/kronckbm/GitRepos/GeneVariantFetcher/benchmarks/evaluation_tiers/mixed_gold_continuation_120/answer_key/SCN5A_recall_input.csv,mixed_gold_cont120_01
20260903_protocol_cont120_01_candidate,2026-09-03T23:52:59.594246+00:00,matched_variant_paper_measure,SCN5A,17675083,H558R,H558R,unaffected,0,,0,1,0,0,1,0,llm_text,"Results, Molecular Genetics",baseline,,/Users/kronckbm/GitRepos/GeneVariantFetcher/benchmarks/evaluation_tiers/mixed_gold_continuation_120/answer_key/SCN5A_recall_input.csv,mixed_gold_cont120_01
20260903_protocol_cont120_01_candidate,2026-09-03T23:52:59.594246+00:00,matched_variant_paper_measure,SCN5A,17905336,p.Arg1193Gln,R1193Q,unaffected,0,,0,1,0,0,1,0,llm_text,"Results, paragraph discussing SCN5A mutations and R1193Q",baseline,,/Users/kronckbm/GitRepos/GeneVariantFetcher/benchmarks/evaluation_tiers/mixed_gold_continuation_120/answer_key/SCN5A_recall_input.csv,mixed_gold_cont120_01
20260903_protocol_mixed02_candidate,2026-09-03T19:34:09.579935+00:00,matched_variant_paper_measure,SCN5A,18242854,K343Q,K343Q,unaffected,0,,0,1,0,0,1,0,figure,figure-reader,baseline,,/Users/kronckbm/GitRepos/GeneVariantFetcher/benchmarks/evaluation_tiers/mixed_gold/answer_key/SCN5A_recall_input.csv,mixed_gold_02
20260903_protocol_cont120_01_candidate,2026-09-03T23:52:59.594246+00:00,matched_variant_paper_measure,SCN5A,18452873,p.E1784K c.5350G>A,E1784K,unaffected,0,,0,1,0,0,1,0,figure,"Table 2, patient 7; Results; Figure 3",baseline,,/Users/kronckbm/GitRepos/GeneVariantFetcher/benchmarks/evaluation_tiers/mixed_gold_continuation_120/answer_key/SCN5A_recall_input.csv,mixed_gold_cont120_01
20260903_protocol_cont120_01_candidate,2026-09-03T23:52:59.594246+00:00,matched_variant_paper_measure,SCN5A,18452873,p.N275K c.825C>A,N275K,unaffected,0,,0,1,0,0,1,0,llm_table,"Table 2, patient 6; Results paragraph on patient 6",baseline,,/Users/kronckbm/GitRepos/GeneVariantFetcher/benchmarks/evaluation_tiers/mixed_gold_continuation_120/answer_key/SCN5A_recall_input.csv,mixed_gold_cont120_01
20260903_protocol_cont120_01_candidate,2026-09-03T23:52:59.594246+00:00,matched_variant_paper_measure,SCN5A,18599870,p.Leu1308Phe,L1308F,unaffected,0,,0,1,0,0,1,0,llm_text,"Results, Mutational Analysis and Index Patient; Discussion",baseline,,/Users/kronckbm/GitRepos/GeneVariantFetcher/benchmarks/evaluation_tiers/mixed_gold_continuation_120/answer_key/SCN5A_recall_input.csv,mixed_gold_cont120_01
20260903_protocol_cont120_01_candidate,2026-09-03T23:52:59.594246+00:00,matched_variant_paper_measure,SCN5A,18599870,p.Val232Ile,V232I,unaffected,0,,0,1,0,0,1,0,figure,"Results, Mutational Analysis and Index Patient; Figures 1-8",baseline,,/Users/kronckbm/GitRepos/GeneVariantFetcher/benchmarks/evaluation_tiers/mixed_gold_continuation_120/answer_key/SCN5A_recall_input.csv,mixed_gold_cont120_01
20260903_protocol_mixed01_candidate,2026-09-03T18:31:19.973529+00:00,matched_variant_paper_measure,SCN5A,19272188,p.R965C c.2893C>T,R965C,unaffected,0,,0,1,0,0,1,0,llm_text,"Results, Genetic analysis and the electrocardiographic (ECG) characteristics; Voltage dependent steady state activation and steady state inactivation",baseline,,/Users/kronckbm/GitRepos/GeneVariantFetcher/benchmarks/evaluation_tiers/mixed_gold/answer_key/SCN5A_recall_input.csv,mixed_gold_01
20260903_protocol_cont120_01_candidate,2026-09-03T23:52:59.594246+00:00,matched_variant_paper_measure,SCN5A,19632629,R1195H,R1195H,unaffected,0,1,1,0,1,1,0,1,figure,figure-reader,baseline,,/Users/kronckbm/GitRepos/GeneVariantFetcher/benchmarks/evaluation_tiers/mixed_gold_continuation_120/answer_key/SCN5A_recall_input.csv,mixed_gold_cont120_01
20260903_protocol_cont120_01_candidate,2026-09-03T23:52:59.594246+00:00,matched_variant_paper_measure,SCN5A,19669871,p.F1473C c.4418T>G,F1473C,unaffected,0,,0,1,0,0,1,0,llm_text,"Case report, paragraph on genetic testing",baseline,,/Users/kronckbm/GitRepos/GeneVariantFetcher/benchmarks/evaluation_tiers/mixed_gold_continuation_120/answer_key/SCN5A_recall_input.csv,mixed_gold_cont120_01
20260903_protocol_cont120_01_candidate,2026-09-03T23:52:59.594246+00:00,matched_variant_paper_measure,SCN5A,19719504,L1393*,L1393X,unaffected,0,,0,1,0,0,1,0,figure,"Abstract, Case report, Results",baseline,,/Users/kronckbm/GitRepos/GeneVariantFetcher/benchmarks/evaluation_tiers/mixed_gold_continuation_120/answer_key/SCN5A_recall_input.csv,mixed_gold_cont120_01
20260903_protocol_cont120_01_candidate,2026-09-03T23:52:59.594246+00:00,matched_variant_paper_measure,SCN5A,19808432,G1631D,G1631D,unaffected,0,0,0,0,0,0,1,0,figure,figure-reader,baseline,,/Users/kronckbm/GitRepos/GeneVariantFetcher/benchmarks/evaluation_tiers/mixed_gold_continuation_120/answer_key/SCN5A_recall_input.csv,mixed_gold_cont120_01
20260903_protocol_mixed02_candidate,2026-09-03T19:34:09.579935+00:00,matched_variant_paper_measure,SCN5A,20025708,P1008S,P1008S,unaffected,0,,0,1,0,0,1,0,figure,figure-reader,baseline,,/Users/kronckbm/GitRepos/GeneVariantFetcher/benchmarks/evaluation_tiers/mixed_gold/answer_key/SCN5A_recall_input.csv,mixed_gold_02
20260903_protocol_mixed02_candidate,2026-09-03T19:34:09.579935+00:00,matched_variant_paper_measure,SCN5A,20395683,p.Arg121Trp,R121W,unaffected,0,,0,1,0,0,1,0,llm_text,Abstract,baseline,,/Users/kronckbm/GitRepos/GeneVariantFetcher/benchmarks/evaluation_tiers/mixed_gold/answer_key/SCN5A_recall_input.csv,mixed_gold_02
20260903_protocol_cont120_01_candidate,2026-09-03T23:52:59.594246+00:00,matched_variant_paper_measure,SCN5A,20451667,A572D,A572D,unaffected,0,,0,1,0,0,1,0,regex_text,Text scan (protein_single_letter),baseline,,/Users/kronckbm/GitRepos/GeneVariantFetcher/benchmarks/evaluation_tiers/mixed_gold_continuation_120/answer_key/SCN5A_recall_input.csv,mixed_gold_cont120_01
20260903_protocol_cont120_01_candidate,2026-09-03T23:52:59.594246+00:00,matched_variant_paper_measure,SCN5A,20950709,p.Ala1924Thr,A1924T,unaffected,0,,0,1,0,0,1,0,llm_text,"Case report, Discussion",baseline,,/Users/kronckbm/GitRepos/GeneVariantFetcher/benchmarks/evaluation_tiers/mixed_gold_continuation_120/answer_key/SCN5A_recall_input.csv,mixed_gold_cont120_01
20260903_protocol_mixed02_candidate,2026-09-03T19:34:09.579935+00:00,matched_variant_paper_measure,SCN5A,21167004,H558R,H558R,unaffected,0,,0,1,0,0,1,0,regex_table,Table 1 (regex extraction),baseline,,/Users/kronckbm/GitRepos/GeneVariantFetcher/benchmarks/evaluation_tiers/mixed_gold/answer_key/SCN5A_recall_input.csv,mixed_gold_02
20260903_protocol_mixed02_candidate,2026-09-03T19:34:09.579935+00:00,matched_variant_paper_measure,SCN5A,21167004,R222Q,R222Q,unaffected,0,,0,1,0,0,1,0,figure,figure-reader,baseline,,/Users/kronckbm/GitRepos/GeneVariantFetcher/benchmarks/evaluation_tiers/mixed_gold/answer_key/SCN5A_recall_input.csv,mixed_gold_02
20260903_protocol_cont120_01_candidate,2026-09-03T23:52:59.594246+00:00,matched_variant_paper_measure,SCN5A,21498565,p.Ser1103Tyr,S1103Y,unaffected,0,,0,1,0,0,1,0,llm_table,"Results, genotyping and association analyses; supplemental Table 1",baseline,,/Users/kronckbm/GitRepos/GeneVariantFetcher/benchmarks/evaluation_tiers/mixed_gold_continuation_120/answer_key/SCN5A_recall_input.csv,mixed_gold_cont120_01
20260903_protocol_cont120_01_candidate,2026-09-03T23:52:59.594246+00:00,matched_variant_paper_measure,SCN5A,22129298,p.Tyr1795Cys,Y1795C,unaffected,0,,0,1,0,0,1,0,llm_text,Abstract,baseline,,/Users/kronckbm/GitRepos/GeneVariantFetcher/benchmarks/evaluation_tiers/mixed_gold_continuation_120/answer_key/SCN5A_recall_input.csv,mixed_gold_cont120_01
20260903_protocol_cont120_01_candidate,2026-09-03T23:52:59.594246+00:00,matched_variant_paper_measure,SCN5A,22407026,H558R,H558R,unaffected,0,,0,1,0,0,1,0,llm_text,Abstract,baseline,,/Users/kronckbm/GitRepos/GeneVariantFetcher/benchmarks/evaluation_tiers/mixed_gold_continuation_120/answer_key/SCN5A_recall_input.csv,mixed_gold_cont120_01
20260903_protocol_cont120_01_candidate,2026-09-03T23:52:59.594246+00:00,matched_variant_paper_measure,SCN5A,22407026,p.P1090L,P1090L,unaffected,0,,0,1,0,0,1,0,llm_text,Abstract,baseline,,/Users/kronckbm/GitRepos/GeneVariantFetcher/benchmarks/evaluation_tiers/mixed_gold_continuation_120/answer_key/SCN5A_recall_input.csv,mixed_gold_cont120_01
20260903_protocol_cont120_01_candidate,2026-09-03T23:52:59.594246+00:00,matched_variant_paper_measure,SCN5A,22407026,p.Arg1193Gln,R1193Q,unaffected,0,,0,1,0,0,1,0,llm_text,Abstract,baseline,,/Users/kronckbm/GitRepos/GeneVariantFetcher/benchmarks/evaluation_tiers/mixed_gold_continuation_120/answer_key/SCN5A_recall_input.csv,mixed_gold_cont120_01
20260903_protocol_cont120_01_candidate,2026-09-03T23:52:59.594246+00:00,matched_variant_paper_measure,SCN5A,22675453,R219H,R219H,unaffected,0,,0,1,0,0,1,0,figure,figure-reader,baseline,,/Users/kronckbm/GitRepos/GeneVariantFetcher/benchmarks/evaluation_tiers/mixed_gold_continuation_120/answer_key/SCN5A_recall_input.csv,mixed_gold_cont120_01
20260903_protocol_cont120_01_candidate,2026-09-03T23:52:59.594246+00:00,matched_variant_paper_measure,SCN5A,22677073,F2004L,F2004L,unaffected,0,,0,1,0,0,1,0,figure,figure-reader,baseline,,/Users/kronckbm/GitRepos/GeneVariantFetcher/benchmarks/evaluation_tiers/mixed_gold_continuation_120/answer_key/SCN5A_recall_input.csv,mixed_gold_cont120_01
20260903_protocol_cont120_01_candidate,2026-09-03T23:52:59.594246+00:00,matched_variant_paper_measure,SCN5A,22677073,I1334V,I1334V,unaffected,0,,0,1,0,0,1,0,figure,figure-reader,baseline,,/Users/kronckbm/GitRepos/GeneVariantFetcher/benchmarks/evaluation_tiers/mixed_gold_continuation_120/answer_key/SCN5A_recall_input.csv,mixed_gold_cont120_01
20260903_protocol_cont120_01_candidate,2026-09-03T23:52:59.594246+00:00,matched_variant_paper_measure,SCN5A,22677073,I1768V,I1768V,unaffected,0,0,0,0,0,0,1,0,figure,figure-reader,baseline,,/Users/kronckbm/GitRepos/GeneVariantFetcher/benchmarks/evaluation_tiers/mixed_gold_continuation_120/answer_key/SCN5A_recall_input.csv,mixed_gold_cont120_01
20260903_protocol_cont120_01_candidate,2026-09-03T23:52:59.594246+00:00,matched_variant_paper_measure,SCN5A,22677073,I267L,I267L,unaffected,0,,0,1,0,0,1,0,figure,figure-reader,baseline,,/Users/kronckbm/GitRepos/GeneVariantFetcher/benchmarks/evaluation_tiers/mixed_gold_continuation_120/answer_key/SCN5A_recall_input.csv,mixed_gold_cont120_01
20260903_protocol_cont120_01_candidate,2026-09-03T23:52:59.594246+00:00,matched_variant_paper_measure,SCN5A,22677073,P2006A,P2006A,unaffected,0,,0,1,0,0,1,0,figure,figure-reader,baseline,,/Users/kronckbm/GitRepos/GeneVariantFetcher/benchmarks/evaluation_tiers/mixed_gold_continuation_120/answer_key/SCN5A_recall_input.csv,mixed_gold_cont120_01
20260903_protocol_cont120_01_candidate,2026-09-03T23:52:59.594246+00:00,matched_variant_paper_measure,SCN5A,22677073,R104Q,R104Q,unaffected,0,0,0,0,0,0,1,0,figure,figure-reader,baseline,,/Users/kronckbm/GitRepos/GeneVariantFetcher/benchmarks/evaluation_tiers/mixed_gold_continuation_120/answer_key/SCN5A_recall_input.csv,mixed_gold_cont120_01
20260903_protocol_cont120_01_candidate,2026-09-03T23:52:59.594246+00:00,matched_variant_paper_measure,SCN5A,22677073,R1193Q,R1193Q,unaffected,0,,0,1,0,0,1,0,figure,figure-reader,baseline,,/Users/kronckbm/GitRepos/GeneVariantFetcher/benchmarks/evaluation_tiers/mixed_gold_continuation_120/answer_key/SCN5A_recall_input.csv,mixed_gold_cont120_01
20260903_protocol_cont120_01_candidate,2026-09-03T23:52:59.594246+00:00,matched_variant_paper_measure,SCN5A,22677073,R680H,R680H,unaffected,0,0,0,0,0,0,1,0,figure,figure-reader,baseline,,/Users/kronckbm/GitRepos/GeneVariantFetcher/benchmarks/evaluation_tiers/mixed_gold_continuation_120/answer_key/SCN5A_recall_input.csv,mixed_gold_cont120_01
20260903_protocol_cont120_01_candidate,2026-09-03T23:52:59.594246+00:00,matched_variant_paper_measure,SCN5A,22677073,S1103Y,S1103Y,unaffected,0,0,0,0,0,0,1,0,figure,figure-reader,baseline,,/Users/kronckbm/GitRepos/GeneVariantFetcher/benchmarks/evaluation_tiers/mixed_gold_continuation_120/answer_key/SCN5A_recall_input.csv,mixed_gold_cont120_01
20260903_protocol_cont120_01_candidate,2026-09-03T23:52:59.594246+00:00,matched_variant_paper_measure,SCN5A,22677073,S216L,S216L,unaffected,0,0,0,0,0,0,1,0,figure,figure-reader,baseline,,/Users/kronckbm/GitRepos/GeneVariantFetcher/benchmarks/evaluation_tiers/mixed_gold_continuation_120/answer_key/SCN5A_recall_input.csv,mixed_gold_cont120_01
20260903_protocol_cont120_01_candidate,2026-09-03T23:52:59.594246+00:00,matched_variant_paper_measure,SCN5A,22677073,T220I,T220I,unaffected,0,0,0,0,0,0,1,0,figure,figure-reader,baseline,,/Users/kronckbm/GitRepos/GeneVariantFetcher/benchmarks/evaluation_tiers/mixed_gold_continuation_120/answer_key/SCN5A_recall_input.csv,mixed_gold_cont120_01
20260903_protocol_cont120_01_candidate,2026-09-03T23:52:59.594246+00:00,matched_variant_paper_measure,SCN5A,22677073,V1951L,V1951L,unaffected,0,0,0,0,0,0,1,0,figure,figure-reader,baseline,,/Users/kronckbm/GitRepos/GeneVariantFetcher/benchmarks/evaluation_tiers/mixed_gold_continuation_120/answer_key/SCN5A_recall_input.csv,mixed_gold_cont120_01
20260903_protocol_mixed02_candidate,2026-09-03T19:34:09.579935+00:00,matched_variant_paper_measure,SCN5A,22710484,p.Arg222Gln c.665G>A,R222Q,unaffected,0,1,1,0,1,1,0,1,llm_text,"Results, Genetic analysis and Patch-clamp studies",baseline,,/Users/kronckbm/GitRepos/GeneVariantFetcher/benchmarks/evaluation_tiers/mixed_gold/answer_key/SCN5A_recall_input.csv,mixed_gold_02
20260903_protocol_mixed02_candidate,2026-09-03T19:34:09.579935+00:00,matched_variant_paper_measure,SCN5A,22835975,H558R,H558R,unaffected,0,,0,1,0,0,1,0,llm_table,"Main text, case description",baseline,,/Users/kronckbm/GitRepos/GeneVariantFetcher/benchmarks/evaluation_tiers/mixed_gold/answer_key/SCN5A_recall_input.csv,mixed_gold_02
20260903_protocol_mixed02_candidate,2026-09-03T19:34:09.579935+00:00,matched_variant_paper_measure,SCN5A,23168001,p.Arg1023Cys,R1023C,unaffected,0,,0,1,0,0,1,0,llm_text,"Results, case description paragraph",baseline,,/Users/kronckbm/GitRepos/GeneVariantFetcher/benchmarks/evaluation_tiers/mixed_gold/answer_key/SCN5A_recall_input.csv,mixed_gold_02
20260903_protocol_mixed01_candidate,2026-09-03T18:31:19.973529+00:00,matched_variant_paper_measure,SCN5A,23200271,p.D1790N c.5368G>A,D1790N,unaffected,2,,0,1,-2,2,0,1,llm_text,Results paragraph describing genetic testing and family inheritance,baseline,,/Users/kronckbm/GitRepos/GeneVariantFetcher/benchmarks/evaluation_tiers/mixed_gold/answer_key/SCN5A_recall_input.csv,mixed_gold_01
20260903_protocol_mixed01_candidate,2026-09-03T18:31:19.973529+00:00,matched_variant_paper_measure,SCN5A,23200271,p.D349N c.1045G>A,D349N,unaffected,1,,0,1,-1,1,0,1,llm_text,Results paragraph describing genetic testing and family inheritance,baseline,,/Users/kronckbm/GitRepos/GeneVariantFetcher/benchmarks/evaluation_tiers/mixed_gold/answer_key/SCN5A_recall_input.csv,mixed_gold_01
20260903_protocol_mixed01_candidate,2026-09-03T18:31:19.973529+00:00,matched_variant_paper_measure,SCN5A,23283979,C373F,C373F,unaffected,0,,0,1,0,0,1,0,regex_table,Table 1 (regex extraction),baseline,,/Users/kronckbm/GitRepos/GeneVariantFetcher/benchmarks/evaluation_tiers/mixed_gold/answer_key/SCN5A_recall_input.csv,mixed_gold_01
20260903_protocol_mixed01_candidate,2026-09-03T18:31:19.973529+00:00,matched_variant_paper_measure,SCN5A,23283979,H880Q,H880Q,unaffected,0,,0,1,0,0,1,0,regex_table,Table 1 (regex extraction),baseline,,/Users/kronckbm/GitRepos/GeneVariantFetcher/benchmarks/evaluation_tiers/mixed_gold/answer_key/SCN5A_recall_input.csv,mixed_gold_01
20260903_protocol_mixed01_candidate,2026-09-03T18:31:19.973529+00:00,matched_variant_paper_measure,SCN5A,23349452,p.Glu1107ArgfsX24 c.3318dupC,c.3318dupC,unaffected,0,,0,1,0,0,1,0,llm_table,"Table 2, SCN5A row",baseline,,/Users/kronckbm/GitRepos/GeneVariantFetcher/benchmarks/evaluation_tiers/mixed_gold/answer_key/SCN5A_recall_input.csv,mixed_gold_01
20260903_protocol_mixed01_candidate,2026-09-03T18:31:19.973529+00:00,matched_variant_paper_measure,SCN5A,23414114,p.F2004L c.6010T>C,F2004L,unaffected,0,,0,1,0,0,1,0,llm_table,"Table 1, Table 3, Table 4",baseline,,/Users/kronckbm/GitRepos/GeneVariantFetcher/benchmarks/evaluation_tiers/mixed_gold/answer_key/SCN5A_recall_input.csv,mixed_gold_01
20260903_protocol_mixed02_candidate,2026-09-03T19:34:09.579935+00:00,matched_variant_paper_measure,SCN5A,23424222,p.Arg620His,R620H,unaffected,3,,0,1,-3,3,0,1,llm_text,Functional study - assay data only. Abstract,baseline,,/Users/kronckbm/GitRepos/GeneVariantFetcher/benchmarks/evaluation_tiers/mixed_gold/answer_key/SCN5A_recall_input.csv,mixed_gold_02
20260903_protocol_mixed02_candidate,2026-09-03T19:34:09.579935+00:00,matched_variant_paper_measure,SCN5A,23424222,p.Arg811His,R811H,unaffected,1,,0,1,-1,1,0,1,llm_text,Functional study - assay data only. Abstract,baseline,,/Users/kronckbm/GitRepos/GeneVariantFetcher/benchmarks/evaluation_tiers/mixed_gold/answer_key/SCN5A_recall_input.csv,mixed_gold_02
20260903_protocol_mixed02_candidate,2026-09-03T19:34:09.579935+00:00,matched_variant_paper_measure,SCN5A,23424222,p.Ser1218Ile,S1218I,unaffected,0,,0,1,0,0,1,0,llm_text,Functional study - assay data only. Abstract,baseline,,/Users/kronckbm/GitRepos/GeneVariantFetcher/benchmarks/evaluation_tiers/mixed_gold/answer_key/SCN5A_recall_input.csv,mixed_gold_02
20260903_protocol_cont120_01_candidate,2026-09-03T23:52:59.594246+00:00,matched_variant_paper_measure,SCN5A,23503384,p.E553*,E553X,unaffected,0,,0,1,0,0,1,0,llm_text,Abstract,baseline,,/Users/kronckbm/GitRepos/GeneVariantFetcher/benchmarks/evaluation_tiers/mixed_gold_continuation_120/answer_key/SCN5A_recall_input.csv,mixed_gold_cont120_01
20260903_protocol_cont120_01_candidate,2026-09-03T23:52:59.594246+00:00,matched_variant_paper_measure,SCN5A,23503384,p.R893H,R893H,unaffected,0,,0,1,0,0,1,0,llm_text,Abstract,baseline,,/Users/kronckbm/GitRepos/GeneVariantFetcher/benchmarks/evaluation_tiers/mixed_gold_continuation_120/answer_key/SCN5A_recall_input.csv,mixed_gold_cont120_01
20260903_protocol_cont120_01_candidate,2026-09-03T23:52:59.594246+00:00,matched_variant_paper_measure,SCN5A,23503384,p.S1787N,S1787N,unaffected,0,,0,1,0,0,1,0,llm_text,Abstract,baseline,,/Users/kronckbm/GitRepos/GeneVariantFetcher/benchmarks/evaluation_tiers/mixed_gold_continuation_120/answer_key/SCN5A_recall_input.csv,mixed_gold_cont120_01
20260903_protocol_cont120_01_candidate,2026-09-03T23:52:59.594246+00:00,matched_variant_paper_measure,SCN5A,23503384,p.Y87C,Y87C,unaffected,0,,0,1,0,0,1,0,llm_text,Abstract,baseline,,/Users/kronckbm/GitRepos/GeneVariantFetcher/benchmarks/evaluation_tiers/mixed_gold_continuation_120/answer_key/SCN5A_recall_input.csv,mixed_gold_cont120_01
20260903_protocol_cont120_01_candidate,2026-09-03T23:52:59.594246+00:00,matched_variant_paper_measure,SCN5A,23612926,D1430N,D1430N,unaffected,0,,0,1,0,0,1,0,figure,figure-reader,baseline,,/Users/kronckbm/GitRepos/GeneVariantFetcher/benchmarks/evaluation_tiers/mixed_gold_continuation_120/answer_key/SCN5A_recall_input.csv,mixed_gold_cont120_01
20260903_protocol_cont120_01_candidate,2026-09-03T23:52:59.594246+00:00,matched_variant_paper_measure,SCN5A,23612926,p.Q1476*,Q1476X,unaffected,0,,0,1,0,0,1,0,llm_text,"Abstract, Results",baseline,,/Users/kronckbm/GitRepos/GeneVariantFetcher/benchmarks/evaluation_tiers/mixed_gold_continuation_120/answer_key/SCN5A_recall_input.csv,mixed_gold_cont120_01
20260903_protocol_cont120_01_candidate,2026-09-03T23:52:59.594246+00:00,matched_variant_paper_measure,SCN5A,23683917,p.D1741Y,D1741Y,unaffected,0,,0,1,0,0,1,0,llm_table,"Table 2, Results paragraph on case 6",baseline,,/Users/kronckbm/GitRepos/GeneVariantFetcher/benchmarks/evaluation_tiers/mixed_gold_continuation_120/answer_key/SCN5A_recall_input.csv,mixed_gold_cont120_01
20260903_protocol_cont120_01_candidate,2026-09-03T23:52:59.594246+00:00,matched_variant_paper_measure,SCN5A,23683917,p.I1768V,I1768V,unaffected,0,,0,1,0,0,1,0,llm_table,Table 2; Results,baseline,,/Users/kronckbm/GitRepos/GeneVariantFetcher/benchmarks/evaluation_tiers/mixed_gold_continuation_120/answer_key/SCN5A_recall_input.csv,mixed_gold_cont120_01
20260903_protocol_cont120_01_candidate,2026-09-03T23:52:59.594246+00:00,matched_variant_paper_measure,SCN5A,23791817,p.D1275N c.3823G>A,D1275N,unaffected,0,,0,1,0,0,1,0,llm_text,"Functional study - assay data only; Results sections on transgenic lines, phenotype analysis, morpholino rescue",baseline,,/Users/kronckbm/GitRepos/GeneVariantFetcher/benchmarks/evaluation_tiers/mixed_gold_continuation_120/answer_key/SCN5A_recall_input.csv,mixed_gold_cont120_01
20260903_protocol_cont120_01_candidate,2026-09-03T23:52:59.594246+00:00,matched_variant_paper_measure,SCN5A,23805106,G35S,G35S,unaffected,0,,0,1,0,0,1,0,figure,figure-reader,baseline,,/Users/kronckbm/GitRepos/GeneVariantFetcher/benchmarks/evaluation_tiers/mixed_gold_continuation_120/answer_key/SCN5A_recall_input.csv,mixed_gold_cont120_01
20260903_protocol_cont120_01_candidate,2026-09-03T23:52:59.594246+00:00,matched_variant_paper_measure,SCN5A,23805106,G9V,G9V,unaffected,0,,0,1,0,0,1,0,figure,figure-reader,baseline,,/Users/kronckbm/GitRepos/GeneVariantFetcher/benchmarks/evaluation_tiers/mixed_gold_continuation_120/answer_key/SCN5A_recall_input.csv,mixed_gold_cont120_01
20260903_protocol_cont120_01_candidate,2026-09-03T23:52:59.594246+00:00,matched_variant_paper_measure,SCN5A,23805106,K126E,K126E,unaffected,0,,0,1,0,0,1,0,figure,figure-reader,baseline,,/Users/kronckbm/GitRepos/GeneVariantFetcher/benchmarks/evaluation_tiers/mixed_gold_continuation_120/answer_key/SCN5A_recall_input.csv,mixed_gold_cont120_01
20260903_protocol_cont120_01_candidate,2026-09-03T23:52:59.594246+00:00,matched_variant_paper_measure,SCN5A,23805106,R104Q,R104Q,unaffected,0,,0,1,0,0,1,0,figure,figure-reader,baseline,,/Users/kronckbm/GitRepos/GeneVariantFetcher/benchmarks/evaluation_tiers/mixed_gold_continuation_120/answer_key/SCN5A_recall_input.csv,mixed_gold_cont120_01
20260903_protocol_cont120_01_candidate,2026-09-03T23:52:59.594246+00:00,matched_variant_paper_measure,SCN5A,23805106,R18Q,R18Q,unaffected,0,,0,1,0,0,1,0,figure,figure-reader,baseline,,/Users/kronckbm/GitRepos/GeneVariantFetcher/benchmarks/evaluation_tiers/mixed_gold_continuation_120/answer_key/SCN5A_recall_input.csv,mixed_gold_cont120_01
20260903_protocol_cont120_01_candidate,2026-09-03T23:52:59.594246+00:00,matched_variant_paper_measure,SCN5A,23805106,R18W,R18W,unaffected,0,,0,1,0,0,1,0,figure,figure-reader,baseline,,/Users/kronckbm/GitRepos/GeneVariantFetcher/benchmarks/evaluation_tiers/mixed_gold_continuation_120/answer_key/SCN5A_recall_input.csv,mixed_gold_cont120_01
20260903_protocol_cont120_01_candidate,2026-09-03T23:52:59.594246+00:00,matched_variant_paper_measure,SCN5A,23805106,R27H,R27H,unaffected,0,,0,1,0,0,1,0,figure,figure-reader,baseline,,/Users/kronckbm/GitRepos/GeneVariantFetcher/benchmarks/evaluation_tiers/mixed_gold_continuation_120/answer_key/SCN5A_recall_input.csv,mixed_gold_cont120_01
20260903_protocol_cont120_01_candidate,2026-09-03T23:52:59.594246+00:00,matched_variant_paper_measure,SCN5A,23805106,V125L,V125L,unaffected,0,,0,1,0,0,1,0,figure,figure-reader,baseline,,/Users/kronckbm/GitRepos/GeneVariantFetcher/benchmarks/evaluation_tiers/mixed_gold_continuation_120/answer_key/SCN5A_recall_input.csv,mixed_gold_cont120_01
20260903_protocol_cont120_01_candidate,2026-09-03T23:52:59.594246+00:00,matched_variant_paper_measure,SCN5A,23805106,V95I,V95I,unaffected,0,,0,1,0,0,1,0,figure,figure-reader,baseline,,/Users/kronckbm/GitRepos/GeneVariantFetcher/benchmarks/evaluation_tiers/mixed_gold_continuation_120/answer_key/SCN5A_recall_input.csv,mixed_gold_cont120_01
20260903_protocol_cont120_01_candidate,2026-09-03T23:52:59.594246+00:00,matched_variant_paper_measure,SCN5A,23810369,p.V1281F c.3841G>T,V1281F,unaffected,0,,0,1,0,0,1,0,llm_text,"Results, First family; abstract",baseline,,/Users/kronckbm/GitRepos/GeneVariantFetcher/benchmarks/evaluation_tiers/mixed_gold_continuation_120/answer_key/SCN5A_recall_input.csv,mixed_gold_cont120_01
20260903_protocol_mixed01_candidate,2026-09-03T18:31:19.973529+00:00,matched_variant_paper_measure,SCN5A,23936059,p.F2004L c.6010T>C,F2004L,unaffected,0,,0,1,0,0,1,0,llm_table,"Results, Karyotype and Molecular Genetics; Table 4",baseline,,/Users/kronckbm/GitRepos/GeneVariantFetcher/benchmarks/evaluation_tiers/mixed_gold/answer_key/SCN5A_recall_input.csv,mixed_gold_01
20260903_protocol_mixed01_candidate,2026-09-03T18:31:19.973529+00:00,matched_variant_paper_measure,SCN5A,23936059,p.Arg1958* c.5872C>T,R1958X,unaffected,0,,0,1,0,0,1,0,llm_table,"Results, Karyotype and Molecular Genetics; Table 4",baseline,,/Users/kronckbm/GitRepos/GeneVariantFetcher/benchmarks/evaluation_tiers/mixed_gold/answer_key/SCN5A_recall_input.csv,mixed_gold_01
20260903_protocol_cont120_01_candidate,2026-09-03T23:52:59.594246+00:00,matched_variant_paper_measure,SCN5A,24096004,M1875T,M1875T,unaffected,0,,0,1,0,0,1,0,regex_text,Text scan (protein_single_letter),baseline,,/Users/kronckbm/GitRepos/GeneVariantFetcher/benchmarks/evaluation_tiers/mixed_gold_continuation_120/answer_key/SCN5A_recall_input.csv,mixed_gold_cont120_01
20260903_protocol_cont120_01_candidate,2026-09-03T23:52:59.594246+00:00,matched_variant_paper_measure,SCN5A,24439875,p.E1784K c.5350G>A,E1784K,unaffected,0,,0,1,0,0,1,0,llm_text,"Results, sections 3.5 and 3.7; Abstract",baseline,,/Users/kronckbm/GitRepos/GeneVariantFetcher/benchmarks/evaluation_tiers/mixed_gold_continuation_120/answer_key/SCN5A_recall_input.csv,mixed_gold_cont120_01
20260903_protocol_cont120_01_candidate,2026-09-03T23:52:59.594246+00:00,matched_variant_paper_measure,SCN5A,24581105,p.Asp785Asn c.2353G>A,D785N,unaffected,0,,0,1,0,0,1,0,llm_text,"Case report, Results section and Discussion",baseline,,/Users/kronckbm/GitRepos/GeneVariantFetcher/benchmarks/evaluation_tiers/mixed_gold_continuation_120/answer_key/SCN5A_recall_input.csv,mixed_gold_cont120_01
20260903_protocol_mixed02_candidate,2026-09-03T19:34:09.579935+00:00,matched_variant_paper_measure,SCN5A,24599044,p.Leu1786Gln,L1786Q,unaffected,0,,0,1,0,0,1,0,llm_text,Title,baseline,,/Users/kronckbm/GitRepos/GeneVariantFetcher/benchmarks/evaluation_tiers/mixed_gold/answer_key/SCN5A_recall_input.csv,mixed_gold_02
20260903_protocol_cont120_01_candidate,2026-09-03T23:52:59.594246+00:00,matched_variant_paper_measure,SCN5A,24951663,H558R,H558R,unaffected,0,,0,1,0,0,1,0,llm_table,"Results, Common Variant Analysis; Table 3 and 4",baseline,,/Users/kronckbm/GitRepos/GeneVariantFetcher/benchmarks/evaluation_tiers/mixed_gold_continuation_120/answer_key/SCN5A_recall_input.csv,mixed_gold_cont120_01
20260903_protocol_cont120_01_candidate,2026-09-03T23:52:59.594246+00:00,matched_variant_paper_measure,SCN5A,24972929,c.3963+1G>A,c.3963+1G>A,unaffected,0,,0,1,0,0,1,0,llm_text,"Results, Candidate gene sequencing and WES; Case presentation",baseline,,/Users/kronckbm/GitRepos/GeneVariantFetcher/benchmarks/evaluation_tiers/mixed_gold_continuation_120/answer_key/SCN5A_recall_input.csv,mixed_gold_cont120_01
20260903_protocol_mixed02_candidate,2026-09-03T19:34:09.579935+00:00,matched_variant_paper_measure,SCN5A,25341504,Q1695*,Q1695X,unaffected,0,,0,1,0,0,1,0,figure,figure-reader,baseline,,/Users/kronckbm/GitRepos/GeneVariantFetcher/benchmarks/evaluation_tiers/mixed_gold/answer_key/SCN5A_recall_input.csv,mixed_gold_02
20260903_protocol_cont120_01_candidate,2026-09-03T23:52:59.594246+00:00,matched_variant_paper_measure,SCN5A,25923670,S1787N,S1787N,unaffected,0,,0,1,0,0,1,0,figure,figure-reader,baseline,,/Users/kronckbm/GitRepos/GeneVariantFetcher/benchmarks/evaluation_tiers/mixed_gold_continuation_120/answer_key/SCN5A_recall_input.csv,mixed_gold_cont120_01
20260903_protocol_mixed02_candidate,2026-09-03T19:34:09.579935+00:00,matched_variant_paper_measure,SCN5A,26129877,p.R986Q,R986Q,unaffected,0,,0,1,0,0,1,0,llm_table,"Table 2, Table 3, Results section describing SCN5A R986Q clinical and functional characterization",baseline,,/Users/kronckbm/GitRepos/GeneVariantFetcher/benchmarks/evaluation_tiers/mixed_gold/answer_key/SCN5A_recall_input.csv,mixed_gold_02
20260903_protocol_cont120_01_candidate,2026-09-03T23:52:59.594246+00:00,matched_variant_paper_measure,SCN5A,26131924,p.E1784K,E1784K,unaffected,0,,0,1,0,0,1,0,figure,"Functional study - assay data only. Main text, Methods, Results, Figures 1-10, Table 1, Table 11",baseline,,/Users/kronckbm/GitRepos/GeneVariantFetcher/benchmarks/evaluation_tiers/mixed_gold_continuation_120/answer_key/SCN5A_recall_input.csv,mixed_gold_cont120_01
20260903_protocol_cont120_01_candidate,2026-09-03T23:52:59.594246+00:00,matched_variant_paper_measure,SCN5A,26131924,p.Arg1193Gln,R1193Q,unaffected,0,,0,1,0,0,1,0,figure,"Functional study - assay data only. Main text, Methods, Results, Figures 1-10, Table 1",baseline,,/Users/kronckbm/GitRepos/GeneVariantFetcher/benchmarks/evaluation_tiers/mixed_gold_continuation_120/answer_key/SCN5A_recall_input.csv,mixed_gold_cont120_01
20260903_protocol_cont120_01_candidate,2026-09-03T23:52:59.594246+00:00,matched_variant_paper_measure,SCN5A,26401487,H558R,H558R,unaffected,0,,0,1,0,0,1,0,llm_table,"Results, Exon 12 section and Tables 4-6",baseline,,/Users/kronckbm/GitRepos/GeneVariantFetcher/benchmarks/evaluation_tiers/mixed_gold_continuation_120/answer_key/SCN5A_recall_input.csv,mixed_gold_cont120_01
20260903_protocol_cont120_01_candidate,2026-09-03T23:52:59.594246+00:00,matched_variant_paper_measure,SCN5A,26401487,p.Ser1074Arg,S1074R,unaffected,0,,0,1,0,0,1,0,llm_table,"Results, Exon 17 section and Tables 10-12",baseline,,/Users/kronckbm/GitRepos/GeneVariantFetcher/benchmarks/evaluation_tiers/mixed_gold_continuation_120/answer_key/SCN5A_recall_input.csv,mixed_gold_cont120_01
20260903_protocol_mixed01_candidate,2026-09-03T18:31:19.973529+00:00,matched_variant_paper_measure,SCN5A,26498160,p.Arg1623Gln,R1623Q,unaffected,0,,0,1,0,0,1,0,llm_table,"Supplementary table 2, Proband 2; Abstract",baseline,,/Users/kronckbm/GitRepos/GeneVariantFetcher/benchmarks/evaluation_tiers/mixed_gold/answer_key/SCN5A_recall_input.csv,mixed_gold_01
20260903_protocol_mixed01_candidate,2026-09-03T18:31:19.973529+00:00,matched_variant_paper_measure,SCN5A,26498160,p.Val411Met,V411M,unaffected,0,,0,1,0,0,1,0,llm_table,"Supplementary table 2, Proband 11",baseline,,/Users/kronckbm/GitRepos/GeneVariantFetcher/benchmarks/evaluation_tiers/mixed_gold/answer_key/SCN5A_recall_input.csv,mixed_gold_01
20260903_protocol_cont120_01_candidate,2026-09-03T23:52:59.594246+00:00,matched_variant_paper_measure,SCN5A,26776555,p.Lys817Glu c.2449A>G,K817E,unaffected,0,,0,1,0,0,1,0,llm_text,"Results, Clinical and genetic background; Electrophysiological characterization",baseline,,/Users/kronckbm/GitRepos/GeneVariantFetcher/benchmarks/evaluation_tiers/mixed_gold_continuation_120/answer_key/SCN5A_recall_input.csv,mixed_gold_cont120_01
20260903_protocol_mixed02_candidate,2026-09-03T19:34:09.579935+00:00,matched_variant_paper_measure,SCN5A,26803770,p.R1644H c.4931G>A,R1644H,unaffected,5,,0,1,-5,5,0,1,llm_text,"Results, Clinical history of a family with LQT3 syndrome; Functional study - assay data only for hiPSC experiments",baseline,,/Users/kronckbm/GitRepos/GeneVariantFetcher/benchmarks/evaluation_tiers/mixed_gold/answer_key/SCN5A_recall_input.csv,mixed_gold_02
20260903_protocol_mixed01_candidate,2026-09-03T18:31:19.973529+00:00,matched_variant_paper_measure,SCN5A,27232914,p.Arg222*,R222X,unaffected,0,,0,1,0,0,1,0,llm_text,"Results, Comparisons regarding families carrying",baseline,,/Users/kronckbm/GitRepos/GeneVariantFetcher/benchmarks/evaluation_tiers/mixed_gold/answer_key/SCN5A_recall_input.csv,mixed_gold_01
20260903_protocol_mixed01_candidate,2026-09-03T18:31:19.973529+00:00,matched_variant_paper_measure,SCN5A,27232914,p.Val1344Ile,V1344I,unaffected,0,,0,1,0,0,1,0,llm_text,"Results, Comparisons regarding families carrying",baseline,,/Users/kronckbm/GitRepos/GeneVariantFetcher/benchmarks/evaluation_tiers/mixed_gold/answer_key/SCN5A_recall_input.csv,mixed_gold_01
20260903_protocol_mixed01_candidate,2026-09-03T18:31:19.973529+00:00,matched_variant_paper_measure,SCN5A,27232914,p.Val160fs,V160fsX,unaffected,0,,0,1,0,0,1,0,llm_text,"Results, Comparisons regarding families carrying",baseline,,/Users/kronckbm/GitRepos/GeneVariantFetcher/benchmarks/evaluation_tiers/mixed_gold/answer_key/SCN5A_recall_input.csv,mixed_gold_01
20260903_protocol_cont120_01_candidate,2026-09-03T23:52:59.594246+00:00,matched_variant_paper_measure,SCN5A,27243970,A572D,A572D,unaffected,0,,0,1,0,0,1,0,llm_text,Abstract,baseline,,/Users/kronckbm/GitRepos/GeneVariantFetcher/benchmarks/evaluation_tiers/mixed_gold_continuation_120/answer_key/SCN5A_recall_input.csv,mixed_gold_cont120_01
20260903_protocol_mixed02_candidate,2026-09-03T19:34:09.579935+00:00,matched_variant_paper_measure,SCN5A,27281089,p.Arg1512Trp c.4534C>T,R1512W,unaffected,0,,0,1,0,0,1,0,llm_text,Functional study - assay data only; Results section and case report,baseline,,/Users/kronckbm/GitRepos/GeneVariantFetcher/benchmarks/evaluation_tiers/mixed_gold/answer_key/SCN5A_recall_input.csv,mixed_gold_02
20260903_protocol_cont120_01_candidate,2026-09-03T23:52:59.594246+00:00,matched_variant_paper_measure,SCN5A,27684715,duplication of exons 15-28,EXON15_28DUP,unaffected,0,,0,1,0,0,1,0,regex_text,Text scan (exon_event),baseline,,/Users/kronckbm/GitRepos/GeneVariantFetcher/benchmarks/evaluation_tiers/mixed_gold_continuation_120/answer_key/SCN5A_recall_input.csv,mixed_gold_cont120_01
20260903_protocol_cont120_01_candidate,2026-09-03T23:52:59.594246+00:00,matched_variant_paper_measure,SCN5A,27707468,p.Ala1428Ser c.4282G>T,A1428S,unaffected,0,,0,1,0,0,1,0,llm_table,"Table 4, Cases 4 and 11",baseline,,/Users/kronckbm/GitRepos/GeneVariantFetcher/benchmarks/evaluation_tiers/mixed_gold_continuation_120/answer_key/SCN5A_recall_input.csv,mixed_gold_cont120_01
20260903_protocol_cont120_01_candidate,2026-09-03T23:52:59.594246+00:00,matched_variant_paper_measure,SCN5A,27707468,p.D1275N c.3823G>A,D1275N,unaffected,0,,0,1,0,0,1,0,llm_table,"Table 4, Case 3",baseline,,/Users/kronckbm/GitRepos/GeneVariantFetcher/benchmarks/evaluation_tiers/mixed_gold_continuation_120/answer_key/SCN5A_recall_input.csv,mixed_gold_cont120_01
20260903_protocol_cont120_01_candidate,2026-09-03T23:52:59.594246+00:00,matched_variant_paper_measure,SCN5A,27707468,p.Gly400Arg c.1198G>A,G400R,unaffected,0,,0,1,0,0,1,0,llm_table,"Table 4, Case 2",baseline,,/Users/kronckbm/GitRepos/GeneVariantFetcher/benchmarks/evaluation_tiers/mixed_gold_continuation_120/answer_key/SCN5A_recall_input.csv,mixed_gold_cont120_01
20260903_protocol_cont120_01_candidate,2026-09-03T23:52:59.594246+00:00,matched_variant_paper_measure,SCN5A,27707468,p.Arg1898Cys c.5692C>T,R1898C,unaffected,0,,0,1,0,0,1,0,llm_table,"Table 4, Case 14",baseline,,/Users/kronckbm/GitRepos/GeneVariantFetcher/benchmarks/evaluation_tiers/mixed_gold_continuation_120/answer_key/SCN5A_recall_input.csv,mixed_gold_cont120_01
20260903_protocol_cont120_01_candidate,2026-09-03T23:52:59.594246+00:00,matched_variant_paper_measure,SCN5A,27707468,p.Val1098Leu c.3292G>T,V1098L,unaffected,0,,0,1,0,0,1,0,llm_table,"Table 3, Case 40",baseline,,/Users/kronckbm/GitRepos/GeneVariantFetcher/benchmarks/evaluation_tiers/mixed_gold_continuation_120/answer_key/SCN5A_recall_input.csv,mixed_gold_cont120_01
20260903_protocol_cont120_01_candidate,2026-09-03T23:52:59.594246+00:00,matched_variant_paper_measure,SCN5A,27707468,p.Val1340Ile c.4018G>A,V1340I,unaffected,0,,0,1,0,0,1,0,llm_table,"Table 3, Case 4",baseline,,/Users/kronckbm/GitRepos/GeneVariantFetcher/benchmarks/evaluation_tiers/mixed_gold_continuation_120/answer_key/SCN5A_recall_input.csv,mixed_gold_cont120_01
20260903_protocol_cont120_01_candidate,2026-09-03T23:52:59.594246+00:00,matched_variant_paper_measure,SCN5A,27707468,p.Thr1893Profs*29 c.5676delC,c.5676delC,unaffected,0,,0,1,0,0,1,0,llm_table,"Table 4, Case 14",baseline,,/Users/kronckbm/GitRepos/GeneVariantFetcher/benchmarks/evaluation_tiers/mixed_gold_continuation_120/answer_key/SCN5A_recall_input.csv,mixed_gold_cont120_01
20260903_protocol_mixed02_candidate,2026-09-03T19:34:09.579935+00:00,matched_variant_paper_measure,SCN5A,27784737,p.Arg1638*,R1638X,unaffected,0,,0,1,0,0,1,0,llm_text,Functional study - assay data only; Abstract,baseline,,/Users/kronckbm/GitRepos/GeneVariantFetcher/benchmarks/evaluation_tiers/mixed_gold/answer_key/SCN5A_recall_input.csv,mixed_gold_02
20260903_protocol_mixed02_candidate,2026-09-03T19:34:09.579935+00:00,matched_variant_paper_measure,SCN5A,27784737,p.Trp156*,W156X,unaffected,0,,0,1,0,0,1,0,llm_text,Functional study - assay data only; Abstract,baseline,,/Users/kronckbm/GitRepos/GeneVariantFetcher/benchmarks/evaluation_tiers/mixed_gold/answer_key/SCN5A_recall_input.csv,mixed_gold_02
20260903_protocol_cont120_01_candidate,2026-09-03T23:52:59.594246+00:00,matched_variant_paper_measure,SCN5A,27816319,p.Gly1935Ser,G1935S,unaffected,0,,0,1,0,0,1,0,llm_table,"Results section, Table 1 reference",baseline,,/Users/kronckbm/GitRepos/GeneVariantFetcher/benchmarks/evaluation_tiers/mixed_gold_continuation_120/answer_key/SCN5A_recall_input.csv,mixed_gold_cont120_01
20260903_protocol_cont120_01_candidate,2026-09-03T23:52:59.594246+00:00,matched_variant_paper_measure,SCN5A,27816319,p.Arg975Trp,R975W,unaffected,0,,0,1,0,0,1,0,llm_table,"Results section, Table 1 reference",baseline,,/Users/kronckbm/GitRepos/GeneVariantFetcher/benchmarks/evaluation_tiers/mixed_gold_continuation_120/answer_key/SCN5A_recall_input.csv,mixed_gold_cont120_01
20260903_protocol_cont120_01_candidate,2026-09-03T23:52:59.594246+00:00,matched_variant_paper_measure,SCN5A,28018021,p.Arg34His c.101G>A,R34H,unaffected,1,1,1,0,0,0,1,0,figure,"Table 3, Results text, Figure 2",baseline,,/Users/kronckbm/GitRepos/GeneVariantFetcher/benchmarks/evaluation_tiers/mixed_gold_continuation_120/answer_key/SCN5A_recall_input.csv,mixed_gold_cont120_01
20260903_protocol_cont120_01_candidate,2026-09-03T23:52:59.594246+00:00,matched_variant_paper_measure,SCN5A,28217227,Q779X,Q779X,unaffected,0,,0,1,0,0,1,0,figure,figure-reader,baseline,,/Users/kronckbm/GitRepos/GeneVariantFetcher/benchmarks/evaluation_tiers/mixed_gold_continuation_120/answer_key/SCN5A_recall_input.csv,mixed_gold_cont120_01
20260903_protocol_mixed01_candidate,2026-09-03T18:31:19.973529+00:00,matched_variant_paper_measure,SCN5A,28469501,p.Gly289Ser,G289S,unaffected,0,,0,1,0,0,1,0,llm_table,Results of Molecular Testing; Table 3,baseline,,/Users/kronckbm/GitRepos/GeneVariantFetcher/benchmarks/evaluation_tiers/mixed_gold/answer_key/SCN5A_recall_input.csv,mixed_gold_01
20260903_protocol_cont120_01_candidate,2026-09-03T23:52:59.594246+00:00,matched_variant_paper_measure,SCN5A,28491738,p.Ala735Val,A735V,unaffected,2,2,2,0,0,0,1,0,llm_text,"Case report, Genetic study section",baseline,,/Users/kronckbm/GitRepos/GeneVariantFetcher/benchmarks/evaluation_tiers/mixed_gold_continuation_120/answer_key/SCN5A_recall_input.csv,mixed_gold_cont120_01
20260903_protocol_mixed01_candidate,2026-09-03T18:31:19.973529+00:00,matched_variant_paper_measure,SCN5A,28637969,p.Asp1275Asn,D1275N,unaffected,0,,0,1,0,0,1,0,llm_text,Functional study - assay data only; Results and Conclusions sections,baseline,,/Users/kronckbm/GitRepos/GeneVariantFetcher/benchmarks/evaluation_tiers/mixed_gold/answer_key/SCN5A_recall_input.csv,mixed_gold_01
20260903_protocol_mixed01_candidate,2026-09-03T18:31:19.973529+00:00,matched_variant_paper_measure,SCN5A,28638671,p.Arg1193Gln,R1193Q,unaffected,0,,0,1,0,0,1,0,llm_text,"Case Presentation section, Abstract",baseline,,/Users/kronckbm/GitRepos/GeneVariantFetcher/benchmarks/evaluation_tiers/mixed_gold/answer_key/SCN5A_recall_input.csv,mixed_gold_01
20260903_protocol_mixed01_candidate,2026-09-03T18:31:19.973529+00:00,matched_variant_paper_measure,SCN5A,28779003,c.677C>T,A226V,unaffected,0,,0,1,0,0,1,0,llm_text,"Results, Abstract",baseline,,/Users/kronckbm/GitRepos/GeneVariantFetcher/benchmarks/evaluation_tiers/mixed_gold/answer_key/SCN5A_recall_input.csv,mixed_gold_01
20260903_protocol_mixed01_candidate,2026-09-03T18:31:19.973529+00:00,matched_variant_paper_measure,SCN5A,28779003,p.Arg225Gln c.674G>A,R225Q,unaffected,0,,0,1,0,0,1,0,llm_text,"Results, Abstract",baseline,,/Users/kronckbm/GitRepos/GeneVariantFetcher/benchmarks/evaluation_tiers/mixed_gold/answer_key/SCN5A_recall_input.csv,mixed_gold_01
20260903_protocol_mixed02_candidate,2026-09-03T19:34:09.579935+00:00,matched_variant_paper_measure,SCN5A,28815794,p.Gly1262Ser c.3978C>G,G1262S,unaffected,0,0,0,0,0,0,1,0,llm_table,"Table 3, Results section",baseline,,/Users/kronckbm/GitRepos/GeneVariantFetcher/benchmarks/evaluation_tiers/mixed_gold/answer_key/SCN5A_recall_input.csv,mixed_gold_02
20260903_protocol_mixed01_candidate,2026-09-03T18:31:19.973529+00:00,matched_variant_paper_measure,SCN5A,29062695,p.Phe532Cys,F532C,unaffected,0,2,2,0,2,2,0,1,llm_text,"Case report, Discussion",baseline,,/Users/kronckbm/GitRepos/GeneVariantFetcher/benchmarks/evaluation_tiers/mixed_gold/answer_key/SCN5A_recall_input.csv,mixed_gold_01
20260903_protocol_cont120_01_candidate,2026-09-03T23:52:59.594246+00:00,matched_variant_paper_measure,SCN5A,29514831,Y1810A,Y1810A,unaffected,0,,0,1,0,0,1,0,figure,figure-reader,baseline,,/Users/kronckbm/GitRepos/GeneVariantFetcher/benchmarks/evaluation_tiers/mixed_gold_continuation_120/answer_key/SCN5A_recall_input.csv,mixed_gold_cont120_01
20260903_protocol_cont120_01_candidate,2026-09-03T23:52:59.594246+00:00,matched_variant_paper_measure,SCN5A,29514831,Y1888A,Y1888A,unaffected,0,,0,1,0,0,1,0,figure,figure-reader,baseline,,/Users/kronckbm/GitRepos/GeneVariantFetcher/benchmarks/evaluation_tiers/mixed_gold_continuation_120/answer_key/SCN5A_recall_input.csv,mixed_gold_cont120_01
20260903_protocol_cont120_01_candidate,2026-09-03T23:52:59.594246+00:00,matched_variant_paper_measure,SCN5A,29514831,Y1976A,Y1976A,unaffected,0,,0,1,0,0,1,0,figure,figure-reader,baseline,,/Users/kronckbm/GitRepos/GeneVariantFetcher/benchmarks/evaluation_tiers/mixed_gold_continuation_120/answer_key/SCN5A_recall_input.csv,mixed_gold_cont120_01
20260903_protocol_cont120_01_candidate,2026-09-03T23:52:59.594246+00:00,matched_variant_paper_measure,SCN5A,29514831,Y68A,Y68A,unaffected,0,,0,1,0,0,1,0,figure,figure-reader,baseline,,/Users/kronckbm/GitRepos/GeneVariantFetcher/benchmarks/evaluation_tiers/mixed_gold_continuation_120/answer_key/SCN5A_recall_input.csv,mixed_gold_cont120_01
20260903_protocol_mixed02_candidate,2026-09-03T19:34:09.579935+00:00,matched_variant_paper_measure,SCN5A,29544605,p.A997S c.2989G>T,A997S,unaffected,0,,0,1,0,0,1,0,llm_table,"Table 2, row 53",baseline,,/Users/kronckbm/GitRepos/GeneVariantFetcher/benchmarks/evaluation_tiers/mixed_gold/answer_key/SCN5A_recall_input.csv,mixed_gold_02
20260903_protocol_mixed02_candidate,2026-09-03T19:34:09.579935+00:00,matched_variant_paper_measure,SCN5A,29544605,p.G333A c.997G>C,G333A,unaffected,0,,0,1,0,0,1,0,llm_table,"Table 2, row 38",baseline,,/Users/kronckbm/GitRepos/GeneVariantFetcher/benchmarks/evaluation_tiers/mixed_gold/answer_key/SCN5A_recall_input.csv,mixed_gold_02
20260903_protocol_mixed02_candidate,2026-09-03T19:34:09.579935+00:00,matched_variant_paper_measure,SCN5A,29544605,p.R1027W c.3079C>T,R1027W,unaffected,0,,0,1,0,0,1,0,llm_table,"Table 2, row 52",baseline,,/Users/kronckbm/GitRepos/GeneVariantFetcher/benchmarks/evaluation_tiers/mixed_gold/answer_key/SCN5A_recall_input.csv,mixed_gold_02
20260903_protocol_mixed02_candidate,2026-09-03T19:34:09.579935+00:00,matched_variant_paper_measure,SCN5A,29544605,p.S1787G c.5359A>G,S1787G,unaffected,0,,0,1,0,0,1,0,llm_table,"Table 2, row 41",baseline,,/Users/kronckbm/GitRepos/GeneVariantFetcher/benchmarks/evaluation_tiers/mixed_gold/answer_key/SCN5A_recall_input.csv,mixed_gold_02
20260903_protocol_mixed02_candidate,2026-09-03T19:34:09.579935+00:00,matched_variant_paper_measure,SCN5A,29544605,p.V1624I c.4870G>A,V1624I,unaffected,0,,0,1,0,0,1,0,llm_table,"Table 2, row 40",baseline,,/Users/kronckbm/GitRepos/GeneVariantFetcher/benchmarks/evaluation_tiers/mixed_gold/answer_key/SCN5A_recall_input.csv,mixed_gold_02
20260903_protocol_mixed02_candidate,2026-09-03T19:34:09.579935+00:00,matched_variant_paper_measure,SCN5A,29544605,p.V751I c.2251G>A,V751I,unaffected,0,,0,1,0,0,1,0,llm_table,"Table 2, row 39",baseline,,/Users/kronckbm/GitRepos/GeneVariantFetcher/benchmarks/evaluation_tiers/mixed_gold/answer_key/SCN5A_recall_input.csv,mixed_gold_02
20260903_protocol_cont120_01_candidate,2026-09-03T23:52:59.594246+00:00,matched_variant_paper_measure,SCN5A,29709244,I1660V,I1660V,unaffected,1,,0,1,-1,1,0,1,regex_table,Supplementary Table 1 (regex extraction),baseline,,/Users/kronckbm/GitRepos/GeneVariantFetcher/benchmarks/evaluation_tiers/mixed_gold_continuation_120/answer_key/SCN5A_recall_input.csv,mixed_gold_cont120_01
20260903_protocol_cont120_01_candidate,2026-09-03T23:52:59.594246+00:00,matched_variant_paper_measure,SCN5A,29759671,p.Asp501Gly c.1502A>G,D501G,unaffected,0,,0,1,0,0,1,0,llm_table,"Table 2, Row 5",baseline,,/Users/kronckbm/GitRepos/GeneVariantFetcher/benchmarks/evaluation_tiers/mixed_gold_continuation_120/answer_key/SCN5A_recall_input.csv,mixed_gold_cont120_01
20260903_protocol_cont120_01_candidate,2026-09-03T23:52:59.594246+00:00,matched_variant_paper_measure,SCN5A,29759671,p.Gly1319Val c.3956G>T,G1319V,unaffected,0,,0,1,0,0,1,0,llm_table,"Table 2, Row 8",baseline,,/Users/kronckbm/GitRepos/GeneVariantFetcher/benchmarks/evaluation_tiers/mixed_gold_continuation_120/answer_key/SCN5A_recall_input.csv,mixed_gold_cont120_01
20260903_protocol_cont120_01_candidate,2026-09-03T23:52:59.594246+00:00,matched_variant_paper_measure,SCN5A,29759671,p.Ile1660Val c.4978A>G,I1660V,unaffected,0,,0,1,0,0,1,0,llm_table,"Table 2, Row 1",baseline,,/Users/kronckbm/GitRepos/GeneVariantFetcher/benchmarks/evaluation_tiers/mixed_gold_continuation_120/answer_key/SCN5A_recall_input.csv,mixed_gold_cont120_01
20260903_protocol_cont120_01_candidate,2026-09-03T23:52:59.594246+00:00,matched_variant_paper_measure,SCN5A,29759671,p.Asn1380del c.4140_4142delCAA,P.N1380DEL,unaffected,0,,0,1,0,0,1,0,llm_table,"Table 2, Row 10",baseline,,/Users/kronckbm/GitRepos/GeneVariantFetcher/benchmarks/evaluation_tiers/mixed_gold_continuation_120/answer_key/SCN5A_recall_input.csv,mixed_gold_cont120_01
20260903_protocol_cont120_01_candidate,2026-09-03T23:52:59.594246+00:00,matched_variant_paper_measure,SCN5A,29759671,p.Arg1232Gln c.3695G>A,R1232Q,unaffected,0,,0,1,0,0,1,0,llm_table,"Table 2, Row 2",baseline,,/Users/kronckbm/GitRepos/GeneVariantFetcher/benchmarks/evaluation_tiers/mixed_gold_continuation_120/answer_key/SCN5A_recall_input.csv,mixed_gold_cont120_01
20260903_protocol_cont120_01_candidate,2026-09-03T23:52:59.594246+00:00,matched_variant_paper_measure,SCN5A,29759671,p.Arg1897Trp c.5689C>T,R1897W,unaffected,0,,0,1,0,0,1,0,llm_table,"Table 2, Row 12",baseline,,/Users/kronckbm/GitRepos/GeneVariantFetcher/benchmarks/evaluation_tiers/mixed_gold_continuation_120/answer_key/SCN5A_recall_input.csv,mixed_gold_cont120_01
20260903_protocol_cont120_01_candidate,2026-09-03T23:52:59.594246+00:00,matched_variant_paper_measure,SCN5A,29759671,p.Arg893His c.2678G>A,R893H,unaffected,0,,0,1,0,0,1,0,llm_table,"Table 2, Row 6",baseline,,/Users/kronckbm/GitRepos/GeneVariantFetcher/benchmarks/evaluation_tiers/mixed_gold_continuation_120/answer_key/SCN5A_recall_input.csv,mixed_gold_cont120_01
20260903_protocol_cont120_01_candidate,2026-09-03T23:52:59.594246+00:00,matched_variant_paper_measure,SCN5A,29759671,p.Trp879Arg c.2635T>C,W879R,unaffected,0,,0,1,0,0,1,0,llm_table,"Table 2, Row 9",baseline,,/Users/kronckbm/GitRepos/GeneVariantFetcher/benchmarks/evaluation_tiers/mixed_gold_continuation_120/answer_key/SCN5A_recall_input.csv,mixed_gold_cont120_01
20260903_protocol_cont120_01_candidate,2026-09-03T23:52:59.594246+00:00,matched_variant_paper_measure,SCN5A,29759671,p.Phe861fs*90 c.2582_2583delTT,c.2582_2583delTT,unaffected,0,,0,1,0,0,1,0,llm_table,"Table 2, Row 7",baseline,,/Users/kronckbm/GitRepos/GeneVariantFetcher/benchmarks/evaluation_tiers/mixed_gold_continuation_120/answer_key/SCN5A_recall_input.csv,mixed_gold_cont120_01
20260903_protocol_cont120_01_candidate,2026-09-03T23:52:59.594246+00:00,matched_variant_paper_measure,SCN5A,29759671,p.Arg1362fs*12 c.4086delG,c.4086delG,unaffected,0,,0,1,0,0,1,0,llm_table,"Table 2, Row 4",baseline,,/Users/kronckbm/GitRepos/GeneVariantFetcher/benchmarks/evaluation_tiers/mixed_gold_continuation_120/answer_key/SCN5A_recall_input.csv,mixed_gold_cont120_01
20260903_protocol_cont120_01_candidate,2026-09-03T23:52:59.594246+00:00,matched_variant_paper_measure,SCN5A,29759671,c.934+1G>A,c.934+1G>A,unaffected,0,,0,1,0,0,1,0,llm_table,"Table 2, Row 3",baseline,,/Users/kronckbm/GitRepos/GeneVariantFetcher/benchmarks/evaluation_tiers/mixed_gold_continuation_120/answer_key/SCN5A_recall_input.csv,mixed_gold_cont120_01
20260903_protocol_mixed02_candidate,2026-09-03T19:34:09.579935+00:00,matched_variant_paper_measure,SCN5A,30059973,p.Ala1186Thr c.3556G>A,A1186T,unaffected,0,,0,1,0,0,1,0,regex_table,Fixed-width table,baseline,,/Users/kronckbm/GitRepos/GeneVariantFetcher/benchmarks/evaluation_tiers/mixed_gold/answer_key/SCN5A_recall_input.csv,mixed_gold_02
20260903_protocol_mixed02_candidate,2026-09-03T19:34:09.579935+00:00,matched_variant_paper_measure,SCN5A,30059973,p.Ala1221Val c.3662C>T,A1221V,unaffected,0,,0,1,0,0,1,0,regex_table,Fixed-width table,baseline,,/Users/kronckbm/GitRepos/GeneVariantFetcher/benchmarks/evaluation_tiers/mixed_gold/answer_key/SCN5A_recall_input.csv,mixed_gold_02
20260903_protocol_mixed02_candidate,2026-09-03T19:34:09.579935+00:00,matched_variant_paper_measure,SCN5A,30059973,p.Ala1330Asp c.3989C>A,A1330D,unaffected,0,,0,1,0,0,1,0,regex_table,Fixed-width table,baseline,,/Users/kronckbm/GitRepos/GeneVariantFetcher/benchmarks/evaluation_tiers/mixed_gold/answer_key/SCN5A_recall_input.csv,mixed_gold_02
20260903_protocol_mixed02_candidate,2026-09-03T19:34:09.579935+00:00,matched_variant_paper_measure,SCN5A,30059973,p.Ala1330Thr c.3988G>A,A1330T,unaffected,0,,0,1,0,0,1,0,regex_table,Fixed-width table,baseline,,/Users/kronckbm/GitRepos/GeneVariantFetcher/benchmarks/evaluation_tiers/mixed_gold/answer_key/SCN5A_recall_input.csv,mixed_gold_02
20260903_protocol_mixed02_candidate,2026-09-03T19:34:09.579935+00:00,matched_variant_paper_measure,SCN5A,30059973,p.Ala1428Ser c.4282G>T,A1428S,unaffected,0,,0,1,0,0,1,0,regex_table,Fixed-width table,baseline,,/Users/kronckbm/GitRepos/GeneVariantFetcher/benchmarks/evaluation_tiers/mixed_gold/answer_key/SCN5A_recall_input.csv,mixed_gold_02
20260903_protocol_mixed02_candidate,2026-09-03T19:34:09.579935+00:00,matched_variant_paper_measure,SCN5A,30059973,p.Ala1746Thr c.5236G>A,A1746T,unaffected,0,,0,1,0,0,1,0,regex_table,Fixed-width table,baseline,,/Users/kronckbm/GitRepos/GeneVariantFetcher/benchmarks/evaluation_tiers/mixed_gold/answer_key/SCN5A_recall_input.csv,mixed_gold_02
20260903_protocol_mixed02_candidate,2026-09-03T19:34:09.579935+00:00,matched_variant_paper_measure,SCN5A,30059973,p.Ala242Asp c.725C>A,A242D,unaffected,0,,0,1,0,0,1,0,regex_table,Fixed-width table,baseline,,/Users/kronckbm/GitRepos/GeneVariantFetcher/benchmarks/evaluation_tiers/mixed_gold/answer_key/SCN5A_recall_input.csv,mixed_gold_02
20260903_protocol_mixed02_candidate,2026-09-03T19:34:09.579935+00:00,matched_variant_paper_measure,SCN5A,30059973,p.Ala332Thr c.994G>A,A332T,unaffected,0,,0,1,0,0,1,0,regex_table,Fixed-width table,baseline,,/Users/kronckbm/GitRepos/GeneVariantFetcher/benchmarks/evaluation_tiers/mixed_gold/answer_key/SCN5A_recall_input.csv,mixed_gold_02
20260903_protocol_mixed02_candidate,2026-09-03T19:34:09.579935+00:00,matched_variant_paper_measure,SCN5A,30059973,p.Ala413Thr c.1237G>A,A413T,unaffected,0,,0,1,0,0,1,0,regex_table,Fixed-width table,baseline,,/Users/kronckbm/GitRepos/GeneVariantFetcher/benchmarks/evaluation_tiers/mixed_gold/answer_key/SCN5A_recall_input.csv,mixed_gold_02
20260903_protocol_mixed02_candidate,2026-09-03T19:34:09.579935+00:00,matched_variant_paper_measure,SCN5A,30059973,p.Ala425Thr c.1273G>A,A425T,unaffected,0,,0,1,0,0,1,0,regex_table,Fixed-width table,baseline,,/Users/kronckbm/GitRepos/GeneVariantFetcher/benchmarks/evaluation_tiers/mixed_gold/answer_key/SCN5A_recall_input.csv,mixed_gold_02
20260903_protocol_mixed02_candidate,2026-09-03T19:34:09.579935+00:00,matched_variant_paper_measure,SCN5A,30059973,p.Ala735Val c.2204C>T,A735V,unaffected,0,,0,1,0,0,1,0,regex_table,Fixed-width table,baseline,,/Users/kronckbm/GitRepos/GeneVariantFetcher/benchmarks/evaluation_tiers/mixed_gold/answer_key/SCN5A_recall_input.csv,mixed_gold_02
20260903_protocol_mixed02_candidate,2026-09-03T19:34:09.579935+00:00,matched_variant_paper_measure,SCN5A,30059973,p.Cys341Tyr c.1022G>A,C341Y,unaffected,0,,0,1,0,0,1,0,regex_table,Fixed-width table,baseline,,/Users/kronckbm/GitRepos/GeneVariantFetcher/benchmarks/evaluation_tiers/mixed_gold/answer_key/SCN5A_recall_input.csv,mixed_gold_02
20260903_protocol_mixed02_candidate,2026-09-03T19:34:09.579935+00:00,matched_variant_paper_measure,SCN5A,30059973,p.Cys683Arg c.2047T>C,C683R,unaffected,0,,0,1,0,0,1,0,regex_table,Fixed-width table,baseline,,/Users/kronckbm/GitRepos/GeneVariantFetcher/benchmarks/evaluation_tiers/mixed_gold/answer_key/SCN5A_recall_input.csv,mixed_gold_02
20260903_protocol_mixed02_candidate,2026-09-03T19:34:09.579935+00:00,matched_variant_paper_measure,SCN5A,30059973,p.Asp1275Asn c.3823G>A,D1275N,unaffected,0,,0,1,0,0,1,0,regex_table,Fixed-width table,baseline,,/Users/kronckbm/GitRepos/GeneVariantFetcher/benchmarks/evaluation_tiers/mixed_gold/answer_key/SCN5A_recall_input.csv,mixed_gold_02
20260903_protocol_mixed02_candidate,2026-09-03T19:34:09.579935+00:00,matched_variant_paper_measure,SCN5A,30059973,p.Asp1595Asn c.4783G>A,D1595N,unaffected,0,,0,1,0,0,1,0,regex_table,Fixed-width table,baseline,,/Users/kronckbm/GitRepos/GeneVariantFetcher/benchmarks/evaluation_tiers/mixed_gold/answer_key/SCN5A_recall_input.csv,mixed_gold_02
20260903_protocol_mixed02_candidate,2026-09-03T19:34:09.579935+00:00,matched_variant_paper_measure,SCN5A,30059973,p.Asp1790Gly c.5369A>G,D1790G,unaffected,0,,0,1,0,0,1,0,regex_table,Fixed-width table,baseline,,/Users/kronckbm/GitRepos/GeneVariantFetcher/benchmarks/evaluation_tiers/mixed_gold/answer_key/SCN5A_recall_input.csv,mixed_gold_02
20260903_protocol_mixed02_candidate,2026-09-03T19:34:09.579935+00:00,matched_variant_paper_measure,SCN5A,30059973,p.Asp1790Asn c.5368G>A,D1790N,unaffected,0,,0,1,0,0,1,0,regex_table,Fixed-width table,baseline,,/Users/kronckbm/GitRepos/GeneVariantFetcher/benchmarks/evaluation_tiers/mixed_gold/answer_key/SCN5A_recall_input.csv,mixed_gold_02
20260903_protocol_mixed02_candidate,2026-09-03T19:34:09.579935+00:00,matched_variant_paper_measure,SCN5A,30059973,p.Asp356Asn c.1066G>A,D356N,unaffected,0,,0,1,0,0,1,0,regex_table,Fixed-width table,baseline,,/Users/kronckbm/GitRepos/GeneVariantFetcher/benchmarks/evaluation_tiers/mixed_gold/answer_key/SCN5A_recall_input.csv,mixed_gold_02
20260903_protocol_mixed02_candidate,2026-09-03T19:34:09.579935+00:00,matched_variant_paper_measure,SCN5A,30059973,p.Glu1053Lys c.3157G>A,E1053K,unaffected,0,,0,1,0,0,1,0,regex_table,Fixed-width table,baseline,,/Users/kronckbm/GitRepos/GeneVariantFetcher/benchmarks/evaluation_tiers/mixed_gold/answer_key/SCN5A_recall_input.csv,mixed_gold_02
20260903_protocol_mixed02_candidate,2026-09-03T19:34:09.579935+00:00,matched_variant_paper_measure,SCN5A,30059973,p.Glu1105* c.3313G>T,E1105X,unaffected,0,,0,1,0,0,1,0,regex_table,Fixed-width table,baseline,,/Users/kronckbm/GitRepos/GeneVariantFetcher/benchmarks/evaluation_tiers/mixed_gold/answer_key/SCN5A_recall_input.csv,mixed_gold_02
20260903_protocol_mixed02_candidate,2026-09-03T19:34:09.579935+00:00,matched_variant_paper_measure,SCN5A,30059973,p.Glu1107* c.3319G>T,E1107X,unaffected,0,,0,1,0,0,1,0,regex_table,Fixed-width table,baseline,,/Users/kronckbm/GitRepos/GeneVariantFetcher/benchmarks/evaluation_tiers/mixed_gold/answer_key/SCN5A_recall_input.csv,mixed_gold_02
20260903_protocol_mixed02_candidate,2026-09-03T19:34:09.579935+00:00,matched_variant_paper_measure,SCN5A,30059973,p.Glu1225Lys c.3673G>A,E1225K,unaffected,0,,0,1,0,0,1,0,regex_table,Fixed-width table,baseline,,/Users/kronckbm/GitRepos/GeneVariantFetcher/benchmarks/evaluation_tiers/mixed_gold/answer_key/SCN5A_recall_input.csv,mixed_gold_02
20260903_protocol_mixed02_candidate,2026-09-03T19:34:09.579935+00:00,matched_variant_paper_measure,SCN5A,30059973,p.Glu1240Gln c.3718G>C,E1240Q,unaffected,0,,0,1,0,0,1,0,regex_table,Fixed-width table,baseline,,/Users/kronckbm/GitRepos/GeneVariantFetcher/benchmarks/evaluation_tiers/mixed_gold/answer_key/SCN5A_recall_input.csv,mixed_gold_02
20260903_protocol_mixed02_candidate,2026-09-03T19:34:09.579935+00:00,matched_variant_paper_measure,SCN5A,30059973,p.Glu161Lys c.481G>A,E161K,unaffected,0,,0,1,0,0,1,0,regex_table,Fixed-width table,baseline,,/Users/kronckbm/GitRepos/GeneVariantFetcher/benchmarks/evaluation_tiers/mixed_gold/answer_key/SCN5A_recall_input.csv,mixed_gold_02
20260903_protocol_mixed02_candidate,2026-09-03T19:34:09.579935+00:00,matched_variant_paper_measure,SCN5A,30059973,p.Glu1784Lys c.5350G>A,E1784K,unaffected,0,,0,1,0,0,1,0,regex_table,Fixed-width table,baseline,,/Users/kronckbm/GitRepos/GeneVariantFetcher/benchmarks/evaluation_tiers/mixed_gold/answer_key/SCN5A_recall_input.csv,mixed_gold_02
20260903_protocol_mixed02_candidate,2026-09-03T19:34:09.579935+00:00,matched_variant_paper_measure,SCN5A,30059973,p.Glu346* c.1036G>T,E346X,unaffected,0,,0,1,0,0,1,0,regex_table,Fixed-width table,baseline,,/Users/kronckbm/GitRepos/GeneVariantFetcher/benchmarks/evaluation_tiers/mixed_gold/answer_key/SCN5A_recall_input.csv,mixed_gold_02
20260903_protocol_mixed02_candidate,2026-09-03T19:34:09.579935+00:00,matched_variant_paper_measure,SCN5A,30059973,p.Glu901Lys c.2701G>A,E901K,unaffected,0,,0,1,0,0,1,0,regex_table,Fixed-width table,baseline,,/Users/kronckbm/GitRepos/GeneVariantFetcher/benchmarks/evaluation_tiers/mixed_gold/answer_key/SCN5A_recall_input.csv,mixed_gold_02
20260903_protocol_mixed02_candidate,2026-09-03T19:34:09.579935+00:00,matched_variant_paper_measure,SCN5A,30059973,p.Phe1210Ser c.3629T>C,F1210S,unaffected,0,,0,1,0,0,1,0,regex_table,Fixed-width table,baseline,,/Users/kronckbm/GitRepos/GeneVariantFetcher/benchmarks/evaluation_tiers/mixed_gold/answer_key/SCN5A_recall_input.csv,mixed_gold_02
20260903_protocol_mixed02_candidate,2026-09-03T19:34:09.579935+00:00,matched_variant_paper_measure,SCN5A,30059973,p.Phe1460Leu c.4380C>A,F1460L,unaffected,0,,0,1,0,0,1,0,regex_table,Fixed-width table,baseline,,/Users/kronckbm/GitRepos/GeneVariantFetcher/benchmarks/evaluation_tiers/mixed_gold/answer_key/SCN5A_recall_input.csv,mixed_gold_02
20260903_protocol_mixed02_candidate,2026-09-03T19:34:09.579935+00:00,matched_variant_paper_measure,SCN5A,30059973,p.Phe1486Leu c.4458C>A,F1486L,unaffected,0,,0,1,0,0,1,0,regex_table,Fixed-width table,baseline,,/Users/kronckbm/GitRepos/GeneVariantFetcher/benchmarks/evaluation_tiers/mixed_gold/answer_key/SCN5A_recall_input.csv,mixed_gold_02
20260903_protocol_mixed02_candidate,2026-09-03T19:34:09.579935+00:00,matched_variant_paper_measure,SCN5A,30059973,p.Phe355Ile c.1063T>A,F355I,unaffected,0,,0,1,0,0,1,0,regex_table,Fixed-width table,baseline,,/Users/kronckbm/GitRepos/GeneVariantFetcher/benchmarks/evaluation_tiers/mixed_gold/answer_key/SCN5A_recall_input.csv,mixed_gold_02
20260903_protocol_mixed02_candidate,2026-09-03T19:34:09.579935+00:00,matched_variant_paper_measure,SCN5A,30059973,p.Phe4Val c.10T>G,F4V,unaffected,0,,0,1,0,0,1,0,regex_table,Fixed-width table,baseline,,/Users/kronckbm/GitRepos/GeneVariantFetcher/benchmarks/evaluation_tiers/mixed_gold/answer_key/SCN5A_recall_input.csv,mixed_gold_02
20260903_protocol_mixed02_candidate,2026-09-03T19:34:09.579935+00:00,matched_variant_paper_measure,SCN5A,30059973,p.Phe892Ile c.2674T>A,F892I,unaffected,0,,0,1,0,0,1,0,regex_table,Fixed-width table,baseline,,/Users/kronckbm/GitRepos/GeneVariantFetcher/benchmarks/evaluation_tiers/mixed_gold/answer_key/SCN5A_recall_input.csv,mixed_gold_02
20260903_protocol_mixed02_candidate,2026-09-03T19:34:09.579935+00:00,matched_variant_paper_measure,SCN5A,30059973,p.Phe93Ser c.278T>C,F93S,unaffected,0,,0,1,0,0,1,0,regex_table,Fixed-width table,baseline,,/Users/kronckbm/GitRepos/GeneVariantFetcher/benchmarks/evaluation_tiers/mixed_gold/answer_key/SCN5A_recall_input.csv,mixed_gold_02
20260903_protocol_mixed02_candidate,2026-09-03T19:34:09.579935+00:00,matched_variant_paper_measure,SCN5A,30059973,p.Gly1031fs*27 c.4299+1dup,G1031fsX,unaffected,0,,0,1,0,0,1,0,regex_table,Fixed-width table,baseline,,/Users/kronckbm/GitRepos/GeneVariantFetcher/benchmarks/evaluation_tiers/mixed_gold/answer_key/SCN5A_recall_input.csv,mixed_gold_02
20260903_protocol_mixed02_candidate,2026-09-03T19:34:09.579935+00:00,matched_variant_paper_measure,SCN5A,30059973,p.Gly1262Ser c.3784G>A,G1262S,unaffected,0,,0,1,0,0,1,0,regex_table,Fixed-width table,baseline,,/Users/kronckbm/GitRepos/GeneVariantFetcher/benchmarks/evaluation_tiers/mixed_gold/answer_key/SCN5A_recall_input.csv,mixed_gold_02
20260903_protocol_mixed02_candidate,2026-09-03T19:34:09.579935+00:00,matched_variant_paper_measure,SCN5A,30059973,p.Gly1319Val c.3956G>T,G1319V,unaffected,0,,0,1,0,0,1,0,regex_table,Fixed-width table,baseline,,/Users/kronckbm/GitRepos/GeneVariantFetcher/benchmarks/evaluation_tiers/mixed_gold/answer_key/SCN5A_recall_input.csv,mixed_gold_02
20260903_protocol_mixed02_candidate,2026-09-03T19:34:09.579935+00:00,matched_variant_paper_measure,SCN5A,30059973,p.Gly1369* c.4105G>T,G1369X,unaffected,0,,0,1,0,0,1,0,regex_table,Fixed-width table,baseline,,/Users/kronckbm/GitRepos/GeneVariantFetcher/benchmarks/evaluation_tiers/mixed_gold/answer_key/SCN5A_recall_input.csv,mixed_gold_02
20260903_protocol_mixed02_candidate,2026-09-03T19:34:09.579935+00:00,matched_variant_paper_measure,SCN5A,30059973,p.Gly1406Arg c.4216G>C,G1406R,unaffected,0,,0,1,0,0,1,0,regex_table,Fixed-width table,baseline,,/Users/kronckbm/GitRepos/GeneVariantFetcher/benchmarks/evaluation_tiers/mixed_gold/answer_key/SCN5A_recall_input.csv,mixed_gold_02
20260903_protocol_mixed02_candidate,2026-09-03T19:34:09.579935+00:00,matched_variant_paper_measure,SCN5A,30059973,p.Gly1408Arg c.4222G>A,G1408R,unaffected,0,,0,1,0,0,1,0,regex_table,Fixed-width table,baseline,,/Users/kronckbm/GitRepos/GeneVariantFetcher/benchmarks/evaluation_tiers/mixed_gold/answer_key/SCN5A_recall_input.csv,mixed_gold_02
20260903_protocol_mixed02_candidate,2026-09-03T19:34:09.579935+00:00,matched_variant_paper_measure,SCN5A,30059973,p.Gly1481Glu c.4442G>A,G1481E,unaffected,0,,0,1,0,0,1,0,regex_table,Fixed-width table,baseline,,/Users/kronckbm/GitRepos/GeneVariantFetcher/benchmarks/evaluation_tiers/mixed_gold/answer_key/SCN5A_recall_input.csv,mixed_gold_02
20260903_protocol_mixed02_candidate,2026-09-03T19:34:09.579935+00:00,matched_variant_paper_measure,SCN5A,30059973,p.Gly1481Arg c.4441G>A,G1481R,unaffected,0,,0,1,0,0,1,0,regex_table,Fixed-width table,baseline,,/Users/kronckbm/GitRepos/GeneVariantFetcher/benchmarks/evaluation_tiers/mixed_gold/answer_key/SCN5A_recall_input.csv,mixed_gold_02
20260903_protocol_mixed02_candidate,2026-09-03T19:34:09.579935+00:00,matched_variant_paper_measure,SCN5A,30059973,p.Gly1481Val c.4442G>T,G1481V,unaffected,0,,0,1,0,0,1,0,regex_table,Fixed-width table,baseline,,/Users/kronckbm/GitRepos/GeneVariantFetcher/benchmarks/evaluation_tiers/mixed_gold/answer_key/SCN5A_recall_input.csv,mixed_gold_02
20260903_protocol_mixed02_candidate,2026-09-03T19:34:09.579935+00:00,matched_variant_paper_measure,SCN5A,30059973,p.Gly1631Asp c.4892G>A,G1631D,unaffected,0,,0,1,0,0,1,0,regex_table,Fixed-width table,baseline,,/Users/kronckbm/GitRepos/GeneVariantFetcher/benchmarks/evaluation_tiers/mixed_gold/answer_key/SCN5A_recall_input.csv,mixed_gold_02
20260903_protocol_mixed02_candidate,2026-09-03T19:34:09.579935+00:00,matched_variant_paper_measure,SCN5A,30059973,p.Gly1743Glu c.5228G>A,G1743E,unaffected,0,,0,1,0,0,1,0,regex_table,Fixed-width table,baseline,,/Users/kronckbm/GitRepos/GeneVariantFetcher/benchmarks/evaluation_tiers/mixed_gold/answer_key/SCN5A_recall_input.csv,mixed_gold_02
20260903_protocol_mixed02_candidate,2026-09-03T19:34:09.579935+00:00,matched_variant_paper_measure,SCN5A,30059973,p.Gly1743Arg c.5227G>A,G1743R,unaffected,0,,0,1,0,0,1,0,regex_table,Fixed-width table,baseline,,/Users/kronckbm/GitRepos/GeneVariantFetcher/benchmarks/evaluation_tiers/mixed_gold/answer_key/SCN5A_recall_input.csv,mixed_gold_02
20260903_protocol_mixed02_candidate,2026-09-03T19:34:09.579935+00:00,matched_variant_paper_measure,SCN5A,30059973,p.Gly514Cys c.1540G>T,G514C,unaffected,0,,0,1,0,0,1,0,regex_table,Fixed-width table,baseline,,/Users/kronckbm/GitRepos/GeneVariantFetcher/benchmarks/evaluation_tiers/mixed_gold/answer_key/SCN5A_recall_input.csv,mixed_gold_02
20260903_protocol_mixed02_candidate,2026-09-03T19:34:09.579935+00:00,matched_variant_paper_measure,SCN5A,30059973,p.Gly897Glu c.2690G>A,G897E,unaffected,0,,0,1,0,0,1,0,regex_table,Fixed-width table,baseline,,/Users/kronckbm/GitRepos/GeneVariantFetcher/benchmarks/evaluation_tiers/mixed_gold/answer_key/SCN5A_recall_input.csv,mixed_gold_02
20260903_protocol_mixed02_candidate,2026-09-03T19:34:09.579935+00:00,matched_variant_paper_measure,SCN5A,30059973,p.His1200Tyr c.3598C>T,H1200Y,unaffected,0,,0,1,0,0,1,0,regex_table,Fixed-width table,baseline,,/Users/kronckbm/GitRepos/GeneVariantFetcher/benchmarks/evaluation_tiers/mixed_gold/answer_key/SCN5A_recall_input.csv,mixed_gold_02
20260903_protocol_mixed02_candidate,2026-09-03T19:34:09.579935+00:00,matched_variant_paper_measure,SCN5A,30059973,p.His1849Arg c.5546A>G,H1849R,unaffected,0,,0,1,0,0,1,0,regex_table,Fixed-width table,baseline,,/Users/kronckbm/GitRepos/GeneVariantFetcher/benchmarks/evaluation_tiers/mixed_gold/answer_key/SCN5A_recall_input.csv,mixed_gold_02
20260903_protocol_mixed02_candidate,2026-09-03T19:34:09.579935+00:00,matched_variant_paper_measure,SCN5A,30059973,p.Ile1334Val c.4000A>G,I1334V,unaffected,0,,0,1,0,0,1,0,regex_table,Fixed-width table,baseline,,/Users/kronckbm/GitRepos/GeneVariantFetcher/benchmarks/evaluation_tiers/mixed_gold/answer_key/SCN5A_recall_input.csv,mixed_gold_02
20260903_protocol_mixed02_candidate,2026-09-03T19:34:09.579935+00:00,matched_variant_paper_measure,SCN5A,30059973,p.Ile1521Lys c.4562T>A,I1521K,unaffected,0,,0,1,0,0,1,0,regex_table,Fixed-width table,baseline,,/Users/kronckbm/GitRepos/GeneVariantFetcher/benchmarks/evaluation_tiers/mixed_gold/answer_key/SCN5A_recall_input.csv,mixed_gold_02
20260903_protocol_mixed02_candidate,2026-09-03T19:34:09.579935+00:00,matched_variant_paper_measure,SCN5A,30059973,p.Ile1524Thr c.4571T>C,I1524T,unaffected,0,,0,1,0,0,1,0,regex_table,Fixed-width table,baseline,,/Users/kronckbm/GitRepos/GeneVariantFetcher/benchmarks/evaluation_tiers/mixed_gold/answer_key/SCN5A_recall_input.csv,mixed_gold_02
20260903_protocol_mixed02_candidate,2026-09-03T19:34:09.579935+00:00,matched_variant_paper_measure,SCN5A,30059973,p.Ile1660Val c.4978A>G,I1660V,unaffected,0,,0,1,0,0,1,0,regex_table,Fixed-width table,baseline,,/Users/kronckbm/GitRepos/GeneVariantFetcher/benchmarks/evaluation_tiers/mixed_gold/answer_key/SCN5A_recall_input.csv,mixed_gold_02
20260903_protocol_mixed02_candidate,2026-09-03T19:34:09.579935+00:00,matched_variant_paper_measure,SCN5A,30059973,p.Ile1749Asn c.5246T>A,I1749N,unaffected,0,,0,1,0,0,1,0,regex_table,Fixed-width table,baseline,,/Users/kronckbm/GitRepos/GeneVariantFetcher/benchmarks/evaluation_tiers/mixed_gold/answer_key/SCN5A_recall_input.csv,mixed_gold_02
20260903_protocol_mixed02_candidate,2026-09-03T19:34:09.579935+00:00,matched_variant_paper_measure,SCN5A,30059973,p.Ile1768Val c.5302A>G,I1768V,unaffected,0,,0,1,0,0,1,0,regex_table,Fixed-width table,baseline,,/Users/kronckbm/GitRepos/GeneVariantFetcher/benchmarks/evaluation_tiers/mixed_gold/answer_key/SCN5A_recall_input.csv,mixed_gold_02
20260903_protocol_mixed02_candidate,2026-09-03T19:34:09.579935+00:00,matched_variant_paper_measure,SCN5A,30059973,p.Lys1504Glu c.4510A>G,K1504E,unaffected,0,,0,1,0,0,1,0,regex_table,Fixed-width table,baseline,,/Users/kronckbm/GitRepos/GeneVariantFetcher/benchmarks/evaluation_tiers/mixed_gold/answer_key/SCN5A_recall_input.csv,mixed_gold_02
20260903_protocol_mixed02_candidate,2026-09-03T19:34:09.579935+00:00,matched_variant_paper_measure,SCN5A,30059973,p.Leu1222Arg c.3665T>G,L1222R,unaffected,0,,0,1,0,0,1,0,regex_table,Fixed-width table,baseline,,/Users/kronckbm/GitRepos/GeneVariantFetcher/benchmarks/evaluation_tiers/mixed_gold/answer_key/SCN5A_recall_input.csv,mixed_gold_02
20260903_protocol_mixed02_candidate,2026-09-03T19:34:09.579935+00:00,matched_variant_paper_measure,SCN5A,30059973,p.Leu1346Pro c.4037T>C,L1346P,unaffected,0,,0,1,0,0,1,0,regex_table,Fixed-width table,baseline,,/Users/kronckbm/GitRepos/GeneVariantFetcher/benchmarks/evaluation_tiers/mixed_gold/answer_key/SCN5A_recall_input.csv,mixed_gold_02
20260903_protocol_mixed02_candidate,2026-09-03T19:34:09.579935+00:00,matched_variant_paper_measure,SCN5A,30059973,p.Leu1373* c.4118del,L1373X,unaffected,0,,0,1,0,0,1,0,regex_table,Fixed-width table,baseline,,/Users/kronckbm/GitRepos/GeneVariantFetcher/benchmarks/evaluation_tiers/mixed_gold/answer_key/SCN5A_recall_input.csv,mixed_gold_02
20260903_protocol_mixed02_candidate,2026-09-03T19:34:09.579935+00:00,matched_variant_paper_measure,SCN5A,30059973,p.Leu1501Val c.4501C>G,L1501V,unaffected,0,,0,1,0,0,1,0,regex_table,Fixed-width table,baseline,,/Users/kronckbm/GitRepos/GeneVariantFetcher/benchmarks/evaluation_tiers/mixed_gold/answer_key/SCN5A_recall_input.csv,mixed_gold_02
20260903_protocol_mixed02_candidate,2026-09-03T19:34:09.579935+00:00,matched_variant_paper_measure,SCN5A,30059973,p.Leu1634Pro c.4901T>C,L1634P,unaffected,0,,0,1,0,0,1,0,regex_table,Fixed-width table,baseline,,/Users/kronckbm/GitRepos/GeneVariantFetcher/benchmarks/evaluation_tiers/mixed_gold/answer_key/SCN5A_recall_input.csv,mixed_gold_02
20260903_protocol_mixed02_candidate,2026-09-03T19:34:09.579935+00:00,matched_variant_paper_measure,SCN5A,30059973,p.Leu1786Arg c.5357T>G,L1786R,unaffected,0,,0,1,0,0,1,0,regex_table,Fixed-width table,baseline,,/Users/kronckbm/GitRepos/GeneVariantFetcher/benchmarks/evaluation_tiers/mixed_gold/answer_key/SCN5A_recall_input.csv,mixed_gold_02
20260903_protocol_mixed02_candidate,2026-09-03T19:34:09.579935+00:00,matched_variant_paper_measure,SCN5A,30059973,p.Leu212Pro c.635T>C,L212P,unaffected,0,,0,1,0,0,1,0,regex_table,Fixed-width table,baseline,,/Users/kronckbm/GitRepos/GeneVariantFetcher/benchmarks/evaluation_tiers/mixed_gold/answer_key/SCN5A_recall_input.csv,mixed_gold_02
20260903_protocol_mixed02_candidate,2026-09-03T19:34:09.579935+00:00,matched_variant_paper_measure,SCN5A,30059973,p.Leu224Phe c.670C>T,L224F,unaffected,0,,0,1,0,0,1,0,regex_table,Fixed-width table,baseline,,/Users/kronckbm/GitRepos/GeneVariantFetcher/benchmarks/evaluation_tiers/mixed_gold/answer_key/SCN5A_recall_input.csv,mixed_gold_02
20260903_protocol_mixed02_candidate,2026-09-03T19:34:09.579935+00:00,matched_variant_paper_measure,SCN5A,30059973,p.Leu227Pro c.680T>C,L227P,unaffected,0,,0,1,0,0,1,0,regex_table,Fixed-width table,baseline,,/Users/kronckbm/GitRepos/GeneVariantFetcher/benchmarks/evaluation_tiers/mixed_gold/answer_key/SCN5A_recall_input.csv,mixed_gold_02
20260903_protocol_mixed02_candidate,2026-09-03T19:34:09.579935+00:00,matched_variant_paper_measure,SCN5A,30059973,p.Leu276Pro c.827T>C,L276P,unaffected,0,,0,1,0,0,1,0,regex_table,Fixed-width table,baseline,,/Users/kronckbm/GitRepos/GeneVariantFetcher/benchmarks/evaluation_tiers/mixed_gold/answer_key/SCN5A_recall_input.csv,mixed_gold_02
20260903_protocol_mixed02_candidate,2026-09-03T19:34:09.579935+00:00,matched_variant_paper_measure,SCN5A,30059973,p.Leu736Pro c.2207T>C,L736P,unaffected,0,,0,1,0,0,1,0,regex_table,Fixed-width table,baseline,,/Users/kronckbm/GitRepos/GeneVariantFetcher/benchmarks/evaluation_tiers/mixed_gold/answer_key/SCN5A_recall_input.csv,mixed_gold_02
20260903_protocol_mixed02_candidate,2026-09-03T19:34:09.579935+00:00,matched_variant_paper_measure,SCN5A,30059973,p.Leu839Pro c.2516T>C,L839P,unaffected,0,,0,1,0,0,1,0,regex_table,Fixed-width table,baseline,,/Users/kronckbm/GitRepos/GeneVariantFetcher/benchmarks/evaluation_tiers/mixed_gold/answer_key/SCN5A_recall_input.csv,mixed_gold_02
20260903_protocol_mixed02_candidate,2026-09-03T19:34:09.579935+00:00,matched_variant_paper_measure,SCN5A,30059973,p.Met1487Leu c.4459A>C,M1487L,unaffected,0,,0,1,0,0,1,0,regex_table,Fixed-width table,baseline,,/Users/kronckbm/GitRepos/GeneVariantFetcher/benchmarks/evaluation_tiers/mixed_gold/answer_key/SCN5A_recall_input.csv,mixed_gold_02
20260903_protocol_mixed02_candidate,2026-09-03T19:34:09.579935+00:00,matched_variant_paper_measure,SCN5A,30059973,p.Met1498Thr c.4493T>C,M1498T,unaffected,0,,0,1,0,0,1,0,regex_table,Fixed-width table,baseline,,/Users/kronckbm/GitRepos/GeneVariantFetcher/benchmarks/evaluation_tiers/mixed_gold/answer_key/SCN5A_recall_input.csv,mixed_gold_02
20260903_protocol_mixed02_candidate,2026-09-03T19:34:09.579935+00:00,matched_variant_paper_measure,SCN5A,30059973,p.Met1766Leu c.5296A>C,M1766L,unaffected,0,,0,1,0,0,1,0,regex_table,Fixed-width table,baseline,,/Users/kronckbm/GitRepos/GeneVariantFetcher/benchmarks/evaluation_tiers/mixed_gold/answer_key/SCN5A_recall_input.csv,mixed_gold_02
20260903_protocol_mixed02_candidate,2026-09-03T19:34:09.579935+00:00,matched_variant_paper_measure,SCN5A,30059973,p.Met1793Lys c.5378T>A,M1793K,unaffected,0,,0,1,0,0,1,0,regex_table,Fixed-width table,baseline,,/Users/kronckbm/GitRepos/GeneVariantFetcher/benchmarks/evaluation_tiers/mixed_gold/answer_key/SCN5A_recall_input.csv,mixed_gold_02
20260903_protocol_mixed02_candidate,2026-09-03T19:34:09.579935+00:00,matched_variant_paper_measure,SCN5A,30059973,p.Met369Lys c.1106T>A,M369K,unaffected,0,,0,1,0,0,1,0,regex_table,Fixed-width table,baseline,,/Users/kronckbm/GitRepos/GeneVariantFetcher/benchmarks/evaluation_tiers/mixed_gold/answer_key/SCN5A_recall_input.csv,mixed_gold_02
20260903_protocol_mixed02_candidate,2026-09-03T19:34:09.579935+00:00,matched_variant_paper_measure,SCN5A,30059973,p.Asn1325Ser c.3974A>G,N1325S,unaffected,0,,0,1,0,0,1,0,regex_table,Fixed-width table,baseline,,/Users/kronckbm/GitRepos/GeneVariantFetcher/benchmarks/evaluation_tiers/mixed_gold/answer_key/SCN5A_recall_input.csv,mixed_gold_02
20260903_protocol_mixed02_candidate,2026-09-03T19:34:09.579935+00:00,matched_variant_paper_measure,SCN5A,30059973,p.Asn1380Lys c.4140C>G,N1380K,unaffected,0,,0,1,0,0,1,0,regex_table,Fixed-width table,baseline,,/Users/kronckbm/GitRepos/GeneVariantFetcher/benchmarks/evaluation_tiers/mixed_gold/answer_key/SCN5A_recall_input.csv,mixed_gold_02
20260903_protocol_mixed02_candidate,2026-09-03T19:34:09.579935+00:00,matched_variant_paper_measure,SCN5A,30059973,p.Asn1722Asp c.5164A>G,N1722D,unaffected,0,,0,1,0,0,1,0,regex_table,Fixed-width table,baseline,,/Users/kronckbm/GitRepos/GeneVariantFetcher/benchmarks/evaluation_tiers/mixed_gold/answer_key/SCN5A_recall_input.csv,mixed_gold_02
20260903_protocol_mixed02_candidate,2026-09-03T19:34:09.579935+00:00,matched_variant_paper_measure,SCN5A,30059973,p.Asn1774Asp c.5320A>G,N1774D,unaffected,0,,0,1,0,0,1,0,regex_table,Fixed-width table,baseline,,/Users/kronckbm/GitRepos/GeneVariantFetcher/benchmarks/evaluation_tiers/mixed_gold/answer_key/SCN5A_recall_input.csv,mixed_gold_02
20260903_protocol_mixed02_candidate,2026-09-03T19:34:09.579935+00:00,matched_variant_paper_measure,SCN5A,30059973,p.Asn1774His c.5320A>C,N1774H,unaffected,0,,0,1,0,0,1,0,regex_table,Fixed-width table,baseline,,/Users/kronckbm/GitRepos/GeneVariantFetcher/benchmarks/evaluation_tiers/mixed_gold/answer_key/SCN5A_recall_input.csv,mixed_gold_02
20260903_protocol_mixed02_candidate,2026-09-03T19:34:09.579935+00:00,matched_variant_paper_measure,SCN5A,30059973,p.Asn406Lys c.1218C>A,N406K,unaffected,0,,0,1,0,0,1,0,regex_table,Fixed-width table,baseline,,/Users/kronckbm/GitRepos/GeneVariantFetcher/benchmarks/evaluation_tiers/mixed_gold/answer_key/SCN5A_recall_input.csv,mixed_gold_02
20260903_protocol_mixed02_candidate,2026-09-03T19:34:09.579935+00:00,matched_variant_paper_measure,SCN5A,30059973,p.Asn927Ser c.2780A>G,N927S,unaffected,0,,0,1,0,0,1,0,regex_table,Fixed-width table,baseline,,/Users/kronckbm/GitRepos/GeneVariantFetcher/benchmarks/evaluation_tiers/mixed_gold/answer_key/SCN5A_recall_input.csv,mixed_gold_02
20260903_protocol_mixed02_candidate,2026-09-03T19:34:09.579935+00:00,matched_variant_paper_measure,SCN5A,30059973,p.Glu1071Glyfs*76 c.3207_3211dup,P.E1071GFSX76,unaffected,0,,0,1,0,0,1,0,regex_table,Fixed-width table,baseline,,/Users/kronckbm/GitRepos/GeneVariantFetcher/benchmarks/evaluation_tiers/mixed_gold/answer_key/SCN5A_recall_input.csv,mixed_gold_02
20260903_protocol_mixed02_candidate,2026-09-03T19:34:09.579935+00:00,matched_variant_paper_measure,SCN5A,30059973,p.Glu1107Argfs*24 c.3318dup,P.E1107RFSX24,unaffected,0,,0,1,0,0,1,0,regex_table,Fixed-width table,baseline,,/Users/kronckbm/GitRepos/GeneVariantFetcher/benchmarks/evaluation_tiers/mixed_gold/answer_key/SCN5A_recall_input.csv,mixed_gold_02
20260903_protocol_mixed02_candidate,2026-09-03T19:34:09.579935+00:00,matched_variant_paper_measure,SCN5A,30059973,p.Glu1165Argfs*6 c.3491dup,P.E1165RFSX6,unaffected,0,,0,1,0,0,1,0,regex_table,Fixed-width table,baseline,,/Users/kronckbm/GitRepos/GeneVariantFetcher/benchmarks/evaluation_tiers/mixed_gold/answer_key/SCN5A_recall_input.csv,mixed_gold_02
20260903_protocol_mixed02_candidate,2026-09-03T19:34:09.579935+00:00,matched_variant_paper_measure,SCN5A,30059973,p.Phe1486del c.4456_4458del,P.F1486DEL,unaffected,0,,0,1,0,0,1,0,regex_table,Fixed-width table,baseline,,/Users/kronckbm/GitRepos/GeneVariantFetcher/benchmarks/evaluation_tiers/mixed_gold/answer_key/SCN5A_recall_input.csv,mixed_gold_02
20260903_protocol_mixed02_candidate,2026-09-03T19:34:09.579935+00:00,matched_variant_paper_measure,SCN5A,30059973,p.Phe1617del c.4850_4852del,P.F1617DEL,unaffected,0,,0,1,0,0,1,0,regex_table,Fixed-width table,baseline,,/Users/kronckbm/GitRepos/GeneVariantFetcher/benchmarks/evaluation_tiers/mixed_gold/answer_key/SCN5A_recall_input.csv,mixed_gold_02
20260903_protocol_mixed02_candidate,2026-09-03T19:34:09.579935+00:00,matched_variant_paper_measure,SCN5A,30059973,p.Phe1775Leufs*15 c.5321_5324dup,P.F1775LFSX15,unaffected,0,,0,1,0,0,1,0,regex_table,Fixed-width table,baseline,,/Users/kronckbm/GitRepos/GeneVariantFetcher/benchmarks/evaluation_tiers/mixed_gold/answer_key/SCN5A_recall_input.csv,mixed_gold_02
20260903_protocol_mixed02_candidate,2026-09-03T19:34:09.579935+00:00,matched_variant_paper_measure,SCN5A,30059973,p.Phe851Cysfs*19,P.F851CFSX19,unaffected,0,,0,1,0,0,1,0,regex_table,Fixed-width table,baseline,,/Users/kronckbm/GitRepos/GeneVariantFetcher/benchmarks/evaluation_tiers/mixed_gold/answer_key/SCN5A_recall_input.csv,mixed_gold_02
20260903_protocol_mixed02_candidate,2026-09-03T19:34:09.579935+00:00,matched_variant_paper_measure,SCN5A,30059973,p.Phe861Trpfs*90 c.2582_2583del,P.F861WFSX90,unaffected,0,,0,1,0,0,1,0,regex_table,Fixed-width table,baseline,,/Users/kronckbm/GitRepos/GeneVariantFetcher/benchmarks/evaluation_tiers/mixed_gold/answer_key/SCN5A_recall_input.csv,mixed_gold_02
20260903_protocol_mixed02_candidate,2026-09-03T19:34:09.579935+00:00,matched_variant_paper_measure,SCN5A,30059973,p.Gly1748del c.5242_5244del,P.G1748DEL,unaffected,0,,0,1,0,0,1,0,regex_table,Fixed-width table,baseline,,/Users/kronckbm/GitRepos/GeneVariantFetcher/benchmarks/evaluation_tiers/mixed_gold/answer_key/SCN5A_recall_input.csv,mixed_gold_02
20260903_protocol_mixed02_candidate,2026-09-03T19:34:09.579935+00:00,matched_variant_paper_measure,SCN5A,30059973,p.Ile1758del c.5272_5274del,P.I1758DEL,unaffected,0,,0,1,0,0,1,0,regex_table,Fixed-width table,baseline,,/Users/kronckbm/GitRepos/GeneVariantFetcher/benchmarks/evaluation_tiers/mixed_gold/answer_key/SCN5A_recall_input.csv,mixed_gold_02
20260903_protocol_mixed02_candidate,2026-09-03T19:34:09.579935+00:00,matched_variant_paper_measure,SCN5A,30059973,p.Ile759Phefs*6 c.2274delG,P.I759FFSX6,unaffected,0,,0,1,0,0,1,0,regex_table,Fixed-width table,baseline,,/Users/kronckbm/GitRepos/GeneVariantFetcher/benchmarks/evaluation_tiers/mixed_gold/answer_key/SCN5A_recall_input.csv,mixed_gold_02
20260903_protocol_mixed02_candidate,2026-09-03T19:34:09.579935+00:00,matched_variant_paper_measure,SCN5A,30059973,p.Leu1222Leufs*7 c.3666+1del,P.L1222LFSX7,unaffected,0,,0,1,0,0,1,0,regex_table,Fixed-width table,baseline,,/Users/kronckbm/GitRepos/GeneVariantFetcher/benchmarks/evaluation_tiers/mixed_gold/answer_key/SCN5A_recall_input.csv,mixed_gold_02
20260903_protocol_mixed02_candidate,2026-09-03T19:34:09.579935+00:00,matched_variant_paper_measure,SCN5A,30059973,p.Leu1339del c.4015_4017del,P.L1339DEL,unaffected,0,,0,1,0,0,1,0,regex_table,Fixed-width table,baseline,,/Users/kronckbm/GitRepos/GeneVariantFetcher/benchmarks/evaluation_tiers/mixed_gold/answer_key/SCN5A_recall_input.csv,mixed_gold_02
20260903_protocol_mixed02_candidate,2026-09-03T19:34:09.579935+00:00,matched_variant_paper_measure,SCN5A,30059973,p.Leu729del c.2184_2186del,P.L729DEL,unaffected,0,,0,1,0,0,1,0,regex_table,Fixed-width table,baseline,,/Users/kronckbm/GitRepos/GeneVariantFetcher/benchmarks/evaluation_tiers/mixed_gold/answer_key/SCN5A_recall_input.csv,mixed_gold_02
20260903_protocol_mixed02_candidate,2026-09-03T19:34:09.579935+00:00,matched_variant_paper_measure,SCN5A,30059973,p.Asn1380del c.4140_4142del,P.N1380DEL,unaffected,0,,0,1,0,0,1,0,regex_table,Fixed-width table,baseline,,/Users/kronckbm/GitRepos/GeneVariantFetcher/benchmarks/evaluation_tiers/mixed_gold/answer_key/SCN5A_recall_input.csv,mixed_gold_02
20260903_protocol_mixed02_candidate,2026-09-03T19:34:09.579935+00:00,matched_variant_paper_measure,SCN5A,30059973,p.Asn291Thrfs*52 c.870del,P.N291TFSX52,unaffected,0,,0,1,0,0,1,0,regex_table,Fixed-width table,baseline,,/Users/kronckbm/GitRepos/GeneVariantFetcher/benchmarks/evaluation_tiers/mixed_gold/answer_key/SCN5A_recall_input.csv,mixed_gold_02
20260903_protocol_mixed02_candidate,2026-09-03T19:34:09.579935+00:00,matched_variant_paper_measure,SCN5A,30059973,p.Asn841Thrfs*2 c.2520del,P.N841TFSX2,unaffected,0,,0,1,0,0,1,0,regex_table,Fixed-width table,baseline,,/Users/kronckbm/GitRepos/GeneVariantFetcher/benchmarks/evaluation_tiers/mixed_gold/answer_key/SCN5A_recall_input.csv,mixed_gold_02
20260903_protocol_mixed02_candidate,2026-09-03T19:34:09.579935+00:00,matched_variant_paper_measure,SCN5A,30059973,p.Pro2006Leufs*32 c.6017del,P.P2006LFSX32,unaffected,0,,0,1,0,0,1,0,regex_table,Fixed-width table,baseline,,/Users/kronckbm/GitRepos/GeneVariantFetcher/benchmarks/evaluation_tiers/mixed_gold/answer_key/SCN5A_recall_input.csv,mixed_gold_02
20260903_protocol_mixed02_candidate,2026-09-03T19:34:09.579935+00:00,matched_variant_paper_measure,SCN5A,30059973,p.Gln1475Asnfs*6 c.4423del,P.Q1475NFSX6,unaffected,0,,0,1,0,0,1,0,regex_table,Fixed-width table,baseline,,/Users/kronckbm/GitRepos/GeneVariantFetcher/benchmarks/evaluation_tiers/mixed_gold/answer_key/SCN5A_recall_input.csv,mixed_gold_02
20260903_protocol_mixed02_candidate,2026-09-03T19:34:09.579935+00:00,matched_variant_paper_measure,SCN5A,30059973,p.Gln1507_Pro1509del c.4519-4527del,P.Q1507_P1509DEL,unaffected,0,,0,1,0,0,1,0,regex_table,Fixed-width table,baseline,,/Users/kronckbm/GitRepos/GeneVariantFetcher/benchmarks/evaluation_tiers/mixed_gold/answer_key/SCN5A_recall_input.csv,mixed_gold_02
20260903_protocol_mixed02_candidate,2026-09-03T19:34:09.579935+00:00,matched_variant_paper_measure,SCN5A,30059973,p.Gln646Argfs*5 c.1936del,P.Q646RFSX5,unaffected,0,,0,1,0,0,1,0,regex_table,Fixed-width table,baseline,,/Users/kronckbm/GitRepos/GeneVariantFetcher/benchmarks/evaluation_tiers/mixed_gold/answer_key/SCN5A_recall_input.csv,mixed_gold_02
20260903_protocol_mixed02_candidate,2026-09-03T19:34:09.579935+00:00,matched_variant_paper_measure,SCN5A,30059973,p.Gln90Trpfs*14 c.268del,P.Q90WFSX14,unaffected,0,,0,1,0,0,1,0,regex_table,Fixed-width table,baseline,,/Users/kronckbm/GitRepos/GeneVariantFetcher/benchmarks/evaluation_tiers/mixed_gold/answer_key/SCN5A_recall_input.csv,mixed_gold_02
20260903_protocol_mixed02_candidate,2026-09-03T19:34:09.579935+00:00,matched_variant_paper_measure,SCN5A,30059973,p.Thr631Valfs*101 c.1890G>A,P.T631VFSX101,unaffected,0,,0,1,0,0,1,0,regex_table,Fixed-width table,baseline,,/Users/kronckbm/GitRepos/GeneVariantFetcher/benchmarks/evaluation_tiers/mixed_gold/answer_key/SCN5A_recall_input.csv,mixed_gold_02
20260903_protocol_mixed02_candidate,2026-09-03T19:34:09.579935+00:00,matched_variant_paper_measure,SCN5A,30059973,p.Tyr1795_Glu1796insAsp c.5385_5387dup,P.Y1795_E1796INSD,unaffected,0,,0,1,0,0,1,0,regex_table,Fixed-width table,baseline,,/Users/kronckbm/GitRepos/GeneVariantFetcher/benchmarks/evaluation_tiers/mixed_gold/answer_key/SCN5A_recall_input.csv,mixed_gold_02
20260903_protocol_mixed02_candidate,2026-09-03T19:34:09.579935+00:00,matched_variant_paper_measure,SCN5A,30059973,p.Tyr774Thrfs*28 c.2320del,P.Y774TFSX28,unaffected,0,,0,1,0,0,1,0,regex_table,Fixed-width table,baseline,,/Users/kronckbm/GitRepos/GeneVariantFetcher/benchmarks/evaluation_tiers/mixed_gold/answer_key/SCN5A_recall_input.csv,mixed_gold_02
20260903_protocol_mixed02_candidate,2026-09-03T19:34:09.579935+00:00,matched_variant_paper_measure,SCN5A,30059973,p.Pro1332Leu c.3995C>T,P1332L,unaffected,0,,0,1,0,0,1,0,regex_table,Fixed-width table,baseline,,/Users/kronckbm/GitRepos/GeneVariantFetcher/benchmarks/evaluation_tiers/mixed_gold/answer_key/SCN5A_recall_input.csv,mixed_gold_02
20260903_protocol_mixed02_candidate,2026-09-03T19:34:09.579935+00:00,matched_variant_paper_measure,SCN5A,30059973,p.Pro1332Gln c.3995C>A,P1332Q,unaffected,0,,0,1,0,0,1,0,regex_table,Fixed-width table,baseline,,/Users/kronckbm/GitRepos/GeneVariantFetcher/benchmarks/evaluation_tiers/mixed_gold/answer_key/SCN5A_recall_input.csv,mixed_gold_02
20260903_protocol_mixed02_candidate,2026-09-03T19:34:09.579935+00:00,matched_variant_paper_measure,SCN5A,30059973,p.Pro336Leu c.1007C>T,P336L,unaffected,0,,0,1,0,0,1,0,regex_table,Fixed-width table,baseline,,/Users/kronckbm/GitRepos/GeneVariantFetcher/benchmarks/evaluation_tiers/mixed_gold/answer_key/SCN5A_recall_input.csv,mixed_gold_02
20260903_protocol_mixed02_candidate,2026-09-03T19:34:09.579935+00:00,matched_variant_paper_measure,SCN5A,30059973,p.Pro717Leu c.2150C>T,P717L,unaffected,0,,0,1,0,0,1,0,regex_table,Fixed-width table,baseline,,/Users/kronckbm/GitRepos/GeneVariantFetcher/benchmarks/evaluation_tiers/mixed_gold/answer_key/SCN5A_recall_input.csv,mixed_gold_02
20260903_protocol_mixed02_candidate,2026-09-03T19:34:09.579935+00:00,matched_variant_paper_measure,SCN5A,30059973,p.Gln1000* c.2998C>T,Q1000X,unaffected,0,,0,1,0,0,1,0,regex_table,Fixed-width table,baseline,,/Users/kronckbm/GitRepos/GeneVariantFetcher/benchmarks/evaluation_tiers/mixed_gold/answer_key/SCN5A_recall_input.csv,mixed_gold_02
20260903_protocol_mixed02_candidate,2026-09-03T19:34:09.579935+00:00,matched_variant_paper_measure,SCN5A,30059973,p.Gln1059* c.3175C>T,Q1059X,unaffected,0,,0,1,0,0,1,0,regex_table,Fixed-width table,baseline,,/Users/kronckbm/GitRepos/GeneVariantFetcher/benchmarks/evaluation_tiers/mixed_gold/answer_key/SCN5A_recall_input.csv,mixed_gold_02
20260903_protocol_mixed02_candidate,2026-09-03T19:34:09.579935+00:00,matched_variant_paper_measure,SCN5A,30059973,p.Gln1118* c.3352C>T,Q1118X,unaffected,0,,0,1,0,0,1,0,regex_table,Fixed-width table,baseline,,/Users/kronckbm/GitRepos/GeneVariantFetcher/benchmarks/evaluation_tiers/mixed_gold/answer_key/SCN5A_recall_input.csv,mixed_gold_02
20260903_protocol_mixed02_candidate,2026-09-03T19:34:09.579935+00:00,matched_variant_paper_measure,SCN5A,30059973,p.Gln1475Leu c.4424A>T,Q1475L,unaffected,0,,0,1,0,0,1,0,regex_table,Fixed-width table,baseline,,/Users/kronckbm/GitRepos/GeneVariantFetcher/benchmarks/evaluation_tiers/mixed_gold/answer_key/SCN5A_recall_input.csv,mixed_gold_02
20260903_protocol_mixed02_candidate,2026-09-03T19:34:09.579935+00:00,matched_variant_paper_measure,SCN5A,30059973,p.Gln1491His c.4473G>T,Q1491H,unaffected,0,,0,1,0,0,1,0,regex_table,Fixed-width table,baseline,,/Users/kronckbm/GitRepos/GeneVariantFetcher/benchmarks/evaluation_tiers/mixed_gold/answer_key/SCN5A_recall_input.csv,mixed_gold_02
20260903_protocol_mixed02_candidate,2026-09-03T19:34:09.579935+00:00,matched_variant_paper_measure,SCN5A,30059973,p.Gln1695* c.5083C>T,Q1695X,unaffected,0,,0,1,0,0,1,0,regex_table,Fixed-width table,baseline,,/Users/kronckbm/GitRepos/GeneVariantFetcher/benchmarks/evaluation_tiers/mixed_gold/answer_key/SCN5A_recall_input.csv,mixed_gold_02
20260903_protocol_mixed02_candidate,2026-09-03T19:34:09.579935+00:00,matched_variant_paper_measure,SCN5A,30059973,p.Gln779Lys c.2335C>A,Q779K,unaffected,0,,0,1,0,0,1,0,regex_table,Fixed-width table,baseline,,/Users/kronckbm/GitRepos/GeneVariantFetcher/benchmarks/evaluation_tiers/mixed_gold/answer_key/SCN5A_recall_input.csv,mixed_gold_02
20260903_protocol_mixed02_candidate,2026-09-03T19:34:09.579935+00:00,matched_variant_paper_measure,SCN5A,30059973,p.Gln779* c.2335C>T,Q779X,unaffected,0,,0,1,0,0,1,0,regex_table,Fixed-width table,baseline,,/Users/kronckbm/GitRepos/GeneVariantFetcher/benchmarks/evaluation_tiers/mixed_gold/answer_key/SCN5A_recall_input.csv,mixed_gold_02
20260903_protocol_mixed02_candidate,2026-09-03T19:34:09.579935+00:00,matched_variant_paper_measure,SCN5A,30059973,p.Arg1023Cys c.3067C>T,R1023C,unaffected,0,,0,1,0,0,1,0,regex_table,Fixed-width table,baseline,,/Users/kronckbm/GitRepos/GeneVariantFetcher/benchmarks/evaluation_tiers/mixed_gold/answer_key/SCN5A_recall_input.csv,mixed_gold_02
20260903_protocol_mixed02_candidate,2026-09-03T19:34:09.579935+00:00,matched_variant_paper_measure,SCN5A,30059973,p.Arg121Gln c.362G>A,R121Q,unaffected,0,,0,1,0,0,1,0,regex_table,Fixed-width table,baseline,,/Users/kronckbm/GitRepos/GeneVariantFetcher/benchmarks/evaluation_tiers/mixed_gold/answer_key/SCN5A_recall_input.csv,mixed_gold_02
20260903_protocol_mixed02_candidate,2026-09-03T19:34:09.579935+00:00,matched_variant_paper_measure,SCN5A,30059973,p.Arg1232Trp c.3694C>T,R1232W,unaffected,0,,0,1,0,0,1,0,regex_table,Fixed-width table,baseline,,/Users/kronckbm/GitRepos/GeneVariantFetcher/benchmarks/evaluation_tiers/mixed_gold/answer_key/SCN5A_recall_input.csv,mixed_gold_02
20260903_protocol_mixed02_candidate,2026-09-03T19:34:09.579935+00:00,matched_variant_paper_measure,SCN5A,30059973,p.Arg1583His c.4748G>A,R1583H,unaffected,0,,0,1,0,0,1,0,regex_table,Fixed-width table,baseline,,/Users/kronckbm/GitRepos/GeneVariantFetcher/benchmarks/evaluation_tiers/mixed_gold/answer_key/SCN5A_recall_input.csv,mixed_gold_02
20260903_protocol_mixed02_candidate,2026-09-03T19:34:09.579935+00:00,matched_variant_paper_measure,SCN5A,30059973,p.Arg1623Gln c.4868G>A,R1623Q,unaffected,0,,0,1,0,0,1,0,regex_table,Fixed-width table,baseline,,/Users/kronckbm/GitRepos/GeneVariantFetcher/benchmarks/evaluation_tiers/mixed_gold/answer_key/SCN5A_recall_input.csv,mixed_gold_02
20260903_protocol_mixed02_candidate,2026-09-03T19:34:09.579935+00:00,matched_variant_paper_measure,SCN5A,30059973,p.Arg1623* c.4867C>T,R1623X,unaffected,0,,0,1,0,0,1,0,regex_table,Fixed-width table,baseline,,/Users/kronckbm/GitRepos/GeneVariantFetcher/benchmarks/evaluation_tiers/mixed_gold/answer_key/SCN5A_recall_input.csv,mixed_gold_02
20260903_protocol_mixed02_candidate,2026-09-03T19:34:09.579935+00:00,matched_variant_paper_measure,SCN5A,30059973,p.Arg1626Cys c.4876C>T,R1626C,unaffected,0,,0,1,0,0,1,0,regex_table,Fixed-width table,baseline,,/Users/kronckbm/GitRepos/GeneVariantFetcher/benchmarks/evaluation_tiers/mixed_gold/answer_key/SCN5A_recall_input.csv,mixed_gold_02
20260903_protocol_mixed02_candidate,2026-09-03T19:34:09.579935+00:00,matched_variant_paper_measure,SCN5A,30059973,p.Arg1632Leu c.4895G>T,R1632L,unaffected,0,,0,1,0,0,1,0,regex_table,Fixed-width table,baseline,,/Users/kronckbm/GitRepos/GeneVariantFetcher/benchmarks/evaluation_tiers/mixed_gold/answer_key/SCN5A_recall_input.csv,mixed_gold_02
20260903_protocol_mixed02_candidate,2026-09-03T19:34:09.579935+00:00,matched_variant_paper_measure,SCN5A,30059973,p.R1644H c.4931G>A,R1644H,unaffected,0,,0,1,0,0,1,0,regex_table,Fixed-width table,baseline,,/Users/kronckbm/GitRepos/GeneVariantFetcher/benchmarks/evaluation_tiers/mixed_gold/answer_key/SCN5A_recall_input.csv,mixed_gold_02
20260903_protocol_mixed02_candidate,2026-09-03T19:34:09.579935+00:00,matched_variant_paper_measure,SCN5A,30059973,p.Arg1897Trp c.5689C>T,R1897W,unaffected,0,,0,1,0,0,1,0,regex_table,Fixed-width table,baseline,,/Users/kronckbm/GitRepos/GeneVariantFetcher/benchmarks/evaluation_tiers/mixed_gold/answer_key/SCN5A_recall_input.csv,mixed_gold_02
20260903_protocol_mixed02_candidate,2026-09-03T19:34:09.579935+00:00,matched_variant_paper_measure,SCN5A,30059973,p.Arg1944* c.5830C>T,R1944X,unaffected,0,,0,1,0,0,1,0,regex_table,Fixed-width table,baseline,,/Users/kronckbm/GitRepos/GeneVariantFetcher/benchmarks/evaluation_tiers/mixed_gold/answer_key/SCN5A_recall_input.csv,mixed_gold_02
20260903_protocol_mixed02_candidate,2026-09-03T19:34:09.579935+00:00,matched_variant_paper_measure,SCN5A,30059973,p.Arg1991Gln c.5972G>A,R1991Q,unaffected,0,,0,1,0,0,1,0,regex_table,Fixed-width table,baseline,,/Users/kronckbm/GitRepos/GeneVariantFetcher/benchmarks/evaluation_tiers/mixed_gold/answer_key/SCN5A_recall_input.csv,mixed_gold_02
20260903_protocol_mixed02_candidate,2026-09-03T19:34:09.579935+00:00,matched_variant_paper_measure,SCN5A,30059973,p.Arg222Gln c.665G>A,R222Q,unaffected,0,,0,1,0,0,1,0,regex_table,Fixed-width table,baseline,,/Users/kronckbm/GitRepos/GeneVariantFetcher/benchmarks/evaluation_tiers/mixed_gold/answer_key/SCN5A_recall_input.csv,mixed_gold_02
20260903_protocol_mixed02_candidate,2026-09-03T19:34:09.579935+00:00,matched_variant_paper_measure,SCN5A,30059973,p.Arg225Trp c.673C>T,R225W,unaffected,0,,0,1,0,0,1,0,regex_table,Fixed-width table,baseline,,/Users/kronckbm/GitRepos/GeneVariantFetcher/benchmarks/evaluation_tiers/mixed_gold/answer_key/SCN5A_recall_input.csv,mixed_gold_02
20260903_protocol_mixed02_candidate,2026-09-03T19:34:09.579935+00:00,matched_variant_paper_measure,SCN5A,30059973,p.Arg282Cys c.844C>T,R282C,unaffected,0,,0,1,0,0,1,0,regex_table,Fixed-width table,baseline,,/Users/kronckbm/GitRepos/GeneVariantFetcher/benchmarks/evaluation_tiers/mixed_gold/answer_key/SCN5A_recall_input.csv,mixed_gold_02
20260903_protocol_mixed02_candidate,2026-09-03T19:34:09.579935+00:00,matched_variant_paper_measure,SCN5A,30059973,p.Arg340Trp c.1018C>T,R340W,unaffected,0,,0,1,0,0,1,0,regex_table,Fixed-width table,baseline,,/Users/kronckbm/GitRepos/GeneVariantFetcher/benchmarks/evaluation_tiers/mixed_gold/answer_key/SCN5A_recall_input.csv,mixed_gold_02
20260903_protocol_mixed02_candidate,2026-09-03T19:34:09.579935+00:00,matched_variant_paper_measure,SCN5A,30059973,p.Arg367Cys c.1099C>T,R367C,unaffected,0,,0,1,0,0,1,0,regex_table,Fixed-width table,baseline,,/Users/kronckbm/GitRepos/GeneVariantFetcher/benchmarks/evaluation_tiers/mixed_gold/answer_key/SCN5A_recall_input.csv,mixed_gold_02
20260903_protocol_mixed02_candidate,2026-09-03T19:34:09.579935+00:00,matched_variant_paper_measure,SCN5A,30059973,p.Arg367His c.1100G>A,R367H,unaffected,0,,0,1,0,0,1,0,regex_table,Fixed-width table,baseline,,/Users/kronckbm/GitRepos/GeneVariantFetcher/benchmarks/evaluation_tiers/mixed_gold/answer_key/SCN5A_recall_input.csv,mixed_gold_02
20260903_protocol_mixed02_candidate,2026-09-03T19:34:09.579935+00:00,matched_variant_paper_measure,SCN5A,30059973,p.Arg376Cys c.1126C>T,R376C,unaffected,0,,0,1,0,0,1,0,regex_table,Fixed-width table,baseline,,/Users/kronckbm/GitRepos/GeneVariantFetcher/benchmarks/evaluation_tiers/mixed_gold/answer_key/SCN5A_recall_input.csv,mixed_gold_02
20260903_protocol_mixed02_candidate,2026-09-03T19:34:09.579935+00:00,matched_variant_paper_measure,SCN5A,30059973,p.Arg43* c.127C>T,R43X,unaffected,0,,0,1,0,0,1,0,regex_table,Fixed-width table,baseline,,/Users/kronckbm/GitRepos/GeneVariantFetcher/benchmarks/evaluation_tiers/mixed_gold/answer_key/SCN5A_recall_input.csv,mixed_gold_02
20260903_protocol_mixed02_candidate,2026-09-03T19:34:09.579935+00:00,matched_variant_paper_measure,SCN5A,30059973,p.Arg535* c.1603C>T,R535X,unaffected,0,,0,1,0,0,1,0,regex_table,Fixed-width table,baseline,,/Users/kronckbm/GitRepos/GeneVariantFetcher/benchmarks/evaluation_tiers/mixed_gold/answer_key/SCN5A_recall_input.csv,mixed_gold_02
20260903_protocol_mixed02_candidate,2026-09-03T19:34:09.579935+00:00,matched_variant_paper_measure,SCN5A,30059973,p.Arg689Cys c.2065C>T,R689C,unaffected,0,,0,1,0,0,1,0,regex_table,Fixed-width table,baseline,,/Users/kronckbm/GitRepos/GeneVariantFetcher/benchmarks/evaluation_tiers/mixed_gold/answer_key/SCN5A_recall_input.csv,mixed_gold_02
20260903_protocol_mixed02_candidate,2026-09-03T19:34:09.579935+00:00,matched_variant_paper_measure,SCN5A,30059973,p.Arg814Gln c.2441G>A,R814Q,unaffected,0,,0,1,0,0,1,0,regex_table,Fixed-width table,baseline,,/Users/kronckbm/GitRepos/GeneVariantFetcher/benchmarks/evaluation_tiers/mixed_gold/answer_key/SCN5A_recall_input.csv,mixed_gold_02
20260903_protocol_mixed02_candidate,2026-09-03T19:34:09.579935+00:00,matched_variant_paper_measure,SCN5A,30059973,p.Arg878Cys c.2632C>T,R878C,unaffected,0,,0,1,0,0,1,0,regex_table,Fixed-width table,baseline,,/Users/kronckbm/GitRepos/GeneVariantFetcher/benchmarks/evaluation_tiers/mixed_gold/answer_key/SCN5A_recall_input.csv,mixed_gold_02
20260903_protocol_mixed02_candidate,2026-09-03T19:34:09.579935+00:00,matched_variant_paper_measure,SCN5A,30059973,p.Arg893Cys c.2677C>T,R893C,unaffected,0,,0,1,0,0,1,0,regex_table,Fixed-width table,baseline,,/Users/kronckbm/GitRepos/GeneVariantFetcher/benchmarks/evaluation_tiers/mixed_gold/answer_key/SCN5A_recall_input.csv,mixed_gold_02
20260903_protocol_mixed02_candidate,2026-09-03T19:34:09.579935+00:00,matched_variant_paper_measure,SCN5A,30059973,p.Arg965Cys c.2893C>T,R965C,unaffected,0,,0,1,0,0,1,0,regex_table,Fixed-width table,baseline,,/Users/kronckbm/GitRepos/GeneVariantFetcher/benchmarks/evaluation_tiers/mixed_gold/answer_key/SCN5A_recall_input.csv,mixed_gold_02
20260903_protocol_mixed02_candidate,2026-09-03T19:34:09.579935+00:00,matched_variant_paper_measure,SCN5A,30059973,p.Ser1074Gly c.3220A>G,S1074G,unaffected,0,,0,1,0,0,1,0,regex_table,Fixed-width table,baseline,,/Users/kronckbm/GitRepos/GeneVariantFetcher/benchmarks/evaluation_tiers/mixed_gold/answer_key/SCN5A_recall_input.csv,mixed_gold_02
20260903_protocol_mixed02_candidate,2026-09-03T19:34:09.579935+00:00,matched_variant_paper_measure,SCN5A,30059973,p.Ser1079Phe c.3236C>T,S1079F,unaffected,0,,0,1,0,0,1,0,regex_table,Fixed-width table,baseline,,/Users/kronckbm/GitRepos/GeneVariantFetcher/benchmarks/evaluation_tiers/mixed_gold/answer_key/SCN5A_recall_input.csv,mixed_gold_02
20260903_protocol_mixed02_candidate,2026-09-03T19:34:09.579935+00:00,matched_variant_paper_measure,SCN5A,30059973,p.Ser1079Tyr c.3236C>A,S1079Y,unaffected,0,,0,1,0,0,1,0,regex_table,Fixed-width table,baseline,,/Users/kronckbm/GitRepos/GeneVariantFetcher/benchmarks/evaluation_tiers/mixed_gold/answer_key/SCN5A_recall_input.csv,mixed_gold_02
20260903_protocol_mixed02_candidate,2026-09-03T19:34:09.579935+00:00,matched_variant_paper_measure,SCN5A,30059973,p.Ser1672Tyr c.5015C>A,S1672Y,unaffected,0,,0,1,0,0,1,0,regex_table,Fixed-width table,baseline,,/Users/kronckbm/GitRepos/GeneVariantFetcher/benchmarks/evaluation_tiers/mixed_gold/answer_key/SCN5A_recall_input.csv,mixed_gold_02
20260903_protocol_mixed02_candidate,2026-09-03T19:34:09.579935+00:00,matched_variant_paper_measure,SCN5A,30059973,p.Ser1710Leu c.5129C>T,S1710L,unaffected,0,,0,1,0,0,1,0,regex_table,Fixed-width table,baseline,,/Users/kronckbm/GitRepos/GeneVariantFetcher/benchmarks/evaluation_tiers/mixed_gold/answer_key/SCN5A_recall_input.csv,mixed_gold_02
20260903_protocol_mixed02_candidate,2026-09-03T19:34:09.579935+00:00,matched_variant_paper_measure,SCN5A,30059973,p.Ser401Pro c.1201T>C,S401P,unaffected,0,,0,1,0,0,1,0,regex_table,Fixed-width table,baseline,,/Users/kronckbm/GitRepos/GeneVariantFetcher/benchmarks/evaluation_tiers/mixed_gold/answer_key/SCN5A_recall_input.csv,mixed_gold_02
20260903_protocol_mixed02_candidate,2026-09-03T19:34:09.579935+00:00,matched_variant_paper_measure,SCN5A,30059973,p.Ser941Phe c.2822C>T,S941F,unaffected,0,,0,1,0,0,1,0,regex_table,Fixed-width table,baseline,,/Users/kronckbm/GitRepos/GeneVariantFetcher/benchmarks/evaluation_tiers/mixed_gold/answer_key/SCN5A_recall_input.csv,mixed_gold_02
20260903_protocol_mixed02_candidate,2026-09-03T19:34:09.579935+00:00,matched_variant_paper_measure,SCN5A,30059973,p.Ser941Asn c.2821T>A,S941N,unaffected,0,,0,1,0,0,1,0,regex_table,Fixed-width table,baseline,,/Users/kronckbm/GitRepos/GeneVariantFetcher/benchmarks/evaluation_tiers/mixed_gold/answer_key/SCN5A_recall_input.csv,mixed_gold_02
20260903_protocol_mixed02_candidate,2026-09-03T19:34:09.579935+00:00,matched_variant_paper_measure,SCN5A,30059973,p.Thr1209Arg c.3626C>G,T1209R,unaffected,0,,0,1,0,0,1,0,regex_table,Fixed-width table,baseline,,/Users/kronckbm/GitRepos/GeneVariantFetcher/benchmarks/evaluation_tiers/mixed_gold/answer_key/SCN5A_recall_input.csv,mixed_gold_02
20260903_protocol_mixed02_candidate,2026-09-03T19:34:09.579935+00:00,matched_variant_paper_measure,SCN5A,30059973,p.Thr1304Met c.3911C>T,T1304M,unaffected,0,,0,1,0,0,1,0,regex_table,Fixed-width table,baseline,,/Users/kronckbm/GitRepos/GeneVariantFetcher/benchmarks/evaluation_tiers/mixed_gold/answer_key/SCN5A_recall_input.csv,mixed_gold_02
20260903_protocol_mixed02_candidate,2026-09-03T19:34:09.579935+00:00,matched_variant_paper_measure,SCN5A,30059973,p.Thr370Met c.1109C>T,T370M,unaffected,0,,0,1,0,0,1,0,regex_table,Fixed-width table,baseline,,/Users/kronckbm/GitRepos/GeneVariantFetcher/benchmarks/evaluation_tiers/mixed_gold/answer_key/SCN5A_recall_input.csv,mixed_gold_02
20260903_protocol_mixed02_candidate,2026-09-03T19:34:09.579935+00:00,matched_variant_paper_measure,SCN5A,30059973,p.Thr630Met c.1889C>T,T630M,unaffected,0,,0,1,0,0,1,0,regex_table,Fixed-width table,baseline,,/Users/kronckbm/GitRepos/GeneVariantFetcher/benchmarks/evaluation_tiers/mixed_gold/answer_key/SCN5A_recall_input.csv,mixed_gold_02
20260903_protocol_mixed02_candidate,2026-09-03T19:34:09.579935+00:00,matched_variant_paper_measure,SCN5A,30059973,p.Val1747Met c.5239G>A,V1747M,unaffected,0,,0,1,0,0,1,0,regex_table,Fixed-width table,baseline,,/Users/kronckbm/GitRepos/GeneVariantFetcher/benchmarks/evaluation_tiers/mixed_gold/answer_key/SCN5A_recall_input.csv,mixed_gold_02
20260903_protocol_mixed02_candidate,2026-09-03T19:34:09.579935+00:00,matched_variant_paper_measure,SCN5A,30059973,p.Val1763Leu c.5287G>T,V1763L,unaffected,0,,0,1,0,0,1,0,regex_table,Fixed-width table,baseline,,/Users/kronckbm/GitRepos/GeneVariantFetcher/benchmarks/evaluation_tiers/mixed_gold/answer_key/SCN5A_recall_input.csv,mixed_gold_02
20260903_protocol_mixed02_candidate,2026-09-03T19:34:09.579935+00:00,matched_variant_paper_measure,SCN5A,30059973,p.Val1763Met c.5287G>A,V1763M,unaffected,0,,0,1,0,0,1,0,regex_table,Fixed-width table,baseline,,/Users/kronckbm/GitRepos/GeneVariantFetcher/benchmarks/evaluation_tiers/mixed_gold/answer_key/SCN5A_recall_input.csv,mixed_gold_02
20260903_protocol_mixed02_candidate,2026-09-03T19:34:09.579935+00:00,matched_variant_paper_measure,SCN5A,30059973,p.Val1777Leu c.5329G>T,V1777L,unaffected,0,,0,1,0,0,1,0,regex_table,Fixed-width table,baseline,,/Users/kronckbm/GitRepos/GeneVariantFetcher/benchmarks/evaluation_tiers/mixed_gold/answer_key/SCN5A_recall_input.csv,mixed_gold_02
20260903_protocol_mixed02_candidate,2026-09-03T19:34:09.579935+00:00,matched_variant_paper_measure,SCN5A,30059973,p.Val1777Met c.5329G>A,V1777M,unaffected,0,,0,1,0,0,1,0,regex_table,Fixed-width table,baseline,,/Users/kronckbm/GitRepos/GeneVariantFetcher/benchmarks/evaluation_tiers/mixed_gold/answer_key/SCN5A_recall_input.csv,mixed_gold_02
20260903_protocol_mixed02_candidate,2026-09-03T19:34:09.579935+00:00,matched_variant_paper_measure,SCN5A,30059973,p.Val240Met c.718G>A,V240M,unaffected,0,,0,1,0,0,1,0,regex_table,Fixed-width table,baseline,,/Users/kronckbm/GitRepos/GeneVariantFetcher/benchmarks/evaluation_tiers/mixed_gold/answer_key/SCN5A_recall_input.csv,mixed_gold_02
20260903_protocol_mixed02_candidate,2026-09-03T19:34:09.579935+00:00,matched_variant_paper_measure,SCN5A,30059973,p.Val263Ile c.787G>A,V263I,unaffected,0,,0,1,0,0,1,0,regex_table,Fixed-width table,baseline,,/Users/kronckbm/GitRepos/GeneVariantFetcher/benchmarks/evaluation_tiers/mixed_gold/answer_key/SCN5A_recall_input.csv,mixed_gold_02
20260903_protocol_mixed02_candidate,2026-09-03T19:34:09.579935+00:00,matched_variant_paper_measure,SCN5A,30059973,p.Val411Met c.1231G>A,V411M,unaffected,0,,0,1,0,0,1,0,regex_table,Fixed-width table,baseline,,/Users/kronckbm/GitRepos/GeneVariantFetcher/benchmarks/evaluation_tiers/mixed_gold/answer_key/SCN5A_recall_input.csv,mixed_gold_02
20260903_protocol_mixed02_candidate,2026-09-03T19:34:09.579935+00:00,matched_variant_paper_measure,SCN5A,30059973,p.Trp1191* c.3572G>A,W1191X,unaffected,0,,0,1,0,0,1,0,regex_table,Fixed-width table,baseline,,/Users/kronckbm/GitRepos/GeneVariantFetcher/benchmarks/evaluation_tiers/mixed_gold/answer_key/SCN5A_recall_input.csv,mixed_gold_02
20260903_protocol_mixed02_candidate,2026-09-03T19:34:09.579935+00:00,matched_variant_paper_measure,SCN5A,30059973,p.Trp1345Cys c.4035G>T,W1345C,unaffected,0,,0,1,0,0,1,0,regex_table,Fixed-width table,baseline,,/Users/kronckbm/GitRepos/GeneVariantFetcher/benchmarks/evaluation_tiers/mixed_gold/answer_key/SCN5A_recall_input.csv,mixed_gold_02
20260903_protocol_mixed02_candidate,2026-09-03T19:34:09.579935+00:00,matched_variant_paper_measure,SCN5A,30059973,p.Trp156* c.468G>A,W156X,unaffected,0,,0,1,0,0,1,0,regex_table,Fixed-width table,baseline,,/Users/kronckbm/GitRepos/GeneVariantFetcher/benchmarks/evaluation_tiers/mixed_gold/answer_key/SCN5A_recall_input.csv,mixed_gold_02
20260903_protocol_mixed02_candidate,2026-09-03T19:34:09.579935+00:00,matched_variant_paper_measure,SCN5A,30059973,p.Trp374Gly c.1120T>G,W374G,unaffected,0,,0,1,0,0,1,0,regex_table,Fixed-width table,baseline,,/Users/kronckbm/GitRepos/GeneVariantFetcher/benchmarks/evaluation_tiers/mixed_gold/answer_key/SCN5A_recall_input.csv,mixed_gold_02
20260903_protocol_mixed02_candidate,2026-09-03T19:34:09.579935+00:00,matched_variant_paper_measure,SCN5A,30059973,p.Tyr1449Cys c.4346A>G,Y1449C,unaffected,0,,0,1,0,0,1,0,regex_table,Fixed-width table,baseline,,/Users/kronckbm/GitRepos/GeneVariantFetcher/benchmarks/evaluation_tiers/mixed_gold/answer_key/SCN5A_recall_input.csv,mixed_gold_02
20260903_protocol_mixed02_candidate,2026-09-03T19:34:09.579935+00:00,matched_variant_paper_measure,SCN5A,30059973,p.Tyr1615* c.4845C>G,Y1615X,unaffected,0,,0,1,0,0,1,0,regex_table,Fixed-width table,baseline,,/Users/kronckbm/GitRepos/GeneVariantFetcher/benchmarks/evaluation_tiers/mixed_gold/answer_key/SCN5A_recall_input.csv,mixed_gold_02
20260903_protocol_mixed02_candidate,2026-09-03T19:34:09.579935+00:00,matched_variant_paper_measure,SCN5A,30059973,p.Tyr1767Cys c.5300A>G,Y1767C,unaffected,0,,0,1,0,0,1,0,regex_table,Fixed-width table,baseline,,/Users/kronckbm/GitRepos/GeneVariantFetcher/benchmarks/evaluation_tiers/mixed_gold/answer_key/SCN5A_recall_input.csv,mixed_gold_02
20260903_protocol_mixed02_candidate,2026-09-03T19:34:09.579935+00:00,matched_variant_paper_measure,SCN5A,30059973,p.Tyr1795Cys c.5384A>G,Y1795C,unaffected,0,,0,1,0,0,1,0,regex_table,Fixed-width table,baseline,,/Users/kronckbm/GitRepos/GeneVariantFetcher/benchmarks/evaluation_tiers/mixed_gold/answer_key/SCN5A_recall_input.csv,mixed_gold_02
20260903_protocol_mixed02_candidate,2026-09-03T19:34:09.579935+00:00,matched_variant_paper_measure,SCN5A,30059973,p.Tyr1795Asn c.5383T>A,Y1795N,unaffected,0,,0,1,0,0,1,0,regex_table,Fixed-width table,baseline,,/Users/kronckbm/GitRepos/GeneVariantFetcher/benchmarks/evaluation_tiers/mixed_gold/answer_key/SCN5A_recall_input.csv,mixed_gold_02
20260903_protocol_mixed02_candidate,2026-09-03T19:34:09.579935+00:00,matched_variant_paper_measure,SCN5A,30059973,p.Tyr1811Asn c.5431T>A,Y1811N,unaffected,0,,0,1,0,0,1,0,regex_table,Fixed-width table,baseline,,/Users/kronckbm/GitRepos/GeneVariantFetcher/benchmarks/evaluation_tiers/mixed_gold/answer_key/SCN5A_recall_input.csv,mixed_gold_02
20260903_protocol_mixed02_candidate,2026-09-03T19:34:09.579935+00:00,matched_variant_paper_measure,SCN5A,30059973,p.Tyr1811* c.5433T>G,Y1811X,unaffected,0,,0,1,0,0,1,0,regex_table,Fixed-width table,baseline,,/Users/kronckbm/GitRepos/GeneVariantFetcher/benchmarks/evaluation_tiers/mixed_gold/answer_key/SCN5A_recall_input.csv,mixed_gold_02
20260903_protocol_mixed02_candidate,2026-09-03T19:34:09.579935+00:00,matched_variant_paper_measure,SCN5A,30059973,c.3840+1G>A,c.3840+1G>A,unaffected,0,,0,1,0,0,1,0,regex_table,Fixed-width table,baseline,,/Users/kronckbm/GitRepos/GeneVariantFetcher/benchmarks/evaluation_tiers/mixed_gold/answer_key/SCN5A_recall_input.csv,mixed_gold_02
20260903_protocol_mixed02_candidate,2026-09-03T19:34:09.579935+00:00,matched_variant_paper_measure,SCN5A,30059973,c.393-1C>T,c.393-1C>T,unaffected,0,,0,1,0,0,1,0,regex_table,Fixed-width table,baseline,,/Users/kronckbm/GitRepos/GeneVariantFetcher/benchmarks/evaluation_tiers/mixed_gold/answer_key/SCN5A_recall_input.csv,mixed_gold_02
20260903_protocol_mixed02_candidate,2026-09-03T19:34:09.579935+00:00,matched_variant_paper_measure,SCN5A,30059973,c.4245+1G>T,c.4245+1G>T,unaffected,0,,0,1,0,0,1,0,regex_table,Fixed-width table,baseline,,/Users/kronckbm/GitRepos/GeneVariantFetcher/benchmarks/evaluation_tiers/mixed_gold/answer_key/SCN5A_recall_input.csv,mixed_gold_02
20260903_protocol_mixed02_candidate,2026-09-03T19:34:09.579935+00:00,matched_variant_paper_measure,SCN5A,30059973,c.4437+5G>A,c.4437+5G>A,unaffected,0,,0,1,0,0,1,0,regex_table,Fixed-width table,baseline,,/Users/kronckbm/GitRepos/GeneVariantFetcher/benchmarks/evaluation_tiers/mixed_gold/answer_key/SCN5A_recall_input.csv,mixed_gold_02
20260903_protocol_mixed02_candidate,2026-09-03T19:34:09.579935+00:00,matched_variant_paper_measure,SCN5A,30059973,c.611+1G>A,c.611+1G>A,unaffected,0,,0,1,0,0,1,0,regex_table,Fixed-width table,baseline,,/Users/kronckbm/GitRepos/GeneVariantFetcher/benchmarks/evaluation_tiers/mixed_gold/answer_key/SCN5A_recall_input.csv,mixed_gold_02
20260903_protocol_mixed02_candidate,2026-09-03T19:34:09.579935+00:00,matched_variant_paper_measure,SCN5A,30059973,c.703+1G>A,c.703+1G>A,unaffected,0,,0,1,0,0,1,0,regex_table,Fixed-width table,baseline,,/Users/kronckbm/GitRepos/GeneVariantFetcher/benchmarks/evaluation_tiers/mixed_gold/answer_key/SCN5A_recall_input.csv,mixed_gold_02
20260903_protocol_mixed02_candidate,2026-09-03T19:34:09.579935+00:00,matched_variant_paper_measure,SCN5A,30059973,c.934+1G>A,c.934+1G>A,unaffected,0,,0,1,0,0,1,0,regex_table,Fixed-width table,baseline,,/Users/kronckbm/GitRepos/GeneVariantFetcher/benchmarks/evaluation_tiers/mixed_gold/answer_key/SCN5A_recall_input.csv,mixed_gold_02
20260903_protocol_mixed02_candidate,2026-09-03T19:34:09.579935+00:00,matched_variant_paper_measure,SCN5A,30116708,p.Arg222Gly c.664C>G,R222G,unaffected,0,,0,1,0,0,1,0,figure,"Case report, Mutation in the SCN5A gene section; Figure 1 pedigree",baseline,,/Users/kronckbm/GitRepos/GeneVariantFetcher/benchmarks/evaluation_tiers/mixed_gold/answer_key/SCN5A_recall_input.csv,mixed_gold_02
20260903_protocol_cont120_01_candidate,2026-09-03T23:52:59.594246+00:00,matched_variant_paper_measure,SCN5A,30218094,R219H,R219H,unaffected,0,,0,1,0,0,1,0,figure,figure-reader,baseline,,/Users/kronckbm/GitRepos/GeneVariantFetcher/benchmarks/evaluation_tiers/mixed_gold_continuation_120/answer_key/SCN5A_recall_input.csv,mixed_gold_cont120_01
