key,vclass,is_truncating,affected,literature_n,gnomad_added,clinvar_simple,class_source,alphamissense,n_papers,pmids,n,observed,affected_genotype_first,n_genotype_first,base_prior_mean,base_prior_pred_mean,base_prior_pred_q025,base_prior_pred_q975,base_post_mean,base_post_median,base_post_q025,base_post_q975,base_post_sd,base_post_study_marginal_mean,class_prior_mean,class_prior_pred_mean,class_prior_pred_q025,class_prior_pred_q975,class_post_mean,class_post_median,class_post_q025,class_post_q975,class_post_sd,class_post_study_marginal_mean,insilico_prior_mean,insilico_prior_pred_mean,insilico_prior_pred_q025,insilico_prior_pred_q975,insilico_post_mean,insilico_post_median,insilico_post_q025,insilico_post_q975,insilico_post_sd,insilico_post_study_marginal_mean,clinvar_prior_mean,clinvar_prior_pred_mean,clinvar_prior_pred_q025,clinvar_prior_pred_q975,clinvar_post_mean,clinvar_post_median,clinvar_post_q025,clinvar_post_q975,clinvar_post_sd,clinvar_post_study_marginal_mean,insilico_clinvar_prior_mean,insilico_clinvar_prior_pred_mean,insilico_clinvar_prior_pred_q025,insilico_clinvar_prior_pred_q975,insilico_clinvar_post_mean,insilico_clinvar_post_median,insilico_clinvar_post_q025,insilico_clinvar_post_q975,insilico_clinvar_post_sd,insilico_clinvar_post_study_marginal_mean,is_common,gnomad_af_max,split_alternating_observed_B,split_alternating_n_B,split_design_observed_B,split_design_n_B
I27L,missense,False,70.0,93.0,88280.0,B/LB,clinvar,0.1364,3,20172480;28116330;32375679,88373.0,0.0007920971337399432,,,0.0007702619291570617,0.018302198467784532,1.1002559525116612e-06,0.18523773073011232,7.088074258427461e-06,4.086216054285039e-06,8.047003362477629e-08,3.114595932690149e-05,8.521589772184467e-06,1.1943707057545007e-05,0.0007287672792960601,0.014743632506037059,1.201946150042834e-06,0.14035591081672955,7.611760491773346e-06,4.625514492967164e-06,9.157110471335818e-08,3.197148285219838e-05,8.97577530493785e-06,1.2252493616351988e-05,0.00035028834638149155,0.008375129647262903,5.598778460953506e-07,0.05761892677639321,7.129781105847896e-06,4.3096301519438226e-06,6.736385967383342e-08,2.921637196969037e-05,8.141022764208032e-06,1.1755086064260395e-05,0.0003751084526462695,0.00851239532261715,9.845645731455065e-07,0.07053740372827386,7.672758849845533e-06,4.707990347181198e-06,1.1896261354022081e-07,3.249344013365555e-05,8.715622965089621e-06,1.2923480669172108e-05,0.00021198477308799783,0.004913364782998795,5.947045868693711e-07,0.02856467065646815,7.352709556107365e-06,4.459263282885049e-06,1.1742605887048877e-07,3.079763696744829e-05,8.537772931808023e-06,1.2937990022312884e-05,True,0.354886,0.6229508196721312,61.0,,
E508K,missense,False,56.0,68.0,122.0,B/LB,clinvar,0.6061,4,20705777;24915262;36836406;38830515,190.0,0.29473684210526313,54.0,66.0,0.0007702619291570617,0.018733894606095928,1.4666068282079623e-06,0.18815878174917586,0.001127153109026834,0.00024656610557325943,9.218178252492572e-07,0.007962713598241624,0.0024555491490242582,0.0018137279973293838,0.0007287672792960601,0.013832369606514766,1.3692552241247713e-06,0.12134351602718489,0.0012062979568193155,0.00024248083941661987,8.740642275713426e-07,0.008623775890403664,0.002602855259527541,0.0018433788336446174,0.0011798463207911317,0.01865921468095697,2.567042460899027e-06,0.1840964392574368,0.00133650215466324,0.00036586327244664984,1.9747048518258265e-06,0.008785929828929014,0.002528054711535925,0.002004357221383144,0.0003751084526462695,0.006831990866871435,9.183725179817938e-07,0.05771128945124683,0.000832792407620406,0.00015580660472594058,7.638007682045499e-07,0.0057832828706340725,0.0021849324428460256,0.0012445723382147323,0.0006819458100319156,0.010066915633838762,1.6735935368304057e-06,0.08462372519933338,0.0010511886165451277,0.000250418505754118,1.2167980806065147e-06,0.007013498386716825,0.002190414547446961,0.0016535837781078667,False,0.000486056,0.8125,64.0,0.8181818181818182,66.0
A98V,missense,False,44.0,47.0,6974.0,B/LB,clinvar,0.2507,5,25575005;34393998;37219942;38375489;39005520,7021.0,0.0062669135450790486,,,0.0007702619291570617,0.018270852713540942,8.453257789289799e-07,0.19014079619915722,5.7779670660661985e-05,2.494275954472405e-05,2.3288441115023703e-07,0.0002799002661981172,8.361932949171153e-05,9.498469671615762e-05,0.0007287672792960601,0.014725060817498716,1.7160013480847937e-06,0.13626392635646156,6.057843043954076e-05,3.0749031176187134e-05,3.28077790274554e-07,0.00028094739685462726,8.205636520382176e-05,9.481138310693157e-05,0.00044475337719773826,0.009521123252909172,9.016636331634912e-07,0.07239637191063328,5.640162602846047e-05,2.710840233096394e-05,3.052759715213207e-07,0.0002864793528803373,7.96489349397012e-05,8.922998912030531e-05,0.0003751084526462695,0.006651697743571487,1.0081199874457442e-06,0.05088140423771331,5.741978649019258e-05,2.7926759354343978e-05,3.2781648080346647e-07,0.0002813263352962691,8.266149763871191e-05,9.719381702093451e-05,0.00026546784014754997,0.004547011923293984,6.805291262120056e-07,0.03213226312431812,5.3872206195993035e-05,2.5475863463600624e-05,3.390233071743058e-07,0.00027701903840003026,7.688742919375908e-05,9.640298982549088e-05,True,0.0290006,1.0,22.0,,
G292fs,frameshift,True,38.0,38.0,0.0,none,none,,20,19169489;25174781;29666556;30814848;31166087;32238361;33242514;34194751;34373539;35737141;35822264;35894830;36068963;36418577;36836406;37396188;37812285;39504571;40694255;41262822,38.0,1.0,11.0,11.0,0.0007702619291570617,0.017953915599583925,9.89884902274225e-07,0.18209018099988641,0.021944086068382003,0.0006116457583923705,1.0953704660145465e-06,0.23221866014205983,0.09323820620378542,0.024273440467122504,0.0032672293692760242,0.03600881141771043,3.165912235109559e-06,0.38607535022313133,0.043368908685278915,0.002132763835872838,3.1069498675989984e-06,0.4973357102062589,0.1371311016624898,0.04719670887771978,0.0064530720363805034,0.047069213200151394,7.938483394263136e-06,0.4880457714733499,0.05304383334244873,0.0036043533190042074,7.50854467566402e-06,0.5704031638083987,0.14695871979500294,0.05792608188739512,0.01749030300597268,0.07546972881727929,1.620196315700249e-05,0.6644985592580083,0.08447061957927321,0.00906909716596359,2.1014114422974807e-05,0.7630721435498931,0.1851674809210457,0.09080627760731232,0.02483399297904261,0.08601099822689007,2.3826343678504575e-05,0.7328193719584615,0.09691779641754736,0.011535970967837768,3.653344224992595e-05,0.7940297128016415,0.19585692638240573,0.10440705007355652,False,,1.0,17.0,1.0,11.0
P291fs,frameshift,True,18.0,32.0,0.0,none,none,,10,15001650;19564454;22432108;26287533;30259503;32741144;33535453;36836406;40608360;42141127,32.0,0.5625,6.0,18.0,0.0007702619291570617,0.017550704087317917,1.0901508187836542e-06,0.17151729656412146,0.23894889735006467,0.2247417871409078,0.015526504232180436,0.5757866529535369,0.14819898472892895,0.2562300411529619,0.0032672293692760242,0.03928978474235832,3.4291843551041586e-06,0.44898100278477904,0.2502831094334154,0.23458025309689945,0.024431538862964848,0.5862638994113699,0.14813343895825135,0.26740824656781453,0.0064530720363805034,0.04452248005105121,6.646665372273702e-06,0.44900553024531725,0.249337680691955,0.23673276972602206,0.02430210244714549,0.5787768901022373,0.14677318189301355,0.2663860159951846,0.01749030300597268,0.07626844665994519,2.2435903816985695e-05,0.6884143812714256,0.2576451082085495,0.2384235434980682,0.026879739558026677,0.6066533137492783,0.15053378254226754,0.2755634820064348,0.02483399297904261,0.0841077069364794,2.7622460117589538e-05,0.6744656841314608,0.2561290072707183,0.24299304939160865,0.02820142859628477,0.5859241628798072,0.1469859678944187,0.2752445148118106,False,,0.6666666666666666,6.0,0.3333333333333333,18.0
R272H,missense,False,27.0,27.0,0.0,P/LP,clinvar,0.9994,15,12627330;15114102;21648289;21823540;23610083;29439679;31483937;33242514;33245425;34496959;37396188;39408812;39504571;9313763;9796880,27.0,1.0,5.0,5.0,0.0007702619291570617,0.017266035068480245,1.587861882358369e-06,0.1651246057556003,0.02203082288642521,0.0006005777055928419,8.666083924616406e-07,0.2328361498976803,0.09294298135960263,0.024653466133827923,0.0007287672792960601,0.017171922629060293,1.6215226971995926e-06,0.18747256297107456,0.01648190518721247,0.0005627678193539144,1.3253050976975672e-06,0.1559675140868854,0.07209507548823545,0.01894186143666021,0.005207843707923509,0.046720584661257544,5.973641672820149e-06,0.5030101799934906,0.04501188630516516,0.0031367726989725833,4.046231280766102e-06,0.4978026761891058,0.12934139634417577,0.04979734447868218,0.0014311753115667841,0.017835462876374452,1.9003172148693106e-06,0.17112761004855845,0.017385079111890592,0.000743927258179553,2.168178674567921e-06,0.14954642161197723,0.07423307925074296,0.02016043937471868,0.00530106849619792,0.035430384990456504,5.314131571004356e-06,0.3749506236253848,0.03377193608486086,0.0025457483652527005,6.868355736115936e-06,0.3736833884088328,0.10260882659137895,0.03886991157288563,False,,1.0,12.0,1.0,5.0
G288fs,frameshift,True,7.0,26.0,0.0,none,none,,4,26645239;29264522;36208030;41525167,26.0,0.2692307692307692,4.0,23.0,0.0007702619291570617,0.01875842211565599,8.956026200098693e-07,0.2010703242600502,0.12276511621177615,0.10007905282645187,0.008540736073045917,0.36219024648148546,0.09695574189876831,0.13955589669572058,0.0032672293692760242,0.03513038756926614,3.4064074121748864e-06,0.3662979826088727,0.1310405384554183,0.10867126808660221,0.009780307044991714,0.3953141439980286,0.10320774295870445,0.1476370588975043,0.0064530720363805034,0.048839182761941824,6.802029757501322e-06,0.5136894906702846,0.13591786246958437,0.11273907907402062,0.01111520569582933,0.40056065329824836,0.10238437896589721,0.1527715695492983,0.01749030300597268,0.07321300477464111,1.6410847935715888e-05,0.6550369727918772,0.1409027815177088,0.11829314937338334,0.012167949947720845,0.40607618655852196,0.10595057509046842,0.15902420037639067,0.02483399297904261,0.08664489105394023,2.3097356796677716e-05,0.7156590247640933,0.1424755271543701,0.12048009918056897,0.012988360052985272,0.42096788602486834,0.10519425008178747,0.16189212349030851,False,,1.0,3.0,0.17391304347826086,23.0
G319S,missense,False,22.0,22.0,2.0,VUS,clinvar,0.1301,2,12453961;18586913,24.0,0.9166666666666666,,,0.0007702619291570617,0.020535609288313616,1.1494775659566282e-06,0.22651054257739173,0.010212153523627568,0.0005691347807181312,1.0133172092605098e-06,0.09213382176248441,0.03575071697601964,0.01302790182902384,0.0007287672792960601,0.014602301542544315,1.73963544009092e-06,0.12900617276507884,0.00816800254738081,0.0005681920947862659,1.5292920312171148e-06,0.0775665954116034,0.030008386946569748,0.010391227146043208,0.00034607306251119524,0.008089276005772415,7.112683319546789e-07,0.057148275461552725,0.004323874106129242,0.00022804112196008944,6.888723984244503e-07,0.036414751201852176,0.019986173272021776,0.005538710207479859,0.0013410731419148214,0.016518755354938103,2.994037436196262e-06,0.16298159917158261,0.0110731442410324,0.0009114710986709452,2.939727854294453e-06,0.10591255780268159,0.038209424773385674,0.014046422422978558,0.0006457099256495667,0.00952422155132619,1.506278559039058e-06,0.07907155468743893,0.005619519147168714,0.00037237672714084493,1.3552432331881527e-06,0.04371335734911248,0.02700280893138445,0.00736116133462517,False,1.31411e-05,,,,
R229X,nonsense,True,11.0,12.0,2.0,P/LP,clinvar,,6,14598263;22432108;25411618;28012402;29666556;36504295,14.0,0.7857142857142857,4.0,5.0,0.0007702619291570617,0.01923733982919449,1.3286339354331185e-06,0.20420408834324869,0.010665535676468321,0.0005440793823958084,1.4430067153242704e-06,0.09616636836565189,0.04182396208998602,0.013284141759563387,0.0032672293692760242,0.038618161604492905,2.5083282817228467e-06,0.45909777188934053,0.021148982594120964,0.0014867666464840896,2.7432930239390057e-06,0.21084257936482154,0.06204250634788823,0.02517670488320018,0.0064530720363805034,0.044412585765309105,7.99684002336712e-06,0.5010163154561043,0.02827037087707719,0.0028930884671810467,6.48787953903502e-06,0.24014798688794387,0.07339546308304659,0.03325576024472586,0.005748302318833196,0.03589021051142076,4.08963400750575e-06,0.3527467999529967,0.023189485024161936,0.0021248501731292416,3.7593282737817446e-06,0.21002952732420654,0.06237522246010215,0.02801325701957034,0.006354764526450128,0.03581245541772233,6.278409745009229e-06,0.33916583405069034,0.021809037052699168,0.002260154285566401,4.984504798545883e-06,0.19343541215937787,0.056465979652108776,0.02706372004600365,False,7.96356e-06,1.0,7.0,0.8,5.0
G31D,missense,False,9.0,11.0,119.0,B/LB,clinvar,0.1487,8,19169489;22348187;22432108;31365591;31576961;31638168;35663783;35822264,130.0,0.06923076923076923,,,0.0007702619291570617,0.015570358656319568,1.022300491264785e-06,0.14219492216695684,0.0011988700526988458,0.00022755445823036,1.0371506545394195e-06,0.00878600443158842,0.002640043422852865,0.001845213460897839,0.0007287672792960601,0.014849472244887647,1.6838731472805398e-06,0.14345080645235578,0.001092720143147463,0.00023669011391383915,8.721722589243664e-07,0.007897964886623822,0.002449260291419486,0.0016480936470770486,0.0003587801916427987,0.007782688912355111,7.687522259547172e-07,0.0644381842616749,0.0008742137328295452,0.00014713445737824866,6.239967990963114e-07,0.0069388304177653,0.0021760535953527877,0.0012913106373884616,0.0003751084526462695,0.007675942127271802,7.880608991643437e-07,0.06185211777530671,0.0008568490729961119,0.00015833588218142875,8.617967845938925e-07,0.006697097587077998,0.002026923699445504,0.0013155395481908177,0.00021678387211777263,0.003806898479185671,6.386830343715763e-07,0.029185289578340764,0.0006300094650619749,0.00010016741742599948,4.39597021652479e-07,0.005148802772394124,0.001674765678029332,0.0010118113405261377,False,0.000781979,0.8571428571428571,7.0,,
P379S,missense,False,6.0,11.0,9.0,B/LB,clinvar,0.7769,2,36208030;37396188,20.0,0.3,2.0,7.0,0.0007702619291570617,0.020426746119211473,1.100431262699625e-06,0.19835264896848445,0.0642823267939887,0.045508036698734745,6.592438932638488e-05,0.23289608589248653,0.0624426335301901,0.07720285954954224,0.0007287672792960601,0.01600529886171066,1.4517756695402905e-06,0.15325230648646748,0.06326803811237985,0.04571983439186676,7.209908351375299e-05,0.22533066345929106,0.05998118126081895,0.07565098952131875,0.002137224873416632,0.02715545905554062,3.862883070106004e-06,0.27368877026405775,0.06695100870432161,0.049889210199250134,0.0006312547366563881,0.2316409196480042,0.061638739892338645,0.07983381934509663,0.0003751084526462695,0.007949436606194089,9.996299030434152e-07,0.05446095464646516,0.04582454719923008,0.026653903308120157,8.70825974905936e-06,0.19873633925092693,0.05498665087146368,0.05560422657635928,0.0012250179220963193,0.014230058771883568,2.8119250428044036e-06,0.13229967472175447,0.05355253908893106,0.03525614382556753,4.2988758066481606e-05,0.21051720926251039,0.056674233451013314,0.0654889826451196,False,3.59885e-05,1.0,4.0,0.2857142857142857,7.0
P379fs,frameshift,True,10.0,10.0,0.0,none,none,,7,19169489;20132997;28012402;35122907;37197360;41525167;9287053,10.0,1.0,,,0.0007702619291570617,0.018199859039425646,1.058266316178518e-06,0.18971389932297056,0.018082242690636876,0.0005877579159736944,1.0313021363235095e-06,0.20381678872317074,0.07582688339524135,0.02063473064113078,0.0032672293692760242,0.03438483412110876,2.8559972763920625e-06,0.3533297037561115,0.038575605733920854,0.0020736759624992874,3.919281564060739e-06,0.4151676854422532,0.11963495269138381,0.042724922425871684,0.0064530720363805034,0.04532051765339052,8.541421636452906e-06,0.4630026619337731,0.051849411947523086,0.00340496598025179,7.478768191588636e-06,0.5493597823183471,0.13950119719522294,0.056727596741131175,0.01749030300597268,0.07373777993510267,1.4375993652686266e-05,0.6757970746316299,0.07609705249346274,0.008085595930590585,1.4257850566244526e-05,0.6778125389822366,0.16932636855132038,0.08266076095187047,0.02483399297904261,0.08960304895262507,2.6014048142527693e-05,0.6987436612726469,0.08871473118766177,0.012976882025955316,2.8918575666375097e-05,0.7025676913612493,0.1766056317209001,0.09683200739325941,False,,1.0,6.0,,
R131Q,missense,False,9.0,10.0,1.0,P/LP,clinvar,0.9964,5,23139355;23607861;28012402;35551682;9287053,11.0,0.8181818181818182,,,0.0007702619291570617,0.01808333178499202,8.741041597034224e-07,0.1927091252565786,0.011173022240574102,0.0005929873566015661,1.2978348347279918e-06,0.10658706203545412,0.04424747641719786,0.013501202335151188,0.0007287672792960601,0.015815595656253557,1.4208991330105118e-06,0.14905401353915904,0.01111270131734084,0.0005936004422853124,1.7825866873338042e-06,0.10054132644718299,0.04830984181779939,0.013325676534068142,0.005141542033382916,0.04371082993886897,5.146599541248572e-06,0.47185868221370175,0.030420969334843857,0.0025473388254660598,5.36860232532666e-06,0.2909776179750137,0.08512005501266923,0.035002058136141885,0.0014311753115667841,0.017721666085007172,1.7907137420208965e-06,0.16905588906426428,0.011210097838753704,0.0007082755927847737,2.938880152687352e-06,0.11099161938893616,0.03927200722341075,0.013976204890529994,0.005243366444034197,0.035772326655381596,5.291471518360586e-06,0.3800841293638292,0.023423427012407388,0.002234163838624623,5.726090103150149e-06,0.20195802064741666,0.07039740081747703,0.028270871536089284,False,3.97788e-06,0.75,4.0,,
R131W,missense,False,10.0,10.0,0.0,P/LP,clinvar,0.9971,5,29207974;34746319;36208030;36504295;36567880,10.0,1.0,1.0,1.0,0.0007702619291570617,0.01807273657828186,1.4717976509957408e-06,0.19446717887443368,0.01783183876145823,0.0005640030940946335,1.5539449948631249e-06,0.16433825998513246,0.07733125792657053,0.02042781051920226,0.0007287672792960601,0.015028478588821835,1.0976703322421784e-06,0.13315113346541257,0.01690693989632961,0.0006139869336171566,1.4711719820323564e-06,0.17749228519034266,0.0707436550458322,0.019488749989446122,0.005156927529211248,0.04197377086336715,6.019516742406782e-06,0.44696103991720854,0.041151875288013846,0.00284877687780012,6.732942658133435e-06,0.4146673336975847,0.11868120988542787,0.04571894345883134,0.0014311753115667841,0.01633335155338164,2.302416628358264e-06,0.15702213832490408,0.019703885857209044,0.000829796443729062,2.0028970915145734e-06,0.192995682363648,0.08100890638747578,0.022602362570480206,0.005256763299610785,0.03439689406513484,5.698526341351653e-06,0.3619930226346481,0.03760950646244689,0.0024752760464676654,6.009051319045376e-06,0.3956208192140221,0.11701287890357757,0.04241854454266403,False,,1.0,6.0,,
H582R,missense,False,1.0,9.0,13.0,B/LB,clinvar,0.118,1,36208030,22.0,0.045454545454545456,1.0,9.0,0.0007702619291570617,0.0193782131968217,1.2068741989940328e-06,0.18416869790833534,0.024785020233372847,0.013617764013327732,0.0003840783892651654,0.11238518272135782,0.030437483400359275,0.03170602932836753,0.0007287672792960601,0.015111794544251283,1.3422228707031326e-06,0.1453284210495587,0.023283786412508143,0.013179827320398602,0.00036829692811489673,0.10356996114466069,0.02855715664354374,0.029857623503706264,0.0003382227711301796,0.007026820146657281,6.83533193768937e-07,0.052764154275529385,0.017881839761356596,0.008144400973102406,0.00017480980666521637,0.08682754151301271,0.02471140535299259,0.022896031773644767,0.0003751084526462695,0.006297632261145441,7.809110217429109e-07,0.048567854391472196,0.01718295332467902,0.008012081830245238,0.00020957270979345716,0.09040956720887237,0.024675070041388966,0.022380791282471283,0.0002051714363529705,0.0034267535041783833,5.993394451812785e-07,0.02681020104055546,0.014070167768540677,0.005827694336644427,9.83573606361331e-05,0.0813791670682005,0.02178249274979775,0.01851341243791157,False,5.40325e-05,,,0.1111111111111111,9.0
P475L,missense,False,4.0,9.0,13.0,VUS,clinvar,0.2086,2,32684311;36208030,22.0,0.18181818181818182,3.0,8.0,0.0007702619291570617,0.017771687871723344,1.2723973681291116e-06,0.14609552175216148,0.049794676980159706,0.02721382075068865,2.8213861690586633e-06,0.2020877618085328,0.05972116888367565,0.06115873247786937,0.0007287672792960601,0.01656453138399118,1.546308129921053e-06,0.1572226838526426,0.048344576413678904,0.02619349195253913,4.165862230955752e-06,0.2043252144448298,0.05954449088761496,0.059174107883888875,0.00040559419489042265,0.008598325129079784,1.1420243173680217e-06,0.06809626984426125,0.03306981573015248,0.00461315873355048,1.5554758865201997e-06,0.17496428001845574,0.051214448641106754,0.04129953876989642,0.0013410731419148214,0.01651465758103775,3.818562331395772e-06,0.1523814525759318,0.0476245531284182,0.025522557157597464,1.750793407112947e-05,0.20120211350878867,0.05767269940359471,0.059121202706860436,0.0007334618239268915,0.010527437923166206,2.3347651772713727e-06,0.087263824121812,0.03382774813145103,0.0070418699946468,4.144550292945768e-06,0.17496514904621452,0.05075328917808609,0.043147642352808685,False,5.20216e-05,,,0.375,8.0
R159Q,missense,False,7.0,7.0,0.0,P/LP,clinvar,0.9859,6,20132997;32741144;33242514;35737141;39504571;41367451,7.0,1.0,,,0.0007702619291570617,0.01985701597356632,1.35633922804512e-06,0.1947117890543796,0.019199292096110685,0.000647283030383119,9.642923539984855e-07,0.2072867949357865,0.07818816245046069,0.02191927746819499,0.0007287672792960601,0.016358897404431746,1.5381553961356643e-06,0.15195544841880418,0.014778272938226505,0.0005334247407064636,1.6084324890552515e-06,0.13674878258398165,0.06661833990012456,0.01722871176181739,0.004916825960222997,0.039306582541633966,5.621515745949495e-06,0.41195711912958594,0.04230222958297046,0.002884502626511378,7.659320556264864e-06,0.44545655302576037,0.12171935186817817,0.0469503545755535,0.0014311753115667841,0.01614981289916798,2.1632213039792414e-06,0.1521769039407706,0.01580532385572803,0.0007988014347106917,2.0720823522017806e-06,0.16057132760454473,0.06065605461918474,0.01873042301221247,0.005047204999712857,0.033949064051486434,6.5088023182675425e-06,0.3607874719880358,0.032391966400922394,0.002318313741350616,7.411845510707842e-06,0.33335539731705166,0.10409820540704237,0.0371360622790357,False,,1.0,5.0,,
R200W,missense,False,6.0,7.0,0.0,P/LP,clinvar,0.9834,5,17440016;28012402;35796342;36208030;37396188,7.0,0.8571428571428571,0.0,1.0,0.0007702619291570617,0.017712812645862875,1.276315418938983e-06,0.16739124269667147,0.015268819510378076,0.0005991194126892913,9.506532158480391e-07,0.13618869658883828,0.07093278666578025,0.017401680094806686,0.0007287672792960601,0.01804627511840474,1.6834742266864524e-06,0.17742290986140968,0.012155064899629668,0.0005393184532897691,1.4787277138010092e-06,0.11743296075700681,0.05355205783361035,0.014312032545007356,0.004864961519617448,0.0403350020112748,5.34067370702457e-06,0.4231345174882149,0.03225321907275797,0.002481144412918618,4.1878335348288665e-06,0.315271199967107,0.09619177552081722,0.03690276631647593,0.0014311753115667841,0.016234712103365058,2.665909711304299e-06,0.16691516596774048,0.014102913488639164,0.0007215641073060597,2.0661087805906425e-06,0.13804322155490203,0.05615604230385789,0.01680372970644063,0.005001796656404027,0.03358643948441361,5.721219979309792e-06,0.3600656095381941,0.024768381843117533,0.002207292540909514,7.73981857431174e-06,0.2226095400338898,0.07911048753064784,0.029371349059476137,False,,0.6666666666666666,3.0,,
R229Q,missense,False,7.0,7.0,0.0,P/LP,clinvar,0.9988,4,28395978;36208030;36504295;36584766,7.0,1.0,2.0,2.0,0.0007702619291570617,0.018064662418226338,1.1624543467232834e-06,0.16751357191501667,0.015618288947888062,0.0006307343953544336,1.5166120289797336e-06,0.14936998131202225,0.06579117589016867,0.01831582596709455,0.0007287672792960601,0.017763396255472692,1.864271317862136e-06,0.1788067561241541,0.017258751060913038,0.0005685019936185866,1.155677770880321e-06,0.1695895144908445,0.07341146419635322,0.019851042915904216,0.005194507231664828,0.042562932435130874,5.836428469423768e-06,0.4297373754489723,0.04487296960086552,0.0028578319981287874,6.651967492056299e-06,0.4919502846117665,0.12892291833543146,0.049447359389471666,0.0014311753115667841,0.017941517194248392,1.9297525573721794e-06,0.1839228322058127,0.01966952743604663,0.0007784975892062699,1.757969076105104e-06,0.17572478392025773,0.08422905383084628,0.02231472293873887,0.0052894680437986456,0.03271824714303797,6.5008541278534476e-06,0.33458418694974984,0.0349998802155671,0.00261650296769563,6.799767770989571e-06,0.3522409951199802,0.11239750956840701,0.039777672914086744,False,,1.0,3.0,,
R271Q,missense,False,5.0,7.0,2.0,P/LP,clinvar,0.9848,3,29207974;36208030;41614819,9.0,0.5555555555555556,2.0,2.0,0.0007702619291570617,0.01900406315140244,1.2007652606295797e-06,0.18818315844025432,0.011017083273476445,0.0005403398701782356,1.1777048460296828e-06,0.11042798300267054,0.04272248539123195,0.013504615398117432,0.0007287672792960601,0.014807699821294385,1.5725067751838725e-06,0.1372532205973349,0.010216992784478629,0.000563510779634819,1.3366506393650812e-06,0.08704021139051663,0.042468938566459655,0.012449150756055693,0.00489392939398909,0.04145298088702307,6.229093653868776e-06,0.44560867332928983,0.02341370774417722,0.0024067565284655356,6.107803557534265e-06,0.20119236461908369,0.06599328985014132,0.027877113367221307,0.0014311753115667841,0.016817182079085943,2.900845202003801e-06,0.15904261170769163,0.010429774214678788,0.0007855304984956885,2.0503010250205472e-06,0.10011199206393225,0.036311209441320984,0.013264839949156199,0.0050271649663681025,0.034660508328939174,7.670151809456867e-06,0.35330487762566887,0.01964272664729663,0.0022809670328661213,7.783326423681594e-06,0.17795585420203933,0.052719231667568256,0.02450371981633334,False,8.03135e-06,0.5,4.0,,
R271W,missense,False,7.0,7.0,0.0,P/LP,clinvar,0.9986,5,25716801;32741144;34746319;35592779;36189138,7.0,1.0,,,0.0007702619291570617,0.018705153774083084,8.988181722454995e-07,0.19037473044348738,0.020078520743404608,0.0006373090662970659,1.3605137483491665e-06,0.22701535653484797,0.08206125077555605,0.022693307070565067,0.0007287672792960601,0.01665057546263745,1.6712215019185955e-06,0.16122028535662764,0.017449058491878323,0.0005702501462498024,1.3908774579007068e-06,0.1796816498969989,0.07663692493313441,0.019698876213192634,0.00519007023004642,0.042050741384666517,5.050346402173585e-06,0.4369220362119928,0.0452917659894966,0.0028449816729841796,6.407788748133739e-06,0.4951696620943616,0.1301840878715057,0.05007540009110853,0.0014311753115667841,0.01662808467025939,1.7845818279558325e-06,0.16118873166492667,0.018337971046088784,0.0007831636504711402,2.0253707066952908e-06,0.17941627940041638,0.07972582201889344,0.020921234930440742,0.0052856079200315435,0.03434608073874183,7.5842538863046856e-06,0.3566097112666225,0.03514225870462537,0.002603997406295388,7.522089269164919e-06,0.36833010589529047,0.10575003804939748,0.04032779260018697,False,0.0,,,,
R54X,nonsense,True,7.0,7.0,0.0,P/LP,clinvar,,3,32741144;33477506;41938318,7.0,1.0,,,0.0007702619291570617,0.017540886790099942,1.2068488859699281e-06,0.1786524338792687,0.020134076537586938,0.0005696939492670734,1.5658221230671517e-06,0.25217442879687235,0.08309304563744807,0.022502696776708873,0.0032672293692760242,0.03313135765852965,3.6192979566594008e-06,0.36850530804520715,0.033453749190852075,0.001809894995349709,3.1630863946277626e-06,0.35230869618178184,0.10717017986292812,0.03740638760428646,0.0064530720363805034,0.05011563877203759,7.073588027072883e-06,0.5129134056481813,0.05171540120389256,0.003686103154211146,8.240286847673392e-06,0.556567579096577,0.13926431315991794,0.05637808880854462,0.005748302318833196,0.0368670556690343,5.67237877258327e-06,0.3698196198233154,0.03769650638886557,0.0023366193501224153,5.277831152009743e-06,0.40258002819325533,0.11594214827978916,0.04231178295015507,0.006354764526450128,0.03462152070713308,7.289805103332183e-06,0.34687815343329254,0.03848778493018816,0.002630033374362785,6.107893123090476e-06,0.40870095180657545,0.11454330332173383,0.043429965467480874,False,,,,,
S353fs,frameshift,True,7.0,7.0,0.0,none,none,,1,20682686,7.0,1.0,,,0.0007702619291570617,0.021202471225647647,1.1584241622283442e-06,0.218073517686019,0.019514615335102677,0.0006522635217660071,8.785494847794952e-07,0.20440802303518177,0.08454838386205331,0.022060408086588875,0.0032672293692760242,0.03775302467995521,3.8356102174614105e-06,0.42988702839477866,0.03710266278841209,0.001864957184213829,3.4613225010026648e-06,0.44480806746610446,0.11753477338382404,0.04079637567846281,0.0064530720363805034,0.04490805353351572,8.70724026312147e-06,0.47915918136221713,0.04734384566773024,0.003472848692895037,7.053248426605521e-06,0.4897415360403399,0.13180076276170782,0.052179713703219305,0.01749030300597268,0.07730173095463587,1.585343842870758e-05,0.6929327654823709,0.07620420380426537,0.007825622760330074,1.4830937504070854e-05,0.6924179148836307,0.17023787884142486,0.08296572671410152,0.02483399297904261,0.08192245187718872,2.1881827095393676e-05,0.6831683025228066,0.0811597306116383,0.012472836481882115,2.3292986417729694e-05,0.6699127648808374,0.16633355757503135,0.08962924728168288,False,,,,,
c.526+1G>A,splice,True,7.0,7.0,0.0,none,none,,4,21242637;36418577;36584766;37334553,7.0,1.0,1.0,1.0,0.0007702619291570617,0.019817940213298486,1.1839697551189794e-06,0.19770156468164227,0.019760651403057855,0.0005835967467702401,1.1794010703833433e-06,0.22166914626776518,0.0838670534481051,0.022428440989751955,0.0032672293692760242,0.03872976498829651,3.1701973548385356e-06,0.44815507026160545,0.0398595230980215,0.0017501782225972729,2.645912673336583e-06,0.43458045894490127,0.12399597251625079,0.04377022722865466,0.0064530720363805034,0.04730701953774624,6.894547553478244e-06,0.5070797433496509,0.04473272249365309,0.0034232543906261475,7.458790509499013e-06,0.4718463692702543,0.12286594543045529,0.049684324040132406,0.01749030300597268,0.06966525911321997,1.5149040667508464e-05,0.6385961309939645,0.07813120521795068,0.00868420997736755,1.6496546163499012e-05,0.6670211933120618,0.16723206457300513,0.08516906697627617,0.02483399297904261,0.08891521723955177,2.8571140548967055e-05,0.739772903950601,0.08711062971981567,0.012030370882010043,2.3955782365408424e-05,0.7173470422683309,0.1795152821619974,0.09492693322235156,False,,,,,
I213T,missense,False,6.0,6.0,0.0,VUS,clinvar,0.9987,2,19169489;28012402,6.0,1.0,,,0.0007702619291570617,0.020820620854229383,1.1578904962348517e-06,0.21256832020786906,0.01689910624942195,0.0005714198507970447,1.1838844156260788e-06,0.15980032922751367,0.07460328088894769,0.019432383127761403,0.0007287672792960601,0.01630356876170559,1.3365967943848158e-06,0.16939962567302652,0.018617144365806044,0.000598803807957237,1.4195705116761915e-06,0.1948793225151995,0.08148393017719882,0.02100932744147081,0.005192288200805778,0.04034012406309811,5.846965286406569e-06,0.39812865376914985,0.04578656393719875,0.0031156705328869456,6.92570246207633e-06,0.4913249218786112,0.13073106201646453,0.050357198426811536,0.0013410731419148214,0.0172387235483041,3.400140525652972e-06,0.18322202926979655,0.019180150896993674,0.0010251149719828563,4.0734780594017056e-06,0.16132283244348997,0.08070630316406008,0.022120805804900476,0.007029053830277717,0.04122123526563075,1.2784761461470726e-05,0.390867738623791,0.04429918684847369,0.004057411188795837,9.654878705304885e-06,0.45741321985939765,0.12280754866457588,0.04976702842905111,False,,1.0,3.0,,
L107I,missense,False,6.0,6.0,0.0,P/LP,clinvar,0.7119,2,23139355;23607861,6.0,1.0,,,0.0007702619291570617,0.016325064302015475,1.0119306918892997e-06,0.14316947550469275,0.01652882268270864,0.0005759279675638421,1.6435151520602532e-06,0.15676884690303358,0.06606455170124262,0.01940808250295507,0.0007287672792960601,0.015607362485211197,1.2830376087089756e-06,0.14042778322855737,0.014809806384413305,0.0005966122307975727,1.5057311844537844e-06,0.1373301499268893,0.06513481358199132,0.017165028823216136,0.0016886655537880501,0.019056548831887885,3.191772720198653e-06,0.182066136990225,0.024226019180451145,0.001375413701717839,3.03748934713711e-06,0.2680173397866353,0.08967991673953395,0.027729645772907343,0.0014311753115667841,0.018122237931755873,2.6582254537994535e-06,0.20230515059485651,0.015284572498246335,0.000787072858438427,2.211770642265962e-06,0.14361494227102992,0.06610382637937182,0.017995759705764423,0.0020717093944919297,0.0162339117162071,3.6851652902882656e-06,0.14760796948589122,0.020269731755333344,0.0012668298149576694,4.235944148604807e-06,0.210214796358757,0.07665428236846653,0.023824844244039058,False,,1.0,3.0,,
P379A,missense,False,6.0,6.0,47.0,B/LB,clinvar,0.4822,3,23139355;23607861;29207974,53.0,0.11320754716981132,,,0.0007702619291570617,0.02013508572298809,1.0909118640015707e-06,0.20945601417019039,0.002129941427245005,0.0003155159305055315,9.639555608067277e-07,0.016253558466429174,0.0055655974368244154,0.0031019675741095444,0.0007287672792960601,0.01373872621418148,1.418441611788855e-06,0.12879212430990092,0.0019244650705620599,0.00032192921533087134,1.4810447370179815e-06,0.014509758472465413,0.0049998506384064684,0.0028436684817574206,0.000806627215841082,0.01365161809782944,2.191899359239471e-06,0.1326810512759568,0.0019376559065213315,0.0003607744479772069,1.6580486356906643e-06,0.013934409671690082,0.00455140754401254,0.0028007215317942965,0.0003751084526462695,0.007871879508427526,9.547623521256431e-07,0.050328751290464296,0.001259921414186513,0.00019341056827202618,9.059460732135724e-07,0.010810592690072071,0.0034256461659031862,0.001888098167922858,0.0004705724497994574,0.0075809901529601586,1.664162805517618e-06,0.062079365861301035,0.0014602120294684542,0.00025211891650734285,1.1853922713088372e-06,0.011412915113170443,0.004252839813238243,0.002210067897231834,False,0.00018794,,,,
P447L,missense,False,6.0,6.0,3.0,P/LP,clinvar,0.9479,6,29207974;34496959;34741762;38523849;39504571;40608360,9.0,0.6666666666666666,,,0.0007702619291570617,0.01720788084349217,1.2632378736621395e-06,0.1442284927324639,0.008153065844818126,0.0005665777544496559,9.605893621734903e-07,0.07626399729783451,0.031412929424956715,0.010442671140944139,0.0007287672792960601,0.014352395066226202,1.2457301472718721e-06,0.125535666308023,0.007723710203778123,0.0005157793122399354,1.3435319297157941e-06,0.0680015730153209,0.02792547793697278,0.009936399533120626,0.004191366671961674,0.0383385207837182,7.079703967246372e-06,0.40094037570922453,0.016370063842849617,0.0021407902616952727,4.3727851242153544e-06,0.12951490327577048,0.0448847714690977,0.020451373925886963,0.0014311753115667841,0.0174185867557578,2.7741492931723486e-06,0.16624334681428518,0.008698415835410723,0.0006931528169310781,2.292872343800146e-06,0.07563727864745647,0.031350122757142995,0.01107743114281868,0.004407008162029371,0.029850707145740556,5.93787966374689e-06,0.3246489374515446,0.014240324832660217,0.0017367507912520218,4.878285162891116e-06,0.1185352603418766,0.04105683536964894,0.018353476969561477,False,1.20392e-05,,,,
Q9_L12dup,inframe_indel,False,6.0,6.0,0.0,none,none,,3,19169489;25174781;28012402,6.0,1.0,,,0.0007702619291570617,0.018090726379270682,1.5270275029957065e-06,0.16485619583189925,0.020102085813892556,0.0006730689989749971,1.237455092304227e-06,0.18839057448025368,0.08610394254622007,0.022750447271125126,0.0007287672792960601,0.014550311157409764,1.5792328876367551e-06,0.13046902652601253,0.016785528997165847,0.0005589227679469227,1.387577874801586e-06,0.17239281180229385,0.07093623302337355,0.019338595389666556,0.002297090489071481,0.027833102940659486,2.300071880357461e-06,0.3232580627227481,0.023005164994215933,0.0011101572331492803,2.746439408377846e-06,0.26399957955801057,0.08149510105201019,0.02614566944670319,0.005011664176308767,0.03699454250309241,7.440828652573372e-06,0.36452007311601553,0.03414074697461712,0.002942936851649889,5.821464858002075e-06,0.35065854349195924,0.10260109213289732,0.03899921448427044,0.012730249106870936,0.05424958871520685,9.206482485333116e-06,0.5437250636874451,0.057448243281992384,0.004288290134207506,6.0209504996974e-06,0.6216637400015732,0.14934689817945546,0.06337553440462479,False,,1.0,3.0,,
R203H,missense,False,6.0,6.0,2.0,P/LP,clinvar,0.997,6,32238361;35921062;36584766;36836406;39504571;40274278,8.0,0.75,,,0.0007702619291570617,0.020554762516078788,1.6551370252335452e-06,0.21080856713142962,0.010523586251345331,0.0005591385403696141,1.15338735795669e-06,0.09780668277771289,0.039466263190592925,0.012946451840015678,0.0007287672792960601,0.016061571319773895,1.437630955741276e-06,0.14659113259409684,0.008409358578114118,0.0004944695081507305,1.1760616096315141e-06,0.08078236592414899,0.03156394153456053,0.010436391173374956,0.005154726449809997,0.04259715011118226,5.239558241922657e-06,0.4272028224396562,0.0212920171575036,0.002378892992218984,6.398899695139261e-06,0.1862240834428405,0.057589817130535646,0.02570533046753619,0.0014311753115667841,0.015011315391155397,2.689268947563476e-06,0.1505604786492099,0.008879015092234734,0.0007338899701313949,1.9063124146094449e-06,0.07420291437123662,0.03354580002342268,0.01136897350994004,0.005254846976942103,0.030475347884715908,5.341124540440185e-06,0.3068854648295511,0.018167984662931,0.0020461608994602814,7.436475773304797e-06,0.15867950293034366,0.05141350662316386,0.022878890083649937,False,7.95805e-06,,,,
G253E,missense,False,5.0,5.0,0.0,none,none,0.9974,2,31673528;36584766,5.0,1.0,,,0.0007702619291570617,0.018683932492632636,9.131732179919334e-07,0.1797380062136729,0.017618349243933705,0.0006218263110277027,1.1207231849867645e-06,0.1834970120929499,0.07297989181376391,0.020166440547154142,0.0007287672792960601,0.017591284630865345,1.5809794309298892e-06,0.19036321703066222,0.013768445009822316,0.0005623854787000285,1.560353784308755e-06,0.13979254099463512,0.057230329509877866,0.016123571162322315,0.005163537080543894,0.03905308943188828,5.959384934512413e-06,0.3933181958657559,0.042204781727670004,0.002782943145863783,5.280209795283239e-06,0.4736183260189323,0.12320023803950385,0.046752483032758294,0.005011664176308767,0.035461272793067086,6.343107399323268e-06,0.3404220691039587,0.03786709905285713,0.0026238989981835614,6.464449960124518e-06,0.3904479683218911,0.11105081659145617,0.04290175431044294,0.025465895031860156,0.08840169938524485,2.2251342960730176e-05,0.7064431402241318,0.0883999536104094,0.010807494213196574,2.8983024137983533e-05,0.7649433054701479,0.18553193292978892,0.09564337090804079,False,,1.0,3.0,,
L422P,missense,False,1.0,5.0,1.0,VUS,clinvar,0.1779,1,36208030,6.0,0.16666666666666666,1.0,5.0,0.0007702619291570617,0.017754290312138817,1.4548190239161198e-06,0.17848496060035318,0.06952000028690529,0.034313596725623494,0.0004338166266520695,0.3221508324888033,0.09139692744252603,0.08071817900123883,0.0007287672792960601,0.01591047925500422,1.1890284076199519e-06,0.17151117212573624,0.0652919697587766,0.03149723664096374,0.0002193312499563259,0.318922020455005,0.08677031723139725,0.07587233359912002,0.0003804110122034414,0.008116214977921,7.212400184968112e-07,0.06184658005191912,0.04816177630113785,0.01701194580863147,5.499961387098366e-05,0.27902096577176877,0.0778003716516596,0.056276042727590035,0.0013410731419148214,0.016737057064111806,3.1368436213078252e-06,0.15887938436487328,0.06361798805483998,0.02716331140708811,0.00033125848668974896,0.3453037487103426,0.09247686892182182,0.07419621827940105,0.0006963145517915693,0.00826926178905236,1.5269790135443982e-06,0.06106130618023088,0.046456105887426234,0.0167596585237543,4.703977412454521e-05,0.2769730993995048,0.07545675625712281,0.055678389537050205,False,3.98051e-06,,,0.2,5.0
P112L,missense,False,5.0,5.0,1.0,P/LP,clinvar,0.9855,4,21518407;32238361;39311780;39504571,6.0,0.8333333333333334,,,0.0007702619291570617,0.019673108034174328,1.0425835037272857e-06,0.19043524019812172,0.011949909058017504,0.0005762683752927333,1.1786233984021285e-06,0.11662447685195604,0.04728468450896789,0.014478895436207942,0.0007287672792960601,0.01559859550285843,1.4228978695950243e-06,0.15976367395757102,0.010572961124716417,0.0005480724285965156,1.1199336755996243e-06,0.08978511545473751,0.04544105884877922,0.012843877982914557,0.0049084860315581486,0.03750333143761137,5.131605553087496e-06,0.39388844333053297,0.029317909252624983,0.002591207513651269,4.56239620619773e-06,0.2838454242241698,0.08170029655013099,0.03415714681442831,0.0014311753115667841,0.015658519320012027,1.981297844402136e-06,0.15281297106242311,0.011459541389076707,0.0007293998773285394,1.983483487969605e-06,0.10090728559888262,0.047242599392754554,0.014064191865625911,0.005039906704630421,0.03161386367570273,6.714071911552548e-06,0.2972276901957903,0.022114574964050605,0.002205017164818312,5.486865577012939e-06,0.19610418332131593,0.06359277594952319,0.02724858271423366,False,3.98086e-06,1.0,3.0,,
P292fs,frameshift,True,5.0,5.0,0.0,none,none,,1,32550823,5.0,1.0,,,0.0007702619291570617,0.017759619479028613,1.4026188916811337e-06,0.1851253131290071,0.018643247317718943,0.0006210842739794425,1.1213857471162142e-06,0.16800995256552373,0.07926837793367589,0.02120219235673691,0.0032672293692760242,0.03664037330488532,3.0163602835460526e-06,0.39168239870745736,0.03524212308829957,0.001738942465597211,3.2842009090699734e-06,0.362862381554369,0.10853384688264225,0.0391516801479903,0.0064530720363805034,0.04405697389642521,8.419432067359723e-06,0.46990051844791225,0.04969563625600487,0.00378428277959708,6.506426594979666e-06,0.5373390719538353,0.13640391653987638,0.05451964912265715,0.01749030300597268,0.07524831223671452,1.703854058151664e-05,0.6926424396847027,0.07679719456688418,0.007825764907206836,1.3496973314608055e-05,0.6864244428053387,0.16974928131517306,0.08310294028373327,0.02483399297904261,0.09200563920027129,2.7121029947460524e-05,0.7028137316510096,0.08399546578941246,0.011775939405629567,3.38767070572724e-05,0.7052538115732434,0.17464198811578663,0.09194097914733217,False,,,,,
R263H,missense,False,5.0,5.0,0.0,P/LP,clinvar,0.9991,4,28012402;31411171;33242514;36782183,5.0,1.0,,,0.0007702619291570617,0.017487526047503595,9.78402217702261e-07,0.16098203384072388,0.018397829741371153,0.0006075980003758083,1.3118224418583132e-06,0.17577740867831618,0.07923146879259703,0.020990978466436352,0.0007287672792960601,0.014068501009122866,1.2447047725958327e-06,0.12708567987654093,0.016543221687125527,0.000564437018792379,1.4969637051677733e-06,0.1603144230379599,0.07658408485672352,0.018842468242086498,0.005201170690019064,0.043939316247989704,7.0487915250857255e-06,0.48149172266111384,0.04445266146991111,0.0030373207675974644,5.5842324718609925e-06,0.45192730703690553,0.12549440239419335,0.04936695867664099,0.0014311753115667841,0.0180941164976085,2.231805616391245e-06,0.1584213090910631,0.018965045688631964,0.0008638666735039803,1.7509116944550626e-06,0.18350317377363115,0.07635145603447596,0.02188298277892698,0.005295264501924418,0.03551477814231152,5.960080257110165e-06,0.39015562389120584,0.035837429498320535,0.0025211215836936644,6.58548702732026e-06,0.3575316230378378,0.10899496736435928,0.04101782371400089,False,,1.0,3.0,,
S225fs,frameshift,True,5.0,5.0,0.0,none,none,,2,11806470;33245425,5.0,1.0,,,0.0007702619291570617,0.018369799824820735,1.3413964425431239e-06,0.18475248350948018,0.017176430583351117,0.0006129681583165961,1.1969571227552095e-06,0.14921858203800004,0.0740948766301427,0.019831633633017338,0.0032672293692760242,0.03399425925448293,3.4220054016960654e-06,0.3621658395121098,0.03502556475999045,0.0019363251962982813,3.7313372531198476e-06,0.3911095361159929,0.10954958510921876,0.038871710579930045,0.0064530720363805034,0.0442904211422821,6.7816952687867174e-06,0.4241486328826162,0.04721642386118478,0.0035988843092517406,8.049342442235977e-06,0.500442401234461,0.12858995654436034,0.052164111511446336,0.01749030300597268,0.07593583259179357,1.708721240786229e-05,0.6773881737255685,0.07439644491707165,0.008335449297368826,1.3679487585650604e-05,0.6431994556764198,0.162964452954759,0.0810591984292697,0.02483399297904261,0.07984787324004013,2.40720628498712e-05,0.6297331627408659,0.08718701447170903,0.011197694025870591,2.2682990302046364e-05,0.7474352720954782,0.18261648795924348,0.09486765051303962,False,,,,,
S6R,missense,False,4.0,5.0,0.0,none,none,0.9792,2,29222740;36836406,5.0,0.8,,,0.0007702619291570617,0.018363513254817155,1.402081102832468e-06,0.18730591628916282,0.018998434729796496,0.0006753799173593348,1.0595431041631323e-06,0.18506591553513826,0.07768496028738925,0.021807869818641492,0.0007287672792960601,0.014926808317005763,1.464691253717088e-06,0.13755478287598918,0.01618835125545062,0.0005688267999912179,1.52800173039077e-06,0.16083384900055336,0.07172370431726531,0.018466702497354694,0.00477920914957762,0.03999534941074956,6.968498919352132e-06,0.4066708603445682,0.04225039149543676,0.0028735259934271175,5.943766279514936e-06,0.4656010685972592,0.1270017249624365,0.04655570361616449,0.005011664176308767,0.04011648303066845,6.889392446770885e-06,0.44187437062717005,0.03956259050923117,0.0028157678666356086,5.328780362165627e-06,0.43023448475569276,0.11841422394507076,0.04415941153989157,0.023887029427204724,0.08630592711813127,2.830963326760519e-05,0.7304446564002169,0.08303148889163538,0.011136818399039078,2.874705437174125e-05,0.697380763365914,0.17125071228761266,0.09076573932721098,False,,,,,
T10M,missense,False,5.0,5.0,5.0,VUS,clinvar,0.088,3,32238361;36723869;37237059,10.0,0.5,1.0,1.0,0.0007702619291570617,0.01809030261035418,1.464279419789342e-06,0.19437346491400845,0.008191211403473949,0.0005130249451698889,8.586619369566598e-07,0.07001104700703385,0.027823049707506296,0.010653220785660987,0.0007287672792960601,0.015987354627691075,1.2091884070689137e-06,0.15169604298616685,0.0058655044233233145,0.0004620954178096921,1.203001383724499e-06,0.05158783945798903,0.01943388673319249,0.007567498871732616,0.00032007567343057396,0.007182310770978218,6.726814352320422e-07,0.05597503216077859,0.003495539063041219,0.00019238006592489719,4.914747163657202e-07,0.031619515224669374,0.01588793179903917,0.004738316391072299,0.0013410731419148214,0.017536428868057525,3.2427956079992663e-06,0.17043113882827166,0.006918095411319976,0.00087405063682354,4.77641179579907e-06,0.05605551776442366,0.02169267939328636,0.009320513170088104,0.0006075459109215616,0.007410455759999143,1.2063552887323727e-06,0.05697362907015336,0.004556007955849338,0.00035096933938633714,1.1512320608079321e-06,0.039884986689725205,0.018757500142555405,0.006301645986084249,False,2.01867e-05,,,,
T589fs,frameshift,True,5.0,5.0,0.0,none,none,,2,27142837;41625734,5.0,1.0,,,0.0007702619291570617,0.018970997968569374,1.1559676935622641e-06,0.17216327514527882,0.019589462333249725,0.0005917263009543198,1.1857241073753212e-06,0.19095076560399524,0.08344723253188395,0.02211758011621507,0.0032672293692760242,0.038846454623732304,3.833841283901812e-06,0.43843249774773685,0.035888657066509955,0.001848097719620709,3.8902678327354855e-06,0.3973546450933299,0.11336693020626876,0.03992079412259384,0.0064530720363805034,0.0479889975583905,6.5115986308104165e-06,0.4992374496592277,0.04709905820875144,0.003465000070957667,5.686069949180794e-06,0.4981987962364198,0.13170232539346916,0.05208481489268617,0.01749030300597268,0.07741834399404535,1.2795448253633026e-05,0.7082801653006556,0.07493328705121467,0.007806960049532942,2.3163135888646925e-05,0.7005572591093687,0.16970643312820366,0.08131923570975737,0.02483399297904261,0.08555430451567954,2.9221497281826442e-05,0.7062529965239331,0.09015001897003326,0.011895666301124203,2.3166373876450065e-05,0.7150090600446279,0.1819735120698889,0.0978299386819449,False,,,,,
D135fs,frameshift,True,4.0,4.0,0.0,none,none,,2,30269055;37812285,4.0,1.0,3.0,3.0,0.0007702619291570617,0.020098366003820065,1.1302921209958878e-06,0.20894261667562858,0.017883729594357738,0.0005943517692843605,1.0102616266917176e-06,0.16842685973945468,0.07890519434181799,0.020439362566549046,0.0032672293692760242,0.038330188745973236,2.786048199158175e-06,0.41768954524372187,0.038641982163466315,0.0019108128606047732,3.5196316895544773e-06,0.4253846025425003,0.1220451117834973,0.04271609065347725,0.0064530720363805034,0.04639352354447341,5.3481401954913264e-06,0.47687737820092774,0.05057708270999847,0.0037058670627609417,8.093731645593135e-06,0.5190230342784131,0.13851520357226763,0.05550913668667283,0.01749030300597268,0.07710614157277491,1.5945440436691967e-05,0.7121672177893593,0.08283858372957019,0.008702948694037465,1.771358313976548e-05,0.7276247171682997,0.1799735733104031,0.08908324970201065,0.02483399297904261,0.08155570083858564,2.3575015109536564e-05,0.6871657191651885,0.08722952637014761,0.011813857998605983,2.8083207754979634e-05,0.7435118541144822,0.1815022540557463,0.09479483648003315,False,,,,1.0,3.0
G55fs,frameshift,True,3.0,4.0,0.0,none,none,,1,14598263,4.0,0.75,3.0,4.0,0.0007702619291570617,0.016636915330302003,1.3599891674153143e-06,0.16821652109886506,0.022075011951595884,0.0006794111858419547,1.171826239860633e-06,0.2665103066024857,0.0894029636037958,0.024750705879666487,0.0032672293692760242,0.03694176764567172,3.054192507230266e-06,0.4335219248393323,0.04525507466145217,0.0019621519693012756,3.2358140423616804e-06,0.5458056644187338,0.1344883668775368,0.04924513770324136,0.0064530720363805034,0.04716747600435724,7.216601323089633e-06,0.5005765385710887,0.05029127266218918,0.003399624409389083,6.8423966595749005e-06,0.5156753098549494,0.1364949691027265,0.05522828771566311,0.01749030300597268,0.07841119399862445,1.5240354368349099e-05,0.7060716055400305,0.07577395542313586,0.0073654739667646605,1.3009274297138123e-05,0.6680626014262268,0.16621461458891215,0.08239519492488566,0.02483399297904261,0.08685585430905357,2.3604284408601914e-05,0.6938912780440329,0.09649583637611386,0.013301431498134933,2.8788888859510195e-05,0.7210205898725723,0.1872340064140188,0.10431645280697738,False,,,,,
G574S,missense,False,4.0,4.0,0.0,none,none,,2,18390429;19228875,4.0,1.0,,,0.0007702619291570617,0.017555253029239586,1.2084897084442305e-06,0.17635157282053066,0.01644119517675958,0.0005854476209651849,1.0879315789917998e-06,0.15880962778562097,0.06829102304882109,0.019258460395716527,0.0007287672792960601,0.015547931966408749,1.616675953975057e-06,0.1585129343810386,0.016743154065495165,0.0005843410933084119,1.6611937970894504e-06,0.14489578618982696,0.07552765772208013,0.019282363794178574,0.002297090489071481,0.02462683386273771,2.5507321216162617e-06,0.2663631481211597,0.026858273312542147,0.0010485746659166428,2.3926278124652636e-06,0.28758568335362306,0.09541371172452821,0.03021326726824557,0.005011664176308767,0.034801859793991585,7.384997145677841e-06,0.3198795997096406,0.036588335650043394,0.002726011925270593,5.511233219567821e-06,0.37450040452266403,0.1127676227753156,0.041236147885955025,0.012730249106870936,0.052803841284757964,7.401449777237732e-06,0.521536603561961,0.053643798828637235,0.0042296348349970415,8.154134476141968e-06,0.5626241919205937,0.13788046124061595,0.05993661959778838,False,,,,,
P379T,missense,False,4.0,4.0,5.0,VUS,clinvar,0.8241,4,28012402;32238361;36584766;36723869,9.0,0.4444444444444444,,,0.0007702619291570617,0.019184259843548976,1.0743826417739578e-06,0.2001403920997254,0.00623823377725164,0.0005045034418839346,8.639073561107839e-07,0.05238575830164888,0.021547957982891924,0.008209872717968964,0.0007287672792960601,0.014038065874288373,1.415556088721156e-06,0.13968877867890803,0.00600806670050579,0.0004631255603208585,1.5288094791559602e-06,0.05665019498903301,0.020783153181563034,0.007872051516269801,0.00255423059007121,0.030507524186465275,4.786894953098536e-06,0.33569015148906206,0.010939515437060943,0.0013469609326184073,5.6840905914939996e-06,0.08987311110872716,0.03139332092382553,0.014069852203329536,0.0013410731419148214,0.017452490308230602,4.918682187236988e-06,0.17635526070651517,0.007846870105018581,0.0007733089510978066,2.4675958808811813e-06,0.0658164834238184,0.024282493825202974,0.010637519395989002,0.0036779873007915507,0.02920391391578452,8.169122513974703e-06,0.2815083356807467,0.012961371767494258,0.002041190093799104,9.235834076084808e-06,0.11202532373735792,0.032189489827545534,0.01709594688589439,False,3.28576e-05,,,,
P588A,missense,False,4.0,4.0,0.0,none,none,0.1214,1,27142837,4.0,1.0,,,0.0007702619291570617,0.020987293835240506,1.190697195529834e-06,0.20853365033817647,0.018420976419659715,0.0006362417411819273,1.0744657547971596e-06,0.1874629952872068,0.07891248620413101,0.021024921942377893,0.0007287672792960601,0.01669708284906358,9.82140417786685e-07,0.16351430900678784,0.015102534616084549,0.0005421537637590318,9.45406935421728e-07,0.1380888561834275,0.06852618048629815,0.0172780725986016,0.0003403965732212581,0.008371274354918435,8.942325871370581e-07,0.07214959387126273,0.00748082813208951,0.00022362920067227495,5.589228272398208e-07,0.05941009970867374,0.0439943292467438,0.00900317603616357,0.005011664176308767,0.03798581587802989,7.606801150191753e-06,0.3873987478814902,0.037203851942573495,0.0030198627043653108,8.566744518728173e-06,0.4124009612973708,0.10782310672698454,0.04223350915345697,0.0023422913038320136,0.020551410646480105,2.207050688149076e-06,0.20835138887829371,0.019834668267506156,0.001065517483690916,3.214879978111829e-06,0.19273357508927258,0.07743931171775188,0.023111142970677765,False,,,,,
R159W,missense,False,4.0,4.0,1.0,P/LP,clinvar,0.999,3,14575972;28012402;42310870,5.0,0.8,,,0.0007702619291570617,0.01989976737277965,1.4246046972873465e-06,0.20394951375697962,0.011530910374038219,0.0005599825140567165,9.59218986300296e-07,0.10592466596050182,0.0461500175632104,0.013919738747338943,0.0007287672792960601,0.015898721348812858,1.1103243398524909e-06,0.14410089807510312,0.01195250631575958,0.0005579497011135343,1.251058705949984e-06,0.10783424502644659,0.05445793551209238,0.01421030399362954,0.005198948475753382,0.04193875924340031,7.26748335624481e-06,0.4698364239323289,0.027555675958110554,0.002651656024247046,5.3804709062093735e-06,0.2615805262684875,0.08293387650374376,0.03212377655427896,0.0014311753115667841,0.017942739465635023,2.1243657833376545e-06,0.17511969454093448,0.012922696905878299,0.0008004872685139965,2.7706867580225544e-06,0.11852056835368757,0.050912686264386824,0.015612170878194982,0.005293331512376131,0.032659782475482756,5.718249073216914e-06,0.3230048090574306,0.023397802267122153,0.002474743446463528,7.860418546520583e-06,0.20675845145995,0.06727007526314303,0.028501012373609226,False,3.97807e-06,,,,
R171X,nonsense,True,4.0,4.0,0.0,P/LP,clinvar,,3,29439679;35615950;36178555,4.0,1.0,,,0.0007702619291570617,0.019396833247328747,1.2507374044846645e-06,0.2095840719482334,0.019673080897510083,0.0006014851323961895,1.0174178844755127e-06,0.19064012710538744,0.08323860705807962,0.022260980640960944,0.0032672293692760242,0.03817683474730884,3.32970580147125e-06,0.4472873189049565,0.03815255479853903,0.0018854716334675585,3.1102050365901727e-06,0.45420961663302706,0.12232639313014393,0.04209168409498664,0.0064530720363805034,0.04650980674487583,6.703573385780949e-06,0.4662033192260506,0.048350115182330296,0.003760942608830237,7.5389731610801375e-06,0.5038872998411138,0.13143422885397715,0.053536244842967186,0.005748302318833196,0.038044737993430694,3.567272820362851e-06,0.41011726416137145,0.03833920550626233,0.0022710412092089302,5.3186385238119195e-06,0.38971815056283127,0.11418671186911346,0.04295916351773541,0.006354764526450128,0.03765687209903191,6.70712006637974e-06,0.3833575882880788,0.03395116451358657,0.0025040132878270307,6.5217829573046395e-06,0.35181275252038363,0.1017789702125833,0.03929729409676975,False,,,,,
R200Q,missense,False,4.0,4.0,1.0,P/LP,clinvar,0.9812,3,15841481;32741144;39676784,5.0,0.8,,,0.0007702619291570617,0.01856930933845993,1.0120247772966345e-06,0.17755896329012702,0.012059618276156902,0.0005823327855194682,1.055963320896765e-06,0.1113223631055428,0.049684420135606054,0.014650901201351244,0.0007287672792960601,0.016902271426138232,1.1515816445225514e-06,0.15164809821814026,0.010003894863656049,0.0005117809679755522,1.1918685548934707e-06,0.09168278339009332,0.04139766821905741,0.012260438843670281,0.0048198295127168875,0.03964443789967939,8.822159569218913e-06,0.41086720636615087,0.02837933453969006,0.002654483567652576,5.863352500880203e-06,0.27979725844080533,0.07725283618598813,0.03313539417601921,0.0014311753115667841,0.014900730112198807,2.85071116036979e-06,0.13310610153188313,0.011140434694362164,0.0007167890974325835,1.769843507492205e-06,0.10437206614163053,0.04596313019621292,0.013651685874202938,0.004962240381706204,0.03378521293950728,8.213635746656271e-06,0.3431299991023853,0.022188101239825984,0.0022008726325279367,7.1789849789350275e-06,0.20256386935635787,0.06640513250692831,0.027021123260513816,False,6.57237e-06,,,,
T260M,missense,False,4.0,4.0,1.0,P/LP,clinvar,0.9978,4,20132997;29207974;30507613;36836406,5.0,0.8,,,0.0007702619291570617,0.017447825852157334,1.7582350541445128e-06,0.19049626087309593,0.013543564809091285,0.0005487576404298138,8.525969353455557e-07,0.12094981678203198,0.0588062120428906,0.01583434563140918,0.0007287672792960601,0.015051886383619945,1.603251612707822e-06,0.14025263506958982,0.009859381815792836,0.0005433032147711472,1.5510578023557317e-06,0.08829016265060437,0.03968488328892655,0.012073005839415873,0.005172364565501517,0.04034565171947061,7.13040174778656e-06,0.41322361174322186,0.025656643077074884,0.002566361423112556,5.420412461711831e-06,0.21994421858362947,0.07036583136042553,0.030375463192699903,0.0014311753115667841,0.017047685673619282,2.144265623815661e-06,0.15728032323580343,0.013007747218789684,0.0007420448176270985,1.8109489487948955e-06,0.1135142911495046,0.05054295469366726,0.015759689400953892,0.005270200811994042,0.03204243753232916,6.704590029309126e-06,0.34332886886565267,0.023230256823733662,0.0023763794134236326,8.017039633668946e-06,0.19623652185436427,0.06641533650303642,0.02831026277111678,False,4.01175e-06,,,,
W206R,missense,False,4.0,4.0,0.0,P/LP,clinvar,1.0,1,36584766,4.0,1.0,,,0.0007702619291570617,0.018917831827910816,1.3079618012586968e-06,0.17888560935302494,0.01877281721145622,0.0006598188019336277,1.4297979416080054e-06,0.18371368550048248,0.08249703345100798,0.02126911399744936,0.0007287672792960601,0.01609787926968214,1.5963959619461633e-06,0.16114016399989553,0.017983735206793916,0.0005877708818852871,1.4725568255458156e-06,0.19083394525170896,0.08182896111898981,0.02031321551841362,0.0052212184784384595,0.04313267698482116,7.154207886710329e-06,0.46114505577674386,0.041414606379333564,0.0031431424657854127,7.4800342598855715e-06,0.4386212380978354,0.11885509441088377,0.04621531797679278,0.0014311753115667841,0.015529079249389743,2.309247896860855e-06,0.15036663661056182,0.017295086648153313,0.0008029172243815412,1.6227917645581212e-06,0.1717640888455404,0.07195148821918354,0.02012851540330267,0.005312699134549082,0.03528499483172302,6.070806711591128e-06,0.35335523521957624,0.031434348830354265,0.0026771846314272455,7.3517917994607724e-06,0.29454809732598053,0.09717823984333357,0.03662531229120508,False,,,,,
A174V,missense,False,3.0,3.0,50.0,Conflicting,clinvar,0.3431,2,19228875;28012402,53.0,0.05660377358490566,,,0.0007702619291570617,0.019216183088860243,1.4420942214801894e-06,0.1887528001922369,0.0020969387043379677,0.0003172258740816947,8.071271419870918e-07,0.01570549611723329,0.005469416556693885,0.0030793893672869392,0.0007287672792960601,0.016525089293648692,1.947392309614239e-06,0.16306353322854147,0.001893106618018393,0.00030337039478279843,1.003872921955815e-06,0.014944684090302444,0.004610086599138219,0.0027908775372905343,0.0005539911121696136,0.011377477405232502,1.3429907487836753e-06,0.10076342220501305,0.0017502793359862373,0.0002627847759035481,1.1396383816841753e-06,0.013255868734343073,0.004401145207255797,0.0025788637992515606,0.0013410731419148214,0.018369981034772054,3.522269329510066e-06,0.17408031418446146,0.002483672206265211,0.0005597341932111468,2.7339059965238292e-06,0.017990468123456095,0.005337880535209586,0.0037326022916705955,0.0009512130565907024,0.01352755983256204,3.4567962518888803e-06,0.10925268001990565,0.00211399474113562,0.00042311306175187827,2.219254527970646e-06,0.015076646706027772,0.004731844339625942,0.0032422904967682274,False,0.000199534,,,,
E132K,missense,False,3.0,3.0,0.0,P/LP,clinvar,0.9955,1,14575972,3.0,1.0,,,0.0007702619291570617,0.01986393347007959,1.2295227332127806e-06,0.19746092803769213,0.020379320268066756,0.0006285843083196775,9.169282158572387e-07,0.2124143303020863,0.0858936143391338,0.022998638360304188,0.0007287672792960601,0.015810365501104342,1.2263836562594765e-06,0.14128051550875306,0.015368208400747452,0.0005796357948827252,1.4957555586199151e-06,0.13920218089821876,0.07269147285214327,0.01762695398156682,0.005121836131202637,0.03934018072252837,5.999251994377386e-06,0.3829733445535674,0.042373954673130945,0.0027765340458706152,6.572312378178587e-06,0.4237929771786899,0.1242291446590031,0.0469738576582883,0.0014311753115667841,0.01658408916572888,2.8989202229581596e-06,0.1653531177427112,0.016432657284222652,0.0007608850607942067,2.4987415201744496e-06,0.15181413028073149,0.06812117264171089,0.01925642538823342,0.005226201447004242,0.03505103963229986,5.851521559697308e-06,0.3795996053309784,0.03266124473969978,0.002457722898991742,8.45437230496262e-06,0.3230159928799727,0.09910594343427515,0.03766896580746622,False,,,,,
E230_C236del,inframe_indel,False,3.0,3.0,0.0,none,none,,1,33472798,3.0,1.0,,,0.0007702619291570617,0.019082575139390223,1.2515523220954018e-06,0.18981457917814976,0.01929582580606531,0.0005877876841147679,9.501298580753435e-07,0.1807620337896593,0.0860721202879312,0.021771786177710015,0.0007287672792960601,0.015004892997124267,1.466652595234784e-06,0.14088800477404503,0.017329352127885618,0.0005526660082172232,1.1882160344229147e-06,0.17206527003286293,0.07314618436277065,0.019724346714940198,0.002297090489071481,0.022097018717676626,2.1500565209404596e-06,0.22349993007802937,0.027577075273240458,0.0011079642678901035,2.3027868975827028e-06,0.2984987417987398,0.10114642365435245,0.03101275698275977,0.005011664176308767,0.03836052203202463,7.626668436624092e-06,0.4122592021653946,0.037993713948532105,0.0025701859887273734,4.772504457578259e-06,0.39745788173837776,0.11295783233407888,0.0429515872584608,0.012730249106870936,0.0510135380466739,1.1666780649552344e-05,0.5226960338254472,0.056144315282977544,0.004710579713356019,9.641442627765752e-06,0.5629405834179729,0.14007393121723224,0.06257765509914537,False,,,,,
E48K,missense,False,2.0,3.0,22.0,B/LB,clinvar,0.1297,1,9867222,25.0,0.08,,,0.0007702619291570617,0.01617218629142914,1.3353238065296284e-06,0.14396922996988998,0.003368252263207964,0.0004274144751711523,1.323531176824053e-06,0.026772687786727208,0.009464137707385559,0.004845302212709132,0.0007287672792960601,0.016346169128336977,1.3171405970849856e-06,0.16319176675078445,0.002922360238273586,0.0004045816425296665,1.262260602859991e-06,0.02465607452594631,0.008077881242289633,0.004145828672051862,0.00034580842493538584,0.007097170936519922,8.615842429805034e-07,0.05817466319897602,0.001818833486109886,0.000180185506405463,6.49745965784006e-07,0.015042944442064832,0.006328184812170494,0.002528179322115764,0.0003751084526462695,0.007331990136622989,1.1213487403681488e-06,0.043960586596091755,0.0016703681139698936,0.00021178511318462842,1.2957067009328502e-06,0.014110100844185096,0.005091437404071659,0.002518736267187675,0.00020945419010312454,0.003649752602742919,6.889367212174862e-07,0.02751739556506429,0.00126103542016364,0.00011940030795793398,6.187172822317933e-07,0.009693134139071911,0.005371280137561385,0.0018342724001750147,False,9.05171e-05,,,,
G288W,missense,False,2.0,3.0,11.0,B/LB,clinvar,0.3867,2,29666556;32550823,14.0,0.14285714285714285,1.0,2.0,0.0007702619291570617,0.020347648884949606,1.3146120661731795e-06,0.23131843694271165,0.00506316494639331,0.0004443174816271551,1.215468694021164e-06,0.044877601537658844,0.015736828733523067,0.00686113141742031,0.0007287672792960601,0.016707349746519738,1.332357544400874e-06,0.1645498865133066,0.004666699917675484,0.00044454373832288573,1.1381840305727597e-06,0.03906026127619375,0.014096166267830144,0.006358606945804924,0.0006196030478210656,0.010257933231366253,1.4339131665980724e-06,0.09208428652611023,0.004037309875022579,0.00041335579317912645,1.7686647570531012e-06,0.033654919367148414,0.01331197080687478,0.005531513195234269,0.0003751084526462695,0.006578668256673863,9.374328100935365e-07,0.04907835056465221,0.0028185512259822163,0.00023043993709865094,1.1208021200128338e-06,0.023168214834390806,0.010742338506870964,0.003944844713006338,0.0003645974856595646,0.0055188143326915596,1.4642475222058575e-06,0.04242935743663569,0.002815316024658803,0.00022813679270154038,1.1126691859129203e-06,0.023416674833676262,0.011581371070427206,0.00390722874046758,False,7.22771e-05,,,,
G47R,missense,False,3.0,3.0,0.0,VUS,clinvar,0.1215,3,32238361;32741144;41767394,3.0,1.0,,,0.0007702619291570617,0.01721422746649966,1.4467350568239313e-06,0.17173898966888912,0.021053826139956097,0.0006606113967273701,9.376202196218529e-07,0.23147949680219448,0.08431427840401334,0.0237990433335218,0.0007287672792960601,0.016193295911762197,1.5729572640421477e-06,0.16426368542160513,0.01786738892332929,0.0005635803209824601,1.6755417567667968e-06,0.17571522185759753,0.07984782166702051,0.02042966145007548,0.00034046088408740035,0.00728558231015395,7.491723389894724e-07,0.05336770804231924,0.007542434715393678,0.00020436145616760918,5.893439919474939e-07,0.06160141272260977,0.04410324616613649,0.008909190104792467,0.0013410731419148214,0.018068489205635915,3.854618609932528e-06,0.16953236926650556,0.017928894643225796,0.0010274158840440227,2.8800823189609625e-06,0.17761735316459012,0.07248955132075621,0.021008030242781486,0.000637455189268088,0.007697658324522374,1.4666504785404936e-06,0.061240093177757166,0.008468875235654915,0.0003912410268166167,1.4797441091922833e-06,0.06992719059780086,0.04414700981062416,0.01047099317826164,False,,,,,
N237D,missense,False,3.0,3.0,0.0,P/LP,clinvar,0.9978,3,31098941;34496959;41020216,3.0,1.0,,,0.0007702619291570617,0.016204310795307278,1.0264585280086554e-06,0.16226532990499393,0.01817176324098052,0.0006145434565197451,1.3634710346455788e-06,0.18742616876089055,0.07436829035710671,0.02072304005735175,0.0007287672792960601,0.01637636528119574,1.3365854867368078e-06,0.17458276424770724,0.016422552852895945,0.0005787241185580866,1.2177767100690112e-06,0.15049816119141554,0.07399447202790839,0.018630262707089913,0.005172364565501517,0.04405366031268261,5.725999331344935e-06,0.48789024380739,0.040961013299477135,0.0029960075176949123,6.60183645365501e-06,0.43327140197664915,0.11823712367271849,0.04565234693490643,0.0014311753115667841,0.019295316064267206,2.026607754111629e-06,0.19177993226194814,0.017808357811878717,0.0008004094493386624,2.0780275259689753e-06,0.1710984209611263,0.07566621773422523,0.020425789603702425,0.005270200811994042,0.03634493648217097,5.473361546311253e-06,0.3891558411732402,0.03394237828927536,0.0024579834588295477,7.069761162796371e-06,0.3541830702281093,0.10648034756775564,0.03894950936078743,False,,,,,
P112fs,frameshift,True,3.0,3.0,0.0,none,none,,2,36836406;41767394,3.0,1.0,,,0.0007702619291570617,0.01929450142093182,9.068921588355303e-07,0.18075425342617404,0.01628188775780274,0.0005906474506997041,1.123991858502711e-06,0.16351564140886227,0.07021437590493695,0.018729730870106386,0.0032672293692760242,0.033398764593555265,2.5103047013908806e-06,0.34100494856467956,0.03759550064843211,0.0018421293160595063,2.832511249109111e-06,0.43888667233272505,0.11935665445683759,0.04176173275230382,0.0064530720363805034,0.0466884542850997,7.037003774107754e-06,0.4610194633530054,0.04710752699079354,0.003400732658140629,7.098411633193899e-06,0.5213514924580729,0.1327618791438713,0.05194445169340891,0.01749030300597268,0.07379244285457286,1.7039709030854883e-05,0.6921347170146557,0.07392800184461959,0.008371513395974608,2.1534762299186645e-05,0.6747544688683873,0.16483329216151407,0.08074019199774878,0.02483399297904261,0.08453808886984902,2.1161219580335546e-05,0.7238290681469133,0.09128187273853794,0.012839719318838639,3.351542912771961e-05,0.7576436015974396,0.18511564440869277,0.09911948794890588,False,,,,,
P289fs,frameshift,True,3.0,3.0,0.0,none,none,,3,39191897;40608360;41525167,3.0,1.0,1.0,1.0,0.0007702619291570617,0.01834720977014131,1.0994136348644923e-06,0.174632798828413,0.018972926370033654,0.0006464814241754232,1.0547916787431572e-06,0.1884880814862739,0.0827658279788418,0.021571629786743755,0.0032672293692760242,0.035012110485523294,3.3179987873151697e-06,0.37298470075737383,0.04280114308951096,0.001959230778702841,2.9567208448191052e-06,0.4690620144866219,0.12481141578080436,0.04700796425784943,0.0064530720363805034,0.045607936690289924,9.607504265176603e-06,0.4632460770656624,0.046203147740067965,0.003199847048540311,9.608779192027757e-06,0.47513541770341533,0.1255067240083448,0.05111088603518486,0.01749030300597268,0.07195497736486343,1.3491167712722187e-05,0.6714910013366773,0.07718814994724939,0.008311701706839685,2.5395260920665285e-05,0.7019646916579474,0.17079401963442462,0.08385006178196819,0.02483399297904261,0.08633916692796027,2.8689774778611218e-05,0.6952613147725588,0.09209942960745426,0.012692709709353534,2.175976557198121e-05,0.761258212988673,0.18603271782280287,0.09981534938188091,False,,,,,
P379R,missense,False,3.0,3.0,1.0,P/LP,clinvar,0.9156,2,29666556;41262822,4.0,0.75,2.0,2.0,0.0007702619291570617,0.016063992812100365,1.2262620539712998e-06,0.1512708414284128,0.012361731512118454,0.0005733774018790659,1.1985251234885292e-06,0.117869093654076,0.04975491461339338,0.014917597027912122,0.0007287672792960601,0.016543253038942978,1.4905169538244016e-06,0.15978158774663512,0.012977517552774516,0.0005320387056781629,1.5080052715548612e-06,0.1280497238579913,0.054736689948129844,0.015273631621359293,0.003669479419982817,0.03468705533666634,5.302503705107094e-06,0.3693223145567408,0.023531124713036658,0.0020051532353628524,5.4485795285026015e-06,0.2223902373602101,0.07128711953293186,0.027869033922812966,0.0014311753115667841,0.018115823028625678,2.274948949499302e-06,0.17040412876877747,0.01357279522710548,0.0007602031075450327,1.6289131500550025e-06,0.11811967577495222,0.05385835847430477,0.016550798645288765,0.003938809243205648,0.02683866151263237,5.2683643186161425e-06,0.25453223483444737,0.018820288162628897,0.0021595870125364156,5.6676915342943795e-06,0.15387483623382864,0.057406956273961036,0.02345359180003718,False,6.57039e-06,,,,
P519L,missense,False,3.0,3.0,1.0,P/LP,clinvar,0.8038,2,32238361;36584766,4.0,0.75,,,0.0007702619291570617,0.018740434250416178,1.4046161080507708e-06,0.19017093807603844,0.012739324548882663,0.000506560019203352,1.1584158775775737e-06,0.12168272511194612,0.05315586257454396,0.015359331288601293,0.0007287672792960601,0.016185835082052253,1.3851126596117333e-06,0.14633855372780438,0.010715818737783584,0.0005398198061717113,1.309611121101288e-06,0.10316473754010697,0.04376068422559487,0.01283212330755997,0.0023640057968875566,0.02591663203878603,4.922509200031138e-06,0.25823454077619806,0.020484167641979984,0.0015455564059764309,3.316555132235658e-06,0.2059157047954642,0.06592656380069685,0.023862635560817583,0.0014311753115667841,0.01689625721539702,2.323828994287154e-06,0.17173742508238785,0.012343813621041378,0.0007335839002103365,1.6039170941542455e-06,0.12232398430943925,0.0467262511231323,0.015203924896746369,0.0027291444521574345,0.019901991868142656,4.254846834537285e-06,0.17803226568142227,0.016268242056350447,0.0013356871843914642,4.435103778411534e-06,0.14783441887385992,0.05496211528728415,0.019992100178821852,False,6.57004e-06,,,,
R203C,missense,False,3.0,3.0,1.0,P/LP,clinvar,0.9993,3,21168233;31363388;39420387,4.0,0.75,,,0.0007702619291570617,0.017701124475345414,1.2974968613722308e-06,0.17715554056737912,0.011925704418767608,0.0006075057878774323,1.3353120254823468e-06,0.11895729127698342,0.047774867368487406,0.01444323714118942,0.0007287672792960601,0.015093351331267948,1.4141643989502341e-06,0.12944887895282345,0.010630829010290225,0.0005603382626898408,1.1029560090727091e-06,0.0983279437020726,0.0450929693314776,0.012839670939373217,0.00520561830558536,0.04531585780745522,6.087507266778572e-06,0.48386283936509134,0.02788441968194765,0.002430099086341098,6.044019883305303e-06,0.2511288184960652,0.08008914497688738,0.032634973786620815,0.0014311753115667841,0.017164380920210862,2.180056406724043e-06,0.16833721966085702,0.010588106461424012,0.0007581073400606214,2.1445563817050654e-06,0.0962956170012,0.03982096879506646,0.013511122139546446,0.005299132993452542,0.033204065739259644,6.217559231603558e-06,0.3694353652861474,0.02136759752006927,0.0023831983257363715,5.78617482945693e-06,0.18026519419758527,0.061245541873396925,0.02617164447508823,False,3.97893e-06,,,,
R272C,missense,False,3.0,3.0,0.0,P/LP,clinvar,0.9998,3,10333057;36068963;36563694,3.0,1.0,,,0.0007702619291570617,0.01685331517787869,1.5783047452800314e-06,0.15584278592850476,0.016105905348315203,0.0005658760684518341,1.3041455896740212e-06,0.14609021395331112,0.07252332969815227,0.018428121944763818,0.0007287672792960601,0.015613133552218144,1.2520640535869163e-06,0.1439070920994687,0.01801597067795649,0.0005778384547845632,1.3486845089590815e-06,0.18491029150707367,0.07754996408038606,0.020368935879087478,0.005216755959757209,0.04173799294696628,6.636099818000064e-06,0.4271361503273155,0.04097729820143682,0.0028424671870973407,6.9675626387890385e-06,0.41371188513132606,0.11973078395371305,0.045427928391977214,0.0014311753115667841,0.017282589363123036,1.8445497912877517e-06,0.17802140750945467,0.015459074955724426,0.0007676043568569474,1.8613370079861864e-06,0.15365048194109507,0.06527080121718765,0.0181164830744302,0.005308818895993969,0.040646974737763936,7.006642514205817e-06,0.43805857643796864,0.0356289448090932,0.0025736103953666717,6.709511854901015e-06,0.3245238614299372,0.10550407135815122,0.041073422382036096,False,,,,,
V103M,missense,False,3.0,3.0,4.0,none,none,0.2302,1,29439679,7.0,0.42857142857142855,,,0.0007702619291570617,0.01992332569720504,1.0857511566252781e-06,0.21678145416557654,0.008387489904826245,0.0005082056459304902,8.760046447122319e-07,0.07746598879782214,0.02888459968461642,0.010848667936263361,0.0007287672792960601,0.015677456636271608,1.6384597340540527e-06,0.14973331169753018,0.006658418696512893,0.0005118153144964792,1.397202737676874e-06,0.061391953602849804,0.022028319080894417,0.008559151298886299,0.00042497228906335433,0.009296521577970824,9.886228268493188e-07,0.0790909931054748,0.0047067274425224934,0.00029448563970430465,1.1665532420460862e-06,0.04240632059436394,0.018693292229688338,0.006197516978919022,0.005011664176308767,0.03650749330665606,7.342276683681228e-06,0.37567509257206744,0.015130891476069629,0.002190154072299104,5.22213156562985e-06,0.1260823313895095,0.03843530086328556,0.019524780395323894,0.0028270016446143836,0.021942730250211435,3.818676191403581e-06,0.23126004453656854,0.010376887009783438,0.0012327644641460726,3.643230434392707e-06,0.08741317727877816,0.033270276249684164,0.013703655055650068,False,1.68245e-05,,,,
V133E,missense,False,2.0,3.0,0.0,none,none,0.9994,1,31576961,3.0,0.6666666666666666,,,0.0007702619291570617,0.018361184849830535,9.314698915014945e-07,0.19347533936403763,0.018304100434847995,0.0005947943849900055,1.1099566512566084e-06,0.17893506926237038,0.07806863462503418,0.020822828855796064,0.0007287672792960601,0.01627161909830874,1.0970823247592141e-06,0.15762244137092069,0.01285520522180592,0.0005915053455210868,1.3502980115484156e-06,0.11239763059934914,0.0550635326210434,0.01518083582647875,0.005207843707923509,0.0417157233312539,5.193875674126114e-06,0.4392859117464148,0.04525518861418551,0.002788285355863047,7.86664581086411e-06,0.48839396766915355,0.12924758496688799,0.05011163493362564,0.005011664176308767,0.034361042011745384,6.3704087615085e-06,0.3389360744224249,0.04041812931567018,0.0025338983638959517,6.2788443875777655e-06,0.4465036977225704,0.11903781494347991,0.04531390673763618,0.025645568711177805,0.08879406602596449,3.098275278885899e-05,0.7102003807940094,0.08541942256125216,0.010767492711959195,2.7112962847562003e-05,0.6796336279650362,0.17185886594610666,0.09322469355055371,False,,,,,
V264fs,frameshift,True,3.0,3.0,0.0,none,none,,1,31365591,3.0,1.0,,,0.0007702619291570617,0.018613048896208097,8.018776059806461e-07,0.21235291872423062,0.01889172360861056,0.0006063176742217853,1.12915196048467e-06,0.20695477666480672,0.0769529625101081,0.021786491675299634,0.0032672293692760242,0.036996924548479575,4.464319261086866e-06,0.40207125159312335,0.03708579376210637,0.0019207175210557265,4.590130493026112e-06,0.39690465381759393,0.11600099941960042,0.041066107722959745,0.0064530720363805034,0.04744104644739618,8.496615222340863e-06,0.5002250102323721,0.04967613916502592,0.003826094587458342,5.917627303042895e-06,0.5228300786620095,0.1333222023239637,0.05454573714228961,0.01749030300597268,0.07661797725798854,2.044107895230422e-05,0.6842118096536645,0.07270993558282393,0.008018185595776522,1.3835623786251038e-05,0.6033229867037183,0.15850329426959225,0.07964274394172306,0.02483399297904261,0.08954821349060649,2.422368914283811e-05,0.7157957102133952,0.08570446502830979,0.012755209936489181,2.984479847493407e-05,0.7103373351083626,0.17461078167051944,0.09367258277989035,False,,,,,
V380fs,frameshift,True,3.0,3.0,0.0,none,none,,3,32741144;35592779;35737141,3.0,1.0,,,0.0007702619291570617,0.018339269348607405,1.0077839841512138e-06,0.18656608854598764,0.01981009398977509,0.0005783530631649977,1.1622238798476777e-06,0.1823191708981743,0.0876154704490213,0.022347417352908287,0.0032672293692760242,0.03782410132424355,3.2807782830667374e-06,0.439777638446808,0.03635784964437621,0.001979999065312768,3.732035825142292e-06,0.4143738599210711,0.11561453944982301,0.040380707469220595,0.0064530720363805034,0.04657418102550042,8.557841503886348e-06,0.4750723162782692,0.0460715167550847,0.003576960759852942,8.298640059745225e-06,0.48332632910742146,0.12680874388328994,0.05053871629143342,0.01749030300597268,0.0751047092824455,1.5810888285872734e-05,0.7091654723308856,0.07254343382565268,0.007728306797637741,1.5027616484110079e-05,0.6768566529921166,0.16467442230770718,0.07924385376810443,0.02483399297904261,0.08973344365304822,2.3976967312594295e-05,0.7369820952453979,0.09112309599302075,0.012540685881843157,1.8201838110176767e-05,0.7382876063731882,0.1835393347718196,0.09886173491281865,False,,,,,
c.1533G>A,substitution_cdna,False,2.0,3.0,4.0,VUS,clinvar,0.1375,1,42472134,7.0,0.2857142857142857,,,0.0007702619291570617,0.01854597003912305,1.1513827433283568e-06,0.16682799425719497,0.008120609330421785,0.0005334961042859569,8.706432384909911e-07,0.07252960616831756,0.02870698683776614,0.010510025009258257,0.0007287672792960601,0.013977653772851846,1.7109795405697253e-06,0.13048417813543656,0.007076799802706649,0.00053655195386185,1.5446592545161349e-06,0.0659545935659247,0.025855247893599175,0.009044904095058717,0.0003510335446273306,0.009174189724180494,8.496371490471858e-07,0.06401264780506152,0.0039436962761194546,0.00021985564367770115,6.79015178970304e-07,0.03270748713809002,0.018268158134521262,0.005242399023199807,0.0013410731419148214,0.017041709479785894,4.075063887439863e-06,0.15367826212017968,0.008491979886158399,0.0009038652325115305,2.373568371152629e-06,0.07045285288788422,0.028221691849615736,0.01103845159458589,0.0006530113489504119,0.008901549804074115,1.472353645712887e-06,0.07664629045759962,0.004453689862004585,0.0003784863370202508,1.4555132523074589e-06,0.04024029109897526,0.01550418885417657,0.006126318765276261,False,1.59286e-05,,,,
c.1624-2A>T,splice,True,3.0,3.0,0.0,none,none,,2,31118792;36723869,3.0,1.0,,,0.0007702619291570617,0.019630643689591287,1.4019505640994414e-06,0.19552712213194837,0.018821345857159825,0.0006024027863488954,1.4689201262752992e-06,0.18666337423713342,0.08012919989367398,0.021662021103256192,0.0032672293692760242,0.038876992560211286,3.5677746287426724e-06,0.4436287683398006,0.0339268031743026,0.0018452382626632552,2.8389400950256527e-06,0.35117035322256873,0.10657097386852082,0.03796100207336478,0.0064530720363805034,0.04806980740116512,6.9594087128858415e-06,0.4958422520799879,0.04476672053441381,0.003743369063253077,6.842902969552359e-06,0.47112011467581194,0.12518724204148896,0.04965495340984572,0.01749030300597268,0.07321654393083742,1.4641137471913452e-05,0.6651946575737849,0.07628481713817067,0.008195251428562547,1.3409029674781026e-05,0.6995268216894478,0.1700724159208624,0.08281905019971451,0.02483399297904261,0.0825519806419106,2.597827001089472e-05,0.6659579420058076,0.08824302603186186,0.013030553623849049,2.5842744244092797e-05,0.7195086802056845,0.1754949917662322,0.0964971719212061,False,,,,,
c.713+2T>A,splice,True,3.0,3.0,0.0,none,none,,2,33477506;36836406,3.0,1.0,,,0.0007702619291570617,0.016569643070631596,1.2425752599417561e-06,0.15622592441485886,0.019268609215335374,0.0006434393307118455,1.2438880549648048e-06,0.20940147911391155,0.07985721939054721,0.022116137762306507,0.0032672293692760242,0.03834000391260908,2.488976699437556e-06,0.42490061770691934,0.039800619920764814,0.0018650227666807272,2.7240129796959674e-06,0.4294116162098232,0.12462211311305556,0.043978462513582894,0.0064530720363805034,0.04660566447694671,8.47268694494316e-06,0.4670490186461579,0.046131571702269177,0.0032896984419256863,6.7748607707633325e-06,0.4753618981049987,0.12950693485070594,0.050963539864740885,0.01749030300597268,0.07254514487865354,1.3663657803389698e-05,0.6630507245757438,0.07272537398392426,0.008370784391063124,1.8264915667529433e-05,0.6926583095805502,0.16444528203806977,0.07934681330782317,0.02483399297904261,0.08705673732456624,2.7435571564604867e-05,0.71676122724522,0.08720647784828381,0.012853642979999693,2.2808603969600623e-05,0.7380141769062412,0.1786023879261098,0.09508408712165804,False,,,,,
A116V,missense,False,2.0,2.0,1.0,P/LP,clinvar,0.996,2,34746319;36068963,3.0,0.6666666666666666,,,0.0007702619291570617,0.01897262513465449,1.5170538563726894e-06,0.20232710716617558,0.010833972315855653,0.0005975912119785967,1.2243838164410797e-06,0.09869876892863286,0.04246815736446557,0.013416748122109776,0.0007287672792960601,0.013577402646156317,1.3718515701939718e-06,0.12063578233271256,0.010580964237630322,0.0005866999898827334,1.2679282246046855e-06,0.09279575395093985,0.0451524846067948,0.01291479346941512,0.005132773394308849,0.04098822291068226,7.408382988345138e-06,0.43668598022472815,0.023941802566986907,0.0024814459628680575,5.572134095489149e-06,0.20623445523192188,0.07077697609939625,0.028410530926993666,0.0014311753115667841,0.015663368600863634,2.6124672606687946e-06,0.14739788633583364,0.011340568355960097,0.0008186725490723005,2.2647931392324992e-06,0.10108293658948138,0.043687856142707315,0.014040709200617696,0.005235729302051063,0.036728305397829626,5.380532568679189e-06,0.35894333043401877,0.02404424772259246,0.002270158246483454,7.79058105230445e-06,0.21019484050663084,0.06912750488131413,0.029123893021458923,False,3.97947e-06,,,,
A180V,missense,False,1.0,2.0,0.0,B/LB,clinvar,0.4059,1,28934671,2.0,0.5,,,0.0007702619291570617,0.017956734336330795,1.2053731271650913e-06,0.17819946537347017,0.01684037772862662,0.000554323806847662,1.497731690229082e-06,0.16215665958404132,0.07456924451887835,0.01946811574274959,0.0007287672792960601,0.017968927473650188,1.4061171450069004e-06,0.18304333771017903,0.015735588719817936,0.0005380922737576825,1.3039194888101517e-06,0.15106374481151036,0.0679623692047567,0.018211697452056103,0.0006520092424486509,0.01179325221748966,1.6298316945752157e-06,0.09058840190266125,0.01343218582089766,0.0005373876984416307,2.1596254487299823e-06,0.11421572132023353,0.06438494768199259,0.015561670576439465,0.0003751084526462695,0.006495028266329728,9.84924292071234e-07,0.04384170565499363,0.006748873779619399,0.0002750719964985637,9.934487461374555e-07,0.05821700987629092,0.034312887952266696,0.008210879525060798,0.0003829654332843949,0.006110704576268351,1.1047274099255622e-06,0.044631583767255505,0.006392815846134836,0.00026533370185377787,1.228132976472887e-06,0.04699517952207108,0.03855155482225063,0.0078119650163776,False,,,,,
A251T,missense,False,2.0,2.0,1.0,P/LP,clinvar,0.6573,1,29666556,3.0,0.6666666666666666,2.0,2.0,0.0007702619291570617,0.01696920206726926,1.507011711245632e-06,0.1742226861072839,0.013351314252953932,0.0005606767322155581,9.659439669603287e-07,0.13368125183512786,0.053460732150364565,0.016059251405045917,0.0007287672792960601,0.017282030863790526,1.4447207845046228e-06,0.16721543091480032,0.010918276153330214,0.0005687792499051668,1.3321955678080928e-06,0.09386822687225478,0.04425214831753964,0.013308529288162877,0.0013979800944522276,0.017895729822631865,3.818139932308165e-06,0.17703595719402027,0.014308027895772823,0.0010157579810272576,3.569369266465482e-06,0.13599575579128895,0.05168612421215378,0.01707582319167465,0.0014311753115667841,0.01794888780994025,1.8741525256772128e-06,0.17204165488974724,0.01265761568918709,0.0007646584241829868,1.886484756593796e-06,0.11876108234894638,0.04715930954329638,0.01543828394788767,0.0017785968205609798,0.016212295139001836,3.5395815627454603e-06,0.15791333804660018,0.01377619434343729,0.000913836335626963,2.8949247088225192e-06,0.11243393496714793,0.05603997269729362,0.01673004143353069,False,6.56935e-06,,,,
A276D,missense,False,2.0,2.0,2.0,P/LP,clinvar,0.9972,2,31737858;39504571,4.0,0.5,,,0.0007702619291570617,0.01763342522359036,1.579504891326964e-06,0.17121504293522066,0.010321021892839104,0.000562063728423853,1.1076986008245849e-06,0.09667321564355519,0.03721677075214455,0.012863887081168734,0.0007287672792960601,0.014730953156612612,1.3181375144326497e-06,0.1374086798176224,0.008566716655086256,0.0005013294184217392,1.3159321085215497e-06,0.07879534972879483,0.03483790262806898,0.01074977273043295,0.005159129660457766,0.04028683655766586,6.124326184122093e-06,0.4072397918262026,0.020148586346252797,0.0023268460970632425,6.768331968244688e-06,0.17159744485962766,0.055213000396247325,0.02461078650061749,0.0014311753115667841,0.017096349150418598,1.85527321689222e-06,0.15223476321103285,0.009181438279163208,0.0007183830752202821,2.5804487048310426e-06,0.08385127790943123,0.032719077905966454,0.011787077482996585,0.005258680452009563,0.03282151042656128,7.989564482871102e-06,0.32546655873289076,0.018318644054212598,0.0021756684863111844,6.917677551011675e-06,0.1578618394029666,0.052912622606647954,0.023168394897106395,False,8.0468e-06,,,,
A301T,missense,False,2.0,2.0,10.0,VUS,clinvar,0.067,2,10027593;37396188,12.0,0.16666666666666666,,,0.0007702619291570617,0.017566088444962824,1.2875258664942386e-06,0.18749769660581286,0.004767784850824656,0.0004450027721596676,9.624568119472588e-07,0.04651269461521917,0.014851350131952133,0.006533389947850424,0.0007287672792960601,0.016766936697815822,1.0731557301559168e-06,0.18152497208185706,0.004914762047918115,0.00047610646786819613,1.487205838822905e-06,0.04296643696726546,0.01605230701608354,0.006573854412648369,0.00030840929382158007,0.00709178247922457,5.755359885199302e-07,0.04637600678661789,0.0023280778799284045,0.0001752417613558557,4.783814485106346e-07,0.019741290879544147,0.008635034075542107,0.003241524526298836,0.0013410731419148214,0.016889534286366466,4.0523994573755935e-06,0.15114354926816131,0.00567697340769366,0.000809065416979026,3.842499606690727e-06,0.04600427504997418,0.015675231878446494,0.007928129071961967,0.0005905050398054704,0.00865399720122437,1.5901886166150163e-06,0.06974351915457337,0.0029508540464877296,0.0002956754904921996,1.4597880569369062e-06,0.022409682369890632,0.010982355459949545,0.0041860846977686385,False,4.50779e-05,,,,
A559fs,frameshift,True,2.0,2.0,0.0,none,none,,2,32518064;40608360,2.0,1.0,,,0.0007702619291570617,0.017552998288459663,1.3244659927903943e-06,0.17619844134220453,0.020407961988847412,0.0006337262782727369,1.217958994195131e-06,0.22090885685515166,0.08183862050727336,0.02339684010049817,0.0032672293692760242,0.03563896976608166,3.179974987795675e-06,0.3676022484703604,0.03677607381872486,0.001848379472987729,2.7397078255179646e-06,0.42896510401541693,0.11662544313401146,0.04062934135411002,0.0064530720363805034,0.0447168916538525,6.525521828254292e-06,0.453143254080419,0.04678923499946013,0.0037549226925427163,6.360780146213289e-06,0.44920448854653044,0.1256336820955377,0.05205452387699256,0.01749030300597268,0.07865102875395488,1.8705417693510027e-05,0.6789193627609983,0.07917063008906387,0.008063758920385751,1.6357331723662332e-05,0.6929054042436833,0.173149769569666,0.08568681447638128,0.02483399297904261,0.08228926621520935,2.8273990721590966e-05,0.6746170245301749,0.08536618670125723,0.012209546550660436,2.339981383755058e-05,0.6731419090881613,0.17473770600862015,0.09325777245010783,False,,,,,
C241G,missense,False,2.0,2.0,0.0,P/LP,clinvar,0.9882,2,32518064;40608360,2.0,1.0,,,0.0007702619291570617,0.018584251487761824,1.1982463225038661e-06,0.1683025390857484,0.019073961061331197,0.0007000165973033604,1.0951297493517265e-06,0.20525811865626076,0.0778610516501848,0.021735146311913277,0.0007287672792960601,0.016134743584909718,1.5694144939832038e-06,0.15080816030313346,0.014452610288887627,0.000595402345571615,1.4996023120642455e-06,0.14095520236696682,0.06055698791314397,0.016883906913921512,0.004965090658768541,0.03999695657643096,5.656350319986938e-06,0.446740262905489,0.038644238038167446,0.002498111960773809,6.105127895545453e-06,0.42077656319912193,0.1146313650432159,0.04334703664113543,0.0014311753115667841,0.016064889563927515,1.6440743329652513e-06,0.1639034005932792,0.015194601691513134,0.0007571416523559542,2.4418514538098836e-06,0.1455682330196734,0.061181177486934565,0.01817650410762578,0.0050894156606643825,0.03557021965589895,7.234931450125727e-06,0.370421173187395,0.03179767613925158,0.002230468469200496,5.959975145514447e-06,0.30482806102897697,0.10030015891910753,0.03659181204785883,False,,,,,
D135N,missense,False,2.0,2.0,0.0,VUS,clinvar,0.9605,2,29207974;41525167,2.0,1.0,,,0.0007702619291570617,0.0184100660221141,1.225362729345818e-06,0.17014709857474453,0.021329351337163224,0.0005624555931000308,1.215651880728415e-06,0.230499712155729,0.08672547332731716,0.023859984736181127,0.0007287672792960601,0.016157780351251684,1.5631004990668075e-06,0.15713161433433326,0.015434540944969963,0.0005516598306108947,1.5104072081133795e-06,0.14730015826929838,0.06528542439774172,0.01783549643651571,0.0044175515057675654,0.03982402752540923,5.884310226305948e-06,0.42947235971440456,0.03863574207566809,0.002693807182711836,6.6369568318116295e-06,0.41330488649980385,0.11385364846499683,0.043245690728046925,0.0013410731419148214,0.017845135888121273,3.241034960116212e-06,0.16896486713767875,0.01626813329549692,0.0010488107366691654,3.971261431140992e-06,0.15539767797304885,0.06309632968578342,0.019418961310185966,0.0060615092588964916,0.038921453706729454,1.116158066373738e-05,0.39410391075183226,0.03917079472721211,0.0033113410590570615,9.237410258050847e-06,0.39379787749253,0.11247273444212028,0.044646021606650585,False,,,,,
D77N,missense,False,2.0,2.0,2.0,none,none,0.1811,1,34496959,4.0,0.5,,,0.0007702619291570617,0.01902016191074215,1.6634835607167672e-06,0.21020840561651344,0.009374603740620319,0.0005361150531874319,1.226986693847655e-06,0.08085474898341573,0.036036093843804747,0.011723202212955227,0.0007287672792960601,0.016642761028665375,1.783845746501284e-06,0.16526363007469633,0.008934874230027087,0.0005055846637845366,1.5672484425952473e-06,0.07219070514065805,0.03761948424332163,0.011090916612343227,0.00038291445532831155,0.0076575420133784995,8.432116261545739e-07,0.05749619595632997,0.004529606628371826,0.0002557385409534773,8.127772560779162e-07,0.0348197657269671,0.023183741342824648,0.005764357028757702,0.005011664176308767,0.03535919737399673,6.656735643816389e-06,0.3688850760040904,0.018075145445639994,0.0024252345342971778,7.787265924754729e-06,0.15077619885020688,0.04812407028826538,0.02265570016056073,0.002586199295686678,0.022057460560641,4.097459105879822e-06,0.19702364577547765,0.013728933098878583,0.0011972633619291764,3.839733921447967e-06,0.12002346983302625,0.045250389751772,0.017585339366377187,False,8.46776e-06,,,,
F268L,missense,False,2.0,2.0,0.0,P/LP,clinvar,1.0,1,20132997,2.0,1.0,,,0.0007702619291570617,0.017419750892127855,1.1475116577143845e-06,0.1838160446851006,0.016348384689174926,0.0005517704917630561,9.195320418079162e-07,0.16194594694801714,0.06853311743332617,0.019117615858081576,0.0007287672792960601,0.014893556376870514,1.6470526665797097e-06,0.1425258857925874,0.016620685159234483,0.0005790727830152835,1.4612120435916553e-06,0.15755390078016995,0.07689227857513771,0.01892501734210415,0.0052212184784384595,0.04425008042762305,4.777586951712382e-06,0.47057709138872333,0.039484107113375175,0.003001903355696601,5.6202909677466495e-06,0.40899520724085664,0.114179416540967,0.044214890316793216,0.0014311753115667841,0.01741203988630725,2.774052236318186e-06,0.14873081891603204,0.015946054267286052,0.0007432162098033757,2.1268935693495093e-06,0.1616244308655153,0.06465122807786725,0.018666124737421644,0.005312699134549082,0.03471781977756664,5.219424907318265e-06,0.3458896610333979,0.03591729447609202,0.0024749139285958534,6.413797071814853e-06,0.3669905787374487,0.10921435646975851,0.040893451838153294,False,,,,,
G191D,missense,False,2.0,2.0,0.0,none,none,0.4578,1,9287053,2.0,1.0,,,0.0007702619291570617,0.01885967460831841,1.3350971987139297e-06,0.18032291178529172,0.01915537165568848,0.0006605908421500818,1.2316811515533104e-06,0.20739485795319193,0.08171916391389186,0.021488674323817954,0.0007287672792960601,0.015495609796631008,1.2097510206442827e-06,0.1437879975578019,0.01770742440965918,0.0005795528414882765,1.1078909247148047e-06,0.18658040706480675,0.07646970915842785,0.019905697924687767,0.0007522244687674116,0.012535942095579832,1.7326269544348941e-06,0.11464288656627969,0.013996567461090278,0.0006093656320995296,1.8937272570867322e-06,0.11922078224700476,0.06355807222716021,0.016272649399370166,0.005011664176308767,0.03421042055616401,7.570623667395536e-06,0.3302544787505238,0.03891140847527177,0.003170369482134331,8.233322737698527e-06,0.392934982470739,0.11250783890586881,0.04420028409594182,0.004666227724044743,0.031772530386807774,8.852495214484085e-06,0.3335781487909329,0.03433845396746214,0.0024833651556197267,7.932711642017426e-06,0.3415462843040009,0.10535179007001767,0.03907107302666183,False,,,,,
G207D,missense,False,2.0,2.0,0.0,P/LP,clinvar,0.9998,2,23674172;26961851,2.0,1.0,,,0.0007702619291570617,0.01805004957419264,1.329824087991471e-06,0.173620409320236,0.02017606679562182,0.0006634524825638399,9.345091342802377e-07,0.22905162624102793,0.08008205360785295,0.02291276486225419,0.0007287672792960601,0.016847730980159237,1.4939160205221508e-06,0.17204428343201028,0.014256786736226561,0.0005524880322221649,1.8559666908451195e-06,0.14056069199534246,0.06423532666637839,0.01648281249755301,0.005216755959757209,0.03976264047202048,9.031624834365326e-06,0.3858568051958355,0.044515746821524524,0.0029430533944165725,6.966848412814506e-06,0.47022033164320887,0.12696021649371475,0.04916549217130802,0.0014311753115667841,0.016137871016337915,1.9773984888870874e-06,0.15652121544408298,0.01575686740265218,0.0007613403873529274,2.504109249451324e-06,0.1513932260945448,0.06729194441018027,0.018619334621994114,0.005308818895993969,0.032686242301008035,6.294641180518689e-06,0.30761929498252105,0.031138187744780964,0.0024703395185016828,6.915173836501884e-06,0.2695075930070846,0.09698432776220224,0.036298540348878125,False,,,,,
H126D,missense,False,2.0,2.0,0.0,none,none,0.9998,1,34035238,2.0,1.0,,,0.0007702619291570617,0.01875810494416512,1.362535496442106e-06,0.20625147054009035,0.01830287188074856,0.0005403001019766625,1.519113667058923e-06,0.16976748525537877,0.08018205768765999,0.02092132277836293,0.0007287672792960601,0.014653044758388507,1.278133352203221e-06,0.1412387110155537,0.015545544541510983,0.0005940491992594264,1.1889732874499627e-06,0.1457963562860461,0.06926794294991938,0.01781552376414332,0.005216755959757209,0.041218056178914594,5.067040174758788e-06,0.40746286156340233,0.044572005858590995,0.0027303340310518465,6.076126260744134e-06,0.45439461416050053,0.12587822615321645,0.04900289953569358,0.005011664176308767,0.03547589877085776,7.445732935384647e-06,0.3612657363001409,0.03495339713635956,0.0025307942429452085,8.872553754604766e-06,0.34652674640395315,0.10487006330385554,0.03981942844277992,0.02568165265363989,0.08972377175241811,1.79570919984913e-05,0.7428636308993661,0.08641000969479576,0.011026702304853609,2.4796305906094334e-05,0.7240511644156937,0.17891837194972096,0.09402423329219232,False,,,,,
I618M,missense,False,2.0,2.0,6.0,VUS,clinvar,0.1582,2,32238361;32741144,8.0,0.25,,,0.0007702619291570617,0.02078410337318736,1.3910960264019033e-06,0.21732952651647586,0.005761857707946892,0.0005058104119611872,9.368903392404203e-07,0.051732235764403216,0.01733580436696562,0.007792989276130145,0.0007287672792960601,0.01718267436030451,1.949028978756389e-06,0.1603032563285014,0.0054960318210028475,0.00048330039847018343,1.6072650620081512e-06,0.04617632567851619,0.019385215948885526,0.007316696290563611,0.0003655843247779946,0.008364385593718687,6.724012967008581e-07,0.05970942241191543,0.003729941491588044,0.00023499466482650874,4.788164851083939e-07,0.03318455741026637,0.01512454650292443,0.004934769533952996,0.0013410731419148214,0.016602813637446916,3.190351581634974e-06,0.14864127730850749,0.007099689450332242,0.0008167223748115344,2.989722851645656e-06,0.05710539630612586,0.020760956900844528,0.009632334160645297,0.0006744499149089057,0.009327882349015942,1.8286750945567046e-06,0.07017453344989866,0.0041068730714603745,0.00037641277234470036,1.3545662615017307e-06,0.03420516437961643,0.016085360172729067,0.005670340205921621,False,3.9414e-05,,,,
K120E,missense,False,2.0,2.0,0.0,P/LP,clinvar,0.9993,2,24698406;32741144,2.0,1.0,,,0.0007702619291570617,0.018930595841684814,1.031682511677269e-06,0.1817709157101687,0.01833680645503439,0.0006384356721559378,1.2743017593477718e-06,0.18351834029263395,0.07820544471441805,0.02113872200759857,0.0007287672792960601,0.014766750487499172,1.5443022287752456e-06,0.13377689335724507,0.013755746047468893,0.0005878794759600423,1.3892393924524146e-06,0.13809134241330218,0.056434774955185896,0.016188384151851132,0.00520561830558536,0.04183754815045767,6.284384107441014e-06,0.4572210629478693,0.045111695020423385,0.0030399839283085546,6.9171100869606215e-06,0.47828917700267426,0.1278566382234837,0.049978812082933075,0.0014311753115667841,0.018917335640528596,2.1397286883806375e-06,0.1869290154485309,0.01807882085909663,0.0008072265579868969,1.5768536142328864e-06,0.1860778639218624,0.07643179363219146,0.020814315307993183,0.005299132993452542,0.03536384649725116,6.06177776080295e-06,0.3297873275573489,0.036386484030540824,0.002405969382725822,6.472190714612545e-06,0.3824304801599946,0.10728987636020557,0.04127039576998235,False,,,,,
K198fs,frameshift,True,1.0,2.0,0.0,none,none,,1,23679181,2.0,0.5,,,0.0007702619291570617,0.018195352228204238,9.491215822543017e-07,0.21032907426975375,0.01879510937992191,0.0006404940978255124,1.3563277138440947e-06,0.18603528661215812,0.07486385652966371,0.021851577748188678,0.0032672293692760242,0.035229843175871425,2.63154210602862e-06,0.40864459286753785,0.037951692801772546,0.002084294455108925,3.4992787024857206e-06,0.3993087205573558,0.11570095943939353,0.04201301478556692,0.0064530720363805034,0.045727727360705045,8.830027131768422e-06,0.47121016621072653,0.05461045794886739,0.003493967596704229,7.52845867854506e-06,0.5840827063234586,0.14724214585716944,0.05937892000233227,0.01749030300597268,0.07143482594537391,1.3673102840069906e-05,0.6375854509227713,0.0748845837049882,0.008002167146678524,1.603518022217943e-05,0.6753990682211788,0.1658626749172084,0.08171688151570528,0.02483399297904261,0.0861982124463676,2.3168196504121696e-05,0.7147191034063873,0.08861487188949997,0.011652670035719303,2.8495742043948183e-05,0.7213944800428506,0.17925841163045775,0.09674700494633198,False,,,,,
K540fs,frameshift,True,2.0,2.0,0.0,none,none,,1,33242514,2.0,1.0,,,0.0007702619291570617,0.018552221948856033,1.3544226099128701e-06,0.18580716105101205,0.01894063272383465,0.0006125687838084048,1.2448967908245505e-06,0.21148029215195469,0.07883146592553084,0.02142243639719221,0.0032672293692760242,0.03581686681770877,2.87991424107719e-06,0.38595505045452433,0.03448320240493682,0.0018468401855075344,2.9623686552581296e-06,0.4064234710096015,0.10760796862572113,0.03839899485102156,0.0064530720363805034,0.04743912842450486,7.989520892943293e-06,0.48197396407266596,0.04782298037029435,0.0036595856864770973,5.740388446763452e-06,0.46140920123105283,0.1286337192875334,0.053121499412661026,0.01749030300597268,0.07102801895132042,1.7577909818012305e-05,0.6189741984350301,0.08009544548220328,0.008459639309097487,1.8182304510560356e-05,0.7276875539071207,0.1758041241604893,0.08657386652967544,0.02483399297904261,0.08675094327606674,2.270947922049558e-05,0.7386061150459615,0.09110091529428323,0.01177296392729928,2.938274213701007e-05,0.7296024912359909,0.18298669574937435,0.09865111973965428,False,,,,,
L383fs,frameshift,True,2.0,2.0,0.0,none,none,,1,36178555,2.0,1.0,,,0.0007702619291570617,0.01851690373871778,1.3182489213158394e-06,0.2051150055089304,0.01683886199711433,0.000613895451489576,1.2802909506330983e-06,0.15712539324988892,0.07246516463199124,0.01956724305265608,0.0032672293692760242,0.033599083037692955,2.7563870024405508e-06,0.35947638885584693,0.035386484645861666,0.0018790054133343012,2.833949121650277e-06,0.36617094247382576,0.1102821187210298,0.039468943247080765,0.0064530720363805034,0.04660197872612211,9.591837417474496e-06,0.49585081794286234,0.04527323950435094,0.003600687998761709,5.9256202071880555e-06,0.4999916408536474,0.12632349455396236,0.05011592504476747,0.01749030300597268,0.06746271819689391,1.275034389539147e-05,0.6210755847182949,0.07683573162927891,0.008493232337928057,1.4903377303433491e-05,0.7051308477033063,0.1702745258018557,0.08326751631572496,0.02483399297904261,0.09024655463324359,2.2932790062903988e-05,0.7355273729749098,0.08795413308850925,0.011863430631060212,2.546672494449359e-05,0.7279065449145702,0.17927429705171602,0.09562302973362287,False,,,,,
M1?,start_lost,True,2.0,2.0,0.0,P/LP,clinvar,,1,37197360,2.0,1.0,,,0.0007702619291570617,0.016998643451989506,1.1312527864081537e-06,0.1687614603323685,0.01977381655975222,0.0006662979716155787,1.6044603327901097e-06,0.18336967509387328,0.0867045189148426,0.022248396772065256,0.0032672293692760242,0.03864817175677887,3.4076857634634783e-06,0.4342387215267721,0.03559326152318162,0.00183675445581133,2.7586270864224525e-06,0.3816369026060314,0.11214000481598257,0.039705244829101295,0.0064530720363805034,0.04674237309223398,7.754583844843125e-06,0.5046277568587525,0.04713317435004687,0.0036109665758902653,5.7377106590298985e-06,0.4778537321633868,0.13086401648323706,0.052094250411861616,0.005748302318833196,0.03534912312060273,4.699545907365875e-06,0.37691965790027876,0.03681600423543269,0.0024888999141351857,4.730880849320341e-06,0.3778864309095294,0.10810694105269633,0.04152555748234406,0.006354764526450128,0.036567796868693846,6.738638421173213e-06,0.37194919068265314,0.04002802095977642,0.0030837395123648973,5.505129988146832e-06,0.42462459120654117,0.11740852584017589,0.045259542730805256,False,,,,,
N237S,missense,False,2.0,2.0,0.0,P/LP,clinvar,0.9582,2,26961851;30656436,2.0,1.0,,,0.0007702619291570617,0.018370506851075188,1.0930418746555008e-06,0.18357560482076551,0.018643821499445518,0.0005819390524384369,1.077051749250888e-06,0.18333201354952702,0.07693669959791827,0.021308927188558546,0.0007287672792960601,0.01621131552276598,1.4797704975230704e-06,0.1665555473835805,0.01606168172231245,0.0005627014095469431,1.548165951354775e-06,0.1472525476439395,0.07703149196932316,0.018223736174254702,0.004375249003931514,0.03848459821939777,6.02841443333785e-06,0.4343755312904414,0.04041517161661738,0.002815947478549531,7.176996695053281e-06,0.4270548226119658,0.12087213727937847,0.04492807029195286,0.0014311753115667841,0.0174492186437472,2.0277870743889243e-06,0.15780302191093512,0.018471186128660475,0.000806140384301286,2.215392127644463e-06,0.16855168740427087,0.07934118253533216,0.02118019404367367,0.004570360101245148,0.033859495765890105,6.018909941340165e-06,0.36704999929061427,0.030062452902209796,0.002280378355780095,5.689467073345278e-06,0.295147946712503,0.09638006021388314,0.03488957008651346,False,,,,,
P129T,missense,False,2.0,2.0,0.0,VUS,clinvar,0.995,2,14575972;15687377,2.0,1.0,,,0.0007702619291570617,0.019855801811256093,1.2178021508958942e-06,0.22412313422737645,0.019875892386330137,0.0005538539447631698,1.1258373907599008e-06,0.20426263645191278,0.08322351791525741,0.022490566082543594,0.0007287672792960601,0.01622184939452028,1.3305590664798155e-06,0.15197855428340024,0.01546057998373709,0.0005836831336173064,1.5565567183809266e-06,0.1372495418006911,0.07128551395232684,0.017777121960030392,0.005110924959282383,0.040442128458735745,5.956038966721292e-06,0.3999021734389136,0.041107377815679476,0.0028562619374236007,5.882927967004801e-06,0.43904381495516087,0.12087275118082604,0.045842427189300414,0.0013410731419148214,0.01751815416120778,3.7125929055141886e-06,0.17527835696567506,0.01790754092676931,0.0010109572371955482,4.275116181767623e-06,0.17201645140838548,0.07003385396777863,0.021031715119872705,0.006927967128791337,0.044882466220483176,1.1829000826182526e-05,0.45678361108322213,0.040098818055538485,0.00400538577660973,1.1878953902475034e-05,0.38991232036775025,0.1112338694445135,0.045742750973895976,False,,,,,
P291S,missense,False,2.0,2.0,61.0,B/LB,clinvar,0.0572,1,20132997,63.0,0.031746031746031744,,,0.0007702619291570617,0.018989943371203712,1.3447733845585621e-06,0.19242591989790944,0.0017052690539500156,0.00030046128855204534,9.018734223454005e-07,0.012520014908374398,0.004132391972177225,0.0025943361906391143,0.0007287672792960601,0.017386742584683507,1.4164510946483084e-06,0.16741968698358617,0.0018022022891026437,0.00032320100412647673,8.747091932081171e-07,0.013449933055581566,0.0046853156178835904,0.0026431750249291657,0.0003032370734983685,0.007589401986556485,5.196236515529242e-07,0.05505249868827217,0.0011079923507861685,0.0001333684086309793,3.840477103198685e-07,0.008695287108689475,0.0030758472442973255,0.0016197337010191663,0.0003751084526462695,0.0073414408921381145,8.620615454690979e-07,0.0523064247037211,0.0011471660733840354,0.00020030183962406968,9.420793629889742e-07,0.009238539194052611,0.003111072724033942,0.0017580710712440093,0.00018546780557251267,0.0035218005588272742,5.194083648496975e-07,0.018832254996857485,0.0007562854632957334,8.905160039379046e-05,3.682323076653175e-07,0.006090549316861226,0.0023879970150901472,0.001159645059500237,False,0.000254478,,,,
P379H,missense,False,0.0,2.0,13.0,B/LB,clinvar,0.9251,1,36208030,15.0,0.0,0.0,2.0,0.0007702619291570617,0.017561652192800224,9.63163287181452e-07,0.16307850176209482,0.0037091867702296164,0.0003995654825260244,1.0927655695957215e-06,0.03306782558200045,0.01092278033499943,0.005122919814296904,0.0007287672792960601,0.01663275388798035,1.6406495751934223e-06,0.17274470614339454,0.0035796529193108427,0.0004090056076323686,1.2779985063107543e-06,0.028899913388347784,0.010774601526068994,0.004897607262181134,0.0038148224067097096,0.035950021034357134,5.823012051439962e-06,0.37263176252609764,0.0070178970832676536,0.0013376503728706975,4.035093280422115e-06,0.05137150406867443,0.01710190829511364,0.009632270341771214,0.0003751084526462695,0.007890260263665549,9.369124669261945e-07,0.066692123341636,0.0023441517597097,0.00021763319498510872,8.023013157723717e-07,0.020077442485528667,0.00831778546783744,0.0032797206915159485,0.0021824932785178127,0.020320062529267685,3.6070225299039652e-06,0.19724132361244284,0.005296405956385677,0.0008132946589320062,3.135105615196659e-06,0.039589096302349136,0.013925935090399504,0.007771117883208894,False,5.19763e-05,,,,
Q125del,inframe_indel,False,2.0,2.0,0.0,none,none,,1,34462253,2.0,1.0,,,0.0007702619291570617,0.017097413788968195,1.131105598540905e-06,0.15615564867138973,0.01762467929151404,0.0006387059352130136,1.6674488921817341e-06,0.19489563324071352,0.0753524826178836,0.02021710563847817,0.0007287672792960601,0.01639328210567702,1.7099776168166182e-06,0.15018589446257644,0.014568011526605118,0.0005621662587742739,1.4813064089773058e-06,0.13117985974094207,0.06611118075788491,0.016875038956217957,0.002297090489071481,0.024640955245668627,2.8432720099791103e-06,0.2691900295886792,0.02331227569160208,0.001147813167041073,3.4434260955942163e-06,0.23928541074004195,0.08826298838436163,0.026673549838116636,0.005011664176308767,0.037016346873253676,8.011764333637013e-06,0.363136083476308,0.04164911021686196,0.002774161555168412,7.650556644813694e-06,0.44552040157962647,0.12330207093614584,0.04659053958996131,0.012730249106870936,0.05522875564760986,1.1445512223117669e-05,0.5516888594279601,0.05790527814753198,0.0042819645712747385,9.373469673585282e-06,0.5940824500121686,0.1481480685961725,0.06389496970969448,False,,,,,
Q176X,nonsense,True,1.0,2.0,1.0,P/LP,clinvar,,2,32238361;36208030,3.0,0.3333333333333333,0.0,1.0,0.0007702619291570617,0.016913699459909292,1.193234866925219e-06,0.17161189730327547,0.010558588902274568,0.0005282345464453419,1.3347534737078394e-06,0.09681550046139749,0.040397762342981945,0.01291219795072047,0.0032672293692760242,0.03868551024599379,2.5224046630812134e-06,0.43716605918503165,0.01841954632813237,0.0014939505772222127,4.037230795403552e-06,0.16990372319505237,0.05635819435348307,0.022152550129623187,0.0064530720363805034,0.045724609866194484,9.184026532377131e-06,0.46804478741786004,0.02581328755110647,0.002816723476018515,8.221517466062824e-06,0.23075859066935273,0.07048065798075223,0.030685314039505182,0.005748302318833196,0.036463143378894614,4.917672117348984e-06,0.3639224365844286,0.021158250378495624,0.001977914330281538,4.559792266335926e-06,0.18701360827829216,0.06145744737297546,0.0257018937867389,0.006354764526450128,0.037583484408342714,8.900284610356798e-06,0.3639258635133509,0.021985695836216654,0.002307560218335814,6.092891886048784e-06,0.18443774897662457,0.06380912830042144,0.02693704973577789,False,3.99406e-06,,,,
R200G,missense,False,2.0,2.0,0.0,none,none,0.9909,1,20132997,2.0,1.0,,,0.0007702619291570617,0.019285669175048707,1.0436355193340673e-06,0.20324902517138466,0.017945609710706988,0.0005900588290106454,1.127338872558647e-06,0.18112490837780526,0.0740915067081683,0.020625038939979516,0.0007287672792960601,0.017597385540771768,1.2370073849469323e-06,0.18204148531060105,0.01855316926858266,0.0006074014465395385,1.247904295174962e-06,0.18767977261545918,0.08355544967793593,0.020848421206767026,0.005022429363300687,0.041120350877435694,6.6213327750344865e-06,0.4463644589084632,0.04394246152869022,0.0029907030799861583,6.201847073429757e-06,0.4658002053865851,0.12536406337352887,0.0487058624461734,0.005011664176308767,0.037108005991986624,7.12013144438432e-06,0.37231232658853974,0.03835503856835811,0.0028056627433317607,6.6787460771336155e-06,0.3977273980047006,0.11390722884292656,0.043207089075300374,0.024890479530521335,0.08763202207757172,2.238178989464595e-05,0.738824813612857,0.0830703848750967,0.010103396344963433,2.6158976390758354e-05,0.684033784677453,0.17285490539117354,0.09077479486332161,False,,,,,
R263C,missense,False,2.0,2.0,1.0,P/LP,clinvar,0.9993,2,32238361;9287053,3.0,0.6666666666666666,,,0.0007702619291570617,0.01776335832606467,1.1882914067349443e-06,0.17999854920786687,0.011964802255870129,0.0005623358715390009,1.1617634007730392e-06,0.10887133989219826,0.05077502992563123,0.014534572261376317,0.0007287672792960601,0.017055426122694343,1.392380054645155e-06,0.1700935140867619,0.0106878041258511,0.000543325918307699,1.599530616758149e-06,0.10191904843627211,0.0428882086625409,0.013082977087404834,0.00520561830558536,0.0417238162914576,6.445197198833678e-06,0.4563325397503759,0.024765955474444865,0.0026535372918999067,5.4334221071768e-06,0.22054063177704866,0.06810593531995916,0.02952366082801222,0.0014311753115667841,0.01719089130798012,1.8476771959672046e-06,0.1644609970742956,0.010260286650300043,0.000805827820420532,2.1718417675165204e-06,0.08985221171863612,0.038377808434970136,0.013043272361307735,0.005299132993452542,0.03457440956247973,6.317822384497822e-06,0.32233983447838543,0.0233732858397941,0.002308799516853647,6.757536715782252e-06,0.2083218910464567,0.06609898826223531,0.02857303495998394,False,4.01326e-06,,,,
R263L,missense,False,2.0,2.0,0.0,P/LP,clinvar,0.9974,1,12712243,2.0,1.0,,,0.0007702619291570617,0.019199922407539954,1.1627540200079752e-06,0.19756677552413635,0.01871592221892305,0.0006629218576886143,1.3229639884900576e-06,0.1899290516834805,0.07838344540661969,0.021315022834067256,0.0007287672792960601,0.015438530583241662,1.4723024482871813e-06,0.15190756433675487,0.016325003099332845,0.0005559832696578149,1.633981318263042e-06,0.16206854030741227,0.07122752089475128,0.018580290792003625,0.005163537080543894,0.041733340385621376,6.552353297165305e-06,0.42910372784723255,0.039886140753938176,0.0028609357274285993,8.712176284335053e-06,0.39576074608030987,0.11661939506028257,0.04465840127107431,0.0014311753115667841,0.016648387071295224,2.6354290335398852e-06,0.16652895025399822,0.01779839687032492,0.0007734789649051781,2.2997057079873654e-06,0.1896562008354209,0.07350078592845316,0.020408877404491554,0.0052625172475153125,0.035147165801500575,7.49694478099874e-06,0.3765788612465589,0.03605261015233042,0.002497971880656402,7.385582926064261e-06,0.35639449283120683,0.10938585333136032,0.04103062214916642,False,,,,,
R271G,missense,False,2.0,2.0,0.0,P/LP,clinvar,0.9997,1,35466084,2.0,1.0,,,0.0007702619291570617,0.018072070403823654,1.1193865409928388e-06,0.18399056507311212,0.017600996814762356,0.00058311274909776,1.2300848627793635e-06,0.16614290508555377,0.07510491583179282,0.020096633995923704,0.0007287672792960601,0.01605067552488083,1.3313182084264187e-06,0.14663044723747848,0.016399958106956068,0.0005548552794000757,1.0672988886122849e-06,0.1714391351347873,0.072410128777145,0.018736160222256774,0.005214526299387564,0.038809202287412935,5.247357985462817e-06,0.4073748483022619,0.0428958604622783,0.0030373069511461315,6.37875981909832e-06,0.4459502228990551,0.12230681084610413,0.04786435188179931,0.0014311753115667841,0.01720308974214195,2.1757894064902363e-06,0.16075547578690325,0.01672300221853622,0.0008108650968607692,2.3135999956476366e-06,0.15529967304174871,0.0683476533406037,0.019676815227850485,0.005306880036956112,0.035534718923052364,4.574793010576723e-06,0.36019446074731587,0.03308201541672641,0.0025705773951180803,7.957485432803472e-06,0.3090957319730714,0.10259449497813923,0.038055132101616936,False,,,,,
R583G,missense,False,2.0,2.0,1.0,VUS,clinvar,0.1702,2,21236713;9313763,3.0,0.6666666666666666,,,0.0007702619291570617,0.019432669347005722,1.4693141079246225e-06,0.1872303331677759,0.01201691117930321,0.0005808463770110956,1.3463552544544453e-06,0.10724025578432597,0.04443136226967577,0.014749076100640357,0.0007287672792960601,0.016766409751081592,1.5774301659947337e-06,0.16553015966384094,0.011210750114014036,0.00050036383248517,1.4651503617520088e-06,0.10680605541358035,0.044367113695140036,0.013453471894820842,0.0003744975688356451,0.008166591201078531,9.049603839206067e-07,0.05755756122119949,0.005836927900100059,0.0002562014442158202,8.978086576232058e-07,0.0514867037815433,0.029890272439773793,0.007114283274174907,0.0013410731419148214,0.016801582129941612,3.4961232647960843e-06,0.16293933863803803,0.01277385288024951,0.001041360497495254,3.889024351161202e-06,0.10977976880646576,0.05163186831902222,0.015613994567163763,0.0006875926498781208,0.009133744526694338,1.625374151837011e-06,0.08581710753557693,0.006915532934047259,0.0004444864608979096,1.642150082465352e-06,0.05662632517435735,0.029762774487920286,0.008899717454381841,False,6.56978e-06,,,,
S142F,missense,False,2.0,2.0,0.0,P/LP,clinvar,0.9997,2,23610083;29597128,2.0,1.0,,,0.0007702619291570617,0.01885617032322248,1.0094957999279506e-06,0.19635690435608166,0.01852168399325345,0.0005641751078156987,1.2273558151389117e-06,0.19480785926387664,0.0809272012232301,0.020879043779146608,0.0007287672792960601,0.015849157454930155,1.9976781277637564e-06,0.14184754423814414,0.014646921706601692,0.0005801442017686068,1.7577242388823658e-06,0.14419638050776631,0.06479680127174925,0.017048314018777568,0.005214526299387564,0.03811003362249813,5.992215350035104e-06,0.38630103616839084,0.04134490348562228,0.0027248779917907542,5.236537063069114e-06,0.4135038946694174,0.12259215211007897,0.04596428790354726,0.0014311753115667841,0.01547304825271649,2.1074542972863643e-06,0.1439147850133933,0.017821346247949284,0.0008155947655719374,2.237483515699362e-06,0.19360639111114555,0.07087642244477145,0.020711587738047977,0.005306880036956112,0.032743532338804164,5.586058528622299e-06,0.33375546260261185,0.036303188288813244,0.002459864567638641,5.897800562242546e-06,0.40648301829668,0.11017891721394543,0.0410629053481984,False,,,,,
S247fs,frameshift,True,2.0,2.0,0.0,none,none,,1,36178555,2.0,1.0,,,0.0007702619291570617,0.016309331589395994,1.445999654297337e-06,0.15331877959468365,0.020961961566994324,0.0006255252031822458,1.226731489597305e-06,0.21985887558377892,0.08444685007417663,0.02371266928624988,0.0032672293692760242,0.036726287476304145,3.981552739840329e-06,0.38677639333546926,0.03503048844935841,0.002140894009153972,3.2299605471323105e-06,0.3627254732085689,0.10947043270322891,0.039281479295401225,0.0064530720363805034,0.04479863860442931,8.122629669013107e-06,0.4617501066805131,0.0473373313982033,0.003639792934598119,7.325611735051816e-06,0.5049571378477854,0.132421220222767,0.05218130002025261,0.01749030300597268,0.07498672224855052,1.875344090748848e-05,0.6779028186552634,0.07020250251859693,0.008358765235419438,1.5505803123292918e-05,0.6397755824785318,0.1573309727693359,0.0769125991005443,0.02483399297904261,0.08422658706296525,3.397254960030831e-05,0.7062480814315161,0.0849158038948091,0.0119042362481873,2.687414448377314e-05,0.6837534785799876,0.17321165080910647,0.0928925051790275,False,,,,,
T354M,missense,False,2.0,2.0,11.0,VUS,clinvar,0.0963,2,29439679;37396188,13.0,0.15384615384615385,,,0.0007702619291570617,0.016765035876300856,1.0697904687814917e-06,0.15622481178028247,0.00449175361132582,0.00044742599529698084,1.1649174417625703e-06,0.03811541418603488,0.013100291023907158,0.006297641732832145,0.0007287672792960601,0.016255101601807525,1.1865028084427515e-06,0.14877915885392426,0.00424584174077739,0.0004326689999485658,1.4325157290640747e-06,0.03601416862845194,0.013509019037570836,0.005777785582104757,0.00032491604244368406,0.007073722806562459,5.612235809367198e-07,0.05587156829671891,0.002322796354343057,0.00017890407496374053,6.037657849478216e-07,0.021345155859048667,0.008640625109338065,0.003209315968168612,0.0013410731419148214,0.01658521007923563,3.5967840457767848e-06,0.1552198167076863,0.005521984878021965,0.0007334832313846815,2.515013249147953e-06,0.04582127499063417,0.016532656880473756,0.007667081996701571,0.0006146347328488503,0.007659989480915252,1.404448703048511e-06,0.06529263786554354,0.003038147794450215,0.0003023282044236896,1.1755291966167813e-06,0.0254118544407125,0.010265574356053906,0.004434832813944918,False,7.22714e-05,,,,
T521I,missense,False,2.0,2.0,0.0,none,none,0.9154,1,12488962,2.0,1.0,2.0,2.0,0.0007702619291570617,0.019017833583959837,1.0814546199869064e-06,0.18062547970973727,0.019115304340900613,0.000626267771625927,1.2770083522674433e-06,0.1832032038061478,0.08191067232592546,0.021857793888297717,0.0007287672792960601,0.01636547653817564,1.2647355773292778e-06,0.14024600241991067,0.01889009799872589,0.0006083917130580716,1.7158185492933961e-06,0.18682854002074575,0.08329957112476949,0.02132759087925831,0.0036664887064168862,0.03713126703778374,5.182320571675701e-06,0.37210396589736267,0.03499818694245808,0.0024435113844936754,4.741918919539615e-06,0.35408367583853473,0.10713680831287561,0.03929572540239474,0.005011664176308767,0.03659900303337341,7.76983839024329e-06,0.3591835183716579,0.03781886659757492,0.0027633083109179137,6.280016910782828e-06,0.39069368132075494,0.11305046175845886,0.04254016314124976,0.01909472516683751,0.0733552530495477,2.1443077294921468e-05,0.6445486347037056,0.07715611057556747,0.008801665304451558,1.7185689333930966e-05,0.6980481547011497,0.16943133879598427,0.08487875510547596,False,,,,,
T620I,missense,False,2.0,2.0,0.0,VUS,clinvar,0.8484,2,26287533;40609522,2.0,1.0,,,0.0007702619291570617,0.019403271175891693,9.910730701931833e-07,0.20531656197159198,0.01774778762151364,0.0006908511605346328,1.4221021928907911e-06,0.16215044284130484,0.07665930533108403,0.02070188188912447,0.0007287672792960601,0.015611088499877305,1.0697438256625275e-06,0.1407320010177086,0.015921884275020497,0.000603810941064935,1.2459952199031624e-06,0.1555223191400063,0.06904028831331535,0.018481825650466438,0.002806217674459656,0.03078473043504917,4.984814673888157e-06,0.32718289696652236,0.028850144281171507,0.001779910545476907,4.938996398121097e-06,0.29892900670852,0.10038875416828442,0.03246199747696134,0.0013410731419148214,0.017643845860423533,3.2613595828533166e-06,0.1788135148680905,0.01790658402881896,0.001082756224958746,4.583891997709682e-06,0.15848552635093888,0.07444885845638331,0.021133406825065204,0.004006127343438049,0.030103797231703085,8.366378990407822e-06,0.2962583563207433,0.03246773180749493,0.0024626564953702293,7.504506541788442e-06,0.3217796461880156,0.09966613340973596,0.03752729849543715,False,,,,,
V259I,missense,False,2.0,2.0,2.0,VUS,clinvar,0.9067,1,36178555,4.0,0.5,,,0.0007702619291570617,0.021335179872631678,1.6713674973984872e-06,0.22045064117828111,0.009471503786517782,0.00058627765407155,1.2469042214786473e-06,0.08277079114549722,0.035465714425772246,0.0118555891954544,0.0007287672792960601,0.01686300926010388,1.2053646184456837e-06,0.1717614006907101,0.008808819241994153,0.0005374424302862157,1.2625068122345726e-06,0.07963347279545879,0.03567915723033988,0.010922447704886191,0.0035390687115433184,0.03491001893271328,5.048047743711965e-06,0.37036357010157567,0.017418486127646786,0.001963011217671705,4.9247613556069545e-06,0.14837307245040393,0.048494619303502386,0.021331165720337403,0.0013410731419148214,0.015640483417987436,3.41099762421627e-06,0.13417716762299256,0.01094499999717415,0.0008963293831101419,3.846666109209853e-06,0.09449364897197758,0.038470530436666095,0.013932281435459219,0.004949199470497999,0.03714596022177382,1.0697234673364943e-05,0.3572245849770042,0.019887955272001868,0.002561814537523138,1.1021959500089841e-05,0.16571236671014927,0.05327338915025347,0.024861563892743146,False,1.31387e-05,,,,
V617I,missense,False,2.0,2.0,8.0,B/LB,clinvar,0.0994,1,12488962,10.0,0.2,2.0,2.0,0.0007702619291570617,0.020395977020035733,1.1940469425041105e-06,0.2335041862837378,0.0053481200762233155,0.0004745366792232597,8.587623685332663e-07,0.04594853619802823,0.017867369044719493,0.007292945564664075,0.0007287672792960601,0.01603436505414759,1.3747889325012354e-06,0.16826996284363094,0.004732353719182212,0.0005016176727547755,1.1824794097403727e-06,0.040876065177306735,0.014375952698922797,0.006469001657275058,0.000326758500320958,0.007279506196716468,6.253398716036147e-07,0.050042216192242264,0.0030751185131045614,0.00017414770378584537,5.431709260260551e-07,0.027274969204513326,0.012557279684683184,0.004126976415084366,0.0003751084526462695,0.008201310129913354,8.60404802790945e-07,0.051085888212653786,0.002941817263603551,0.00024221988471267352,9.34288341419929e-07,0.026449156449187963,0.011158150348441762,0.00413601971829349,0.00019870490972264407,0.003674992787748339,5.433237428960401e-07,0.022805328956622867,0.002083578469514859,0.0001223441679446157,4.513565293703963e-07,0.016219263945732525,0.009796074741818888,0.002985779505134025,False,5.25569e-05,,,,
W165R,missense,False,2.0,2.0,0.0,none,none,0.9999,2,36504295;38632103,2.0,1.0,,,0.0007702619291570617,0.01711532769052429,1.4558639642749393e-06,0.1655744078895603,0.02097718832029939,0.0005537341714531604,1.4140170624426935e-06,0.21983578803401665,0.08479042797175161,0.023953359551992175,0.0007287672792960601,0.01740341762163613,1.490118504791384e-06,0.1752047028562652,0.01662998380335954,0.0006564120196112718,1.8656811397556962e-06,0.153747888087667,0.07218819686870277,0.019207644793838505,0.00521898668593412,0.04245146739663075,9.008396799675343e-06,0.42358038783391055,0.0432430012148501,0.0031154637763829074,5.270788827697305e-06,0.4278495517511406,0.12075470495655898,0.048158782988823194,0.005011664176308767,0.03537626206786149,8.3786185126727e-06,0.3510017514935765,0.03820918894372809,0.0029690265200416144,9.41536940356624e-06,0.4072847520841292,0.1152155723868068,0.04309401668676293,0.025690681426470553,0.0915295655338905,2.3705109585158806e-05,0.7433949894465395,0.08246467114811798,0.011136921502281,2.7927918888602224e-05,0.642790600774961,0.1685516840009432,0.0901338410072754,False,,,,,
Y163X,nonsense,True,2.0,2.0,0.0,none,none,,1,35592779,2.0,1.0,,,0.0007702619291570617,0.017655349367927436,1.1379703565905994e-06,0.17299034053786252,0.017373881054951454,0.0006264066724430148,9.440263101026673e-07,0.16249749829725443,0.07290720327203236,0.020046406217363394,0.0032672293692760242,0.04010096631001946,2.922436575372828e-06,0.46423065020623705,0.03916167002506116,0.0019014194193060882,2.519100551068302e-06,0.4370117098507714,0.12303099682154113,0.04292814086540658,0.0064530720363805034,0.04544083604188346,8.290776431959354e-06,0.4521569636968633,0.04759376302049843,0.003352366580453259,7.950207154196258e-06,0.4828417888946299,0.12756807881306856,0.052304313381950865,0.01749030300597268,0.07584440157909672,1.5363221293805524e-05,0.6736583179797953,0.07942510588245413,0.008036111077101041,1.4794054013888203e-05,0.7344826076156261,0.17742064803385335,0.0860112962295703,0.02483399297904261,0.08601197435773168,2.601166994524157e-05,0.7106719907725236,0.08428918794520344,0.011937286946646069,2.5946354500865005e-05,0.6882136072070275,0.1727579581981371,0.09222745867152879,False,,,,,
c.326+1G>T,splice,True,1.0,2.0,0.0,none,none,,1,36189138,2.0,0.5,,,0.0007702619291570617,0.017419903136474797,1.085712913595375e-06,0.16472866797563335,0.018545637789102804,0.000611689939633742,1.2973151208702015e-06,0.1857280922567428,0.07531687048716983,0.021231959250828814,0.0032672293692760242,0.03864803443103415,3.4101023940694065e-06,0.46176069540846193,0.03916975771669668,0.001786580992340803,2.843949500522961e-06,0.43503297980261385,0.1196696534037998,0.04323053667571506,0.0064530720363805034,0.04798002217208925,6.651039959959859e-06,0.46821004329023386,0.04435590921793343,0.0033249012854609707,5.779955297979035e-06,0.4294966997327625,0.12195761211605279,0.049561480461375096,0.01749030300597268,0.07348571970908434,1.2573812310607754e-05,0.6863130198261866,0.07084114260984901,0.007752005248647196,2.1074851450943017e-05,0.6314366444145552,0.15624710433825614,0.07762039857397132,0.02483399297904261,0.08298463324923976,2.1187795885378715e-05,0.6916202016489837,0.08801616523640957,0.012455268115315284,3.011855614839074e-05,0.70550690480056,0.17539693298224968,0.09599024364443658,False,,,,,
A15V,missense,False,1.0,1.0,0.0,VUS,clinvar,0.8082,1,39504571,1.0,1.0,,,0.0007702619291570617,0.018102122646717993,1.1045486156763114e-06,0.1567820696705344,0.018170234230808935,0.0006851964510950329,1.0746429682780526e-06,0.18165988163531188,0.07548584755594909,0.020735218092799622,0.0007287672792960601,0.01508577560402508,1.201970292737758e-06,0.14103867688494337,0.016171627585942552,0.0006352270205627209,1.0495134029300807e-06,0.15918773492961272,0.06916213091121197,0.018578930450927577,0.0024037711469100326,0.02611420917652713,5.366790911097609e-06,0.23913919418813,0.02705915501268525,0.0016751933989255304,4.8148865064963785e-06,0.28863990964138525,0.09114668932461115,0.030733103308811856,0.0013410731419148214,0.02005606689058642,2.728378063064476e-06,0.19465316057921328,0.017128351777636688,0.001037698695078448,3.225468724693372e-06,0.15445046546087152,0.06677779967438716,0.020300086900916118,0.0034809677228819368,0.026119748280281626,8.241627660065277e-06,0.24242952290130537,0.029942556289332723,0.0025446354149111267,7.706080575825282e-06,0.31646819489717354,0.09561136325621256,0.03494942416424775,False,,,,,
A203H,missense,False,1.0,1.0,0.0,none,none,,1,11772903,1.0,1.0,,,0.0007702619291570617,0.020602140832437065,1.201153374040333e-06,0.23097547104461266,0.017817999394319748,0.0005913181295826201,1.1735747156471626e-06,0.18748434950667164,0.07300122368585334,0.020571601827237083,0.0007287672792960601,0.01625302646247952,1.4901202560322126e-06,0.1529825605130465,0.016636457660120965,0.0005748438199303287,1.9164869970759813e-06,0.15355417520089787,0.07396422376167092,0.01914686527750586,0.002297090489071481,0.024339667033269306,2.5303818262496955e-06,0.25433984250601627,0.022703897746288306,0.0010364010782121947,1.7197703956266325e-06,0.23463248723856062,0.0831192842347717,0.025772248909856042,0.005011664176308767,0.039144497807749375,4.657218037964751e-06,0.41832541522258615,0.03852939116206856,0.002923721898256379,7.748945788623574e-06,0.3605584307480686,0.11031697159147247,0.04379096178106434,0.012730249106870936,0.053445730466924905,8.560833662991737e-06,0.5014846139579782,0.05588406085626856,0.004495174968023433,1.1422044159840047e-05,0.570928767169576,0.14358424398722047,0.062069549035057896,False,,,,,
A239V,missense,False,1.0,1.0,46.0,VUS,clinvar,0.8482,1,28395978,47.0,0.02127659574468085,,,0.0007702619291570617,0.018588226511785922,1.4506993053297498e-06,0.19010988602895,0.002067655147215705,0.00031445360691121163,9.0430601344679e-07,0.01626271417373932,0.005212561124365645,0.003071812022422389,0.0007287672792960601,0.015299102631235765,1.1429240753695875e-06,0.14917801347048915,0.0019924431277006187,0.00029676995100049895,8.562158574248962e-07,0.015822933695063185,0.004831378397912304,0.0028889274882494954,0.0028040275782011234,0.03108580985736053,4.481873254840153e-06,0.32899784842079016,0.0034279099374024723,0.0008773509573711234,3.5795775254231363e-06,0.022488939181646267,0.007089344081223228,0.005086304116311342,0.0013410731419148214,0.01852510732484313,3.100664443600082e-06,0.1828453224288615,0.0024890195572235597,0.0005871101190829717,3.5889807617502135e-06,0.016639713333649102,0.0050096255046992375,0.003757552162458807,0.004003284690658063,0.03139483077658371,9.194239023270229e-06,0.28429653877245076,0.003679280940313909,0.001171213292405669,6.995350189211516e-06,0.022260411933498862,0.006634461140213228,0.005621604383828057,False,0.000186242,,,,
A25P,missense,False,1.0,1.0,0.0,VUS,clinvar,0.8381,1,15841481,1.0,1.0,,,0.0007702619291570617,0.019124554515924534,1.2948080818014944e-06,0.19086886290742106,0.017287211186004146,0.0006029075415993569,1.4611115016832356e-06,0.16260366267055928,0.07276421743978817,0.020080659212673834,0.0007287672792960601,0.01561621277469104,1.5845595452950872e-06,0.14630440894221314,0.016768455334078322,0.0005564884954464809,9.575138133502447e-07,0.16619215370616747,0.07082690720114493,0.01899965691067814,0.002695992044742988,0.02820383666857342,4.243157363611037e-06,0.2824846018194558,0.029390516873183444,0.001834898050150836,4.5702928309509534e-06,0.30574128514806787,0.09784926079005556,0.03315207392354878,0.0013410731419148214,0.017405043734765244,2.5096848359614925e-06,0.17888157136551827,0.017063726673149097,0.0010079923057122323,3.6946134239447444e-06,0.15337955743479365,0.07034121336197498,0.0199592306219995,0.003862860281553149,0.031710935604859984,9.292861588468815e-06,0.3041776433334478,0.030073103096382725,0.0026089627147531345,1.0986734421709763e-05,0.2997158342231558,0.09551470935474192,0.034772670110961766,False,,,,,
A311D,missense,False,1.0,1.0,2.0,VUS,clinvar,0.288,1,32238361,3.0,0.3333333333333333,,,0.0007702619291570617,0.01689069933160979,1.492009504887215e-06,0.16362735044359197,0.009630582232451678,0.0005505993682988696,1.1166595050568723e-06,0.09171563891563894,0.03906636914244554,0.011887807215818693,0.0007287672792960601,0.01763306806382864,1.712864896647621e-06,0.17277310217107578,0.009841844131088443,0.0005065981587851452,1.2890876370925193e-06,0.09506945632022241,0.036935892703387575,0.012149073011831069,0.00048459211661592937,0.010240542879970352,1.340463477657982e-06,0.07542052374797863,0.006070910722712529,0.00032809124772155754,1.3314664950318616e-06,0.04800591275071432,0.02956149733940534,0.007723079690246,0.0013410731419148214,0.01624819916665313,4.164686661043457e-06,0.15521444295398518,0.010532075502768946,0.001018274223737958,3.5864813773686723e-06,0.0859868148744058,0.03794759464653847,0.013266224397433751,0.0008497186598331062,0.009966290693038424,2.6266414395346638e-06,0.07641333884316924,0.007430523489318786,0.0005672225864821452,2.4196166903649288e-06,0.06524799542838942,0.03081509001552217,0.009713033483861962,False,9.48965e-06,,,,
A367V,missense,False,1.0,1.0,0.0,none,none,0.1383,1,37396188,1.0,1.0,,,0.0007702619291570617,0.018674082072231365,1.1757594438064304e-06,0.19715890904743877,0.0181622092585836,0.0006037299194203959,8.191120552406933e-07,0.18286156689248603,0.07711098358716782,0.020761568750569066,0.0007287672792960601,0.01469328628911224,1.4283626711919878e-06,0.14256475672754196,0.017844269050438902,0.0005888524996820017,1.411036108229102e-06,0.1841298785094947,0.07568194266375577,0.020194264907276663,0.00035157724124939676,0.007087157270091677,7.52447645821187e-07,0.06301225313000303,0.006162180948297852,0.00023502054499341223,7.149317434535009e-07,0.04995706993344907,0.035296776871424906,0.0075123534967331896,0.005011664176308767,0.03379969451235824,8.417579176321212e-06,0.33005153974180873,0.03686871420309962,0.0026257595954393828,6.916296244010113e-06,0.36754629640891945,0.11147848635550965,0.04188445937091129,0.0024064391603847296,0.02048315063065704,2.8486870863634096e-06,0.19741269283432297,0.019426896731811864,0.0010107223618028506,2.9122028534352567e-06,0.166489446170795,0.0764016767883555,0.022991143649137454,False,,,,,
A544T,missense,False,1.0,1.0,0.0,none,none,,1,34135026,1.0,1.0,,,0.0007702619291570617,0.017727513081211604,1.5637437717251947e-06,0.17748356266098175,0.01710068038364744,0.0006100276952536442,1.293679786874109e-06,0.1675905787256682,0.07102148071170768,0.0197624982146635,0.0007287672792960601,0.01600688837730636,1.503476169827892e-06,0.1462405417465205,0.01386286108430523,0.0005455750927539627,2.0216757738169816e-06,0.13090142624368886,0.05874608718303844,0.016461730950046483,0.002297090489071481,0.023522068458396304,2.38744760128361e-06,0.24577825942163486,0.0248263571903625,0.0011517562348839023,2.1006733929430713e-06,0.2603763722832339,0.09360636637133825,0.0279694559922603,0.005011664176308767,0.03592908751649549,6.8476761740868106e-06,0.3875030364278618,0.03620248990502092,0.0028804040876075397,7.598409824382769e-06,0.34129732440092314,0.10447557934485906,0.04119910414098435,0.012730249106870936,0.05089167411398558,7.644013136167557e-06,0.48201320642040457,0.0546309926024093,0.0043446489713966675,9.55810487133776e-06,0.5583412171576054,0.14161226242795705,0.06062172390631291,False,,,,,
D602N,missense,False,1.0,1.0,0.0,none,none,0.108,1,37396188,1.0,1.0,,,0.0007702619291570617,0.0197112980409517,1.3595284517745174e-06,0.19856294261407748,0.017784567446151946,0.0006413336181669144,1.5611486708775947e-06,0.1969106426521659,0.07327706438224477,0.020605513798404227,0.0007287672792960601,0.014021355197892963,1.8546441223543378e-06,0.12226981656348414,0.015045432458459332,0.000551995309332197,1.8248834707313696e-06,0.12927147125706276,0.0675504291442728,0.017504231935760173,0.0003319707175663706,0.007443576885713965,4.7192867134188e-07,0.04612774334286439,0.006074883741604104,0.00022779700143997513,5.676327442721948e-07,0.04715128280356584,0.032872252221342366,0.007525048877548094,0.005011664176308767,0.03674998616429485,5.3068432481940975e-06,0.3725247391542363,0.03805967314431337,0.002778278136149461,6.367088284479251e-06,0.4193336452236666,0.11167225128424423,0.04322455285216432,0.002293963677260995,0.021221141491000062,2.706517830454498e-06,0.21828670299224565,0.02064655072007404,0.0011062381699230323,2.6591223024040905e-06,0.19080412087265833,0.07733657381619673,0.02417483149573367,False,,,,,
D80V,missense,False,1.0,1.0,1.0,VUS,clinvar,0.4702,1,32684311,2.0,0.5,,,0.0007702619291570617,0.019472991318785802,1.26179356017846e-06,0.187196091277884,0.013482615734838131,0.0005277655634223527,1.0883681319366663e-06,0.12598352387159342,0.05768092829927346,0.015903432893800473,0.0007287672792960601,0.013960074240440311,1.43391244927624e-06,0.13219485809236003,0.010552172460105945,0.0005670940659947378,1.0809900141897033e-06,0.10997816545570945,0.039354155850062834,0.012863199029362248,0.0007792345461178263,0.014078765665613438,1.6387300336898822e-06,0.12569442076128592,0.009026393404470003,0.0006280517240945475,2.282486718720786e-06,0.08192249647951828,0.03483006937530833,0.011363762014505232,0.0013410731419148214,0.018746351617606252,3.533228125945361e-06,0.16960177171755292,0.011616696298111242,0.0009627796643729991,3.7080984166780735e-06,0.10467745071309464,0.040720295439925946,0.014528788831232636,0.001275790465912697,0.014895728997007486,4.678086000431479e-06,0.12111105461122043,0.010580079153678987,0.0008809138827691181,3.7376348400265767e-06,0.08017775925569234,0.041143118275341395,0.013554660931515092,False,4.21468e-06,,,,
E234X,nonsense,True,1.0,1.0,0.0,P/LP,clinvar,,1,32518064,1.0,1.0,,,0.0007702619291570617,0.01920900184254034,7.729436206253069e-07,0.18214497868237875,0.01474386002712532,0.0005616430463432548,1.2436405969481178e-06,0.14205937990611509,0.06173358874676442,0.017530238612946884,0.0032672293692760242,0.036792317119651724,4.098509480293988e-06,0.38304155549542446,0.03798158091517787,0.0019113027318000473,3.8161424541691675e-06,0.42920291815983486,0.12045188122191931,0.04180110171559386,0.0064530720363805034,0.04765137145943485,5.484263432817104e-06,0.5205214393238963,0.05153900949315756,0.0033616749931626253,6.230663804556946e-06,0.5410095678487502,0.13714426562570578,0.05633760147846709,0.005748302318833196,0.03612976681541857,5.710626370950931e-06,0.3770362854287566,0.038018349205480334,0.002154874234714065,3.804332488301069e-06,0.4212473012515617,0.11688255725187155,0.04257980990697922,0.006354764526450128,0.0344454936316208,6.771182961567243e-06,0.3464051346412309,0.03827098098746957,0.0028351591936205886,7.0307106929029715e-06,0.3948139971303278,0.11283077031437255,0.04369823673991168,False,,,,,
E240V,missense,False,1.0,1.0,0.0,none,none,0.9992,1,32238361,1.0,1.0,,,0.0007702619291570617,0.015478787059070674,1.0086492427033493e-06,0.14728060882495136,0.020608721581406243,0.0006251869382225576,9.023225969265412e-07,0.21806016649490728,0.08530644888939602,0.02318741196613054,0.0007287672792960601,0.015178653095379309,1.2812261772169407e-06,0.1550803857213062,0.0183336771541051,0.0005872362384649621,1.3093509439232872e-06,0.18065816667073434,0.07837153055440013,0.02080604988082308,0.0052033939664568275,0.040585066380910736,5.595999780449934e-06,0.4133570497768746,0.04127889377561612,0.0030275128075195378,5.159072885438785e-06,0.41154553819426737,0.1171976523581302,0.045898567440347086,0.005011664176308767,0.038280807758680764,6.071577375370469e-06,0.3989116752530831,0.03686187369751157,0.002816605423549643,7.733094158648196e-06,0.38444175322432894,0.10913807688055631,0.041523431007416664,0.025627545418489283,0.07920151319822752,2.192915772624236e-05,0.6583494217847485,0.08926815677551625,0.010804287867989891,1.8410567271141334e-05,0.7450810686241508,0.18269220767339095,0.09706690522529574,False,,,,,
E275del,inframe_indel,False,1.0,1.0,0.0,none,none,,1,27899486,1.0,1.0,1.0,1.0,0.0007702619291570617,0.01710326775686821,1.5446023229840606e-06,0.1777021487155134,0.02148223466896774,0.0006409318972981768,1.099892235890909e-06,0.22931703565235523,0.08862800080686672,0.024158798388591612,0.0007287672792960601,0.014838559082298662,1.2004318736197269e-06,0.146491764206576,0.015337070077846522,0.0005893134850822608,1.3659935499195776e-06,0.13766574351083583,0.06921854095197207,0.017577849785227286,0.002297090489071481,0.022748298085271467,2.073636862280036e-06,0.23282084062638192,0.02590035855798993,0.001031748420406655,2.0965483119614825e-06,0.27423424818599407,0.09624895384173672,0.029146094123855736,0.005011664176308767,0.035887886918714675,7.123851588396437e-06,0.3691531856975465,0.03585407863046982,0.002828001995804778,6.825725471474272e-06,0.33453999385153926,0.10598214673961383,0.040883002939516154,0.012730249106870936,0.05522645307136803,8.96586907077817e-06,0.5444779571133654,0.05295303354489603,0.004345694264328622,1.0602858246203304e-05,0.5253998685660883,0.133435731940674,0.05904410373378187,False,,,,,
E32X,nonsense,True,1.0,1.0,0.0,P/LP,clinvar,,1,30121369,1.0,1.0,,,0.0007702619291570617,0.019085690779715416,9.488664042175847e-07,0.1853261707722127,0.018770324718879083,0.0006140265425621825,1.6834392854918775e-06,0.2016484508633198,0.07871140854150836,0.02123694729603651,0.0032672293692760242,0.03785573110726603,3.4108051001696445e-06,0.40886910295981116,0.035749381675827044,0.0017941360463017602,3.492016977892416e-06,0.3814209974384706,0.10941638249468377,0.04006401112390612,0.0064530720363805034,0.04439413022365434,6.719352348112327e-06,0.4670022327219419,0.05041933844639911,0.0036616667185512576,6.146026420329921e-06,0.515094121359459,0.13428057429318704,0.054938252252266694,0.005748302318833196,0.037298837003317854,4.462192689949852e-06,0.4016379884062025,0.03926018006500916,0.002301263404882726,4.442603422753081e-06,0.4265348586459125,0.11367114994748904,0.043861193331390075,0.006354764526450128,0.035735845381585966,6.239422272612695e-06,0.3457851551886663,0.04118503297463424,0.002935066726889126,8.217462359904128e-06,0.44556997249106933,0.12050409790125577,0.04644029914610231,False,,,,,
E332X,nonsense,True,1.0,1.0,0.0,none,none,,1,41525167,1.0,1.0,,,0.0007702619291570617,0.017957929019785875,1.3502938987131064e-06,0.18274071656170437,0.019236799080722074,0.0005391586886907551,1.0641910251556707e-06,0.20197710019523274,0.07998009998516951,0.021973903210524906,0.0032672293692760242,0.035925883401193875,3.2905999534898667e-06,0.37437125763152806,0.03358183400909311,0.0018726590564684335,3.437000988185108e-06,0.3663430727602045,0.10809645062523791,0.037375029808398554,0.0064530720363805034,0.04826338239678073,7.244317634127184e-06,0.47568287345164767,0.04350965656376225,0.0035043017928364254,5.950310052836523e-06,0.4371103797348015,0.12206716488445211,0.04827436921606546,0.01749030300597268,0.07493493513454644,1.1582998060485197e-05,0.6763049268709935,0.08249351589385645,0.008325963428570737,1.1154787532108842e-05,0.7273167566886855,0.17983702206818808,0.08905960976270473,0.02483399297904261,0.08406669872565074,3.280291343796797e-05,0.7143986128126644,0.08327974319161788,0.011392423219067672,3.015473754465547e-05,0.6794068352140021,0.17208818358005704,0.09091637675944193,False,,,,,
E332fs,frameshift,True,1.0,1.0,0.0,none,none,,1,29207974,1.0,1.0,,,0.0007702619291570617,0.01996454813337948,1.2337586460399137e-06,0.2254128770139922,0.01797243323863533,0.0006368985229455216,1.4791866247562708e-06,0.19566293796161932,0.07338375738984422,0.020652683018441576,0.0032672293692760242,0.034819328488214216,3.308845660019693e-06,0.3979233391982425,0.037470314806695784,0.0019809586565372917,3.412526385990997e-06,0.3987266737356169,0.11709980297239277,0.04141290685777456,0.0064530720363805034,0.045319964466182354,7.81242308380259e-06,0.48405239348494866,0.04630316828680077,0.0034530222002909358,6.852131805383564e-06,0.5086488451044994,0.12924340756732441,0.05091163548066729,0.01749030300597268,0.07901235897458132,1.6305757255663036e-05,0.6857229704560464,0.07571891331048537,0.007548257079192761,1.5647648880825944e-05,0.6622990037909915,0.16804325288856467,0.0822671027576198,0.02483399297904261,0.08033471898545003,1.869437101369716e-05,0.6510156849831389,0.09061632326964514,0.012034069662261695,2.342955930361652e-05,0.7304098017123553,0.1835526150668869,0.09887600044130028,False,,,,,
E48D,missense,False,1.0,1.0,1.0,none,none,0.0729,1,21168233,2.0,0.5,,,0.0007702619291570617,0.020649485926527666,1.4452313339390199e-06,0.20594086219304703,0.014041839797454525,0.000655673294049635,1.0957777690694742e-06,0.12525641630894138,0.06245706895118995,0.01649623238599135,0.0007287672792960601,0.017420544925488585,1.4052488844807937e-06,0.15182839057725958,0.011713917530125505,0.0005296790995501786,1.2224218610055573e-06,0.10739033616950529,0.04935298579480531,0.013876242081917584,0.00031160522506827067,0.006887914379508024,5.472721322226847e-07,0.047978755168614516,0.005073761625412505,0.00017576756623198324,5.808316036468731e-07,0.04798156555081766,0.027064829202272447,0.006367332598612589,0.005011664176308767,0.03394219916658153,7.357026461949092e-06,0.343609628277101,0.0250535280747434,0.002378301246744874,7.739764913309165e-06,0.23348638658926468,0.07095552486240046,0.030031296027673564,0.0021772842482947366,0.018748439019912053,2.126355446692645e-06,0.1729868569204366,0.014189365003203471,0.0009543319718810402,2.023030351155941e-06,0.12590290283092948,0.05269669180624471,0.017593758740291125,False,6.57151e-06,,,,
E48fs,frameshift,True,1.0,1.0,0.0,none,none,,1,36504295,1.0,1.0,,,0.0007702619291570617,0.021756417669053413,1.2238109515313735e-06,0.22689900440811006,0.019827108610810388,0.000623756884510793,1.1887591921014254e-06,0.1893921643131044,0.08496287248706749,0.022416316277903765,0.0032672293692760242,0.038224010120818226,3.3486228035398796e-06,0.4193810503052305,0.03530863386799185,0.0018751681619486303,2.9448391893207124e-06,0.3734939251439308,0.11042833628811596,0.03936062017454909,0.0064530720363805034,0.04582323015447393,6.408206166029271e-06,0.45797740602228154,0.0444880369938112,0.003398689651452465,8.052850143339283e-06,0.46742361734273313,0.12641407113318362,0.049217753564808814,0.01749030300597268,0.07251695427111476,1.8790365890507933e-05,0.6662760502307837,0.07606322601454782,0.008103156953025492,1.5031134673996056e-05,0.6521499258037383,0.16465196772534849,0.08285414747588413,0.02483399297904261,0.08290101168269345,2.5011747869379948e-05,0.6167857939156877,0.08649114320904093,0.011386717891412986,2.378467431083568e-05,0.7076886590924755,0.17714881051219708,0.09416375790474793,False,,,,,
E508X,nonsense,True,1.0,1.0,0.0,P/LP,clinvar,,1,37812285,1.0,1.0,,,0.0007702619291570617,0.019462213622682127,1.1857447061385658e-06,0.19737738149678044,0.018691488628163076,0.0006068919511116435,1.3644025055978146e-06,0.1865981087242445,0.08001577422739233,0.021305087121424666,0.0032672293692760242,0.03972361885303766,2.8256653870536344e-06,0.46216174840582186,0.03609741721885674,0.001882713461865948,3.1736972020180295e-06,0.37979263925261797,0.11357313879883416,0.04019553046627386,0.0064530720363805034,0.04211006740358196,6.757188711085606e-06,0.4398191368490918,0.049768903741090616,0.0036213433673565484,8.85481240215915e-06,0.5236135277411457,0.13425310380568026,0.054753734223779396,0.005748302318833196,0.03975302836482117,3.9696554423562555e-06,0.42703454780479816,0.0360224722201962,0.002411085998958341,4.657194855797496e-06,0.3844142773107119,0.10899359150677308,0.04077425683889345,0.006354764526450128,0.03788363403800317,5.483408500108901e-06,0.3976784591860858,0.04016041392069329,0.0026665036858955606,5.900432994415077e-06,0.38899559064563344,0.11616593761162473,0.045569081330546664,False,,,,,
E548G,missense,False,1.0,1.0,0.0,none,none,0.1223,1,32238361,1.0,1.0,,,0.0007702619291570617,0.016780547299653358,1.0302238581969716e-06,0.1506069343156026,0.016167876868249064,0.0006388920611531648,1.0685164704193798e-06,0.15909941715233727,0.06335938665284181,0.01899950613100192,0.0007287672792960601,0.01645885069092678,1.1231300987968992e-06,0.16454814730700235,0.015662635475912685,0.0006081886467515328,8.314526856570575e-07,0.13925822513580022,0.06827755067303914,0.01807198578439903,0.00034097614746517863,0.006912819743885221,7.454046718680298e-07,0.05462421921753831,0.007481624799356844,0.00022973823869667929,7.105705746557731e-07,0.047025753452326624,0.0471939863012477,0.008807231854670732,0.005011664176308767,0.038498799595637276,6.319175245044924e-06,0.4133477064485104,0.039027453976783706,0.0028702637949571024,7.39186077277629e-06,0.4235052067146953,0.11089880096620658,0.043961354190681964,0.0023456161506862105,0.021674768189544124,3.2553903919961105e-06,0.19356437583165162,0.019521049965431084,0.000994180931913081,2.302699721570153e-06,0.19424214518181346,0.07538086105841012,0.022845939401443718,False,,,,,
E619K,missense,False,1.0,1.0,2.0,VUS,clinvar,0.7635,1,37396188,3.0,0.3333333333333333,,,0.0007702619291570617,0.01734528584900051,1.2897847243404005e-06,0.1724088284295816,0.010294650557855382,0.0005140185463954743,1.0252184244662195e-06,0.09642678419327602,0.03719131187388827,0.01267254506291187,0.0007287672792960601,0.016091046970775635,1.3782154223527696e-06,0.15936219456561604,0.008362544723535589,0.0005249507083561314,1.5409962788954381e-06,0.07479165615589253,0.03580850137333422,0.010624652983385208,0.002033994546753237,0.023601234034266533,3.3881523429345604e-06,0.21335046049999173,0.013767977415773607,0.0013558556266379594,4.026773239885904e-06,0.11772288565624327,0.04504686217116297,0.01680234414203006,0.0013410731419148214,0.01760910895122612,3.859194705040523e-06,0.18188118431126687,0.009759509815372254,0.0008778457638306135,3.2227556136887662e-06,0.08114583941213943,0.03403351230663389,0.012525914078957862,0.0029928659481511253,0.02539896501473239,7.037747414395491e-06,0.26322353722616243,0.014377435532388268,0.001960167377435371,7.005023014770839e-06,0.11641581460657452,0.041271853766776126,0.018672720555408088,False,1.31403e-05,,,,
F268fs,frameshift,True,1.0,1.0,0.0,none,none,,1,39676784,1.0,1.0,,,0.0007702619291570617,0.0160154242391911,1.0794906245570913e-06,0.13726851200087406,0.01676339127765147,0.0006127004534561688,1.5826628253133194e-06,0.1523275276583157,0.07126724264379937,0.019411224092868953,0.0032672293692760242,0.03746982154965273,2.3526011411060273e-06,0.4102854876783332,0.04231774762449213,0.0017713835228715096,2.097397531155023e-06,0.4898004569345531,0.12930034365626408,0.04650715095678466,0.0064530720363805034,0.046390625448613214,7.937235474655978e-06,0.49637591693047944,0.04661934679178911,0.003329889216649853,8.151149691481618e-06,0.501459216031747,0.12971726701892636,0.051526298906416176,0.01749030300597268,0.07621398423864854,1.2644731460498831e-05,0.6899054089825863,0.07303133938376997,0.007959159245303929,1.897374972308673e-05,0.651921160641212,0.16288205962820718,0.0797580057464354,0.02483399297904261,0.08774431370965369,3.727977077341575e-05,0.7002589781783793,0.08920439306440564,0.01208218016719832,2.3498707549220752e-05,0.7432996672592592,0.18191147154675685,0.09674522178904854,False,,,,,
G151S,missense,False,1.0,1.0,0.0,none,none,0.9994,1,29666556,1.0,1.0,1.0,1.0,0.0007702619291570617,0.018328913717738687,1.0538636337352876e-06,0.19592691263306428,0.02308415693603857,0.000646916493708072,1.139161384768712e-06,0.2518436941228725,0.09447008112946118,0.025874478339247275,0.0007287672792960601,0.016006233745522142,1.5675363350043457e-06,0.1348878102700303,0.015204087845788944,0.000555649110456128,1.4452614433009018e-06,0.13159446944010714,0.07077783783577203,0.017545893729575098,0.005207843707923509,0.04182353359007701,6.31719416240936e-06,0.4362767834031831,0.04440530844795922,0.0030708142165158363,6.6546828723036746e-06,0.47453172109072916,0.1251174092770412,0.04905042721791769,0.005011664176308767,0.04149763064289141,6.794329189938927e-06,0.4379423180024873,0.03895014903402789,0.0030557743005376345,9.3386947692675e-06,0.38285783552920194,0.1106516050092474,0.0442078797563399,0.025645568711177805,0.0859083896624247,2.5323235404327136e-05,0.6765008254446818,0.08856479943992004,0.010567308438264457,2.431595745570512e-05,0.7389471391520153,0.18299494382267917,0.09604060735752135,False,,,,,
G199R,missense,False,1.0,1.0,0.0,none,none,0.917,1,33242514,1.0,1.0,,,0.0007702619291570617,0.0203930248588274,1.0399961204852056e-06,0.2265120789934715,0.015317883940402384,0.0005465001446956176,1.0438279291389965e-06,0.1465004183200643,0.06467368519212945,0.018000684916190814,0.0007287672792960601,0.014708610121730529,1.5245615006399546e-06,0.13433278907791946,0.01578105441106195,0.0006266676621660677,1.4463059337252409e-06,0.16034175041227364,0.06405024746619106,0.018244592714411718,0.0036904931689619616,0.03402227950849325,6.223150798794662e-06,0.3374839855080375,0.03666359230929915,0.0023415816942196545,4.7632552755468846e-06,0.3765394112422997,0.11229156896273494,0.04113028337355603,0.005011664176308767,0.03990713244135737,5.6727662678624895e-06,0.43226839697871594,0.03716623297250718,0.002549782751640797,5.824426299390178e-06,0.3813635307232038,0.10927362760272559,0.0416416473260439,0.01920181691637766,0.07936146298419526,1.7038907846761442e-05,0.6992939954342838,0.07273920979699948,0.008565174950835187,2.8181326734362195e-05,0.6538877789386898,0.15882975981544173,0.0803858605693027,False,,,,,
G20A,missense,False,1.0,1.0,0.0,P/LP,clinvar,0.9152,1,33242514,1.0,1.0,,,0.0007702619291570617,0.016158411991695792,1.1197315306254244e-06,0.1494863167683948,0.017424058825952583,0.0006659248402147956,1.3156409080196828e-06,0.16178689608867375,0.07600515974419951,0.0200694035992564,0.0007287672792960601,0.014607009023097368,1.4073554105726098e-06,0.13832776665328864,0.0166729055772156,0.0005592147548303052,1.0704829913383503e-06,0.15838731812697393,0.07567908748085332,0.019104156250209284,0.0036635007970566213,0.03342643156174293,5.134294113835161e-06,0.3646966132236778,0.03302552126173831,0.0023580562280498085,6.098605429476011e-06,0.3216278885195568,0.10148892162118431,0.037329016305332696,0.0014311753115667841,0.016406849462406302,2.4009494362005278e-06,0.1522370166219569,0.019023342235518683,0.0007722158138066946,2.3011738974872656e-06,0.16471943433623149,0.0794996966347167,0.021722212574956122,0.003933403088967058,0.02755661236117827,5.041684008199392e-06,0.2617951204587804,0.02835069699613789,0.0018964975322148564,4.671991600016466e-06,0.2786543410364432,0.09476652413682082,0.03295716716484818,False,,,,,
G606S,missense,False,1.0,1.0,12.0,B/LB,clinvar,0.0642,1,22432108,13.0,0.07692307692307693,,,0.0007702619291570617,0.01758877976840854,1.2804278249375094e-06,0.1685165695462517,0.00455255348215707,0.00045119764676412394,1.2077512955876218e-06,0.0433575115162908,0.013645682196888104,0.006339822030308375,0.0007287672792960601,0.015511075225450999,1.73968170037807e-06,0.13575733605450854,0.004008706233541008,0.0004679255962115,1.3047596433263804e-06,0.03153005089186961,0.011499443650568,0.005481240186095195,0.00030691432984064615,0.0060749210866065,4.579705848105978e-07,0.045258672046738696,0.002338737886160831,0.00017030236237635098,4.0157680843036467e-07,0.020991064995023314,0.008885903277577222,0.003263018573699754,0.0003751084526462695,0.007215299160545393,8.62395035613198e-07,0.051535196344143906,0.0022851704330463436,0.00024083329961955972,1.0077973150986745e-06,0.019786925401980796,0.007733459613815192,0.003242479549913938,0.00018753393884889853,0.003403267672319298,4.111454960942947e-07,0.022609710402493512,0.0016492766513564708,9.846718410887426e-05,3.409144437620181e-07,0.013824629807483346,0.007808400243934846,0.0023626373061598556,False,4.78622e-05,,,,
H143P,missense,False,1.0,1.0,0.0,none,none,0.9983,1,37798422,1.0,1.0,1.0,1.0,0.0007702619291570617,0.01821846282589761,1.2590099447055613e-06,0.17941448371625213,0.021170375448904613,0.0006024790513130273,9.175176551219686e-07,0.24255292548534296,0.0863294362174932,0.02384907119254221,0.0007287672792960601,0.014746886024277263,1.2883649935904584e-06,0.13708103326337173,0.01820076539564616,0.0006238130153435454,1.4692130039710768e-06,0.1952643595211834,0.07490324028819041,0.020682133957931982,0.005183422673192242,0.04149536918704422,5.805046156251077e-06,0.43284052046491023,0.04121995930128937,0.002898832198864394,6.4107318782256395e-06,0.42404935419970563,0.11830221286439603,0.04607063607310199,0.005011664176308767,0.03728085632594534,5.624723451173889e-06,0.4195998236140694,0.03946111529188614,0.0029770629737029333,6.030916326952179e-06,0.4132121064641817,0.1166899123060222,0.04444677929991331,0.025546594508840195,0.08770311530861534,2.382179485780087e-05,0.7064368045777739,0.09264167423624144,0.011222713514123111,2.1342867686967086e-05,0.7532941062015455,0.18985364184391734,0.0999370470302608,False,,,,,
H143Y,missense,False,1.0,1.0,0.0,P/LP,clinvar,0.9976,1,15687377,1.0,1.0,,,0.0007702619291570617,0.01678991363954316,1.028927761003827e-06,0.17134044830168066,0.018402172922781738,0.00058670445558659,1.4347584748995765e-06,0.16819862421560638,0.0834672709515602,0.021084140795308442,0.0007287672792960601,0.01463196203260583,1.2845012235682327e-06,0.12892314549493156,0.015332974258460532,0.0005784296139220504,1.470326692682192e-06,0.14605626089379212,0.06694451086315144,0.017754769732929828,0.005167948714185093,0.041066706328272674,4.879576336342742e-06,0.4148791597316808,0.04193522178229911,0.002750767615046008,8.04202657308008e-06,0.4218453891678305,0.12047450925995074,0.04673059725890515,0.0014311753115667841,0.01843329123409821,1.6781112725456191e-06,0.17269024659721338,0.017777169421363155,0.0007573968329765807,2.0447552588456913e-06,0.17456593600419754,0.07303949153890095,0.020715877388029266,0.005266357366496813,0.03453849010531211,6.833568926711434e-06,0.3582656186789461,0.03493571372559515,0.0026073195603706174,5.645428118794102e-06,0.36303501313978054,0.1058452611739695,0.04005826632992813,False,,,,,
H483R,missense,False,1.0,1.0,0.0,VUS,clinvar,0.3475,1,35737141,1.0,1.0,,,0.0007702619291570617,0.019472150236520595,1.138677145325423e-06,0.19357287510646684,0.016343729569839715,0.0006160929459466133,1.2555178990827061e-06,0.15970425259931073,0.06709349112682418,0.019380632192819092,0.0007287672792960601,0.017060898623118746,1.4377195910650005e-06,0.15636733798073008,0.01733520355966324,0.0005771462194055898,1.5757073571872764e-06,0.16776335721784963,0.07556975130054071,0.019681819046483875,0.00056014899554708,0.012276963304748204,1.2986231814524143e-06,0.10299632780615764,0.009706218234559133,0.0003849255396188759,1.249790335642365e-06,0.08076125258425122,0.05055221163556198,0.0114795502950974,0.0013410731419148214,0.020158651257855726,4.160284260248257e-06,0.19715407011235603,0.017442018636278898,0.0011099180410225273,4.404917146726478e-06,0.15304640471926023,0.07089275155892688,0.020710525905084397,0.0009601851069231546,0.010947398465957322,3.571941940862247e-06,0.08708875532038937,0.01153761346980095,0.0006840417242134176,2.7369710967279875e-06,0.10816565060951769,0.052200365841354214,0.014088471714543726,False,,,,,
H514fs,frameshift,True,1.0,1.0,0.0,none,none,,1,40274278,1.0,1.0,,,0.0007702619291570617,0.01924383255746246,1.2656446811911474e-06,0.18266211946791955,0.019479991389787177,0.0006161081571491578,1.1901886822320837e-06,0.1852980379254152,0.0834882571898924,0.022386553340336995,0.0032672293692760242,0.03687664464246727,3.7014953788972578e-06,0.4045124310012911,0.0364458978392655,0.001912691808940041,4.250849078214046e-06,0.4123095034057849,0.11393798560268026,0.040221762522409915,0.0064530720363805034,0.04394294895384442,7.282699162526587e-06,0.4733286631633444,0.04925171899062879,0.0036984913141783256,7.2494129861695284e-06,0.4959527505186877,0.13026412451030817,0.05430810291674013,0.01749030300597268,0.07708388818230381,1.6746987132633523e-05,0.6975940089395503,0.07935160911738863,0.00841014671093119,1.0183995296330423e-05,0.7193817674009235,0.17579339983161785,0.08608245174937716,0.02483399297904261,0.09332721327464039,2.451851399806699e-05,0.7437238021811727,0.08772672449606553,0.012554919138062112,3.034235484697531e-05,0.6957207476650251,0.1767387512384471,0.09550097630330197,False,,,,,
H577D,missense,False,1.0,1.0,24.0,B/LB,clinvar,0.2397,1,31411171,25.0,0.04,,,0.0007702619291570617,0.01969005147928987,1.125038518436415e-06,0.19933611755691996,0.0031167202030470097,0.00039594215044563873,9.267007776866923e-07,0.025724835607264768,0.008626854859631312,0.004474526660466873,0.0007287672792960601,0.014857449924635707,1.42830358191326e-06,0.1392191513764567,0.0029533348165465623,0.000388836557397597,1.125897507189998e-06,0.02382679345568449,0.008152294266635543,0.004199499642001068,0.0004339641087529504,0.008211311481899948,9.954121161401968e-07,0.07177025969188354,0.002114562138716508,0.00024111266789116854,9.493014043676576e-07,0.017487558339409903,0.006939796418223418,0.0029627006499454056,0.0003751084526462695,0.0075513402015227075,9.703478354047952e-07,0.05622048002450422,0.0017446826040128805,0.0002081489500010364,4.918882889282623e-07,0.014893930691804681,0.005546404087052462,0.002472651830928946,0.0002593526463297312,0.005432760661765394,9.559638928790831e-07,0.04088410370377099,0.0015483827445590824,0.0001552573571997205,8.854352551072903e-07,0.01358504019213805,0.00558937030061753,0.002286833073603761,False,0.000157687,,,,
IVS7-6G>A,splice,True,1.0,1.0,0.0,none,none,,1,35081418,1.0,1.0,,,0.0007702619291570617,0.01794535304885762,1.1806672190056793e-06,0.20564442752501141,0.017780911103735877,0.0006446742488615888,9.017817689755831e-07,0.19646515557869332,0.0736412804764601,0.02066855939223097,0.0032672293692760242,0.03188126142347319,2.958732429077124e-06,0.3464300208007397,0.038782428774761055,0.0017804739256241588,2.5919260075614263e-06,0.47932973059686534,0.12725260995733415,0.0423923985887182,0.0064530720363805034,0.04493518643947607,8.807894282599457e-06,0.44863600137513626,0.04661885762061217,0.0033965942968645496,6.0870289832875805e-06,0.5284796501981588,0.13088173192033578,0.05140262753605325,0.01749030300597268,0.07399388782113803,1.3315894652006509e-05,0.6577534932143743,0.07580501398246747,0.008530144296655034,2.0388438085989087e-05,0.6809557286258988,0.16711382413457332,0.08238920303418212,0.02483399297904261,0.08572171676695402,3.3926559910128183e-05,0.7056801783787809,0.08551193760693979,0.011764147673042732,3.458862272415309e-05,0.7290692452463164,0.17669787660113956,0.09348212844762743,False,,,,,
K120N,missense,False,1.0,1.0,0.0,P/LP,clinvar,0.9993,1,37396188,1.0,1.0,,,0.0007702619291570617,0.018728017049871808,1.4717486112822293e-06,0.18454012699614605,0.017697934563626696,0.0006665399311663621,1.3713834069921048e-06,0.17265220111461982,0.07486097194596462,0.02034403956623507,0.0007287672792960601,0.017115224798001375,1.2420683751123052e-06,0.17300966899267167,0.01361789584714982,0.0005604680342315398,1.71151945130286e-06,0.12192436305137133,0.06046035381874391,0.015971090137002424,0.00520561830558536,0.04144245016394448,5.647138792942237e-06,0.43220613996197244,0.04143654458341026,0.0027232765803422584,5.977113105148506e-06,0.43397848938089156,0.12184191106725209,0.04597562735586785,0.0014311753115667841,0.018142211737064897,2.3918047929073397e-06,0.17156312302091695,0.015865259362267056,0.0007682348064249627,2.881689985742059e-06,0.1474782355257708,0.06690587461824048,0.018516514300683243,0.005299132993452542,0.03718809897312539,6.532452524434499e-06,0.4021563081893315,0.029010059365203754,0.0024135332417960457,7.13161712667104e-06,0.2689413864186375,0.08869285596185872,0.03399842335627313,False,,,,,
K150N,missense,False,1.0,1.0,0.0,VUS,clinvar,0.9998,1,22432108,1.0,1.0,,,0.0007702619291570617,0.018873746610034832,1.1777259670673396e-06,0.2015917258966992,0.0189790334508504,0.0006462962974444459,1.6995241863019557e-06,0.178553158902955,0.08043554980954457,0.021719603917690865,0.0007287672792960601,0.01496753735207582,1.8664761815992586e-06,0.14187790493548225,0.01828195159738661,0.0006004871910356778,1.334929812565217e-06,0.18177826526868096,0.07860550975643116,0.02079510480599768,0.005216755959757209,0.04309733594528122,8.749629627964495e-06,0.4254682873558945,0.04231007056113717,0.002862969453671021,6.770158640294274e-06,0.4223145496422619,0.12097393261884898,0.046849257274799716,0.0013410731419148214,0.017762360845379407,3.5203483416249916e-06,0.16705208091390955,0.016837209079194584,0.000952578852835679,3.3928022563621727e-06,0.14572190941917051,0.0685396791984779,0.019891408967066065,0.007059430037571179,0.04367293667176227,1.2169813875172372e-05,0.46323931122903156,0.0400989370983893,0.0040881809546787495,1.147039697537253e-05,0.3696918162199533,0.10806666545917352,0.046229545710899385,False,,,,,
K205E,missense,False,1.0,1.0,0.0,none,none,0.9999,1,38133737,1.0,1.0,,,0.0007702619291570617,0.019275344634856383,1.2783443372854623e-06,0.2013667047264972,0.019576251200120375,0.0006138646744472528,1.193821444901301e-06,0.20936365565233947,0.07977044192642868,0.022396231421244993,0.0007287672792960601,0.016337459904889922,1.4944300003664733e-06,0.15355839712249755,0.014249312636200332,0.0005815320652642598,1.6135954036214613e-06,0.145801188396655,0.06391113493925617,0.01640450353872117,0.00521898668593412,0.042427004406083865,6.262905119457543e-06,0.44355048065332064,0.04064900375695614,0.002800021320742127,7.099261626891772e-06,0.4148223123098124,0.11540885006396628,0.045333671996340336,0.005011664176308767,0.03968785936485238,7.173965241689156e-06,0.44889683443562833,0.03758021795810719,0.0027363244774122365,6.895215510401859e-06,0.3862808839678535,0.10774949985110661,0.04257944526758463,0.025690681426470553,0.08486920486310442,2.6612405841511814e-05,0.7368174702135338,0.08799792202500162,0.010256298778852844,2.1659948671565526e-05,0.7284807223612928,0.18300791593684754,0.09512040802533285,False,,,,,
K205Q,missense,False,1.0,1.0,0.0,VUS,clinvar,0.9947,1,9287053,1.0,1.0,,,0.0007702619291570617,0.018556172146692595,1.0407000182023633e-06,0.17882488094342672,0.017373894659653326,0.0006543236225257134,1.1915070914605965e-06,0.17467290687893966,0.0733836384140696,0.020184305250413516,0.0007287672792960601,0.01683607235313084,1.4146013363918207e-06,0.16260161241125,0.017943062594151064,0.0006135220982634963,1.3872265442137271e-06,0.18297796923130982,0.078734042417704,0.02012174910117366,0.005104390753368956,0.0410322169311932,5.693129627940486e-06,0.4384840462719899,0.04003318253368637,0.0028621506865314545,6.6778855416341905e-06,0.4382189214088169,0.11522241419772825,0.04459385412849816,0.0013410731419148214,0.01585113301789387,3.768990600921917e-06,0.1479935869527713,0.017117523035269654,0.0009313923886539691,3.8724801915278815e-06,0.16749381662614585,0.06555044326820328,0.020275473999919663,0.006919843847003664,0.04012474891390134,1.0343178070499426e-05,0.39350076925676575,0.03996621575756377,0.003855044769538677,1.1869135293480945e-05,0.405359311164231,0.11415716614383059,0.04545336502283455,False,,,,,
L12H,missense,False,1.0,1.0,0.0,VUS,clinvar,0.9951,1,9287053,1.0,1.0,,,0.0007702619291570617,0.018380022798824044,1.1318053963872264e-06,0.20346409259740242,0.018246423538023904,0.000653666162562597,1.1009224529330341e-06,0.17186594132834948,0.07668580111834179,0.020897026150789144,0.0007287672792960601,0.014893716914855495,1.1699331038825888e-06,0.12337057817165749,0.014610982683703665,0.000612004146047412,1.4737618031511537e-06,0.13541703359275795,0.06362364694587493,0.017098235839092226,0.005113105109434074,0.04308529167608941,7.44971126074984e-06,0.45475143141161506,0.0401238847652275,0.003149962716994006,7.227037958240454e-06,0.3943049607506574,0.1127828678908738,0.045082833836818756,0.0013410731419148214,0.019049836915575647,3.072861689897234e-06,0.18704198229737196,0.01693300955210314,0.001073547044663791,3.541126915831724e-06,0.14163939837383674,0.0655483580233191,0.0199010148235782,0.006930677307425519,0.04141884878529138,1.139976233209502e-05,0.4188065170742423,0.04608987205656945,0.004011486489677774,8.63004950184555e-06,0.4778249735899211,0.12458879636193436,0.05217458609487176,False,,,,,
L162P,missense,False,1.0,1.0,0.0,VUS,clinvar,0.9999,1,36504295,1.0,1.0,,,0.0007702619291570617,0.018849501161350122,1.149834583867857e-06,0.17478093719484408,0.01884463795579261,0.0006614451308867069,1.5885347692404463e-06,0.18076587811993974,0.0828152656436677,0.021480180659035036,0.0007287672792960601,0.015793461624645528,1.5179953941622144e-06,0.161300706442435,0.015665497075706435,0.0005762578547529244,1.3340408089162545e-06,0.12316998664751423,0.0714751130797877,0.017911687309480832,0.00521898668593412,0.041696019247451394,6.562175435469129e-06,0.42934735552142506,0.04320767304823293,0.002867681247231608,7.191810156490463e-06,0.47933366134537414,0.1244681712953248,0.047793659021005894,0.0013410731419148214,0.01973462360793882,3.705017322324496e-06,0.19343540380412655,0.01642522818668235,0.0010159420769832968,3.3789172453633976e-06,0.1423025098661201,0.06568435035311401,0.019613491398453708,0.007062198915485097,0.0440999203708352,1.0926370701156678e-05,0.44038062772104153,0.04287821496927949,0.004092657896237549,1.4618673791924844e-05,0.43020462764862494,0.11595877928553376,0.04865160418672534,False,,,,,
L17H,missense,False,1.0,1.0,2.0,VUS,clinvar,0.8428,1,23674172,3.0,0.3333333333333333,,,0.0007702619291570617,0.01763735008508991,1.2951567930549112e-06,0.17792037676039105,0.010470886317747204,0.0005660383031675752,9.282824589229361e-07,0.09886908094126669,0.0392101072707028,0.012896822067139872,0.0007287672792960601,0.01699310138019275,1.490273266764938e-06,0.14940244930100827,0.008220338967069238,0.0005325359586823632,1.6552760632227463e-06,0.0734606465952484,0.03173383145633086,0.010428953140819009,0.00274564618192094,0.029866861688714906,5.277479211117243e-06,0.3273351832573592,0.017235604847268774,0.0018158944384602084,2.992038061461803e-06,0.1550227069476817,0.05098820723163068,0.02119551880071353,0.0013410731419148214,0.01793849605273442,4.10322291330901e-06,0.18166560898671377,0.011342686856450405,0.0009263783590111314,3.4541685927383534e-06,0.10300736071953366,0.041717732689115494,0.014249783358461988,0.003927449435528606,0.03049685182067327,1.1260691298709082e-05,0.29939549249952024,0.01768474348808176,0.0024336209066397863,7.605701879945731e-06,0.15274780993113407,0.04788392888384238,0.022511083669934318,False,1.31544e-05,,,,
L214Q,missense,False,1.0,1.0,0.0,none,none,0.9999,1,30121369,1.0,1.0,,,0.0007702619291570617,0.016833656343117186,1.5150293982853246e-06,0.16041570358997753,0.018445866871665127,0.0005856753123670013,1.1426950819833635e-06,0.19004802243485233,0.07901600486688526,0.020893022186533054,0.0007287672792960601,0.018039387260172308,1.5961378416401684e-06,0.18159182015692993,0.015144643393012221,0.0005758333412149573,1.5779967064364378e-06,0.13744744475524479,0.06994770447619916,0.017222833626217366,0.00521898668593412,0.04140168777083009,5.9681732010684966e-06,0.4235094641465956,0.04328979235658488,0.002864123280230348,5.906456493429551e-06,0.4638051407504724,0.1264147119831612,0.04794374492520207,0.005011664176308767,0.036185184852865156,6.669676904308702e-06,0.3377946537719002,0.03907829697490919,0.002909148491986053,7.1900075893094255e-06,0.41184165761325303,0.11267474363007422,0.04405676462417734,0.025690681426470553,0.08490305219578288,1.625898443577036e-05,0.6891692304008183,0.0916178537298502,0.011526304533057048,2.135853311885203e-05,0.7602142164470238,0.18804130115758003,0.09927547289736569,False,,,,,
L281Q,missense,False,1.0,1.0,0.0,none,none,0.9835,1,26961851,1.0,1.0,,,0.0007702619291570617,0.016984877803925498,1.017615705923463e-06,0.17090707556086432,0.018219469603621197,0.0006104345550984023,1.5694717061592911e-06,0.19843548048242654,0.07535903837433834,0.020973430179013163,0.0007287672792960601,0.015332867062852454,1.2538775556294153e-06,0.1435937192677421,0.013564601504300021,0.0005264657543590878,1.1654961101275521e-06,0.11626107501650976,0.0618735742376153,0.015881193174680945,0.004867024245289287,0.04117045463715842,5.471696732016366e-06,0.445390758217942,0.03957588126334021,0.002981636149962741,6.609617815195496e-06,0.38666826809088356,0.11336754842195855,0.044620648967750975,0.005011664176308767,0.03715942447969112,8.314451241028437e-06,0.3838595853051941,0.0352860076899925,0.002906658694476612,9.606379894087373e-06,0.36777631051459586,0.11054285455098942,0.039955546145893084,0.02425104960265245,0.08300142772820544,2.3769807226636777e-05,0.7389217605946459,0.0819379561262265,0.010282300886832971,2.5008117910484573e-05,0.6948944650836523,0.17301413715412908,0.08934804789085607,False,,,,,
L30P,missense,False,1.0,1.0,0.0,VUS,clinvar,0.982,1,41525167,1.0,1.0,,,0.0007702619291570617,0.016031060303883335,1.0187748917361557e-06,0.13919206409258686,0.018263889846373314,0.0006323123208873962,1.3173880771629977e-06,0.18300565739641506,0.07883836325611435,0.02087939972013954,0.0007287672792960601,0.013977264215014863,1.2669347802468837e-06,0.12477077299266567,0.013477482975364425,0.0005702111925960814,1.666680479572497e-06,0.1252505251099941,0.05790328931512154,0.015731559072063448,0.004836186402733011,0.0384517402018855,6.295724981387431e-06,0.4253021049564371,0.03919192362704637,0.0029774164597268817,5.405995916420708e-06,0.3930675746825797,0.11445605030174404,0.0441257576539378,0.0013410731419148214,0.018560005117414787,3.5927574933053393e-06,0.1810013181516427,0.01627774666442288,0.0009675813567005421,3.2724545320810537e-06,0.14425622462701737,0.06374320078512732,0.019188814815650723,0.006585743578162607,0.04008349424954829,1.1556865775242079e-05,0.42207368753182506,0.0374636793183927,0.0035575085404614777,1.3654414444322577e-05,0.3513232062834204,0.10961876290048994,0.042850788971247916,False,,,,,
L377fs,frameshift,True,1.0,1.0,0.0,none,none,,1,22432108,1.0,1.0,,,0.0007702619291570617,0.020012706687943187,1.0569759293421946e-06,0.21636772116507755,0.02020174647715279,0.0006146963101812116,9.244043552587403e-07,0.20001401653000936,0.08766999148904914,0.022514987991193114,0.0032672293692760242,0.038232417246641885,3.5635492492963206e-06,0.41290048215643116,0.035897748083558036,0.001761292095822245,2.9668288484219225e-06,0.39526862318354833,0.11382650783174739,0.03967959729042657,0.0064530720363805034,0.04741008789092767,8.229031120298223e-06,0.4835545826511898,0.04664123541389791,0.0037126466926705156,6.669329927857359e-06,0.48613287260581955,0.12763596189635604,0.051804073062092136,0.01749030300597268,0.08238736127899281,2.232604971850575e-05,0.7377640033181637,0.0755815448123051,0.008107169512129276,1.3581682597563948e-05,0.69754734439478,0.16665007635233375,0.08231383724006215,0.02483399297904261,0.08565867203074184,2.2742488135891622e-05,0.6939802964123054,0.0883585487228555,0.012583662999186068,2.2946933497358786e-05,0.7136249759728621,0.17790071088282053,0.09605284231682704,False,,,,,
L44fs,frameshift,True,1.0,1.0,0.0,none,none,,1,41767394,1.0,1.0,,,0.0007702619291570617,0.016952854955194437,1.3521467082355785e-06,0.16889032909012822,0.019087111431304187,0.0006268064545820746,8.939128944573985e-07,0.19790444320054212,0.07804397640233793,0.021810603073279373,0.0032672293692760242,0.034474390462949124,2.7911542602697776e-06,0.35429250778485144,0.030806356441066576,0.001803121927620112,3.7923358407355872e-06,0.31764910324436624,0.10007949249803441,0.034601949735921636,0.0064530720363805034,0.049495763729805554,8.093504835795308e-06,0.5069345522209411,0.05156474170373193,0.003417200433599476,6.121289117906138e-06,0.5486929942205362,0.14120683977410978,0.05671166089357336,0.01749030300597268,0.07216303989519532,1.533162426939543e-05,0.6719506904803068,0.07696247032632678,0.007799936314006434,1.582608158971876e-05,0.7144849485847639,0.17075775552020614,0.08344102899378304,0.02483399297904261,0.08409982642377556,2.6974207152624755e-05,0.6975894322595781,0.08624942169688106,0.012458329679491405,2.9835991233450946e-05,0.7085083059194416,0.177158834696068,0.09424252231952676,False,,,,,
L551S,missense,False,1.0,1.0,0.0,none,none,,1,32375679,1.0,1.0,,,0.0007702619291570617,0.01916588885327113,1.342402429676292e-06,0.1819325039982135,0.01822923659207214,0.0006154059477109228,9.885437078328328e-07,0.1919163382167454,0.07202845500503487,0.021452338052960214,0.0007287672792960601,0.015307776433223121,1.2684969349998268e-06,0.14049575924436902,0.016796845404759068,0.0005623320714538154,1.3611469220416255e-06,0.16704810372133103,0.07408731361871987,0.01910659822370602,0.002297090489071481,0.025257665247930827,2.2708751766643155e-06,0.2581316571506275,0.02543709994993305,0.0009486596639511949,2.391904475887863e-06,0.2585394259593353,0.09481154303648247,0.028432225794855794,0.005011664176308767,0.03612730939039872,6.3709002728728255e-06,0.33969827542413544,0.040089628292092845,0.0028876988879634993,6.932897323462967e-06,0.4291040855750027,0.118286246507569,0.04489160758146289,0.012730249106870936,0.05420324813364617,9.724009012872502e-06,0.5700010363424066,0.056545639515565946,0.0045708141539520415,9.87056033795335e-06,0.5713078159110647,0.14637493311554822,0.06275778713714229,False,,,,,
L555F,missense,False,0.0,1.0,2.0,B/LB,clinvar,0.0798,1,22341299,3.0,0.0,,,0.0007702619291570617,0.01671843619903254,1.189678872930305e-06,0.18343567321307,0.009250792979413086,0.000568037863774285,1.2157536530189091e-06,0.07225105559708067,0.03664589931480979,0.0116419461699556,0.0007287672792960601,0.017526849382524367,1.3947580598875111e-06,0.17770418662543108,0.007788153644778492,0.0005343431818514226,1.244544619174772e-06,0.06854317097301428,0.02867845003232543,0.009875010318132219,0.0003154231265640021,0.006712002079903484,5.433760198157296e-07,0.04859962042732546,0.003829912986739269,0.00017737857440027247,4.3690454492447555e-07,0.03853969662016011,0.017070824804100156,0.004986835312176667,0.0003751084526462695,0.007556199884786797,9.42552074206871e-07,0.060356234219898504,0.004893998858496066,0.0002734361107964027,1.0965974665169886e-06,0.044234938011258176,0.023352131141435004,0.006273924794464537,0.0001923198207522866,0.003856807670439278,5.83892417164576e-07,0.022680382692331975,0.0025979636634910585,0.00010014999381649265,3.7145162869936846e-07,0.01963664690068272,0.016706297914632306,0.003484623707061427,False,8.05893e-06,,,,
L57M,missense,False,1.0,1.0,1.0,none,none,0.091,1,34888019,2.0,0.5,,,0.0007702619291570617,0.01660026075224466,1.1643522605158251e-06,0.18884230254435985,0.011270607773398526,0.0005825997583433017,1.1771298413053942e-06,0.11164550595820694,0.045544666607377646,0.01375169829070256,0.0007287672792960601,0.016660429975995938,1.5206681987973572e-06,0.15485977475067866,0.010458231558130639,0.0005816941134320248,1.3556271929427743e-06,0.09420580675390267,0.042890732320570536,0.012773089860255165,0.00032180978594458144,0.006640625892432119,7.77151633952052e-07,0.05020285485290841,0.00540731394026056,0.0001910959479504119,7.201122422658134e-07,0.05131942319946074,0.026077864099671694,0.006746960247674337,0.005011664176308767,0.035954275728339605,8.033862904809817e-06,0.35735905105093235,0.024006553263669825,0.0024802964226880346,5.466222352975992e-06,0.20817705593038668,0.06878926734849297,0.028793810361550744,0.002235718581298359,0.01764595822282551,2.834867626144492e-06,0.1712964987222508,0.013109537294092446,0.0008390455574680254,2.033994455960741e-06,0.12617370449872906,0.047543948620123046,0.016400698669561703,False,6.57341e-06,,,,
L584fs,frameshift,True,1.0,1.0,0.0,none,none,,1,9287053,1.0,1.0,,,0.0007702619291570617,0.02116882347381936,1.0513335002809887e-06,0.2425442690218848,0.020000729764097093,0.0006200841257416904,1.6035384545114981e-06,0.197453281847087,0.08476271970898237,0.022467932821472632,0.0032672293692760242,0.033158959961171214,3.0739757157170814e-06,0.34636286467533406,0.03352113401972817,0.0019433861312012544,2.894439899696557e-06,0.3508513993061658,0.10579281134210453,0.03738844580364052,0.0064530720363805034,0.04887556597416769,9.423797763783549e-06,0.4937401187800799,0.045146075640012204,0.0035431583679089913,7.679759322243126e-06,0.4448788839553552,0.1244570008734286,0.050199561482247086,0.01749030300597268,0.07397452470834638,1.801848079990675e-05,0.7058227387837125,0.07800323360935904,0.007982520888696042,1.6545510089431395e-05,0.7069483787894109,0.1733666795262628,0.08434898225834703,0.02483399297904261,0.08779608174321475,2.004491182270161e-05,0.6853143112479803,0.08825443419617973,0.012435994940965586,2.418469899465729e-05,0.6968058625613687,0.17749644462905698,0.09633777367824016,False,,,,,
L611P,missense,False,1.0,1.0,0.0,none,none,0.589,1,37396188,1.0,1.0,,,0.0007702619291570617,0.01607391960631939,8.960854685049697e-07,0.14667402247494254,0.019705950120547468,0.0006557454866338242,1.2312547321229099e-06,0.20319992546052254,0.08135454194732082,0.022444602179893962,0.0007287672792960601,0.014994417733919803,1.4020006364296158e-06,0.1323959038230882,0.01692287007777881,0.0005208309758534817,1.2940947812378535e-06,0.18492320265031575,0.0723036422322439,0.019163966921004246,0.0011166689828732252,0.01649082021092805,2.6331412156696667e-06,0.1460774953372749,0.017795536668448013,0.000971618956746909,3.5450932101323373e-06,0.16848292313241883,0.07242231579891352,0.0204849070065263,0.005011664176308767,0.03822178476368534,5.326740035574924e-06,0.4090053822561336,0.034460375251099594,0.0025589524715856305,9.13349516988378e-06,0.3429142833066683,0.10270892841531896,0.03933111081860643,0.006645661188231315,0.04028927043403667,1.3700069679405667e-05,0.39976440942517366,0.045338859134191445,0.003599865158278528,1.0247024962895817e-05,0.4533270583444453,0.12838419212465435,0.05096134711447638,False,,,,,
M490R,missense,False,1.0,1.0,0.0,P/LP,clinvar,,1,22432108,1.0,1.0,,,0.0007702619291570617,0.015953626856814822,1.3542476503854275e-06,0.14908665475676,0.020063483251659537,0.0006242532226986297,9.70189357469854e-07,0.20837885631856662,0.08185884060633822,0.023078780018293343,0.0007287672792960601,0.017851697626138047,1.400017590382873e-06,0.18366002482240754,0.017192109360292314,0.0005717310496532683,1.659444728893373e-06,0.1551377395569059,0.07698456328788379,0.019518686016370926,0.002297090489071481,0.02569004701078643,2.7829125533012966e-06,0.27262390913577267,0.027051243845187485,0.0011024458637104292,2.6759399472509016e-06,0.30142392844484456,0.09565556067908543,0.030192642085139602,0.0014311753115667841,0.016974298013322415,2.202812455689252e-06,0.17453244731304254,0.015753593064781257,0.0007955887775742561,2.920451045820482e-06,0.1473929161756665,0.06768845390142245,0.018418499430540417,0.002822319515872945,0.020438417362305228,2.866601997805942e-06,0.19214978953846448,0.024038256313672988,0.0009405755989044338,2.42205512645e-06,0.26483372274190836,0.09067065414656202,0.02751630922147368,False,,,,,
N127del,inframe_indel,False,1.0,1.0,0.0,none,none,,1,37396188,1.0,1.0,,,0.0007702619291570617,0.016601488378348545,1.4019449858514535e-06,0.16037075244518748,0.018893497439095894,0.0006326246670780439,1.1334195007021546e-06,0.19389776287960378,0.07686233458793193,0.021717890080849876,0.0007287672792960601,0.01459293205097256,1.4469874753234385e-06,0.13513753415203697,0.01793707561872169,0.0005485242413175526,1.3608309276772204e-06,0.15601895070971267,0.08255835503023654,0.020174782332432944,0.002297090489071481,0.021712290008157945,1.8384281719066614e-06,0.2165901263564939,0.024352216219083508,0.0010750951822679786,2.241223183893704e-06,0.24234549660330454,0.0896643861858525,0.027756533084779815,0.005011664176308767,0.03500568925796274,6.706820301281001e-06,0.3421606065684545,0.04083711385267602,0.0029433712325499196,6.2553146092431755e-06,0.44822714325093743,0.12073142393269094,0.04543371631630895,0.012730249106870936,0.0546054220225263,8.107922909982407e-06,0.5334004025918758,0.054680596762853105,0.004621545962039123,8.942492009219384e-06,0.5706935639087545,0.1413149535295866,0.06084782935867994,False,,,,,
N237K,missense,False,1.0,1.0,0.0,VUS,clinvar,0.9997,1,26961851,1.0,1.0,,,0.0007702619291570617,0.016759017482309135,1.3453581293922886e-06,0.17096055603872098,0.017665748396740306,0.0006291275228458202,1.1666170800831302e-06,0.1776895157620856,0.07068169284352836,0.02050823213750515,0.0007287672792960601,0.016761797147791743,1.4667870626778603e-06,0.15643922578995165,0.016026960731990912,0.0006097318179641317,1.686666458955355e-06,0.15849615144994708,0.06871358392539793,0.018434658433749317,0.005214526299387564,0.04359611670364579,6.842759400547078e-06,0.4345417087486862,0.04566061967903772,0.0028744572339471156,6.593787959423065e-06,0.5025107189315419,0.13153145782071077,0.05029351291064538,0.0013410731419148214,0.016933218843260347,3.510323232134937e-06,0.14086891954134662,0.016571770839452275,0.0010263192871702471,4.222593029592163e-06,0.15638046094503197,0.06468850689117485,0.01967797518348012,0.007056662395604207,0.040418670838924864,1.1644668842488424e-05,0.3827096604942989,0.04287643439131373,0.0037963847290419543,1.1480308642832178e-05,0.4132064547593903,0.11875187015006189,0.048702906676923945,False,,,,,
N270S,missense,False,1.0,1.0,0.0,none,none,0.9968,1,41397788,1.0,1.0,,,0.0007702619291570617,0.018977625294904283,9.504445905198725e-07,0.19504355373240626,0.019735850890581705,0.000624018600032963,1.3020327878370092e-06,0.20714293820166244,0.08151735987173359,0.022487728974206898,0.0007287672792960601,0.015731580653827057,1.4336963083375095e-06,0.14747994544815782,0.01544414447193406,0.0006158307090360393,1.5881663052476707e-06,0.14161674890713355,0.06867372023114113,0.017779027916907445,0.005150327444487478,0.040951453913145135,7.045174966406593e-06,0.4470441626883704,0.041749008005788554,0.0029147000438055643,5.973561326747611e-06,0.4591389196061075,0.12251751140230746,0.046233159384278626,0.005011664176308767,0.038533894286039344,7.610869694754062e-06,0.4171155345389505,0.03635878251940855,0.0028176276410911694,6.521957474615827e-06,0.35971191361859767,0.10795683461893385,0.041046619853405165,0.02541223478796479,0.08451378766479317,2.288207084329475e-05,0.6907343747692594,0.08708065509297877,0.010561061726397772,2.6279352107795818e-05,0.7247432756059264,0.1792998474569001,0.09493776946133763,False,,,,,
N270T,missense,False,1.0,1.0,0.0,none,none,0.9994,1,41625734,1.0,1.0,,,0.0007702619291570617,0.019371625089607995,1.0451069294507172e-06,0.21110920297631344,0.01794161561864142,0.000622594362660427,1.0822524155344654e-06,0.17992795783738438,0.07514027835111865,0.0205880409798784,0.0007287672792960601,0.014041915007314549,1.2436397298094031e-06,0.14261252140092467,0.01447837454096435,0.0005975643881320896,1.5910407202116538e-06,0.13769551563801882,0.06348833968732409,0.01691456093526487,0.005207843707923509,0.04296704237912482,6.303489897607597e-06,0.4497494939812932,0.043177916853521625,0.0026942040972136013,5.197580759386231e-06,0.482234994232409,0.1254719635563662,0.0474107698182167,0.005011664176308767,0.03909440557091063,7.593130294518499e-06,0.4181351731629793,0.03556987468299286,0.0028307971168706108,7.120239880539287e-06,0.3697934299769192,0.10954531251098217,0.04015108165083522,0.025645568711177805,0.08432016696249948,2.470992977663546e-05,0.7200673977201789,0.08076997619188339,0.010114348746715053,2.7001402216281126e-05,0.6644001592361034,0.16850304390627205,0.08852788631732618,False,,,,,
N62S,missense,False,1.0,1.0,25.0,B/LB,clinvar,0.1139,1,36836406,26.0,0.038461538461538464,,,0.0007702619291570617,0.018342020473045687,1.323846972823307e-06,0.16996944365304742,0.003109301832660668,0.0004149302382629475,1.0724854463186155e-06,0.025718302043943635,0.00820854616295714,0.0044655167385471576,0.0007287672792960601,0.016670406136226796,1.5962816043961277e-06,0.16451124826199118,0.003004962978439563,0.00038128861280621384,1.1919094406581983e-06,0.024387798779027265,0.008262049051154432,0.0042649888925751275,0.00033563411581694655,0.006875625095166297,5.136450613506805e-07,0.04820918054954863,0.0017764677730299913,0.000180063184828438,7.090040782922628e-07,0.01571276228343973,0.005357028896542368,0.0026049249253584793,0.0003751084526462695,0.008293693502622887,9.020200062043353e-07,0.0638441931577037,0.0018350583097330793,0.00019930639791918527,6.942792458539176e-07,0.015542061528985436,0.005421375211933827,0.00273522244348966,0.0002037106041227764,0.003127580582388031,5.538189241607609e-07,0.020653095663628412,0.0011764159266791831,0.00011357241415471165,4.993853302673201e-07,0.009682956223554428,0.004297704213783497,0.0017580094686887656,False,0.000164461,,,,
P291R,missense,False,0.0,1.0,14.0,VUS,clinvar,0.1577,1,34202200,15.0,0.0,,,0.0007702619291570617,0.018649351289130974,1.207981099836753e-06,0.18296527934432055,0.004019463044752157,0.0004212786071491609,8.160782948689529e-07,0.033762086166307846,0.012580757221960753,0.005530809494004502,0.0007287672792960601,0.014527325343427482,1.338092545211664e-06,0.12894421626676666,0.0038315490766012814,0.0004916769513660344,1.2175337946248248e-06,0.032585594355595625,0.011478578000842924,0.005315002145621971,0.00036522074117812016,0.00744401474056453,6.412123793156422e-07,0.05309401892430374,0.0022649281399720745,0.00020621782141828676,8.121872636122475e-07,0.019753925059345197,0.007773930416844221,0.0031661454972570515,0.0013410731419148214,0.017381727225044285,3.767587511996665e-06,0.15239255417329348,0.004614115068027024,0.0007984574075645871,3.6897055992337875e-06,0.03706675587370479,0.01211976639728206,0.00657158815523439,0.0006739139328277478,0.009265492911815505,1.6761777041575508e-06,0.07644554877802374,0.002983082698509276,0.00036634778627052346,1.7889609471311123e-06,0.024510297347557747,0.009364117535923434,0.004386046116667599,False,9.19866e-05,,,,
P291T,missense,False,1.0,1.0,2.0,VUS,clinvar,0.0569,1,22432108,3.0,0.3333333333333333,,,0.0007702619291570617,0.017018812312284907,9.601089268627728e-07,0.1420861509040113,0.00924791319127187,0.0005867306556323292,1.3107205188449282e-06,0.0856989108039219,0.03267657689033513,0.011636965010800113,0.0007287672792960601,0.014603527967293233,1.6137429179168427e-06,0.13672478594719337,0.008293275377864343,0.0005478455029623258,1.0357116280597304e-06,0.0701878216077752,0.03323202127178197,0.01044985393274809,0.00030308137505785437,0.007492374321128631,5.254766494255276e-07,0.052161753666204264,0.005706426673565292,0.00018643465612720392,5.772547598563772e-07,0.04369838816329703,0.03147933570625916,0.0069887407903540906,0.0013410731419148214,0.017319242803966385,4.280344717252822e-06,0.15714867064025537,0.009698076551057273,0.0008859299724778712,3.837132809694891e-06,0.08009805528909125,0.03230603369265089,0.012567205183547554,0.000582748284061534,0.0075285168535884385,9.440480263391403e-07,0.05869795906886619,0.004907147232756672,0.00029526122903911743,1.120765256797794e-06,0.04225129032890731,0.02156096558377559,0.006617670195692446,False,1.31392e-05,,,,
P33L,missense,False,1.0,1.0,0.0,P/LP,clinvar,0.1082,1,32238361,1.0,1.0,,,0.0007702619291570617,0.018166303240358065,1.7179056227079132e-06,0.16754658995649047,0.021355519343229212,0.0006739980180258257,1.2290737817783393e-06,0.21987843872811508,0.08814141191728779,0.02408225457463448,0.0007287672792960601,0.01763831312882055,1.3749803497291795e-06,0.1695535238560952,0.017788059816079383,0.0006247712832524808,1.3275830010351551e-06,0.17904901142179716,0.07836694060522965,0.02030079241070012,0.0003320937214217423,0.006916260286820203,6.229950382920554e-07,0.055161351098648344,0.007085122462626949,0.0002240843373153081,7.240884719378413e-07,0.06234292951919319,0.03892053724093111,0.008491331576059653,0.0014311753115667841,0.01711086802688512,1.7269548539537438e-06,0.1546677771206012,0.017388298230693437,0.0007819377133686987,2.272241450576403e-06,0.15953743190482203,0.07365342495363861,0.02008995213643451,0.0006101214188473551,0.0077955399511309585,7.983235880823951e-07,0.06185920934701728,0.008383749710882803,0.00023235346005656167,5.839620025188475e-07,0.06935471147190822,0.04554462488137898,0.010115344802764877,False,,,,,
P379F,indel_cdna,False,1.0,1.0,0.0,none,none,,1,29666556,1.0,1.0,1.0,1.0,0.0007702619291570617,0.017387329642572592,1.021939806496964e-06,0.1805166096017091,0.021281035160338115,0.0006477020654472089,1.4507920093331119e-06,0.20428794651322033,0.09024272106081314,0.02378497218822097,0.0007287672792960601,0.01537502392622409,1.1407762003458162e-06,0.15602685088240173,0.017918527842249923,0.0005640463533283213,1.2124760576024296e-06,0.1624839124616975,0.079023409525853,0.020420162448892987,0.002297090489071481,0.02473584208717889,2.181421262832947e-06,0.25612317447838834,0.027417734387469996,0.0011132055998341974,2.177303008927276e-06,0.29764988392412667,0.097184689564173,0.030892812107931558,0.005011664176308767,0.036116571986992904,5.468780369151454e-06,0.3968477511182347,0.036519794505734254,0.0028544856371799402,7.901617386090323e-06,0.3768086195341481,0.10938701908115804,0.04131366017566556,0.012730249106870936,0.054148054495982895,9.694263480924972e-06,0.5332862571408516,0.05698552542697196,0.004415218452213434,8.471647076129414e-06,0.57730759220406,0.1458156068202521,0.06285260666192573,False,,,,,
P611L,missense,False,1.0,1.0,0.0,none,none,,1,29439679,1.0,1.0,,,0.0007702619291570617,0.018714451305533127,1.0632226053988917e-06,0.1907724555704388,0.017996709348341012,0.0005995707632396499,9.370396781336895e-07,0.1757945051331788,0.07553346218375083,0.02048126407066349,0.0007287672792960601,0.016424639638775003,1.6583395282507623e-06,0.15923839552173605,0.01587045276422835,0.0005739751554342837,1.587318719363119e-06,0.14674600105631516,0.07158440054709278,0.0181589218633147,0.002297090489071481,0.021604680376779695,2.2720895111047136e-06,0.21539388045937555,0.025529079438503834,0.0011101941128842097,2.5017414335948826e-06,0.2936856195267541,0.09283670013524618,0.02885462940596303,0.005011664176308767,0.03508071651033201,6.647687013001309e-06,0.3431426570555223,0.03952204914725122,0.002565682547069661,6.010478005808221e-06,0.4297056591531215,0.11994411163832934,0.044072686228810616,0.012730249106870936,0.05233120683128595,9.311554116211987e-06,0.5158944108128416,0.0585634956969608,0.00490867374638658,1.2415000481397154e-05,0.5747658364212048,0.14538939802552212,0.06480795539813809,False,,,,,
Q124X,nonsense,True,1.0,1.0,0.0,P/LP,clinvar,,1,40608360,1.0,1.0,,,0.0007702619291570617,0.01805183617241654,1.3268415399025104e-06,0.17308962791183516,0.018944831411907913,0.0005657657755885734,1.1645724243286303e-06,0.18830116998839846,0.08092979019360834,0.02144834736564027,0.0032672293692760242,0.03796076812380156,3.7060746044216553e-06,0.42570360752257136,0.03877753319884042,0.0019363979601986483,3.3920663192635407e-06,0.43819373743477086,0.12022368355798904,0.04254192943666995,0.0064530720363805034,0.047023740852129604,7.205956412312803e-06,0.4700167921228664,0.046286907466533675,0.0035214586804039175,8.96137001644565e-06,0.493192518860273,0.12784355705190847,0.05108901924132126,0.005748302318833196,0.03910359104842631,4.630184895315152e-06,0.39881091611823105,0.03489512386950756,0.002419075854632989,5.1223039652655295e-06,0.35810179049857566,0.10408968243052762,0.039486335081935955,0.006354764526450128,0.037772940399686455,5.779493395593525e-06,0.38637878959025007,0.03782356184776359,0.00265787388617824,5.348763060854191e-06,0.38509719464462927,0.1076711109387672,0.04294306226943165,False,,,,,
Q125H,missense,False,1.0,1.0,0.0,none,none,0.9707,1,37396188,1.0,1.0,,,0.0007702619291570617,0.01701185687996643,1.1698038970756975e-06,0.1718822841069231,0.018546824704674038,0.0006825198042693613,1.181879127179934e-06,0.1849115660842686,0.07779390756742235,0.02126416113795125,0.0007287672792960601,0.016988113942208304,1.3776074125063245e-06,0.16619237312806762,0.017089209846498032,0.0006252184850887915,1.4464555028041131e-06,0.16589642915448763,0.07551330133437305,0.019355415892701806,0.004610825827419117,0.040051911292694496,6.684568180596455e-06,0.4101633035375998,0.03881093150578232,0.0027223434765155964,6.674320439692708e-06,0.39519624830116445,0.11119882759159591,0.04345398281606085,0.005011664176308767,0.0345961295608829,7.761172139316079e-06,0.3717069000032557,0.03526703736061226,0.002695465543354994,7.582081667025974e-06,0.3587538315732097,0.11127647332388504,0.03989834261169883,0.023183476988507565,0.08220269355733309,1.995024703647842e-05,0.6757984120136341,0.08238798974013146,0.010558312406391972,1.8965196592214417e-05,0.7157135766336277,0.1750277558886667,0.08987385085185283,False,,,,,
Q125X,nonsense,True,1.0,1.0,0.0,P/LP,clinvar,,1,33242514,1.0,1.0,,,0.0007702619291570617,0.01796780827266927,9.952571182489113e-07,0.17133839334272755,0.01630160111378275,0.0006834584358899594,9.679211700985688e-07,0.15683542941581094,0.06710133090486495,0.019197784513942495,0.0032672293692760242,0.03443696721285575,2.5832225339660555e-06,0.3551702339409687,0.03422738480561175,0.0019030925658574233,2.5063481766714467e-06,0.3751650461094487,0.10714507354621423,0.038148705015910916,0.0064530720363805034,0.0472755929787893,8.83826427407113e-06,0.4774747138231854,0.04185509851389657,0.0031602528732469683,1.0444223225010808e-05,0.4004138980041267,0.11725125283645538,0.046930268971118884,0.005748302318833196,0.03888451666034266,4.848154356092117e-06,0.41120370117508337,0.03852995598986311,0.002390528034987025,4.385347652663707e-06,0.42120627463631455,0.11368891372104324,0.042897919522862864,0.006354764526450128,0.037123453164956695,7.412172777031007e-06,0.36422273202359773,0.03462091741128798,0.0026881230956145447,6.1534681821735185e-06,0.312428348438061,0.10540545842278301,0.040025265406907456,False,,,,,
Q324X,nonsense,True,1.0,1.0,0.0,none,none,,1,32238361,1.0,1.0,,,0.0007702619291570617,0.01921526385518453,1.0848117145146808e-06,0.2044999287126649,0.01635608773459294,0.0006020611852145611,1.050945575311462e-06,0.18236929750689623,0.07103293481954083,0.018989882281477397,0.0032672293692760242,0.036789699235532866,3.2561162319518323e-06,0.4056441240808228,0.03373346844678598,0.0018313953417986883,5.131765688266345e-06,0.3742343883654655,0.1072996345708131,0.03789934916223707,0.0064530720363805034,0.046120173213666904,9.317762775093374e-06,0.4888743703498542,0.04919823976837079,0.0036634996074575185,6.640330604087935e-06,0.5055881199064468,0.13199013321180544,0.05424634017542014,0.01749030300597268,0.07354802398940502,1.7449441674724733e-05,0.6816528749495948,0.07652425639184976,0.007872433341915189,1.994007763348008e-05,0.6715517230557119,0.16771721137341797,0.08304383773668778,0.02483399297904261,0.0831421229505485,3.531342545620296e-05,0.6879445296591278,0.08691742910562629,0.01246775499856882,2.5463730525164578e-05,0.7168596283052691,0.17653081961906875,0.09483512284231745,False,,,,,
Q398X,nonsense,True,1.0,1.0,0.0,none,none,,1,39504571,1.0,1.0,,,0.0007702619291570617,0.0194604643703107,8.581679959784506e-07,0.18529776348903382,0.017404087561002105,0.0005978345036940833,1.2336223196419477e-06,0.1690376649232287,0.07155122743100883,0.02025119682207638,0.0032672293692760242,0.03901205022832473,3.1609603737193e-06,0.43365177256526527,0.0362550127570161,0.0019366338237381308,3.166686364889272e-06,0.3867896397246206,0.11219394969501369,0.040269387710424466,0.0064530720363805034,0.04893854669872522,8.873781306898171e-06,0.5200843188117639,0.04568387589529531,0.0032290570518731417,8.803553239550428e-06,0.46327394568285846,0.1242792483134483,0.05057085955944751,0.01749030300597268,0.07966282386927688,1.384253761881237e-05,0.69329634539056,0.06679138701070805,0.007480725958964631,1.3297604211752444e-05,0.6130868779097175,0.1538804039144924,0.07356475893588947,0.02483399297904261,0.08446667421047022,2.9301795998748204e-05,0.6906302161448471,0.08406093423114522,0.011159215398719937,2.8163418567433895e-05,0.7127588652641671,0.17598369459441768,0.09167561067130395,False,,,,,
Q444fs,frameshift,True,1.0,1.0,0.0,none,none,,1,39170165,1.0,1.0,,,0.0007702619291570617,0.017740137675962046,1.2950480692590746e-06,0.1829451200122445,0.01828147912844459,0.0006223968218198503,9.505591213665511e-07,0.17901292831309804,0.07857601191071147,0.021100979056846027,0.0032672293692760242,0.035323632403767444,2.8187109150434177e-06,0.34333951494335313,0.03605340187082468,0.0018425378363604496,3.140764373941842e-06,0.3662243286829505,0.11356692281159252,0.04011705381123299,0.0064530720363805034,0.047920191714808894,9.052290631395141e-06,0.5110992370184547,0.04536332609032546,0.003442603895425283,8.613908995796472e-06,0.431813891168922,0.12513448059338023,0.05055456342969782,0.01749030300597268,0.07207622015286946,1.790058152745005e-05,0.6418403241320597,0.07327440997191433,0.008259920189195469,1.497065650314686e-05,0.6689621583850076,0.16236055977173913,0.07974463255352038,0.02483399297904261,0.08500633178302103,2.8460812161633873e-05,0.6872274132790371,0.08989131637067257,0.011991845802303797,2.3499279512376115e-05,0.7202063527276964,0.1838160230115109,0.09737097603470907,False,,,,,
Q463X,nonsense,True,1.0,1.0,0.0,none,none,,1,21168233,1.0,1.0,,,0.0007702619291570617,0.01903231467507162,1.1660673912885796e-06,0.22331013855393678,0.01982520604108854,0.0006600029007034224,1.3313867063755299e-06,0.23372352456651427,0.079948082834799,0.022460912707174367,0.0032672293692760242,0.036026454942421994,3.7683353206659434e-06,0.38748736392982697,0.035664953118536395,0.0018334100386932532,3.501594931171253e-06,0.3936210404508626,0.11271211525701072,0.039358051652697214,0.0064530720363805034,0.04721438765885841,6.72699570441578e-06,0.5009310773127521,0.04403681718447346,0.003398952253634793,5.662142294395476e-06,0.458250550439417,0.12289192882822364,0.048854527546587465,0.01749030300597268,0.07537046011144923,1.444334773905474e-05,0.6398853048172389,0.07470447232160594,0.008485359469813186,1.4476401797084595e-05,0.6457221512920038,0.16196013365147047,0.08151950166806037,0.02483399297904261,0.08368433903534873,3.1148118412090484e-05,0.6759884064359934,0.08750256332324868,0.011110019831435267,2.670756847632183e-05,0.7306544656948133,0.18092139657706355,0.09518221186840388,False,,,,,
Q466X,nonsense,True,1.0,1.0,0.0,P/LP,clinvar,,1,36208030,1.0,1.0,1.0,1.0,0.0007702619291570617,0.017630431382495728,1.2697476874656487e-06,0.16736624930025754,0.0178752511250659,0.000599174663818502,1.0366857135734884e-06,0.18942401290681313,0.07409182717853395,0.020791449395804962,0.0032672293692760242,0.035598685618070905,2.6058590069419e-06,0.37931589678914396,0.042123259679235685,0.0018660284694222977,3.0700009052628204e-06,0.4448298669628131,0.1265328534703702,0.04624789664960062,0.0064530720363805034,0.04669586258422007,1.014134175912535e-05,0.4992650582540233,0.052271966561861685,0.003884292839881186,8.004552127047168e-06,0.5754899284163918,0.13958822153726363,0.05734305303391736,0.005748302318833196,0.03281994211792897,5.152337200846278e-06,0.33099022256230237,0.03919164543348707,0.002549645977245783,4.420913661509858e-06,0.42425196426530387,0.11771399743272969,0.04388932985311634,0.006354764526450128,0.03700577015789561,7.259414198501111e-06,0.39495864222396615,0.03768537709839138,0.003022669770994922,6.823825620201209e-06,0.3885578082333544,0.1107657661799484,0.04290439509484453,False,,,,,
Q486X,nonsense,True,1.0,1.0,1.0,P/LP,clinvar,,1,11232004,2.0,0.5,,,0.0007702619291570617,0.01782443605613449,1.1433013710476144e-06,0.1623657865149228,0.011997590548499498,0.0005652434215479862,1.1790199960858402e-06,0.1221967939521869,0.04803996006989991,0.014519199727446114,0.0032672293692760242,0.03560086655565846,2.752352258820772e-06,0.3765708720590741,0.022783133629029884,0.0015570427102555616,2.86153523202441e-06,0.20984928795084792,0.07157502333697638,0.026666721869185953,0.0064530720363805034,0.044670633077326584,7.343773155503105e-06,0.4683140276839359,0.029313059285924595,0.003043666251687354,8.805258100240817e-06,0.2647807637080548,0.0771363061403455,0.03440444486331283,0.005748302318833196,0.038706008640656785,5.327414166111876e-06,0.3962716469545545,0.02441687257449041,0.002046763433495597,4.249127792189966e-06,0.2355572464770303,0.06779046311157011,0.029193347557488238,0.006354764526450128,0.036677090651348214,6.057012349865218e-06,0.3629909934322775,0.024110917741024883,0.002427685767880087,5.403736900264492e-06,0.21760579582106573,0.06815639242426007,0.029128489397945604,False,4.01313e-06,,,,
Q495X,nonsense,True,1.0,1.0,0.0,P/LP,clinvar,,1,23616187,1.0,1.0,,,0.0007702619291570617,0.01755599406140356,1.3389995195198308e-06,0.1818364235207415,0.019752553120326238,0.0006609342356504955,1.050981246501629e-06,0.19905976535902645,0.08017080380300559,0.022581835511035292,0.0032672293692760242,0.03706207332328514,2.713319607094823e-06,0.45083502543953274,0.037108775955988334,0.001906544645950271,3.2232133535096957e-06,0.43090019286582987,0.11730201095846488,0.0410979504070733,0.0064530720363805034,0.04729952523937524,7.793902626254845e-06,0.4986071725942392,0.04718454718406441,0.003498588168829568,8.306088208787933e-06,0.46877828464983984,0.12894856303921765,0.052340467431065414,0.005748302318833196,0.03802859354559211,5.247232172197722e-06,0.38134328740097956,0.036109468497455006,0.002390067199264371,4.83407535085358e-06,0.36122989820148077,0.1121677023580812,0.040645702185065365,0.006354764526450128,0.04108704534596138,7.164550462457342e-06,0.4573399163309677,0.03828543906038248,0.0026945430020961147,6.6866555047762145e-06,0.3792596326677375,0.1102930346772652,0.043575687019171715,False,,,,,
Q511L,missense,False,1.0,1.0,0.0,none,none,0.3974,1,29101032,1.0,1.0,,,0.0007702619291570617,0.01769970059983051,1.2261755905115878e-06,0.1705683235011588,0.01662471632512078,0.000616207399041886,1.4095172006844275e-06,0.15997526624669056,0.07035035947371573,0.01928701699246418,0.0007287672792960601,0.015217687532066428,1.604568247106449e-06,0.13235229504721252,0.016219707253659024,0.000565461101706373,1.1894250387753352e-06,0.17116218769568664,0.0693490584244487,0.018617728163539692,0.0006373775259308341,0.01039292212099032,1.6401493153782074e-06,0.0855336455069073,0.013336196512540179,0.0004841421207731584,1.3940844725167067e-06,0.10861467764294143,0.06762494291482597,0.015338084977797218,0.005011664176308767,0.03574186104905801,7.968791837556749e-06,0.35885233404184735,0.03574500351434822,0.0027087534563817713,7.63975000752072e-06,0.36201285568284625,0.10522395157603055,0.04051299202321554,0.004028071377865556,0.03102118047928165,5.361746727263651e-06,0.3136388334823593,0.03207993191612873,0.002214490338393372,6.190703954012117e-06,0.3105827793553437,0.10543944148015294,0.03658811977423313,False,,,,,
Q541X,nonsense,True,1.0,1.0,0.0,none,none,,1,32238361,1.0,1.0,,,0.0007702619291570617,0.01892577322223832,1.096306757406191e-06,0.1975406124961838,0.01853215539668647,0.000587649581074117,1.2852125512748814e-06,0.18858305740309153,0.07893441278702643,0.021119587533915195,0.0032672293692760242,0.038219542479244764,2.6469049527946154e-06,0.42912518939346445,0.039172648420231854,0.0019267366925261853,4.475762551484628e-06,0.45015366395914147,0.12150285282236999,0.04303565305761868,0.0064530720363805034,0.04790279429428274,7.459155059171675e-06,0.5362407217420257,0.043062261707258596,0.003584285195578258,9.020088750054272e-06,0.4349240857382097,0.11893538224952946,0.04773785579308004,0.01749030300597268,0.07394811331606754,1.347348079519176e-05,0.6727255078669875,0.07086362056577146,0.008244969583528543,2.1779112650827397e-05,0.6104038019786555,0.15805608248415165,0.07745026888782801,0.02483399297904261,0.0856670089194218,2.623109987495247e-05,0.6642559133571163,0.08868502223554557,0.01251141786623922,2.8675706080401333e-05,0.719166835201163,0.17924718661903394,0.09653656582568192,False,,,,,
Q561X,nonsense,True,1.0,1.0,0.0,none,none,,1,37798422,1.0,1.0,1.0,1.0,0.0007702619291570617,0.019023779467417855,1.300635972410637e-06,0.19628402870658282,0.020451065535443885,0.0006466383785354677,1.0527597740844192e-06,0.2171167954047778,0.08535617050602215,0.0229895777081471,0.0032672293692760242,0.039000459806833636,2.9800495408552835e-06,0.4633633300369251,0.03676031754866833,0.001960821706863107,4.062877709863654e-06,0.4062928466029803,0.11721203096070369,0.04102343632059245,0.0064530720363805034,0.04413830612774669,7.010928351364323e-06,0.4677998606739467,0.05395882488334781,0.003680252577793394,6.413457737024371e-06,0.544539310443092,0.14266638850694405,0.05899571335348198,0.01749030300597268,0.0738979312705512,1.5922040287924477e-05,0.6931954556152538,0.07842326581742795,0.008648200328207241,1.8919519667380782e-05,0.702052478385939,0.17421566626653728,0.08479024406494905,0.02483399297904261,0.0876629319383613,2.5812043009832474e-05,0.7338284432809672,0.0927185782892396,0.012217703931997118,2.5577651550441742e-05,0.7366644491957978,0.18547460500803153,0.10016536812105248,False,,,,,
R131G,missense,False,1.0,1.0,0.0,none,none,0.9964,1,35737141,1.0,1.0,,,0.0007702619291570617,0.017693674758710833,8.368584269982382e-07,0.17275774265200394,0.018745047961825467,0.0006806561548778252,9.321396646825585e-07,0.20526330613121146,0.0790471134143123,0.021258090601856114,0.0007287672792960601,0.016239957751832363,1.3143313072332164e-06,0.13517761385749802,0.013969110224675844,0.0005171564164673458,1.4133162313336975e-06,0.1450909391744599,0.06120982358784415,0.01620853970396821,0.005141542033382916,0.0416402124473131,5.96496373067612e-06,0.41256729421461746,0.047799520315257034,0.00295384618571856,5.50827152630666e-06,0.49179914339990205,0.1352847668606671,0.05247188413520714,0.005011664176308767,0.03828292820922853,7.711616904139983e-06,0.425101744138111,0.037051952691262637,0.002909306995828734,8.193772307904194e-06,0.42265809751380323,0.11142278944907118,0.041773191940560624,0.025376523153239475,0.08667499461777824,2.5402457705770144e-05,0.703112612078098,0.08855395396631277,0.012295126033362361,2.579359926107299e-05,0.7424383709857156,0.1809756084818599,0.09661038114046458,False,,,,,
R159fs,frameshift,True,1.0,1.0,0.0,none,none,,1,32238361,1.0,1.0,,,0.0007702619291570617,0.021023530673240986,1.1799267329488153e-06,0.2261008327893277,0.017322124940868624,0.0005978656058028787,1.1731320801297417e-06,0.17244816824301457,0.0691894130215614,0.020091067556575318,0.0032672293692760242,0.03531792489501145,3.034196406894478e-06,0.37881025081997266,0.03813315984989904,0.0018711731883649533,2.677159537250572e-06,0.42873860452051066,0.11811193478058682,0.042018920515805726,0.0064530720363805034,0.046945914930878706,7.506722419881432e-06,0.48601603932628706,0.04663167628767239,0.0035030046020495488,6.678798914062334e-06,0.47155019771909934,0.12908800223569686,0.05147623742602367,0.01749030300597268,0.07376162172877483,1.4696627889167857e-05,0.661354087307492,0.07328299872142634,0.008537738927758689,1.2195567349792554e-05,0.6345343657804525,0.161395789705402,0.08023200495772442,0.02483399297904261,0.08689888805480098,3.0160862468327428e-05,0.7267824861056593,0.08634772266685097,0.011293548869337198,2.1361414192771726e-05,0.6973157576832291,0.17759406697438743,0.0943673326666717,False,,,,,
R171G,missense,False,1.0,1.0,0.0,P/LP,clinvar,0.8213,1,29439679,1.0,1.0,,,0.0007702619291570617,0.019808405995816302,1.4938781296370532e-06,0.20002797629001814,0.01784558368294524,0.0006333111504818052,1.0932033562679346e-06,0.17147341520697132,0.07397753442098959,0.020612028409453392,0.0007287672792960601,0.0182571467054529,1.6587226223758681e-06,0.19541588623440298,0.016329910116309798,0.0005573947449174979,1.3786444407770243e-06,0.14681204955553448,0.07351734239321742,0.018807656313142237,0.002526943767704665,0.02639744825693423,3.647888289698371e-06,0.266384516219654,0.027192027366431205,0.0016855492997820242,4.1065478626930734e-06,0.27609994790580006,0.09096982023007212,0.031037832195551254,0.0014311753115667841,0.017788876077856782,2.3249204505232205e-06,0.18333020693611754,0.018992376453943145,0.0007449103055585963,2.048335764235438e-06,0.16733892338382636,0.08370709430858993,0.021625945974584088,0.002883896916328259,0.023472081864190027,4.473478055419468e-06,0.22383744292420119,0.022849076034929666,0.0014003062526025795,6.218363943585721e-06,0.2338367229839893,0.08251102397357583,0.026642571189573753,False,,,,,
R203G,missense,False,1.0,1.0,0.0,none,none,0.9995,1,21168233,1.0,1.0,,,0.0007702619291570617,0.019855223256097176,1.026851303383269e-06,0.21260537464145085,0.017594293268466996,0.0006173860678085226,1.3148350744027687e-06,0.18785758804961397,0.07407347320816453,0.020229295233760748,0.0007287672792960601,0.01561178453145003,1.562113443821278e-06,0.1488159619873564,0.01665668714200579,0.0005865119992358892,1.2975839118944366e-06,0.15706259168386774,0.07478680819592215,0.01907371349649081,0.005210070173990329,0.044057392230904456,5.509413010509548e-06,0.48707833127722333,0.04435469148085641,0.0031512551865695115,6.318634772958653e-06,0.4790166235490694,0.12480649464128986,0.04888919154073478,0.005011664176308767,0.03830779431007628,9.01706364985682e-06,0.38991500023212733,0.03984178337921521,0.0028244888818615447,7.222360152591486e-06,0.42539373122951746,0.11525443543827661,0.04482655189920711,0.025654585026003266,0.0896702098261752,1.7814103184664144e-05,0.7269020068716117,0.08509971786382786,0.010657178136403725,2.2245888457863616e-05,0.7000694561090097,0.17555491881869673,0.09261720312715871,False,,,,,
R229P,missense,False,1.0,1.0,0.0,P/LP,clinvar,0.9999,1,14575972,1.0,1.0,,,0.0007702619291570617,0.018279745525884003,1.396319948015915e-06,0.17109004596229738,0.021825409171754483,0.0005978467367514994,9.394011656483961e-07,0.23811324428004849,0.0906621705219087,0.024563462917778184,0.0007287672792960601,0.015527476033727923,1.3697404348532814e-06,0.14107504443787358,0.016906992731725835,0.0005398365054832789,1.2446324436456883e-06,0.1525681182504941,0.07494913950547948,0.019212861478683146,0.00521898668593412,0.03827943140197079,6.373752842698642e-06,0.367935999176321,0.0424773345094429,0.0029308143665191144,8.260972438974587e-06,0.4289109689035331,0.12084215060327357,0.04714693741646761,0.0014311753115667841,0.013908110125939592,2.5098523638628127e-06,0.13044846003903351,0.015551121533491991,0.0007268493709416425,2.091679421192005e-06,0.14995927310907917,0.06461578159948496,0.018356168378255804,0.005310758595063686,0.03194615845510984,6.092961424252995e-06,0.30774265513956056,0.03611385162145118,0.0025889350567542425,5.341034991259335e-06,0.37594213893040834,0.1077446387137536,0.04106615900380746,False,,,,,
R238K,missense,False,1.0,1.0,0.0,none,none,0.445,1,36836406,1.0,1.0,,,0.0007702619291570617,0.01877137026247104,1.0188029132046766e-06,0.19338451588661607,0.019032565522335964,0.0006324088136504351,1.4358832091809903e-06,0.19682075331182872,0.0781801913576313,0.021720177883273014,0.0007287672792960601,0.015823836394322076,1.6709139740627751e-06,0.15400467914315263,0.018867195917160275,0.0005909014857465233,1.2610669210250987e-06,0.207471748370347,0.07819455355816436,0.02124295331292207,0.0007256526548115612,0.012850967572544121,2.046803291824106e-06,0.10657190403960402,0.01259419237453836,0.000539661054675298,2.0322320079656446e-06,0.11912351953148527,0.057140647770733376,0.014653963382862864,0.005011664176308767,0.03807798640781529,9.450142957644033e-06,0.40461670048426396,0.03745582109803156,0.0025003505706348702,6.339460598686781e-06,0.3939912077412742,0.10996989225705067,0.0421405442103035,0.0045192499680992305,0.029415338514854443,7.741570542029324e-06,0.27226062497201586,0.03209039272938001,0.00241372218213536,6.057736256234365e-06,0.32019102094461516,0.09969070313965589,0.036957655586454786,False,,,,,
S247T,missense,False,1.0,1.0,0.0,none,none,0.4784,1,26631547,1.0,1.0,,,0.0007702619291570617,0.019472200283970526,1.0870700684848787e-06,0.1958510698721057,0.018285864347667803,0.0006080601805313127,1.0745754863685227e-06,0.1909682771283044,0.07792875569836287,0.020785821542021757,0.0007287672792960601,0.015634842384216443,1.36807582050519e-06,0.14504557640717575,0.0157945494204642,0.0005924034626962409,1.869940236011838e-06,0.1616858808904559,0.06816001517171827,0.018176563165242035,0.00079781543636782,0.013036768799539859,1.7669047641125418e-06,0.11341632193636667,0.014508740210769212,0.0006234403595712735,1.9431860708591637e-06,0.126381459153251,0.0642775754052893,0.016646181315960767,0.005011664176308767,0.03851547818745183,5.853451397149443e-06,0.39782547602941914,0.04002170887320497,0.0028020942751535403,6.631387043065716e-06,0.3912946088014062,0.11393870154667028,0.04512286919878963,0.00491750222387405,0.03255552897189129,7.471364526215596e-06,0.314052837024065,0.03632551633569236,0.002751536658812514,1.0854759341352793e-05,0.357516403183607,0.10863941850294581,0.04148595545298363,False,,,,,
S249X,nonsense,True,1.0,1.0,0.0,none,none,,1,34741762,1.0,1.0,,,0.0007702619291570617,0.017568669904289954,1.1485724362570337e-06,0.17352621632740897,0.01699873931329516,0.0006284580889599073,1.187105266101689e-06,0.1500504120020053,0.07714273149834835,0.019368160530205066,0.0032672293692760242,0.03941211550667117,2.7928728092283503e-06,0.45716152840101076,0.03825447395768272,0.0019846832641579023,2.510282969941418e-06,0.4011159882097825,0.11743912277149336,0.04244941201868378,0.0064530720363805034,0.04836575543684068,6.989371337946347e-06,0.5251022634356424,0.04698239659723934,0.0033311928119901576,6.93118802060264e-06,0.48828067449503004,0.12931503524750984,0.05211173686634858,0.01749030300597268,0.07536414469221557,1.4480425771890172e-05,0.6824346240517539,0.0749664131986977,0.007795650684822078,1.3566103359577785e-05,0.660685569219778,0.16457092755243827,0.08175410381751481,0.02483399297904261,0.08113161112141556,2.3081634392859992e-05,0.6705487850180897,0.08786716906590085,0.012537006186936532,2.719156669604487e-05,0.6895150087918507,0.17685235394233373,0.0956956625725851,False,,,,,
S345fs,frameshift,True,1.0,1.0,0.0,none,none,,1,35737141,1.0,1.0,,,0.0007702619291570617,0.018277761965844058,8.380837080978508e-07,0.1612024204168624,0.017924402813204867,0.0006332463820034652,1.2004163169405347e-06,0.1910480440672394,0.07377509673296337,0.02056539473883906,0.0032672293692760242,0.037871399840444235,3.136487111512526e-06,0.4101415729392818,0.04275038324599915,0.0019296043956782832,2.813327664087421e-06,0.4727951867176269,0.12564256670795282,0.04678142356268242,0.0064530720363805034,0.04663253905995363,7.284709292185446e-06,0.4679180798780107,0.04881401405748932,0.0037010917010491216,8.451630963661303e-06,0.5163531658892647,0.13551958852459642,0.05347213360996443,0.01749030300597268,0.0762875214714812,1.7611660070734854e-05,0.7035028635059547,0.07998216273158502,0.008163704276334345,1.3915283261703127e-05,0.6730481803533023,0.17293212565296534,0.0866831155086667,0.02483399297904261,0.09050243825909907,2.3337842416856457e-05,0.717584165230559,0.08541923959850083,0.011157523697103695,2.726799474472766e-05,0.7187910106636178,0.1770411440088623,0.09309975924135337,False,,,,,
S393fs,frameshift,True,1.0,1.0,0.0,none,none,,1,33242514,1.0,1.0,,,0.0007702619291570617,0.019497537683196196,1.168297195025268e-06,0.19189538895426414,0.019850771352630962,0.0005811170941336377,1.0358018231488904e-06,0.2145080028987245,0.07610868430834117,0.022612238867957542,0.0032672293692760242,0.033118300572483855,3.134143063636031e-06,0.35451537595756144,0.03462925102502505,0.0019014226273650638,3.724283628804475e-06,0.3534051847972847,0.10776092043386447,0.03873998648554648,0.0064530720363805034,0.04745748532273967,8.335143477562819e-06,0.49100300448196416,0.048200133044411106,0.0035132459347466637,6.6521767722168155e-06,0.5061543094860402,0.13064650214330878,0.053381500381870485,0.01749030300597268,0.07446427601915669,1.7506057885894637e-05,0.6435186181003828,0.07616789209034508,0.007327351496399371,1.0889749784385798e-05,0.6952652120885557,0.17076682810598923,0.08261815951100851,0.02483399297904261,0.083422429847723,2.8491946637576837e-05,0.7020542978422429,0.08774655613687715,0.012330321460685672,2.062551235520356e-05,0.7039715283423114,0.1759391759675787,0.09570897365989291,False,,,,,
S3C,missense,False,1.0,1.0,0.0,none,none,0.1775,1,29666556,1.0,1.0,1.0,1.0,0.0007702619291570617,0.017796779646425037,8.483717727093865e-07,0.17180103884050066,0.01930614296472058,0.0007313151496150139,1.2750975683385317e-06,0.19994517224696987,0.07671638815380886,0.02226426711853099,0.0007287672792960601,0.016587662932109816,1.393102220945254e-06,0.19248340204329092,0.0173731939350727,0.0005892652135997376,1.261605630182225e-06,0.1940786673105594,0.0714941162883129,0.019786810601968546,0.00038009999421781117,0.009220640687611017,8.523035544524083e-07,0.07440145433037389,0.00865159502431931,0.00026385447400418123,8.577063750098446e-07,0.05892850089952887,0.05000736420073254,0.010057958210995161,0.005011664176308767,0.03878183533408634,6.736525946008963e-06,0.41480875264306405,0.040306168324928233,0.0026880136613682973,7.428223579393072e-06,0.4253258011837541,0.11683126537896338,0.04504202455626153,0.0025700622845970912,0.020053196339663223,2.8474011416036845e-06,0.19536075739573375,0.02244266614018947,0.001148753626677255,3.0522115027969633e-06,0.2376482720689315,0.07902416386580767,0.026116717930238047,False,,,,,
S451G,missense,False,1.0,1.0,0.0,none,none,0.2035,1,37798422,1.0,1.0,1.0,1.0,0.0007702619291570617,0.016848731441297404,1.1556915243432774e-06,0.16577456913523606,0.017363035329890187,0.0006733227924972697,1.6489504993222684e-06,0.16773433482059047,0.07024285743386732,0.02031533449925169,0.0007287672792960601,0.016900029810997773,1.3996309313851732e-06,0.16028105666704007,0.01716068029713402,0.0005904815787265194,1.900094793761062e-06,0.18453201437948302,0.07127196929160895,0.019558043461432324,0.00040122528164570747,0.008542951365162902,7.810639227441783e-07,0.07483343812626947,0.010506339576558405,0.00031573422026831956,1.205171269727099e-06,0.07724234889249165,0.05960496368779637,0.011981681343828097,0.005011664176308767,0.037085108366196134,6.536058514991241e-06,0.3652327940836556,0.04023474157410833,0.0028727883235136805,7.693430135313224e-06,0.4225150425095413,0.12091260151401767,0.04508074473812965,0.002691124801398429,0.02203824524593614,3.9799116921992055e-06,0.2268766617161583,0.022477275752233974,0.0013336517379693093,3.096221125690806e-06,0.23739591038545976,0.08336086249417406,0.02606962421248572,False,,,,,
S487N,missense,False,1.0,1.0,83546.0,B/LB,clinvar,0.1302,1,32375679,83547.0,1.1969310687397513e-05,,,0.0007702619291570617,0.019090882984177444,1.7909300276532441e-06,0.20115367607530824,7.5370775219755315e-06,4.27133679372741e-06,7.19768026282963e-08,3.3681062428192456e-05,9.268189396827635e-06,1.266292625049744e-05,0.0007287672792960601,0.015603880048458894,1.4265967756981356e-06,0.149533963504218,8.110148243233232e-06,4.8437805197852125e-06,9.329356486077567e-08,3.493437480992423e-05,9.780677356088317e-06,1.3009619242159967e-05,0.0003461392774497514,0.00840442528061889,6.5426489863262e-07,0.07778659246784561,7.272167863187225e-06,4.3465157072959534e-06,8.140599396563409e-08,3.150863018819056e-05,8.63649052053415e-06,1.1936660383298332e-05,0.0003751084526462695,0.007358404689765487,1.1219021216330548e-06,0.05646641015206243,8.063257749611746e-06,4.974507990073077e-06,1.0769651039034026e-07,3.327324577421291e-05,9.183023223132523e-06,1.3495880185343038e-05,0.00020964104856124603,0.004564589941535445,5.192772239249871e-07,0.028555980564572717,7.338935338830774e-06,4.573368564877763e-06,1.1081814328449355e-07,3.1328581226423974e-05,8.503674861282547e-06,1.2729703516382946e-05,True,0.337437,,,,
S498R,missense,False,1.0,1.0,3.0,VUS,clinvar,0.1138666666666666,1,10027593,4.0,0.25,,,0.0007702619291570617,0.0178698337528455,1.2567339122118874e-06,0.16421794353011218,0.00865814450211547,0.000513576553797709,1.0523206064169277e-06,0.07714832162649961,0.03213438966082194,0.010825829167185127,0.0007287672792960601,0.01628645364966463,1.2100123465474117e-06,0.17531070343343524,0.007871184073479446,0.0005366801376096203,1.2330260408562602e-06,0.0675803555107206,0.028949028944340326,0.009911741811314401,0.00033561321501949024,0.007267774555146633,7.213156620637194e-07,0.05727266077915316,0.004221493003406966,0.00018899189689788333,4.2250345057225556e-07,0.03651161329327722,0.019893359982334664,0.0054834490360473895,0.0013410731419148214,0.018736557872606384,3.408196899743256e-06,0.17322905114207918,0.009057170127976084,0.0008999017886432738,3.6903440756128236e-06,0.08342354610902328,0.030130417594048657,0.011721532942262379,0.0006303309493187712,0.010636329571964845,1.4015094623261427e-06,0.08861329474580389,0.0053132003996261175,0.0003619999682759633,1.430281281750582e-06,0.048531713626541274,0.0209589073557526,0.007143918244201591,False,1.23803e-05,,,,
S581G,missense,False,1.0,1.0,0.0,none,none,,1,32375679,1.0,1.0,,,0.0007702619291570617,0.017688983099411505,1.1510247459623124e-06,0.15986880769022616,0.01701740448410231,0.0005935571163660597,1.2542039151980714e-06,0.15756516720647387,0.07842129832795794,0.019481185990059397,0.0007287672792960601,0.015971195699032353,1.107399649903365e-06,0.1603962776152158,0.014987772930130608,0.0006159293825843681,1.5475754228795624e-06,0.13442533352352506,0.06544957743119036,0.01744258126019348,0.002297090489071481,0.023842692191994724,1.9337412726400448e-06,0.24754061857593984,0.02410435907765165,0.0011253031293529023,2.3630615053488513e-06,0.23652445402333316,0.09359983745149157,0.027280880695537663,0.005011664176308767,0.03642520610407496,7.167068395170365e-06,0.38847667735432084,0.03526064462733682,0.002656279214402814,6.54921177015053e-06,0.36163936078213704,0.10392300317109038,0.04011984975868194,0.012730249106870936,0.054211519694248186,9.81074850274911e-06,0.5668605009500641,0.056755615291805325,0.004197419248366991,1.0032463122124151e-05,0.5736486550516062,0.14365936556938944,0.06277580557424985,False,,,,,
S594I,missense,False,1.0,1.0,0.0,P/LP,clinvar,0.68,1,28012402,1.0,1.0,,,0.0007702619291570617,0.018443783319142315,1.5289991269199056e-06,0.17724863103854513,0.016957296801818927,0.000604154072687514,1.3766193625158994e-06,0.15638911247650025,0.07298430031828107,0.019681353526448658,0.0007287672792960601,0.017115044437589547,1.6505451144272255e-06,0.16955596683964572,0.016190247469917582,0.000579588853978557,1.2642550290543418e-06,0.15188151084290832,0.07026358171344839,0.018454883213407984,0.0015106924274379907,0.01987924662654159,3.0353284737882195e-06,0.20524919419119522,0.020612356056301684,0.0012262243116309122,4.050175300112884e-06,0.19084769862970596,0.07941337511685732,0.023761609521684653,0.0014311753115667841,0.015815933158019862,2.0376300683241146e-06,0.14724038821657662,0.015940434870902794,0.0008166879759275662,1.9048690957824363e-06,0.14298802087316553,0.06810710832717502,0.018754740051523753,0.0018931306602361963,0.01889448036635101,2.542304752630324e-06,0.18189939605813038,0.015615106733939236,0.0009749479541013122,3.5278836042514662e-06,0.1236271420689228,0.06234858853494387,0.01875302557864474,False,,,,,
T10R,missense,False,0.0,1.0,0.0,none,none,0.1202,1,36208030,1.0,0.0,0.0,1.0,0.0007702619291570617,0.015431225597133353,1.1640621879228961e-06,0.15197773048299218,0.015345072361460124,0.0006235500683005299,1.263407315569461e-06,0.14075826330052094,0.06417538694862715,0.018084101952986483,0.0007287672792960601,0.015456552848090256,1.256963724131392e-06,0.14627631717059264,0.011903917129711488,0.000588268185205709,1.3544230933254744e-06,0.10686565921607981,0.053188730381562924,0.014201755698622772,0.0003396265209225013,0.006666167533155948,4.743436311625302e-07,0.052540986293149704,0.006854952757359602,0.0002319727922040285,5.53169797006618e-07,0.06108912193275122,0.03864402695063066,0.008311280726181657,0.005011664176308767,0.036173593955618984,6.9382739688103375e-06,0.3953385799594896,0.03105720060483237,0.0026807507692321736,8.85717303654738e-06,0.30782179612883953,0.09215469962931057,0.03572273878528534,0.0023378738405806245,0.019082544727178272,3.4067280504627585e-06,0.17410564070937548,0.01620112309253654,0.0010692025897277688,3.174683348122948e-06,0.15391415759860497,0.062484421063767816,0.019702749424519026,False,,,,,
T156M,missense,False,1.0,1.0,16.0,VUS,clinvar,0.5739,1,33324081,17.0,0.058823529411764705,,,0.0007702619291570617,0.01911617734772949,1.1761246011258408e-06,0.17854875369886006,0.003673390281611842,0.00040360203439213235,9.270483527509555e-07,0.03005526696148134,0.011281038166225449,0.0051775098672784845,0.0007287672792960601,0.015485795491261216,1.1741022517127925e-06,0.1502540178007048,0.0032381290231011787,0.0004112253682181387,1.471090573625572e-06,0.026165736847315164,0.008860431820549968,0.004583575605813808,0.0010644205667753143,0.018142452305917413,2.6802993949892495e-06,0.15224616318606327,0.004155585198139704,0.0006417235873195396,2.298038270235957e-06,0.034308982780624345,0.011744747545131745,0.005763718882163367,0.0013410731419148214,0.015287892012947519,4.626546530816747e-06,0.14837897683053905,0.004638989489479056,0.0006780946179428867,2.941315932228878e-06,0.037214742671480235,0.012719370215299784,0.006503496902894869,0.0016774500946305092,0.01798795849379972,5.561571148911071e-06,0.15626049588185317,0.0050446486281947,0.0009170548804291502,4.111679092407873e-06,0.038586578282876274,0.012048153199177118,0.007372620972251742,False,6.36426e-05,,,,
T196A,missense,False,1.0,1.0,69.0,B/LB,clinvar,0.0804,1,18221440,70.0,0.014285714285714285,,,0.0007702619291570617,0.019290151583325522,1.162173264270425e-06,0.21118620714751052,0.0016925515704540584,0.0002704027519093594,6.139224749189409e-07,0.012689869451781677,0.004107826060886365,0.002654326208988158,0.0007287672792960601,0.01593071454044123,1.4820283542206914e-06,0.13672326015278238,0.001584787376055087,0.0002796339270013796,1.315796146400005e-06,0.011769163392108567,0.0038051507510459604,0.002344443753418336,0.00031575927248952496,0.008141065040288935,5.384495502453271e-07,0.061496824610274343,0.0009995624199716205,0.00014443996814197192,4.6661632654357873e-07,0.007792967513421772,0.002850504868693602,0.0014783474036468979,0.0003751084526462695,0.006207868872341418,1.0532563333089523e-06,0.04426866418256689,0.0010798808326531548,0.0001934493586756332,1.049248613669732e-06,0.008448282204017245,0.002860334465122819,0.0016711477140402193,0.00019250902334659437,0.003914684882919751,4.514838031539169e-07,0.026328234183731352,0.0007578538586704443,8.607377838838653e-05,3.5884644680548004e-07,0.006232997303089953,0.00249504665504909,0.001140084473865209,False,0.000274478,,,,
T260S,missense,False,1.0,1.0,0.0,none,none,0.9866,1,36504295,1.0,1.0,,,0.0007702619291570617,0.018351590089015105,1.1673772178124915e-06,0.1932763132839428,0.018887284961077177,0.0006702792087977395,1.3004296194541133e-06,0.1871320212732094,0.07900562014416054,0.02166417851421333,0.0007287672792960601,0.01651891451632323,1.4355638087981806e-06,0.16852169993761615,0.015199916457477453,0.0005686854079891626,1.6043232333513301e-06,0.1353735550068253,0.067530062666399,0.01761157755721071,0.00493145918601713,0.041184380170451625,5.965521260819214e-06,0.44709926448338755,0.04013718999345942,0.0030704683069732713,5.958016185992653e-06,0.41949193617082686,0.11641074304025194,0.04492557350001203,0.005011664176308767,0.036028607294910545,8.12764643931627e-06,0.37169809591357383,0.032422734105232116,0.002796127190169287,7.768207347190613e-06,0.3205261606880078,0.09645719333565592,0.03710919979206821,0.02451690823903929,0.08230160642310139,2.501578803511492e-05,0.6731745689247403,0.08580567763974742,0.010555458234335067,2.5269284124986374e-05,0.7199392556879232,0.1769109740177599,0.09309491625488081,False,,,,,
T343fs,frameshift,True,1.0,1.0,0.0,none,none,,1,39504571,1.0,1.0,,,0.0007702619291570617,0.01861007332719412,1.1179650932560331e-06,0.1783500168433769,0.0175400393403158,0.0006061319108140724,1.2417677611288578e-06,0.1801206513142838,0.07409300853418595,0.02009262334369381,0.0032672293692760242,0.03692870903517624,2.5122950847711735e-06,0.3989091264747129,0.0359591906773371,0.001856420915131864,3.5016255406377645e-06,0.37036066755044655,0.11286096359539408,0.04013381030226734,0.0064530720363805034,0.04765533323055814,6.565033830136254e-06,0.5073162476967557,0.05154226449295831,0.0035813357504178587,6.572812257312345e-06,0.5270890690652269,0.14000802235357743,0.056490426379883954,0.01749030300597268,0.07008352094384877,1.4183387263686969e-05,0.6403668186529491,0.07227651766290209,0.008567141166010015,1.8397125884376172e-05,0.6828483189160983,0.16276523507838547,0.07917531548003902,0.02483399297904261,0.08648725202484094,2.106864044910015e-05,0.7142666907016859,0.08913918913540494,0.012114171272587092,2.6007205003782078e-05,0.7443514713223812,0.18275164563942078,0.0969804045751721,False,,,,,
T392fs,frameshift,True,1.0,1.0,0.0,none,none,,1,9287053,1.0,1.0,,,0.0007702619291570617,0.020225824058793463,9.991858904909932e-07,0.20381268254035811,0.0181769429824346,0.0006276441508717479,1.1250566606339872e-06,0.16748131489965434,0.08017696338049138,0.020675234144001218,0.0032672293692760242,0.03893038591491659,3.4807724960620413e-06,0.4403852865088401,0.036920023902057286,0.0017687037360115932,3.105929751507187e-06,0.4015489789880603,0.11290080644937528,0.04089849223306233,0.0064530720363805034,0.042992387964109195,7.545239267074624e-06,0.44396348435594835,0.046433373807749236,0.0035331742420424547,7.023130578783841e-06,0.5168993055714057,0.1272178743016533,0.05098982771812141,0.01749030300597268,0.07100800749071717,1.3845136781963218e-05,0.6489815394770339,0.0754888169709793,0.009173355390776496,1.6832594314082902e-05,0.6875280703345082,0.16517588093335914,0.08220132113677261,0.02483399297904261,0.08099885479775458,2.9127633987371123e-05,0.660885591193468,0.09358475120398747,0.013260595524916617,2.313169204620674e-05,0.7425386592513523,0.1856220370167069,0.10111786291846664,False,,,,,
T425_T429del,inframe_indel,False,1.0,1.0,0.0,none,none,,1,39676784,1.0,1.0,,,0.0007702619291570617,0.018578778075912027,1.2027569882075843e-06,0.19797078844587013,0.01935899091054799,0.000602758875601335,8.585865697528922e-07,0.2062307493826864,0.07979605828157925,0.021976887148037725,0.0007287672792960601,0.015630452849343498,1.2364637433767183e-06,0.1507694423528076,0.016232745721946475,0.0006185674075769422,1.8262223193845487e-06,0.14885055882095416,0.07164017253426222,0.01834432207654784,0.002297090489071481,0.024135558298333293,2.5544837171409623e-06,0.24157387252439408,0.02611603508062863,0.0011124691590808406,2.5096049854637533e-06,0.25835488861066974,0.09636844098809914,0.029342742379713932,0.005011664176308767,0.03614711563925471,6.32928563429511e-06,0.38000180564684993,0.0361380993993002,0.0026323197030780916,7.901498008022468e-06,0.35034499910760974,0.10572234759394528,0.0410306404695905,0.012730249106870936,0.05136923636396959,8.164642787026034e-06,0.5114732463949302,0.05788175164469579,0.004338822061186657,6.384825255590735e-06,0.5852317361038695,0.1452040081395067,0.0642298497296643,False,,,,,
T492I,missense,False,1.0,1.0,0.0,none,none,0.0727,1,10027593,1.0,1.0,,,0.0007702619291570617,0.01838012485945327,9.072497853886767e-07,0.19215997758849812,0.019512041130057785,0.0006454828247870535,1.4088759743396338e-06,0.19941309183127212,0.08093914898313577,0.02242967817085087,0.0007287672792960601,0.01710053595565942,1.6914529321235878e-06,0.17842113677682098,0.017216800217736333,0.0005975066432002647,1.688093214952335e-06,0.18026047550950178,0.07735786278957431,0.01949493312319242,0.0003114958605954537,0.006805157007444939,6.509123581971904e-07,0.04715527184463759,0.008376742334945312,0.00020138623922213062,4.5408832381715774e-07,0.054715192680399274,0.051642379954432986,0.009692214814039948,0.005011664176308767,0.03655916861782909,9.342322325263974e-06,0.36920155768440155,0.03885505941076322,0.002752285609439849,6.150353797813718e-06,0.4344914911455969,0.11758872866991914,0.0434779646324082,0.002176658430461708,0.01996604233442651,2.7335380632603723e-06,0.21713165098531326,0.02199628782008934,0.0009566919596072237,1.7496731936118405e-06,0.23492238082412867,0.0842039398782123,0.025145075012319124,False,,,,,
T515K,missense,False,1.0,1.0,9.0,B/LB,clinvar,0.3933,1,36504295,10.0,0.1,,,0.0007702619291570617,0.018076971511959982,9.877341836908906e-07,0.1624550737469613,0.005165945304676619,0.00048028105605144587,8.794037775381085e-07,0.04386223847785205,0.016663447589049005,0.006922838249452686,0.0007287672792960601,0.016753207459340388,1.0987276075192804e-06,0.15504783347535006,0.004680737801491496,0.00047276907965430404,9.856066407527644e-07,0.03994003793992199,0.014778935932442576,0.0063908222499490415,0.000630483363093966,0.01197171235437917,1.5715694761508063e-06,0.1030487101061076,0.003927529852419989,0.00038197772619389823,1.6853038936157155e-06,0.034996454703375306,0.012126691196924853,0.005368561088762266,0.0003751084526462695,0.007038251136162904,1.036319167010056e-06,0.04948811548879216,0.0027271390038511464,0.00024821672647343035,6.672508212838596e-07,0.022798429981331025,0.010591851810359916,0.003824700792424092,0.0003707647555206301,0.006868335058082736,1.3403659110764318e-06,0.04244875004476679,0.0029364380234090447,0.0002507720330014,1.1307002560192686e-06,0.024784453268454708,0.011167328127760874,0.004204886438235695,False,5.91335e-05,,,,
T515M,missense,False,1.0,1.0,5.0,VUS,clinvar,0.1645,1,29666556,6.0,0.16666666666666666,1.0,1.0,0.0007702619291570617,0.017187864722045604,1.0118029139251898e-06,0.15937115196267915,0.006942021369859745,0.0005129301340940447,1.1322959243824057e-06,0.06482834112269481,0.024398988832228085,0.009166732412465833,0.0007287672792960601,0.015608960526266438,1.5854469416952845e-06,0.13884250235365023,0.006127586620175436,0.0004835724284759672,1.473272784501181e-06,0.05436522272635289,0.020896147919988096,0.0079833285019602,0.00037021857896708636,0.007808642983639531,7.885402086024019e-07,0.05937462113875488,0.003959815366912529,0.00023114896291156998,5.807196338331799e-07,0.037287676150276464,0.01632821453225677,0.005228679406682375,0.0013410731419148214,0.016612055425689987,4.2785333500005885e-06,0.15693848626425452,0.00831242065306734,0.0008842193681521951,3.6391123946051156e-06,0.0695754109567888,0.027815385698589993,0.010911905895826933,0.0006812825207575125,0.009800439330859041,1.449380875001684e-06,0.06616589238770335,0.004742438460182419,0.0004002036097407619,1.34493107279131e-06,0.040276424107561666,0.017650028731303977,0.006614297619460226,False,1.99041e-05,,,,
T547fs,frameshift,True,1.0,1.0,0.0,none,none,,1,37798422,1.0,1.0,1.0,1.0,0.0007702619291570617,0.01784809633400549,1.002352755793713e-06,0.15798377570208394,0.020478174622278373,0.0006450193725137943,1.0871571291860304e-06,0.21026233596848248,0.08911264630363863,0.02299522319292315,0.0032672293692760242,0.03259997304141678,2.8524683335860308e-06,0.3196737918926354,0.03636145842318685,0.001851450905759579,3.321389890428406e-06,0.4171625216430035,0.11153202365985923,0.04027967724611735,0.0064530720363805034,0.0478927584482448,7.711073375959442e-06,0.5012104918996484,0.04839926464220509,0.003400215018804588,7.354709708643927e-06,0.5182013012012167,0.12987938603234692,0.05319590744717487,0.01749030300597268,0.07594665601229407,1.7093409228932527e-05,0.673658248667197,0.07549690997215722,0.008295187799482334,1.549794440380656e-05,0.7226658390024636,0.1705010226107934,0.08235021374063682,0.02483399297904261,0.08662767613731913,2.3305844238025027e-05,0.7311929566209243,0.08827486963388727,0.011815792054247785,3.23927143324701e-05,0.7090410946475599,0.17893547134839574,0.09609446969498331,False,,,,,
V133L,missense,False,1.0,1.0,0.0,VUS,clinvar,0.9942,1,36504295,1.0,1.0,,,0.0007702619291570617,0.01804222590309675,1.1968150021763333e-06,0.1998102304288178,0.018744568280210386,0.000612589672597378,8.908716018947816e-07,0.20340570163152938,0.08208492843152515,0.02119892362772148,0.0007287672792960601,0.01833542854609368,1.2171616771872535e-06,0.1955787317976576,0.014990047115324364,0.0005690846159465804,1.2367281123605094e-06,0.13574246311932142,0.0674346585092891,0.017289972541131536,0.0050935211947788364,0.04017960462538557,6.4873293956872145e-06,0.4122345884829204,0.03831588938462958,0.0028943535507116175,7.461209995932974e-06,0.35690016803021496,0.10916418726647689,0.04306479995382117,0.0013410731419148214,0.01864331936819509,3.4827532817477e-06,0.1838389243933982,0.02119844361639249,0.0009549421387155776,2.970101762536146e-06,0.23164184977943986,0.08588197956383845,0.024085247556059553,0.006906329191541524,0.04466968603395548,8.641080948840402e-06,0.4350139948462777,0.040896849948476366,0.0038523991154135627,1.1366797258784787e-05,0.40922050910764896,0.11292340984709966,0.04676954067067368,False,,,,,
V134I,missense,False,1.0,1.0,1.0,none,none,0.8998,1,37396188,2.0,0.5,,,0.0007702619291570617,0.017653752432827186,1.3060991619679862e-06,0.18434358733157774,0.012838964935365502,0.0005527287495772729,9.575904074724673e-07,0.11454364207405664,0.052849367657483194,0.01541717753377806,0.0007287672792960601,0.016760810478789318,1.5032379523877176e-06,0.1573345845474773,0.010779669600456832,0.0005634361667055494,1.5244112264110696e-06,0.09349661454349681,0.047850042645586,0.012848196240762496,0.0034416350793516582,0.03360000806041592,4.736492270301411e-06,0.35249635919429484,0.021697146013122354,0.001979246732699028,7.46490663974488e-06,0.18998577840807218,0.06671112502806552,0.025775078263506387,0.005011664176308767,0.03851616639047747,7.483063223364774e-06,0.4007998614182287,0.025124229930181975,0.0023774248829054874,7.4396345202626545e-06,0.22431209148219491,0.0718385137361344,0.02970570043651894,0.018083170919182056,0.06956319153873698,2.0565267696427854e-05,0.6137428095862949,0.04952541890010535,0.007101700976968781,1.4532888102923717e-05,0.40764501619082805,0.11103217992890305,0.05698197590536436,False,6.56909e-06,,,,
V246G,missense,False,1.0,1.0,0.0,P/LP,clinvar,0.9794,1,38093550,1.0,1.0,1.0,1.0,0.0007702619291570617,0.020441674725858967,1.3661892234864005e-06,0.20537094124631025,0.01575533308917271,0.0005790463693176433,1.2472772357335066e-06,0.1575622392758785,0.07020403367779894,0.01801269066065503,0.0007287672792960601,0.01564217942069854,1.5572608797740697e-06,0.13933937496173504,0.016113055616761098,0.0005505018773466228,1.5696450802207514e-06,0.16363759194057603,0.06992917400725325,0.018431259114521984,0.004783253783632493,0.0420524451504324,5.4839609344691905e-06,0.45050642435398,0.041057290849957045,0.002606596906306707,6.7626083140299855e-06,0.41959508789018773,0.120850919072497,0.04558186572612051,0.0014311753115667841,0.017628480503191896,1.8379171152968147e-06,0.15755124287422959,0.020264623949846485,0.0008232348461495227,2.1077441259401384e-06,0.1899693767085528,0.0878591617887702,0.023025404743423676,0.004930154045378379,0.03282637220241547,6.8422308757622456e-06,0.3507657748556256,0.03691279044771813,0.0022435670791643523,6.800816453963823e-06,0.3928528357346257,0.11152134796876768,0.04187140690193733,False,,,,,
V259F,missense,False,1.0,1.0,0.0,none,none,0.9996,1,39504571,1.0,1.0,,,0.0007702619291570617,0.018373606882430202,1.2400722612431256e-06,0.18438682074264653,0.01883554593119732,0.0006436912871654145,1.253357865121359e-06,0.19729162587438964,0.07830584471659281,0.021668160543018983,0.0007287672792960601,0.01514270478824645,1.6728570655011177e-06,0.15831268146803085,0.015523789471869793,0.0006142931102758856,1.6445345707613271e-06,0.14469442973540658,0.06905988350734454,0.017934803391814833,0.005212297704305199,0.0437002771122806,5.717084786364031e-06,0.44847828877467794,0.040154427396066755,0.0028731135445907233,8.01119944079251e-06,0.4214554012895614,0.11349204976097026,0.04484993769273025,0.005011664176308767,0.037052199634189605,7.28096942665146e-06,0.389237290052066,0.036834382895517964,0.0026520544388921275,5.028284650398857e-06,0.385681411441123,0.1100910994337911,0.04153428734108523,0.02566360445417575,0.08661568729264398,1.8711105040441756e-05,0.7070465424918653,0.07969711376530832,0.010666465411895571,2.7059626148156436e-05,0.6829429678756251,0.16850629506504206,0.08759987772914837,False,,,,,
V264A,missense,False,1.0,1.0,0.0,none,none,0.9993,1,36504295,1.0,1.0,,,0.0007702619291570617,0.019949012048695636,1.3113313962441803e-06,0.22019217728654641,0.019935389947016866,0.0005471534463482534,1.0672861511894685e-06,0.2042342867197741,0.08673833753809013,0.02235693817848751,0.0007287672792960601,0.014982048898506928,1.2838756409755611e-06,0.1335127443643532,0.013045133468766894,0.0005160937132261495,1.46936039906945e-06,0.11932430420302559,0.05530276765621702,0.015353330425668589,0.00520561830558536,0.0439458631133581,6.0136115491270395e-06,0.4518259987114505,0.041030710355010505,0.0028215128850510446,5.236296215825481e-06,0.41251097574110374,0.11679337754381425,0.045720199243741384,0.005011664176308767,0.0369695069837038,6.4419548159705596e-06,0.40849039828119194,0.0352236036011903,0.0030330581635002853,7.66688731385975e-06,0.3337102422592896,0.1038583645056338,0.040349360596027214,0.025636555508929692,0.08586774913757428,2.6374684901746308e-05,0.715513461191814,0.08903569334192545,0.011365019506023998,2.7913383929902832e-05,0.7460977455426365,0.1830981772610797,0.09666464734052706,False,,,,,
V379F,missense,False,1.0,1.0,0.0,none,none,,1,25716801,1.0,1.0,,,0.0007702619291570617,0.017512876120671164,9.399995330225819e-07,0.1731487064147774,0.02123906948913848,0.0005972802850059349,1.0604842537698214e-06,0.22601256161849417,0.0890353726565789,0.02378910178959362,0.0007287672792960601,0.017332898259436128,1.6745910150007762e-06,0.15976150710888176,0.015717249456962245,0.000607334838690936,1.5596505060546672e-06,0.1402079172181332,0.06764445380397485,0.018068019809615324,0.002297090489071481,0.023865618506816184,2.961920621098117e-06,0.26089830252213364,0.02598478908471661,0.0010994590917627186,2.0808537709808337e-06,0.2676826596576552,0.09298075233431372,0.029458315496132956,0.005011664176308767,0.03799215669908745,5.5995966057364e-06,0.3694570697553196,0.03828275194785799,0.0026896090875418465,6.659550688911867e-06,0.3996848126524745,0.11558386832687775,0.04308157514239123,0.012730249106870936,0.05273407703348831,9.75530955496765e-06,0.5395154163409024,0.048302212618920516,0.004487505056437286,9.752797599490776e-06,0.45986253286731565,0.12684120661373688,0.05464533086599427,False,,,,,
V462fs,frameshift,True,1.0,1.0,0.0,none,none,,1,38093550,1.0,1.0,1.0,1.0,0.0007702619291570617,0.01884514257552695,1.072373591470349e-06,0.21044270506181012,0.018808600585714583,0.0006298863128033315,1.1443452712920947e-06,0.1907666813331634,0.08070694945605052,0.02123124011810052,0.0032672293692760242,0.0337190031961353,2.764759675122273e-06,0.348840469145441,0.03557090357603116,0.0017687096403816555,3.3276099767139457e-06,0.38113934269737,0.109875199049115,0.039569274605128484,0.0064530720363805034,0.044082960108864484,5.004447883755944e-06,0.44491343201692085,0.045379495743783374,0.00346591945831746,8.819178451498378e-06,0.49100041657977583,0.12852431363528843,0.04999692017070744,0.01749030300597268,0.07356483055423255,1.7669812511550794e-05,0.6989335063744161,0.07964432880582699,0.008453860258291854,1.4116031678885987e-05,0.7116003992097489,0.1759880387098112,0.0863152974243806,0.02483399297904261,0.08738615028113263,2.7912037851286433e-05,0.7034635747935017,0.09198008166091907,0.012585379639348915,2.4728314528302743e-05,0.7104607980508171,0.17936658196770983,0.10035600437050365,False,,,,,
V567I,missense,False,1.0,1.0,6.0,VUS,clinvar,0.0613,1,32238361,7.0,0.14285714285714285,,,0.0007702619291570617,0.019062847125718055,9.914491447395541e-07,0.19371507800333612,0.006020807035737471,0.0004925981083106583,1.1759856487893435e-06,0.05367218552344237,0.019710063188827426,0.007987736563402317,0.0007287672792960601,0.015087351650953373,1.874885509056275e-06,0.1365968219788807,0.005189515825564916,0.0005099275603916834,1.5077677438747425e-06,0.04340330424994369,0.016896857221043525,0.007028597169692195,0.0003053805370415195,0.00582312989938095,5.408989983361867e-07,0.0418711044347494,0.0028167769597496712,0.00018721792351961004,7.000907367367408e-07,0.02645735793764824,0.010926570906612573,0.0038423098807625743,0.0013410731419148214,0.016526373968284047,3.7901920320808095e-06,0.17042229924702315,0.00759275857130607,0.0009188622094338613,4.110446782321885e-06,0.06405976240442092,0.023401801031382948,0.01021257757852764,0.0005860933263174972,0.007308354685963743,1.1415090524439238e-06,0.04981621500695241,0.0037726569759800664,0.0002881559055328252,1.1281733080514534e-06,0.03207182591940982,0.01356588459948668,0.005191488728325505,False,2.45886e-05,,,,
V590M,missense,False,1.0,1.0,2.0,VUS,clinvar,0.1855,1,36836406,3.0,0.3333333333333333,,,0.0007702619291570617,0.01910743823867617,1.1689442770793695e-06,0.19230369342803472,0.009150795781054351,0.0005675476172105362,9.203846545879101e-07,0.0841543172527236,0.03299939513893213,0.011536363267136453,0.0007287672792960601,0.015859569871163992,1.277042119948334e-06,0.15368236152146447,0.008594948740567444,0.0005258999067841553,1.2111357054625011e-06,0.08209809045742823,0.031234925458514928,0.0108802802081641,0.0003864015426250318,0.007205685544242781,9.94286979507774e-07,0.05310049806175802,0.004990611892903875,0.00025679379194726575,8.907079375253848e-07,0.04091811235956944,0.02481772677445787,0.006290203598836319,0.0013410731419148214,0.015708790229341928,4.432238412922652e-06,0.1348055291446014,0.009641161218356368,0.0009048013638187148,4.3819724117685e-06,0.08035958792190132,0.03385507927739742,0.0125185662511952,0.0007051512077670119,0.009004953688571578,2.0413297455579894e-06,0.07925586907882765,0.006749397122839628,0.00046416763705382655,1.6714491475394857e-06,0.05306624334479889,0.031532063873521754,0.008658688504946594,False,1.31389e-05,,,,
V590fs,frameshift,True,1.0,1.0,0.0,none,none,,1,41525167,1.0,1.0,,,0.0007702619291570617,0.01702222797744112,1.2866654113509942e-06,0.16125953260959627,0.018448400858760546,0.0005626794750690762,1.2787976368846563e-06,0.2061616098285839,0.07567745369487054,0.021186897315157154,0.0032672293692760242,0.03636037286741908,2.9510679425851193e-06,0.39805805541842026,0.03753364106814232,0.0020010617221195622,2.9859439425608692e-06,0.41880505849049043,0.11383231883294256,0.0415191192728724,0.0064530720363805034,0.04608389638914639,8.349354130772989e-06,0.46395430081265954,0.04292504524515233,0.0032171635027549135,6.8920570403196335e-06,0.4401775783067674,0.1195522671378774,0.04791539284915519,0.01749030300597268,0.07743285011232605,1.470642981257302e-05,0.6841908591566385,0.07303824328107926,0.007891733830992774,1.7719110947042702e-05,0.6622902011730002,0.16389657035694305,0.07982168561672481,0.02483399297904261,0.08399980604267786,2.6470481609933573e-05,0.6819787242558134,0.08330790085479331,0.010652456782203251,2.2998130125281287e-05,0.6896351101013498,0.17164002514395443,0.09116589756993454,False,,,,,
W113X,nonsense,True,1.0,1.0,0.0,P/LP,clinvar,,1,29439679,1.0,1.0,,,0.0007702619291570617,0.019224116105698696,1.0266281505885412e-06,0.19657576144746897,0.019927583626109743,0.0006246274737436222,9.402780096588691e-07,0.19820377448765542,0.0792966978085387,0.02291558095734306,0.0032672293692760242,0.03790430384801634,3.8107352826302845e-06,0.4284808895287409,0.039746729291512864,0.0018101134315169816,1.9495401122829187e-06,0.4558215505428994,0.12144397004506703,0.04395151266690554,0.0064530720363805034,0.04547992588472588,6.6744074923243e-06,0.46037723569777467,0.04467218975949258,0.003582666793125953,6.4635902693690484e-06,0.4381692726747147,0.11961419374998335,0.04973981180304328,0.005748302318833196,0.037777153443496726,3.997568658688251e-06,0.3980562288126559,0.033848555361471425,0.0023840603684973983,5.568079363457994e-06,0.3440300638773292,0.10087038826905279,0.03843511836813783,0.006354764526450128,0.0356933527080961,7.482647799191689e-06,0.3606448235816228,0.03678725669122404,0.0025475799311462525,4.6657023712841595e-06,0.3856538074776834,0.11142116365952007,0.04195933140448453,False,,,,,
W267R,missense,False,1.0,1.0,0.0,none,none,1.0,1,14575972,1.0,1.0,,,0.0007702619291570617,0.019277877056571677,1.3788434185115996e-06,0.18298499744502364,0.01788433480279181,0.0006046615612858544,1.760643495229014e-06,0.14994806070897584,0.08072976236177298,0.020260781975643755,0.0007287672792960601,0.016297780831100978,1.5495696499992065e-06,0.15382965196139708,0.0150126309102955,0.0005343773401588479,1.5021520905457e-06,0.13750849126835965,0.06521574100302376,0.017507614454891383,0.0052212184784384595,0.04014303255767991,7.126561657300855e-06,0.4176119727813955,0.04286484289452343,0.003112543234465968,6.3620590390174e-06,0.43859460917123383,0.12548925349958723,0.04752562997747725,0.005011664176308767,0.03819222655694885,9.84774097206819e-06,0.40974602088474704,0.03556061307254727,0.002813006324476888,7.947204307871343e-06,0.33883737164161026,0.10375564877388506,0.04041670796073272,0.0256997133157262,0.08523580057285154,2.346334219082585e-05,0.7194006360431249,0.08316464767137804,0.011171581850546508,2.4706649116120823e-05,0.7049616154941678,0.17104601633377375,0.09120966033295702,False,,,,,
Y218C,missense,False,1.0,1.0,0.0,P/LP,clinvar,0.9989,1,10872540,1.0,1.0,,,0.0007702619291570617,0.019437822657609016,1.3232475403990467e-06,0.20693527092555444,0.019120549099248273,0.0005800183704593826,1.1012948765290815e-06,0.19564634526793553,0.07861224945149342,0.021715051765688338,0.0007287672792960601,0.015759033614321037,1.3680009288214035e-06,0.15430323248894576,0.014831159959777766,0.0005775708877149076,1.2178743939890225e-06,0.1293141728327333,0.0683222215625456,0.016963872832893367,0.00519672732314137,0.04020778923841981,5.901349654684441e-06,0.3911268910537072,0.04183680279072161,0.002926133567445226,6.831311699758319e-06,0.43973102526767527,0.11964240677780816,0.046537699546132724,0.0014311753115667841,0.016902170635834227,2.371139499680374e-06,0.15825406624769284,0.01658345737376067,0.0007627458915635825,1.7382127923957844e-06,0.1437024761712902,0.07063507331860969,0.019392528206469764,0.005291399359795007,0.03368025373535155,5.69034806788032e-06,0.34663624927154835,0.035141891228011396,0.002520035763081097,6.3445838024825755e-06,0.3764365381451685,0.10714300934057525,0.040191789878944666,False,,,,,
Y286C,missense,False,1.0,1.0,0.0,none,none,0.1145,1,26961851,1.0,1.0,,,0.0007702619291570617,0.01946534320179966,9.62025888592262e-07,0.1909438925674333,0.017727482320942636,0.000647202571436363,1.5763291603420192e-06,0.1748304754983078,0.07332764494249783,0.02043718194409576,0.0007287672792960601,0.016922142775876448,1.4711633345806953e-06,0.16014692907941874,0.017810921955433386,0.0006673646138100904,1.476478086957341e-06,0.19822125713256897,0.07399765476293692,0.020345808875467483,0.00033601072892436307,0.007676367301852911,7.042071559793897e-07,0.05817064748307505,0.006912586975249637,0.00021577321168592527,6.743333646823008e-07,0.054780326595179084,0.04100480969584787,0.008233682269994175,0.005011664176308767,0.03559203947173242,7.73199074247243e-06,0.34506284562682155,0.0378229318718457,0.0028894287878003426,7.920572237907116e-06,0.4030131021093099,0.11197061266141557,0.04262102934344552,0.0023171333317986726,0.017893635706548536,3.0230802273229036e-06,0.18660054798598466,0.01900600757450931,0.001023023307868617,3.327707663366572e-06,0.17632689316084166,0.07523578694898973,0.022320987422698557,False,,,,,
c.1108-2A>G,splice,True,1.0,1.0,0.0,none,none,,1,40274278,1.0,1.0,,,0.0007702619291570617,0.017217000454360917,1.1167664876526102e-06,0.16990530971207715,0.016895502782391963,0.0006348182070633193,1.2430497283391642e-06,0.15116414599896488,0.07209077347675368,0.019642423173409262,0.0032672293692760242,0.03246030360812059,3.2563550938110712e-06,0.3377151663147434,0.04043157996596502,0.0020035773275791976,2.6076564806953265e-06,0.4613201090446239,0.1240819200832772,0.04436484403002196,0.0064530720363805034,0.044569191947146036,7.321311557266764e-06,0.46202857304453215,0.04944579384775011,0.003601479095336764,8.720953109040445e-06,0.5178786426624543,0.13062836111842188,0.054418304370288516,0.01749030300597268,0.07412958961336613,1.7431564536994757e-05,0.6896013522267517,0.08233006541607879,0.008241034150316686,1.3994942436451433e-05,0.7328522194574453,0.1799489866426635,0.08885255575831415,0.02483399297904261,0.08813789795146999,2.6921970954479316e-05,0.7092569805076159,0.0860427322238877,0.011506483314393513,2.9830707394816664e-05,0.6876450619453083,0.17315425854299665,0.0938892384089369,False,,,,,
c.1501+1G>T,splice,True,1.0,1.0,0.0,none,none,,1,28012402,1.0,1.0,,,0.0007702619291570617,0.017914336720578662,1.5571454961164583e-06,0.17645021362245086,0.01766310910004379,0.0006002449883874138,1.0432811433155589e-06,0.18253706719155874,0.07210643651723761,0.0204121086149198,0.0032672293692760242,0.037105038520744836,3.7632294798241073e-06,0.38190168488350756,0.03569949042364422,0.0017788747528614509,4.2282341169274995e-06,0.388745352613775,0.11243943741374256,0.039592178518251975,0.0064530720363805034,0.048270655458885654,8.185856135681817e-06,0.5239578139378788,0.045070138644532236,0.0033226992517885676,6.989273287112772e-06,0.4688150700874856,0.12523121017804545,0.04998657189324978,0.01749030300597268,0.07790289581964151,1.5244222394937422e-05,0.6857037602276258,0.07561438278930298,0.008428625878163926,1.3827655443043876e-05,0.6891365863563177,0.16918029939655024,0.08283058669119206,0.02483399297904261,0.08867809408265437,2.3603474810104053e-05,0.7262138189918523,0.08752847765565389,0.012385907571312794,3.4006166685492936e-05,0.714040763843675,0.177824516400714,0.09522250302644152,False,,,,,
c.1502-6G>A,splice,True,1.0,1.0,0.0,none,none,,1,23771172,1.0,1.0,,,0.0007702619291570617,0.018925162003442287,9.936791059777276e-07,0.1959427806543935,0.017416474579219177,0.0006411795632579969,1.3865711522833124e-06,0.1682593218360413,0.07245005831107172,0.02023958890164637,0.0032672293692760242,0.03885552701584077,3.2152361862301134e-06,0.42412503809830676,0.03426636042375208,0.0020179209385505163,2.9137182220151716e-06,0.3636039499624943,0.1084415127645992,0.03828817055765957,0.0064530720363805034,0.04472593890195341,8.332200798837218e-06,0.44969587526217264,0.04644969073116154,0.0034523333076525806,8.18102734907112e-06,0.46494204659798294,0.12308930561982248,0.0513283452546265,0.01749030300597268,0.07548185046574106,1.3628806716147524e-05,0.67668024715917,0.07395389911205753,0.008427930908048574,1.2110946253225242e-05,0.6559188125520516,0.16433638293875763,0.08090893008893917,0.02483399297904261,0.08577520425263462,2.3500538653982348e-05,0.7405933293971443,0.08814151249595946,0.012730282875509634,2.8612819298711485e-05,0.7063145282990199,0.1777308751881589,0.0959337967488723,False,,,,,
c.1623+1G>T,splice,True,1.0,1.0,0.0,none,none,,1,32518064,1.0,1.0,,,0.0007702619291570617,0.01726174557259102,1.3602312833676726e-06,0.1668331988482484,0.017135095317427056,0.0006221759658035363,1.032423916411505e-06,0.16831053198323914,0.07369399736080127,0.019664835433374325,0.0032672293692760242,0.035776718601344494,2.7653366780995622e-06,0.3952847044153242,0.03635244382615741,0.0019332142374949776,3.6485408094631707e-06,0.388103981761303,0.11034538351484038,0.04025759878298233,0.0064530720363805034,0.04479442675268342,7.11053647617191e-06,0.4676196122997698,0.04878979878885607,0.003306787354241621,6.822586632622316e-06,0.5265408596907696,0.13510597135403038,0.053632969266539106,0.01749030300597268,0.06985967802943166,1.721514878402435e-05,0.6039212299138893,0.0717797109538804,0.008025053960705197,2.0925122755736803e-05,0.6458547869201543,0.16071960832892482,0.07847722978140086,0.02483399297904261,0.08593270957974572,2.7095160171393175e-05,0.7240962151411366,0.08634771423519719,0.01193916622877055,2.2414883156969186e-05,0.71052159976297,0.1758455521691434,0.09418220275336459,False,,,,,
c.283A>T,substitution_cdna,False,1.0,1.0,0.0,none,none,,1,39903441,1.0,1.0,,,0.0007702619291570617,0.017130505986487094,1.2160370796555745e-06,0.17622227922391076,0.01761197126945973,0.000613415389942609,1.5602348783084748e-06,0.17603348662822338,0.07674431531132007,0.02002170984946032,0.0007287672792960601,0.015800983600856872,1.997261819574124e-06,0.14998393218074904,0.01679700866408383,0.0005483287417994238,1.1108560341277199e-06,0.17733627461862758,0.06985474041073635,0.01943164026777177,0.002297090489071481,0.024516041168938185,2.3932671868166564e-06,0.24757087815308734,0.02309101173830083,0.001061917018747806,2.3979857308129342e-06,0.2284496657869394,0.0868576167256336,0.026352314595487383,0.005011664176308767,0.03996983399583448,6.610837594795966e-06,0.40871222993949335,0.03361574216344551,0.0028312986404935648,7.170962092247901e-06,0.31787969844606634,0.1009449437168883,0.03833157241443825,0.012730249106870936,0.05682889828733503,9.793064792982714e-06,0.5685483162392388,0.05615293989626285,0.00441409265471338,9.930353350599273e-06,0.5559543360220326,0.1432242692434778,0.06185884026684689,False,,,,,
c.422_423insT,indel_cdna,False,1.0,1.0,0.0,none,none,,1,28116330,1.0,1.0,,,0.0007702619291570617,0.019258019618982013,9.856065802800292e-07,0.18083309555710783,0.017767220961456782,0.0006043547609927927,1.912665547168306e-06,0.1794414128015093,0.07658018899438435,0.020396380815029796,0.0007287672792960601,0.015091156209989765,1.6272461849689846e-06,0.15119008047225035,0.013858328287798866,0.0005532784710206686,1.957298662820851e-06,0.12345537538477985,0.061863193293836584,0.016245942956471325,0.002297090489071481,0.024390476798854702,1.9780251142302903e-06,0.24207368381175012,0.023499769222015326,0.0010991496250389943,2.79359278536339e-06,0.24878117337744954,0.08860957487909414,0.02677914136317297,0.005011664176308767,0.04322226289060474,7.523426914634758e-06,0.4799516208256358,0.03617447967037624,0.0027036645683236986,6.471951097906297e-06,0.3867238044192205,0.10655630960774336,0.04091390933338198,0.012730249106870936,0.05466321541801235,8.85434498443258e-06,0.557181010911794,0.054287724972451906,0.004434933997168171,9.259727850215839e-06,0.5523489170533327,0.14284557530462555,0.06025498172471142,False,,,,,
c.526+1G>T,splice,True,1.0,1.0,0.0,none,none,,1,36836406,1.0,1.0,,,0.0007702619291570617,0.017548796267513128,1.4789953890181308e-06,0.17326715556818686,0.017104989105409366,0.0005576880076315408,1.0803662914439235e-06,0.16629448091766827,0.07211110014074362,0.019715781699871156,0.0032672293692760242,0.03562648952220695,3.0407674319188252e-06,0.4039712710927482,0.03489953962017351,0.0019121433209787425,3.557044996857942e-06,0.3776821975789856,0.11128087734712623,0.039012266233844885,0.0064530720363805034,0.04576317353077522,6.384146370531443e-06,0.46212274816020177,0.047144988423165606,0.0033624456702472027,9.117316769489626e-06,0.4835192790619903,0.13025159435152625,0.05201297577251702,0.01749030300597268,0.07262174627361986,2.119408163678967e-05,0.6650533919357571,0.07714163856110959,0.00861321011886854,1.6402751089433195e-05,0.7036933865409256,0.17000429494586042,0.08394161930039613,0.02483399297904261,0.08861245746266598,2.3188281039154153e-05,0.7159351625963133,0.08812827984675106,0.011277896107758215,2.0664586721581063e-05,0.7692425447738824,0.1857055762540411,0.09553845774664967,False,,,,,
c.942delC,indel_cdna,False,1.0,1.0,0.0,none,none,,1,39504571,1.0,1.0,,,0.0007702619291570617,0.0183629439610365,1.422074576831687e-06,0.1767940142787171,0.018187319105742093,0.0005879856820240714,1.1496430511307721e-06,0.1871238378018096,0.0747082999540923,0.02054215788694889,0.0007287672792960601,0.01622948742762274,1.46716751628733e-06,0.15000691664623206,0.015296276868833366,0.0006306848101105189,1.1608805392669558e-06,0.15029422060667577,0.06801136252618759,0.01763958165410737,0.002297090489071481,0.022700880960934384,2.211317646400998e-06,0.23954384433495146,0.022179865648988946,0.001105390526020981,2.752407870119567e-06,0.22994418569488403,0.08312714175629372,0.025287140746641394,0.005011664176308767,0.03856210161878807,7.1207801259040055e-06,0.40050912358166363,0.036985508945748855,0.0025718463660553033,6.817246370136968e-06,0.4020069592176185,0.10915366378784253,0.041925323671207944,0.012730249106870936,0.057791286726793636,8.368750753565515e-06,0.5841149568766578,0.05247464403208739,0.004367801354394674,9.240324582694013e-06,0.538532538440214,0.13386787058110558,0.05875912874035225,False,,,,,
c.955+1G>A,splice,True,1.0,1.0,0.0,none,none,,1,40274278,1.0,1.0,,,0.0007702619291570617,0.01979152374526539,1.10401893355923e-06,0.22251248939646748,0.020724561945630007,0.0006848453966198673,1.425170316456835e-06,0.20966746454427307,0.08584295515942762,0.023481564323770503,0.0032672293692760242,0.03646208899576992,2.6556314596623437e-06,0.3752338564230419,0.03514995379221502,0.0017914931315642349,2.9922234536502326e-06,0.3801423057765282,0.11271857090854935,0.03912353380053431,0.0064530720363805034,0.04595186895031141,7.677102551954351e-06,0.474753398494724,0.04498020691191173,0.0037795638051018846,8.446283369452344e-06,0.4406372877092501,0.12504305546020633,0.05021429573485597,0.01749030300597268,0.07225681150120239,1.591951846657797e-05,0.6739404593531713,0.07844130222786874,0.008409958245174666,1.4127520128456381e-05,0.6998214467541258,0.1731894947782388,0.08505725951349274,0.02483399297904261,0.08255919741638576,2.399213593067434e-05,0.6675334467081313,0.08457182689512809,0.011771911820320502,1.862342475089956e-05,0.6831031044385528,0.17186007102991696,0.09245006210310458,False,,,,,
c.955+1G>T,splice,True,1.0,1.0,0.0,none,none,,1,29207974,1.0,1.0,,,0.0007702619291570617,0.020240949689943253,1.2605157132109044e-06,0.21404802651861773,0.01510963424891742,0.0006625726617813577,9.233409375494437e-07,0.1304874029661267,0.0641064719371074,0.017727124111442043,0.0032672293692760242,0.03743420472016659,3.280627737506945e-06,0.41027249498405166,0.03358742094696552,0.002013195644753595,3.833493060231737e-06,0.34902841609082713,0.10582534889006621,0.037675284778956535,0.0064530720363805034,0.04654900189435516,6.788070868803553e-06,0.48141869980057983,0.04708319832228978,0.00352943320689464,7.210757202689878e-06,0.4734508577663582,0.1266886746877861,0.051944675799568144,0.01749030300597268,0.07576009896774492,2.1702085903865733e-05,0.6863651725244712,0.07406954957920567,0.008428576371196617,1.7014916969596137e-05,0.6881750608792192,0.1664475394986396,0.08070359131548815,0.02483399297904261,0.08263533411208553,2.7081831755383447e-05,0.6997087235376485,0.09299379414410716,0.01208573528969822,2.387280224997974e-05,0.728634072401102,0.18642911696725697,0.10055078743199412,False,,,,,
c.956-2A>G,splice,True,1.0,1.0,0.0,none,none,,1,40608360,1.0,1.0,,,0.0007702619291570617,0.018716541242323345,1.1712617087340465e-06,0.18960042924197076,0.020515898537659425,0.0005856382917068633,1.3170748153912988e-06,0.2038265643589168,0.08374063294840707,0.023624018748328826,0.0032672293692760242,0.03254943398718094,3.7416070454632147e-06,0.3468182832321559,0.04082900828822579,0.0018920075249325942,2.467479134149093e-06,0.4661967543821168,0.12526131195919554,0.04462472676762276,0.0064530720363805034,0.0472751540035492,7.34944048451427e-06,0.5041184698233112,0.04371069010171032,0.0035488142591703978,8.362676894516796e-06,0.42642507074502495,0.1201223621109311,0.04884161302907052,0.01749030300597268,0.07464745674059962,1.332599557637879e-05,0.6841919480490295,0.07992931977659293,0.008290788108731784,1.7339288611403603e-05,0.6718855579548546,0.17227725751246897,0.08665861186753633,0.02483399297904261,0.08627867640658665,2.4968928011663424e-05,0.6958013532594151,0.0885764724280981,0.011948606348180325,3.330205697274512e-05,0.7025147392319475,0.1770790436313191,0.09633721807342101,False,,,,,
