key,vclass,is_truncating,affected,literature_n,gnomad_added,clinvar_simple,class_source,alphamissense,n_papers,pmids,n,observed,affected_genotype_first,n_genotype_first,base_prior_mean,base_prior_pred_mean,base_prior_pred_q025,base_prior_pred_q975,base_post_mean,base_post_median,base_post_q025,base_post_q975,base_post_sd,base_post_study_marginal_mean,class_prior_mean,class_prior_pred_mean,class_prior_pred_q025,class_prior_pred_q975,class_post_mean,class_post_median,class_post_q025,class_post_q975,class_post_sd,class_post_study_marginal_mean,insilico_prior_mean,insilico_prior_pred_mean,insilico_prior_pred_q025,insilico_prior_pred_q975,insilico_post_mean,insilico_post_median,insilico_post_q025,insilico_post_q975,insilico_post_sd,insilico_post_study_marginal_mean,clinvar_prior_mean,clinvar_prior_pred_mean,clinvar_prior_pred_q025,clinvar_prior_pred_q975,clinvar_post_mean,clinvar_post_median,clinvar_post_q025,clinvar_post_q975,clinvar_post_sd,clinvar_post_study_marginal_mean,insilico_clinvar_prior_mean,insilico_clinvar_prior_pred_mean,insilico_clinvar_prior_pred_q025,insilico_clinvar_prior_pred_q975,insilico_clinvar_post_mean,insilico_clinvar_post_median,insilico_clinvar_post_q025,insilico_clinvar_post_q975,insilico_clinvar_post_sd,insilico_clinvar_post_study_marginal_mean,is_common,gnomad_af_max,split_alternating_observed_B,split_alternating_n_B
V455E,missense,False,3.0,28.0,0.0,P/LP,clinvar,0.9382,1,36208030,28.0,0.10714285714285714,3.0,28.0,0.6943988206218048,0.6703967033217522,0.25891601970444866,0.9670026496380523,0.35548245373747095,0.3054943748243799,0.09110189833147904,0.7818934104842323,0.1959409238172618,0.35545947253232935,0.6955530801959824,0.6746538999328631,0.26673331491807223,0.9653424732909642,0.34967334337795664,0.3027041293418484,0.08582504198246976,0.771656667384329,0.1932256062304451,0.35009609914528456,0.657942259272336,0.6375459525769333,0.215838824520895,0.9689221120769292,0.3221604987656586,0.27785686660266246,0.08282391018196805,0.7474197106937399,0.18031221161475267,0.32408566196763444,0.73754958262107,0.7185090987137276,0.2339587373056378,0.9991118174492799,0.4955447862692206,0.37341672295867,0.09284045563995189,0.9990547985684713,0.329369962329182,0.4959795790422154,0.7264482116475315,0.7128880818523581,0.2337716722371136,0.9994396442693249,0.48945349335052724,0.3603516641879859,0.09267985340965901,0.9994358808499434,0.3297876781887028,0.49084238391944973,False,2.93807e-05,,
G318R,missense,False,19.0,19.0,0.0,P/LP,clinvar,0.7562,6,22493702;23433541;31595705;35737141;41409604;42468610,19.0,1.0,,,0.6943988206218048,0.6710987881888272,0.2549698434893528,0.9623254544453868,0.7155184305601049,0.737462732391044,0.3078120684135837,0.9775805051216154,0.1834817324901143,0.706187266454464,0.6955530801959824,0.6732355647975703,0.27959626485171524,0.9599308645054946,0.7164751262741118,0.7343902234830366,0.33266934145157817,0.9794424301733856,0.17803493013602534,0.7072992200737616,0.6845913304015454,0.6608794071905649,0.2474887934845949,0.9687398394849162,0.708012268538479,0.7295382439234912,0.3020458787918925,0.9825075219393747,0.18734766195082161,0.6997369617208729,0.73754958262107,0.7201242699975672,0.24171161381750378,0.9990636049604011,0.7573528899276032,0.7959803001313833,0.29292936218290405,0.999075463018488,0.21903211611438075,0.7512914442643219,0.7412721100484687,0.721952124563612,0.2346900099230152,0.9994060723591462,0.758858306906558,0.7963208660609203,0.2913663711956155,0.9993923460299499,0.2190373116711462,0.7527812705683588,False,,1.0,7.0
R36W,missense,False,13.0,14.0,0.0,P/LP,clinvar,0.387,6,23433541;33477506;36178555;36208030;38928025;39504571,14.0,0.9285714285714286,1.0,2.0,0.6943988206218048,0.6720039389749065,0.27294545645237556,0.9617920207536571,0.7195243388513435,0.7394848622014365,0.35800906363858137,0.9632801255198067,0.16305954924926422,0.7093513403965176,0.6955530801959824,0.6735606339958434,0.25996049103022456,0.9692659051638739,0.7241666908259173,0.7422715200389536,0.35692508268782874,0.9602621435176844,0.1613731380543582,0.714168893961142,0.726467636750801,0.7053178359333682,0.2637422189503686,0.9750864318485142,0.7487385771738265,0.7790669051625623,0.3593608848308248,0.969752784656691,0.16039519040057892,0.7393144352769171,0.73754958262107,0.7225567863655482,0.23402459681787421,0.9990551591505079,0.7650191957738524,0.794395142347794,0.34000268281147367,0.9989513267918874,0.20359450237092708,0.7584038482796391,0.7627594253037853,0.7427123126484875,0.21114589551131388,0.9996644720816643,0.783889260749747,0.8215823229873574,0.32335204903577314,0.9996556938641934,0.19742790713781988,0.7768363642540297,False,2.62971e-05,0.8571428571428571,7.0
G261R,missense,False,11.0,13.0,0.0,P/LP,clinvar,0.99,5,22761713;29329106;30592380;33324081;38565685,13.0,0.8461538461538461,,,0.6943988206218048,0.6654336102822902,0.25455269195519886,0.9649624690204563,0.6453880445750764,0.6597822069878072,0.29793660106459163,0.9164787656166916,0.16145225928158666,0.636477488127502,0.6955530801959824,0.672692566790667,0.27168674280490607,0.9643250219917293,0.6476916402937696,0.6582867138316251,0.3122431315885766,0.9175239435642927,0.15733634660432463,0.6389274186602172,0.6498883772936246,0.6267918360466712,0.2086353513855075,0.9683746036632954,0.6142303480145457,0.6228295312582524,0.2582259346613853,0.9123032202232034,0.17505091714395235,0.6076834616336848,0.73754958262107,0.7194924467128648,0.23995132312527948,0.9990250270856491,0.7119764331779099,0.7036577436737083,0.2971543567851273,0.9990170895817047,0.21845042541690074,0.706093514768736,0.7218466091782334,0.7059661868214187,0.21383396089057025,0.9994764778591283,0.698015414915021,0.6873018892686016,0.2774115119317595,0.9995094999981244,0.2295588148510101,0.6931209357219005,False,,1.0,5.0
R191W,missense,False,10.0,13.0,0.0,P/LP,clinvar,0.8654,3,33450726;36208030;39089324,13.0,0.7692307692307693,5.0,8.0,0.6943988206218048,0.6673964647619076,0.260486282819392,0.9655485502739446,0.6750261022294892,0.6834112615988621,0.39266430244358,0.9091991585527002,0.13683259156949662,0.6650727732216183,0.6955530801959824,0.6721760602355045,0.2499847458576941,0.9638650949857726,0.6754143725234908,0.6833263719190442,0.3907371194132115,0.9047580968013273,0.13529398957932712,0.6656357132533096,0.6689568178318877,0.6449595175751008,0.22068991279019953,0.9635737201420714,0.6588084859043557,0.6649584942301257,0.3729865648439454,0.9148745774542595,0.14320080616691266,0.6505428506846623,0.73754958262107,0.7219189506181278,0.24643361588308807,0.9990968326941181,0.7367061686643269,0.7257796725066687,0.3805635483523798,0.999095079342818,0.19377767336383026,0.7302603906063613,0.7326518208024214,0.7221223932485763,0.23082700500436237,0.9994218232561055,0.7302463233782526,0.7202293638797936,0.36062231379280163,0.9993865344046053,0.1985625963828162,0.7240710017234279,False,7.96464e-06,0.625,8.0
K32del,inframe_indel,False,12.0,12.0,0.0,none,none,,2,23433541;28012402,12.0,1.0,,,0.6943988206218048,0.673973912124498,0.2777273366043971,0.9682926626721238,0.6901541756284232,0.7090123237059963,0.28811557611993543,0.9747000223315406,0.1859135019865024,0.6811652656468724,0.6955530801959824,0.6696760882748192,0.26091550990788337,0.9626258291751494,0.6862768099021116,0.7057845824312234,0.2651921984168952,0.9772426321234307,0.1894019603714428,0.6776931514139624,0.6951886741565027,0.6690059673141058,0.16261494900385476,0.9803834976159665,0.6871478220160563,0.7279407933418869,0.1933990441146515,0.9820313826364225,0.22201474621508904,0.6805810931531091,0.7807395040542666,0.7627492201251913,0.2733911166932047,0.9987942728695068,0.7745653075969418,0.8179516156262965,0.2754432776565218,0.9987758871255505,0.21116405931827792,0.7679494649784143,0.7762285885678475,0.7603379701852196,0.20753624826352343,0.9993560607766618,0.7692035030264329,0.8413651102334891,0.21423948852491093,0.9993519882428468,0.23265170070060096,0.7636465180707082,False,,1.0,6.0
F419fs,frameshift,True,6.0,10.0,0.0,none,none,,2,33414663;42470517,10.0,0.6,,,0.6943988206218048,0.6661671843329122,0.2541290622458648,0.9613902366695389,0.5148861392428667,0.5243230802950161,0.1599325119886382,0.8360452922402608,0.17889071284701294,0.5097297783277333,0.6451353981003148,0.6282150159265519,0.16529108886719823,0.9719939375184284,0.4805081635208273,0.48195529184944896,0.13452326937074355,0.8518482985517462,0.19373268862438772,0.4779677103175083,0.6360477016059719,0.6162281156801726,0.15550770310351988,0.9695743748936799,0.46990116880425314,0.4628733107995967,0.13170203052120316,0.8450849474992059,0.18983059962320747,0.4677909295411984,0.7319914923937636,0.7186819860757407,0.19343778239208678,0.9991639908442288,0.6097672270519087,0.5690192655722891,0.16193734781706182,0.9992688955268646,0.2730079876999953,0.6071179552692065,0.7240139384669061,0.7048534482224356,0.16213247817396423,0.9994197612375176,0.6028680605474637,0.5724855797187993,0.1366382885633785,0.9994010959100382,0.28149212022653025,0.6008109701200187,False,,1.0,5.0
D160N,missense,False,9.0,9.0,0.0,P/LP,clinvar,0.5632,2,25015100;42468610,9.0,1.0,,,0.6943988206218048,0.6737210845266235,0.26835921541642793,0.9688420652852202,0.6880820806250831,0.7082972524691966,0.28285936253649696,0.9712553959982634,0.18618374899328013,0.6789879779783589,0.6955530801959824,0.671407004007912,0.26467914375581675,0.9661423875882499,0.6843910077630521,0.702822382117467,0.274717577384946,0.9726341625056267,0.1853696957697379,0.6756912950305867,0.7088007319752838,0.6803444978259904,0.26418106547331216,0.971833890910338,0.7005806984924823,0.7221114925184093,0.2768145512094189,0.9750693428516416,0.18370618048257928,0.692224972621567,0.73754958262107,0.7193487110652014,0.24182270263671662,0.9990182857370073,0.7350359595270395,0.7622153635557903,0.26521503864509616,0.999112301049809,0.22887999174874354,0.7293468159021604,0.7540865214405504,0.7365695731354672,0.24158488441378323,0.9994698873109716,0.7471940735098275,0.7827195403641984,0.24019842094499788,0.9994152815464933,0.2281693902347948,0.7414017416219866,False,,1.0,6.0
E221K,missense,False,9.0,9.0,0.0,P/LP,clinvar,0.7699,3,23295292;28012402;39504571,9.0,1.0,,,0.6943988206218048,0.6716691261922988,0.2642095118132493,0.9644727621388983,0.6933402225234249,0.7096649609824048,0.28106440861207116,0.9721127355604523,0.18251276431710856,0.6841169859597782,0.6955530801959824,0.6759237308381407,0.259055977479029,0.9726020405382676,0.6962894829109441,0.7163803384891148,0.27921919931822453,0.9755330140991829,0.18306826397278048,0.687391827519611,0.6826977932845235,0.6560908742348379,0.24356034415411185,0.9638269163076331,0.6850602826058719,0.6984343011275299,0.28288776819697337,0.9769088022046507,0.18721224424400504,0.6771359326841392,0.73754958262107,0.7242934302132361,0.2477636686837848,0.9990269907760823,0.7402221889880157,0.7730801246434956,0.26749643607054807,0.9990451550505477,0.22696411831682495,0.7342585206345937,0.7402404836997689,0.7265475543670433,0.24999026759336937,0.9993555207250568,0.7425885967833032,0.764694119618906,0.2815891713163788,0.9993549377818948,0.22381968296243043,0.7369013078978163,False,,,
E40K,missense,False,9.0,9.0,0.0,P/LP,clinvar,0.971,1,35737141,9.0,1.0,,,0.6943988206218048,0.6698051056154222,0.25955854753567503,0.9672811503868419,0.6745407517164792,0.686822413129722,0.2615454892679052,0.9685105243953146,0.18651109447045278,0.6657987334143907,0.6955530801959824,0.6735376787676851,0.2590608061301683,0.9634964704518951,0.6743774248636081,0.6927109908011503,0.24848158355749575,0.9716276864799618,0.18784675570596504,0.6657136240933305,0.6528601040763701,0.627347734500512,0.20274759611012028,0.9674549477571468,0.6380976606375831,0.6466611093921734,0.21537557048958136,0.9721865133754325,0.20682186416531448,0.6316588823453476,0.73754958262107,0.7207510466464473,0.24977716933014354,0.9989472094603842,0.725810450043914,0.7499707632631589,0.22141426627373278,0.9990048651702591,0.23572676136247733,0.720280803322896,0.7235509931233406,0.7074482243044685,0.2084293854044812,0.9994432926898935,0.715170036378644,0.7331440033250126,0.2298439143154681,0.9994641935678328,0.24339995603936446,0.7103954410645724,False,,,
P59S,missense,False,9.0,9.0,0.0,P/LP,clinvar,0.9695,2,22335469;26287533,9.0,1.0,,,0.6943988206218048,0.6700948760036997,0.2626100985078666,0.9665964973997231,0.69667219028481,0.7181113339849166,0.2968879559098648,0.9749835522992468,0.18413130215912785,0.6874720773938517,0.6955530801959824,0.6750604100161809,0.26627126667510354,0.9648596459692129,0.6972706943555613,0.7158455878467758,0.2845585158472237,0.9734475995972076,0.18278350536041418,0.688360090707717,0.653093894893376,0.6327883368891634,0.2240581843450914,0.9700960626867411,0.6619563318295462,0.6828974408514605,0.22335200960662083,0.97830055132394,0.21021266600768965,0.655166483974881,0.73754958262107,0.7235842874863618,0.24466161849586318,0.9990053461364183,0.7420442595911777,0.7762135573504314,0.2515405722026083,0.9990103952422886,0.22859377541121123,0.736192409057898,0.7236847564214277,0.7104821018658914,0.22201548922354714,0.9994484381777838,0.7313743770788108,0.7677956397751438,0.23384179533682492,0.9994243512117214,0.2394572089946301,0.7262331697403425,False,3.97845e-06,1.0,3.0
R186X,nonsense,True,8.0,8.0,0.0,P/LP,clinvar,,1,36584766,8.0,1.0,,,0.6943988206218048,0.6650101764146736,0.25479941583154553,0.9631021647167148,0.6752730547075986,0.6888930160731659,0.2577204858594463,0.9712286066192708,0.18726453063434292,0.6663996015478368,0.6451353981003148,0.6275691564485054,0.18125710175160253,0.9695403792209438,0.63572597034219,0.6583283297831122,0.16653565316360697,0.9742883443759784,0.22109336339575125,0.6296055838997684,0.6360477016059719,0.6218326887270149,0.16525256276136036,0.9775967218981714,0.6256562729471397,0.6431937267879582,0.16628195754660346,0.976316400989027,0.22685726634653736,0.6202968637162325,0.6832538115697031,0.6768967282523198,0.1292077519206052,0.9994037250133124,0.6785442109670293,0.7186830236843178,0.11123075159761862,0.9993487946244046,0.2823644386039237,0.6751851761987433,0.6906848844771524,0.6800472058493039,0.1295304952017583,0.9995946289358346,0.687363807618836,0.728469782411356,0.13198774317131992,0.9995275240289521,0.2788992757394315,0.6839829932226302,False,0.0,,
R397L,missense,False,6.0,8.0,0.0,P/LP,clinvar,0.5726,2,15644838;25015100,8.0,0.75,,,0.6943988206218048,0.6699210498302893,0.2526898327388504,0.9667166828732203,0.5903726583796655,0.6030112797946946,0.22869607918351692,0.8898509756474562,0.17095235573254472,0.582889226001301,0.6955530801959824,0.670644749066145,0.2587564407787783,0.9633659735755222,0.5895136017084628,0.6054192870446813,0.22319346570764803,0.8873239016062328,0.17249298163885213,0.5824206545284594,0.7077361451692966,0.6825376863650883,0.25854157204747585,0.9698711336669853,0.5931088433967544,0.6096693282653307,0.21771294111188708,0.889543903434147,0.17656995103043369,0.5866083891195379,0.73754958262107,0.7217819730577135,0.24502934895747133,0.999053931820187,0.6707689701465723,0.6495267047083415,0.22795253392878617,0.9990216217807952,0.24182518770366743,0.6660325614793299,0.753540750433271,0.7363393051266568,0.2474655270915747,0.9994536911074975,0.6801927078577399,0.6648368572118936,0.24037522700747577,0.9994458770610368,0.236193703291165,0.6754115567701039,False,,1.0,5.0
V427_S453del,inframe_indel,False,8.0,8.0,0.0,none,none,,1,36835446,8.0,1.0,,,0.6943988206218048,0.6677070322078833,0.25301385371713603,0.9663663370805705,0.6771631266884944,0.6929601759048817,0.2757104628254615,0.9666106301935125,0.1852812449850343,0.6680949754176025,0.6955530801959824,0.6705984570474476,0.2660219493749551,0.9614422787836824,0.6746669689450637,0.6941518785885032,0.25461189521336147,0.9712222269277018,0.18898216986536606,0.6660134764088311,0.6951886741565027,0.6719610764318918,0.18207995060229779,0.9799677773889877,0.6819965657331563,0.7190788904363983,0.20251584637009604,0.9802455058926672,0.22045378455976053,0.6753995071596817,0.7807395040542666,0.761994732435996,0.26530889960046466,0.9987517493053095,0.7664231770372066,0.8028956929143782,0.268753218112891,0.9988160760954921,0.2124556867105662,0.759943141746774,0.7762285885678475,0.7572004691608266,0.20754823705682485,0.999395162551896,0.7685376954501734,0.8408359652649988,0.21352821488113585,0.9993358258550521,0.23068956379886796,0.762893028789116,False,,,
V62M,missense,False,8.0,8.0,0.0,P/LP,clinvar,0.9644,1,15677479,8.0,1.0,,,0.6943988206218048,0.6673613617101395,0.25731050750893636,0.9661625568513172,0.6780624069494511,0.6928436822306547,0.26028070383409496,0.9705073826796896,0.18550176899591403,0.6691159977825178,0.6955530801959824,0.672873922709376,0.25293421330738663,0.9671432839318733,0.6784080475782227,0.6951321321472665,0.26609666105066393,0.9718972469730413,0.18842108840297,0.6698018057850672,0.653887842762294,0.6355217719846539,0.20920642241547746,0.9703446622788754,0.640928227150999,0.6550529923436337,0.21618185939708648,0.9714232625404955,0.20566215255778741,0.6343323074133191,0.73754958262107,0.7218882492110562,0.24477071153099764,0.9990583781701124,0.7235646940015147,0.7487309693956785,0.2294816540276006,0.9990032684879615,0.23702005861031245,0.7179614986666456,0.724138663052162,0.7083327140689958,0.2107283867311842,0.9994175403816193,0.7151552839349482,0.7338972206596395,0.21542451860253456,0.9994915369912283,0.24457085951366692,0.7104053294892907,False,,,
G72R,missense,False,7.0,7.0,0.0,P/LP,clinvar,0.9941,3,12442280;32710514;33242514,7.0,1.0,,,0.6943988206218048,0.6735413731593249,0.27155546224573124,0.9683386989485311,0.7065070046945161,0.7222999593969979,0.3146332402412439,0.9753321898089037,0.176320185971766,0.6971200890924153,0.6955530801959824,0.6717666965291369,0.2536568675052976,0.9678369988508714,0.7113136290190938,0.7328887817109849,0.3031832379081948,0.978144854049653,0.1797836115751518,0.7020238014198384,0.6492447065436038,0.6322695045193445,0.21105984326146382,0.9664557280006175,0.6673045193209072,0.6889738429408905,0.23826244544786943,0.9785905254953371,0.20810630496106153,0.6603703585466285,0.73754958262107,0.7213379602308657,0.22946409880403001,0.9990206410139051,0.7509174729551367,0.7803129900455856,0.2979710453322552,0.9989858536940245,0.22102190365610624,0.744874035944821,0.7214764317127114,0.7071579237242569,0.20647300138591293,0.9994803778341919,0.7381298022703301,0.7749315740649814,0.2442084701469271,0.9994636898626884,0.23511547423344706,0.7327796879256299,False,3.97829e-06,1.0,3.0
I225M,missense,False,3.0,7.0,0.0,Conflicting,clinvar,0.9639,1,39191897,7.0,0.42857142857142855,3.0,7.0,0.6943988206218048,0.6725797985931797,0.27298550598735677,0.9668924077298048,0.5775882832852294,0.589432118782339,0.25623703171261436,0.8702088578857908,0.1580124829881228,0.5704092380581663,0.6955530801959824,0.6696270883195165,0.2588743288558139,0.9707380170013301,0.5771497758374011,0.5811426128581283,0.26760866870364336,0.8553970650041768,0.15328634559459697,0.5703717413606081,0.6539656015019444,0.6325511816847288,0.1958361338688418,0.9672372945132038,0.5462992524145297,0.5435070602014991,0.24060890852446057,0.8553819789130432,0.15916659818375264,0.5413939983884973,0.7885846152508621,0.7714795083662975,0.2991155818391373,0.9978208904997347,0.6938147117705921,0.6789144934572631,0.28366767927157793,0.9980149371207478,0.21657992332296447,0.6879051293992301,0.7605481531622735,0.7417170206592529,0.23636930953035523,0.9984284954124822,0.6736745278023306,0.6451082767338647,0.2681274971193283,0.9985792270337254,0.2283302952462236,0.6690607568298066,False,,,
T168A,missense,False,5.0,7.0,0.0,P/LP,clinvar,0.9288,3,18382660;18571549;23155716,7.0,0.7142857142857143,,,0.6943988206218048,0.6645010214972171,0.2563597683053884,0.9654898729354986,0.6005139814828299,0.6118730222620887,0.23808353978702582,0.8942235750665426,0.17254493162674608,0.5927915327617252,0.6955530801959824,0.6691533943775203,0.2570058101521969,0.9673783921325785,0.6002292399371267,0.6129823910205439,0.2514712215927039,0.8912629328530384,0.16550285716650964,0.5928619473311474,0.6593862915762893,0.6344893903270012,0.21464323440757732,0.9679291692533121,0.5701862600710506,0.5777662587012884,0.20875797567460339,0.8955230248237911,0.17980545499438821,0.5647486608245733,0.73754958262107,0.7183901532000792,0.24150175699806087,0.9990202048564892,0.6759211036732051,0.6603898237705339,0.2320150240905457,0.9990116062537975,0.23875187675205758,0.6711189156186977,0.7272674098860268,0.7092242114413664,0.22280642805646914,0.9994338401913054,0.6635381315601401,0.6382186144704696,0.21775160788251902,0.9993959766416277,0.2470120538042857,0.6595347971507262,False,,0.3333333333333333,3.0
T209M,missense,False,6.0,7.0,0.0,P/LP,clinvar,0.8357,3,25174781;25555642;28012402,7.0,0.8571428571428571,,,0.6943988206218048,0.6706970583059412,0.2727845993826149,0.9661835444519463,0.6841660954630543,0.6960744001514051,0.34016947764824673,0.9498324578047751,0.16029592535565107,0.6745579140055045,0.6955530801959824,0.6738382986246114,0.2750323774157123,0.9636235693000297,0.6834723760517062,0.6977224058240998,0.3386604182572859,0.9465591288646782,0.15827038675009386,0.6740143209106432,0.6733253095457371,0.6461501078406571,0.24551013041138695,0.9656615653840261,0.6667109375853756,0.6773215765759797,0.3153675979188414,0.9522341737929231,0.1705104719017571,0.6587510421557132,0.73754958262107,0.7208280944438227,0.2379080141288553,0.9989585118492719,0.7367101653955515,0.7437605763265016,0.3068229819224814,0.9990223994829102,0.2121385410203496,0.7305577203330974,0.7350831362720317,0.7200851307708879,0.2417989723802295,0.999345198567356,0.7348828317639172,0.7409324145503259,0.30344165026812464,0.999376756418833,0.21388146315463985,0.7289056460091055,False,,0.6666666666666666,3.0
V33A,missense,False,7.0,7.0,0.0,P/LP,clinvar,0.8011,1,35737141,7.0,1.0,,,0.6943988206218048,0.6706706118969098,0.2588368736216469,0.9639226269842868,0.6783758195497631,0.69489022804666,0.25383529978555774,0.9741346993868745,0.18892982430260769,0.6695157286835611,0.6955530801959824,0.6718676271463762,0.27307472586221737,0.9662678860673444,0.676161701445957,0.6951145479900194,0.2636274016283992,0.9688790755472415,0.18667534077583456,0.6675623350187799,0.678309161495611,0.6582907959798469,0.23289786772973145,0.9685542363419309,0.6622457799049231,0.6807223563795182,0.24137158996211644,0.9728211829447261,0.1938146326834781,0.6548386928335052,0.73754958262107,0.7194286349764676,0.22348478029960184,0.9990422554213186,0.7293954033952903,0.747440108925481,0.2552463110452802,0.9990727892082665,0.23024283897200756,0.7236817738002611,0.7378358941270451,0.7259003485564501,0.24685280362868556,0.9993693082306663,0.7262594740862853,0.7470373804002496,0.24646055908435993,0.9993767198397158,0.23490900798413503,0.720878834565629,False,,,
V389L,missense,False,7.0,7.0,0.0,P/LP,clinvar,0.5366,2,21454522;24890200,7.0,1.0,5.0,5.0,0.6943988206218048,0.6703779002533156,0.2591618611728103,0.9603640142810822,0.6967598912620577,0.715104283509705,0.2916412277245904,0.974747832502629,0.18407897518623384,0.687479811590621,0.6955530801959824,0.6707350618637283,0.24401610800309106,0.9642436179821815,0.6976647640424535,0.7141183374062876,0.3061092723930111,0.9730332563923528,0.17938692454989671,0.6887019334028247,0.7117466169855046,0.6830080588411501,0.26096445969849874,0.9675531354695539,0.7121158491611947,0.7308831266071023,0.3000643645048086,0.9768196770936282,0.17994666175554974,0.7034424913175094,0.73754958262107,0.7221541556531667,0.24365094849568503,0.999017214034177,0.739076849272553,0.7691659031260075,0.24837443689029629,0.9989806598505636,0.22894684065293308,0.7332093069534895,0.7555857797016067,0.7377725464085473,0.24064431904909978,0.9994251127894677,0.7569114504371866,0.7989799922538926,0.24602985130714267,0.9994933342955042,0.22286200633415254,0.7507822997860912,False,,1.0,5.0
A259T,missense,False,6.0,6.0,0.0,P/LP,clinvar,0.7521,2,34101350;36178555,6.0,1.0,,,0.6943988206218048,0.6743089959810346,0.2758718287554662,0.9634613803688626,0.6977620025920724,0.7160917879708146,0.29560572954120323,0.9767680062633893,0.18322717093012228,0.6885090929711117,0.6955530801959824,0.671986162366161,0.2801711244153773,0.9670294899424924,0.6966443624155726,0.7109400752345973,0.2938924328194287,0.9761565156321578,0.18476686044405036,0.6876638142107875,0.6851539004635324,0.6555500568927386,0.2507028139082911,0.9688117201747569,0.6886273938224261,0.7079244026164614,0.271123905681931,0.9776961296517103,0.18701602329308567,0.6806243375104053,0.73754958262107,0.7232076006827033,0.24059994966346734,0.9989811633816521,0.7429531727998354,0.7724668673867114,0.2588064186211226,0.9989843191361335,0.22576985644061853,0.7371011522179325,0.7415779034004545,0.7262236807760879,0.24188204766679758,0.9993571692587718,0.7477298655334801,0.7739827483894766,0.2914517240621366,0.9993805844257788,0.2195632217066622,0.7417046333936842,False,3.98318e-06,,
N254H,missense,False,6.0,6.0,0.0,P/LP,clinvar,0.9902,2,26587058;28012402,6.0,1.0,,,0.6943988206218048,0.6700410731938763,0.2501315186229059,0.9661044147551769,0.6888352814204234,0.7037466074050602,0.279219740733004,0.9719290225713917,0.18230186895102904,0.6796713580661429,0.6955530801959824,0.6697262974245002,0.23099221010920393,0.9624018898315381,0.6903812445811494,0.7077293494950163,0.2955247437127122,0.9728347960628089,0.17984867190838583,0.681501463783149,0.6498569977436367,0.6292018295084967,0.2148103006241496,0.970212821338021,0.6449781927904281,0.6599663236990878,0.20596844549485363,0.9750527713540362,0.2096944588875095,0.6385132084092716,0.73754958262107,0.7219952506850894,0.2557227545782008,0.999010893653118,0.7354504769112549,0.7594623798695017,0.25911679744186783,0.9990182831014682,0.22614820267421082,0.7295914352450279,0.7218285710732665,0.70615482512285,0.2215385286346778,0.9994574446850915,0.7229736343081284,0.7515341184648726,0.22508506136159168,0.9994658454791066,0.24099633608139198,0.7179041730314312,False,,,
S69X,nonsense,True,6.0,6.0,0.0,none,none,,3,23295287;23433541;28012402,6.0,1.0,,,0.6943988206218048,0.669208281138559,0.2685358746864224,0.9617323157314629,0.6968134126208824,0.7120112901598986,0.31635214256362376,0.9728496716769981,0.17952330928910962,0.6875094356447181,0.6451353981003148,0.6288807888399683,0.17713263218922665,0.966775920731108,0.65102169242019,0.679153327389117,0.1578246564358435,0.9725200488050475,0.22252193039453808,0.6444388760593461,0.6360477016059719,0.6189460007951237,0.1733764788794209,0.9653416909231328,0.6427505048446193,0.6680993374075188,0.16429392760853245,0.978914778895217,0.22522060777704236,0.6369028116610086,0.7319914923937636,0.7129999112882711,0.16599468289037203,0.9992000794052366,0.7371693667262557,0.7839845959527096,0.21714796156499921,0.999187464718608,0.2368784486556364,0.7317943736187543,0.7240139384669061,0.7089378672801565,0.1802778185762287,0.9993896106248992,0.7298504206140218,0.7767302160357542,0.2015706191916251,0.9994220357168733,0.2452148509561024,0.7251181291156554,False,,,
T228M,missense,False,5.0,6.0,0.0,P/LP,clinvar,0.9649,2,32792356;34746319,6.0,0.8333333333333334,,,0.6943988206218048,0.6709728375954378,0.2602338991635753,0.964565126208015,0.6515126373593282,0.6666409521864591,0.2787544173073641,0.9370635117017279,0.17304427001459052,0.6428302889309134,0.6955530801959824,0.6713775628791209,0.25192396578166754,0.9679834933286103,0.6533895693141775,0.6662016780764639,0.27883174732503574,0.9379976201684993,0.1712682922894191,0.6448885764740999,0.653810069746663,0.6276654753706002,0.20168705422629515,0.9682340071361298,0.6150957856059196,0.6186073330455266,0.23461095637804927,0.9419638713122116,0.18965422066697873,0.6089255599143606,0.73754958262107,0.7207017679822383,0.2326700375755527,0.9990625399262275,0.7142375479989718,0.717147920240731,0.27080841827778096,0.9990305420651858,0.22515705633312852,0.7085881537438475,0.7240942234498312,0.7107744065438714,0.22626148659207337,0.9994218002620228,0.7007907711015962,0.7039027430749032,0.25524880532091654,0.9994001527217319,0.23638574337583887,0.6958614106368324,False,3.99946e-06,1.0,4.0
V182M,missense,False,5.0,6.0,0.0,P/LP,clinvar,0.9336,3,25494859;29510678;32792356,6.0,0.8333333333333334,,,0.6943988206218048,0.6707626105643545,0.2625729668256614,0.9687130480585664,0.6594274089343068,0.6741872126409458,0.29949771114904805,0.9437672058924876,0.16710464875113443,0.6504751366702913,0.6955530801959824,0.6711960131089102,0.2652717450431998,0.9693938685747474,0.6585299296443272,0.6756138822716076,0.28680843794825617,0.9415228904221417,0.17185733443905543,0.6498385969875237,0.658649647482425,0.6387673299593126,0.22270231832876666,0.9672918801404673,0.6273154833055902,0.6353599199816199,0.25040941066680306,0.94178947527205,0.1836452183247547,0.620618448027291,0.73754958262107,0.7230759043548288,0.21854311411072327,0.9990096882202902,0.7152132548426421,0.7164805497749147,0.27775668786571844,0.9989714460835436,0.22367384552492794,0.7094892866744373,0.7268497335924872,0.7085048149556598,0.21548085210403328,0.9994750385632968,0.7078210319469015,0.7101630757038896,0.2696301213405746,0.9994082847533551,0.23110432079076162,0.7027487737257665,False,,,
W99R,missense,False,6.0,6.0,0.0,P/LP,clinvar,0.7083,2,34635134;34680961,6.0,1.0,4.0,4.0,0.6943988206218048,0.6674577914143404,0.26109262303527575,0.9619839301363616,0.6960876735349462,0.7181602598697623,0.2720402029022905,0.973272329249675,0.18374804122067395,0.6868817446243246,0.6955530801959824,0.6720331947742587,0.2768580542169749,0.9667824639017595,0.6961640172181044,0.7145092213612534,0.2899627037260747,0.9716122019414426,0.18043273537011512,0.6870202258955087,0.691041275899684,0.6655710538797381,0.25412694785438056,0.9710452083001212,0.6904234884544953,0.7097861608784484,0.2663085505728231,0.9765906979126293,0.18760872598881065,0.682254756326533,0.73754958262107,0.7249436552321501,0.25910655269505867,0.9990489937985753,0.7377370131569766,0.7670572215503197,0.24914966788558707,0.9989840084137915,0.2289009397261437,0.7319770188764347,0.7447578992224844,0.7288820332865537,0.2373370214182305,0.9993570025642871,0.7495190682161819,0.7786289171915963,0.260915798780737,0.9993451450079988,0.22227582275145483,0.7434296361716117,False,,1.0,4.0
c.208+3A>T,splice,True,6.0,6.0,0.0,none,none,,2,27256595;38565685,6.0,1.0,,,0.6943988206218048,0.6733845247212525,0.2622207909083095,0.9690864211570341,0.6897915828215564,0.7033695644328694,0.2944125233009163,0.9690997862988551,0.18012646519711228,0.6805745663315519,0.6451353981003148,0.6273849019756775,0.16401419122010152,0.9675928948562885,0.6464992416579257,0.6744597299664958,0.18082868611932693,0.9735215331197634,0.21809867110571107,0.64003454185154,0.6360477016059719,0.6156461852124181,0.16641973282610104,0.9717392495527775,0.6384292772114043,0.6637877000589385,0.17895315751009797,0.9774627533065673,0.22400851006058586,0.6325929427865031,0.7319914923937636,0.714562851050101,0.19368764351522766,0.9992109292660214,0.7269649622095772,0.7671876039913698,0.19194740856044726,0.99913582810626,0.24358620960769004,0.7217905254951363,0.7240139384669061,0.7099304923258494,0.17298533691237442,0.9994332760281577,0.7219652609188765,0.7684546652587725,0.17138743625702216,0.9994207851729201,0.25092799377072145,0.7173659486908441,False,,1.0,4.0
A449T,missense,False,4.0,5.0,0.0,P/LP,clinvar,0.8803,2,22761713;25015100,5.0,0.8,,,0.6943988206218048,0.6685515455558112,0.2508097088568523,0.9652021985392509,0.6491530425131358,0.6655997261500446,0.2780509176779117,0.9373638807179482,0.1721405566203302,0.6402973492557461,0.6955530801959824,0.6732214912943842,0.2557293940557192,0.9618587634673128,0.6480619051445919,0.6610712026987838,0.2714374014510098,0.9372117275744037,0.17262545446350527,0.639687822378659,0.6667360939045264,0.6423082689882883,0.22514277648136594,0.9700759090459983,0.6253788905334836,0.6307033945646146,0.24655047659573737,0.9379198502366383,0.18149391307908339,0.6184919310919981,0.73754958262107,0.7240521924500599,0.2441528162989122,0.9989507395906168,0.7115000919835525,0.7127106153445467,0.26475792646731927,0.9990327764512997,0.2277069797068244,0.7058842410488546,0.7314094412577513,0.7147999502242726,0.23852532704877405,0.999415781667462,0.7045772866589456,0.7058957434559335,0.24354825602872085,0.9993779713836016,0.2348409666457027,0.6993266837103054,False,,1.0,3.0
E98X,nonsense,True,5.0,5.0,0.0,none,none,,1,29329106,5.0,1.0,,,0.6943988206218048,0.6669784047606426,0.24632230889567602,0.9667027439107783,0.674949233557623,0.6937248781639909,0.2512062114556272,0.9718005554980481,0.18893290845976576,0.6661990422269645,0.6451353981003148,0.6290381588503025,0.16763169024232996,0.9699616739432778,0.6380724599884104,0.6669146605701539,0.17374018450082757,0.9715965855185654,0.22135243162504847,0.631948820917123,0.6360477016059719,0.6164976990024534,0.1586823064387449,0.9717952935367038,0.628572665464423,0.6520636764371404,0.17016303386608395,0.9696900528103317,0.21997901728917207,0.6229375393757355,0.7319914923937636,0.719833595528371,0.20846199692420797,0.9992314226686468,0.7248374427957172,0.7705263306887343,0.18662394109383926,0.999215901887541,0.24458591919887557,0.7197509011666429,0.7240139384669061,0.7102435980505459,0.18741942223626037,0.9994064606837849,0.7150406364260329,0.7672513360263432,0.17322948523941814,0.9993755349472058,0.2563731959512639,0.710466203901673,False,,,
F195S,missense,False,5.0,5.0,0.0,none,none,0.9662,2,33450726;36584766,5.0,1.0,,,0.6943988206218048,0.6707312090972564,0.2641128251607584,0.9667465275408165,0.6901917681783458,0.7074836601220473,0.2916583487335586,0.9659901152148828,0.18273382360139365,0.6808966056429672,0.6955530801959824,0.6719646592297519,0.2727216191949396,0.9659147661120938,0.686099447023924,0.7070321899259222,0.27894763033782,0.9698934847705792,0.18327549176669597,0.67708058017176,0.6536077933696164,0.6289668412985675,0.21932131381538916,0.9645735318295441,0.6520365303805894,0.6606833290051819,0.24744898609185256,0.9702515687535076,0.19953089417184514,0.6453211044265018,0.7807395040542666,0.7595218632207751,0.2664489095171101,0.99884018892652,0.7738198124871335,0.8134239319986317,0.2923332247261209,0.998748135922209,0.20635310790000566,0.7671684884575484,0.7519527348666861,0.7344653579770221,0.21688191543986007,0.9992434061310744,0.7511005423367009,0.7982892071496124,0.24709984724518871,0.9991790689682786,0.22953363404808053,0.745567076223829,False,,1.0,3.0
K458_C461del,inframe_indel,False,5.0,5.0,0.0,none,none,,2,30105470;36178555,5.0,1.0,,,0.6943988206218048,0.6674717772480476,0.24457799669303631,0.9688842716026067,0.6915783711390315,0.7106603482020308,0.28477879518811117,0.9723914622843487,0.18162912658616237,0.6821019976071979,0.6955530801959824,0.668256144426737,0.24900555150428888,0.9641876076757581,0.6892753600447399,0.7057205150097214,0.28575318824976786,0.9692425257231723,0.17920906500464306,0.680122399291607,0.6951886741565027,0.6766755122446082,0.19224366687398187,0.9801293130782754,0.6961864507205185,0.7389300625543668,0.20034724316681116,0.9820478780262225,0.21617080438796166,0.6893553201088152,0.7807395040542666,0.7623065887515041,0.258620063369931,0.9987738194368329,0.7701353407553209,0.8157533252589597,0.2587393245615844,0.9989172100315534,0.21343081330408437,0.7636734579290599,0.7762285885678475,0.7626114031153699,0.21658863588034355,0.9993397347703068,0.7690610889080218,0.8391130277653551,0.21112987286256168,0.9993310761060411,0.2302504660559265,0.7634218558353286,False,,,
Q239R,missense,False,4.0,5.0,0.0,VUS,clinvar,0.0683,1,34630320,5.0,0.8,4.0,5.0,0.6943988206218048,0.6706601254498924,0.2524708021637154,0.9654125618308238,0.7111633865851232,0.7235971339596206,0.4032914706845755,0.9478207652644889,0.14384650664241305,0.7007760326248357,0.6955530801959824,0.6766543473331165,0.2725739226013697,0.9674477467520215,0.7117718468111436,0.7215369321789638,0.4074321607654944,0.9481608739681553,0.14254156414776442,0.701603699529811,0.7481276524825089,0.7200097434349155,0.2139818555061124,0.9803515778158206,0.7549606481634381,0.7846360201280815,0.36876677631310306,0.9662218736299599,0.1570797639050242,0.7458234476688689,0.7885846152508621,0.7672984572154715,0.2888903741514727,0.9977210225789711,0.7939078082048004,0.8132428019397218,0.4156868757816818,0.9976145152826752,0.16849498871564328,0.7862075475914919,0.8023890767001273,0.7849049802656402,0.23826118997623982,0.999696422478418,0.8068055080925037,0.8408683095660989,0.40566337699207283,0.9996302892859025,0.16444989292280204,0.7991171514408197,False,3.98375e-05,,
R43H,missense,False,5.0,5.0,0.0,P/LP,clinvar,0.1563,2,22611063;35737141,5.0,1.0,,,0.6943988206218048,0.6676853163227211,0.25670887820747734,0.968046284850848,0.69757530944083,0.7165313047769336,0.30483345732826067,0.9708216815563784,0.1794877023911261,0.6882070645925293,0.6955530801959824,0.6719530107660939,0.2586713330767403,0.9627519083233215,0.698659044891348,0.7131425295780698,0.3026557854613588,0.9757566281439085,0.17981807712227738,0.6894641890005603,0.7433319268312688,0.7217820334727836,0.24198972995324228,0.980271949498262,0.7445930363306454,0.7856246536547336,0.28196068337841984,0.9832083863936141,0.1880636602442079,0.7361196445756988,0.73754958262107,0.7212545837795182,0.23288908946908848,0.9989922072533419,0.7409070292421914,0.7742503722623781,0.26290435095028675,0.9989866259407605,0.22879712637524677,0.7350349478864648,0.7696206913406002,0.7545343997877074,0.21105984035771233,0.9997685078364578,0.774256370053877,0.836576509264771,0.22909661502476983,0.999803709796069,0.22191438845907668,0.7680158237989703,False,3.97703e-06,1.0,3.0
S340R,missense,False,5.0,5.0,0.0,none,none,0.6035,1,36342518,5.0,1.0,,,0.6943988206218048,0.6722551058942127,0.25771512594131185,0.9661834976401336,0.6782990168824997,0.6956304041758025,0.2474400411900921,0.9721983697463464,0.19002636847088197,0.6693801369011526,0.6955530801959824,0.6692114220911579,0.26674640281902595,0.9650293767407783,0.6786967646248137,0.6957096013625574,0.26360713550828924,0.9636621642558134,0.18297150098827517,0.6699272497748171,0.7041506930256356,0.6774400303430512,0.25750610840946303,0.9685901417864595,0.6877020347187051,0.7118796059610014,0.27161229618720195,0.9718964718577507,0.187834291065762,0.6796085258078627,0.7807395040542666,0.7608410648193773,0.2585731952544282,0.9988205686555808,0.7677537498942061,0.8111738803318949,0.2636810948952728,0.9988408614497081,0.2132557461001504,0.7613305261006259,0.7791372944745738,0.7610001844197196,0.25207447951622,0.9992713844368354,0.7657284737802942,0.8073043924866323,0.267201472315166,0.9991820443842646,0.21444235556258753,0.7592966959044837,False,,,
V199M,missense,False,5.0,5.0,0.0,Conflicting,clinvar,0.842,1,40554608,5.0,1.0,,,0.6943988206218048,0.6697651544279852,0.2683872491134734,0.9669081639225885,0.6787003769130268,0.694374827472517,0.2708245947344739,0.9696444894496882,0.18213537218542383,0.6695244859322947,0.6955530801959824,0.6719656006126775,0.2696612995360477,0.9680815175093916,0.6770332625108174,0.6946996536198542,0.25159585209594987,0.9707402374078213,0.19083591238453648,0.6684657076851053,0.6724053775517622,0.6481563737681983,0.2309331038178144,0.9698632453290948,0.6564661199049739,0.6663933631858565,0.24086430564965727,0.9745874247598048,0.19753297982768467,0.6493145087395535,0.7885846152508621,0.7658949769318576,0.29608666979067766,0.9976515378227694,0.7769271318275723,0.8110939264875501,0.2923301822576037,0.9978005594116414,0.19922834525626365,0.7697501105131376,0.771257001599524,0.752989076716802,0.2756995174951183,0.9984200035253994,0.7583218732489816,0.7956310759911434,0.27645639824054336,0.9983796402352774,0.21640908023294575,0.7520811211628631,False,,,
A387V,missense,False,4.0,4.0,0.0,P/LP,clinvar,0.6817,1,34421822,4.0,1.0,4.0,4.0,0.6943988206218048,0.670922378501051,0.27044971712243177,0.9674787996562585,0.6969026119050743,0.7170299861929788,0.28590193417967297,0.9714024698136619,0.1845441968143197,0.6875975029944082,0.6955530801959824,0.6729290911699747,0.2477372384573194,0.9647711365822765,0.7000281928351347,0.7157006165595496,0.289811387656593,0.9751439917628876,0.1819503151464597,0.6908683034143162,0.6945030070166451,0.6674523537711148,0.2540536454365439,0.9699231182457844,0.6989059919461301,0.7137595312305436,0.2832142421652416,0.9749881332890383,0.1844848880801919,0.6905600234151497,0.73754958262107,0.7240722956268076,0.25596167843698353,0.9990090972105381,0.7408429397638437,0.7713677726496828,0.26659600416809515,0.9990176464239173,0.2276449297038992,0.735109017307733,0.7466094939550191,0.7324924893464538,0.2439725123724801,0.9993157038355224,0.7507709648422247,0.7767418076785981,0.27043806507098,0.9994201545411122,0.22108349786931586,0.7446580974962826,False,4.35794e-06,,
C252Y,missense,False,4.0,4.0,0.0,none,none,0.9937,2,33450726;36584766,4.0,1.0,,,0.6943988206218048,0.671827963734109,0.25848736654492455,0.9648166394108929,0.6864208009249692,0.7020909738272549,0.29940867390711484,0.9668272911174951,0.17755579713756167,0.6771345697088047,0.6955530801959824,0.6712351590597551,0.2519202295517274,0.9627641944591135,0.6892840600098918,0.709231654409072,0.28731003970879876,0.9707118918063722,0.17990598043520362,0.6804092238842849,0.6493075395185418,0.6275550069583222,0.19975357301318797,0.967572472397615,0.6453149650307168,0.657312190419171,0.22371748126119556,0.9771173595749645,0.2061829238898245,0.6388375526226914,0.7807395040542666,0.7644534497218286,0.28010590430983595,0.998739317617812,0.7733822783745928,0.8132074425143312,0.2939175720854341,0.9987750647886593,0.20770794275471283,0.7668110801831995,0.7494903194040827,0.733290554208131,0.20719734694504488,0.9992507512541401,0.7440984934253517,0.7965366706365126,0.20838856103078218,0.9991562267946215,0.2370053073524937,0.7385964239894818,False,,,
C434Y,missense,False,4.0,4.0,0.0,none,none,0.8613,2,32710514;35737141,4.0,1.0,,,0.6943988206218048,0.6729565695879586,0.26662136583757245,0.9658332798050253,0.691044636653522,0.7086758494877317,0.30194073374459673,0.9697454450825085,0.18000303892097594,0.6817919729693437,0.6955530801959824,0.6688910919334397,0.2617712284964579,0.9642063196190221,0.6903645760531574,0.7054046306892032,0.2936918373456258,0.9702595750576474,0.1775571560701294,0.681276656394785,0.6695645670770152,0.645472667517712,0.2313076961301054,0.9698970594899399,0.6631463002201988,0.6812241750532235,0.2396101228753485,0.9744409340089403,0.19625642573682842,0.6558034245220626,0.7807395040542666,0.7642000020360161,0.2670820565273092,0.9988180327768825,0.77190817277695,0.813091700765626,0.26754127387868776,0.9988765532500199,0.21123638329992928,0.7654425116141672,0.7608981673852202,0.7423375509828917,0.218816183132499,0.9990615404963055,0.7542118825692455,0.7951830780614245,0.25208554953928153,0.9990677568583661,0.22503673936785581,0.7485053167356763,False,,,
D205Y,missense,False,2.0,4.0,0.0,P/LP,clinvar,0.9989,1,41020216,4.0,0.5,,,0.6943988206218048,0.6734723297292009,0.2789401042839533,0.9696290708833157,0.6198915889284641,0.6284399360093365,0.2796561749635017,0.8980453738676832,0.15834078309819286,0.6115185285033546,0.6955530801959824,0.6761830896066211,0.26253934708286225,0.9696429290458216,0.6239627142458054,0.637390277111318,0.2793243299549685,0.9029780651960627,0.16127371347132263,0.6159918239987346,0.6484901180387882,0.6275706153992786,0.21178334197636012,0.9686741317555151,0.5867569823351905,0.5894073298663649,0.2518523140634764,0.899603254805159,0.17112191989889575,0.5808884338589324,0.73754958262107,0.7220328723027954,0.23495994628927777,0.9990244201097084,0.6921338612348611,0.6765873722963471,0.2873097437287679,0.9990031157285033,0.22449405764981123,0.6868135747285848,0.7210420028882684,0.7078147479238079,0.212798478372922,0.9995070875329283,0.6775402555652333,0.6567576836949596,0.24720015728976824,0.9994979095724262,0.23600297834430575,0.6731452830378835,False,,,
E290X,nonsense,True,4.0,4.0,0.0,none,none,,2,18382660;34202200,4.0,1.0,,,0.6943988206218048,0.6740476239804358,0.26942606838228006,0.9681412581602514,0.6872015811463877,0.7037051224105885,0.28898665059952133,0.9647126825188582,0.18069491754895414,0.6778564857747196,0.6451353981003148,0.6251767960125619,0.17347403911242623,0.9671830148576827,0.646782194898094,0.6762685033571973,0.16628066471089367,0.969748287792692,0.22008685147745835,0.6402990553073329,0.6360477016059719,0.6180080020375992,0.15672630923305295,0.974041227616738,0.6360722399683032,0.6559717685532822,0.1872262276330697,0.9768459158243322,0.22371029272244214,0.6303837128347993,0.7319914923937636,0.7220947140169992,0.19556411295441403,0.9992414338743381,0.7284479261882455,0.7740950149794043,0.20824115577901087,0.9991912288584092,0.2411696890203928,0.7234930244898311,0.7240139384669061,0.7072927208101291,0.17642777279591498,0.9994146081436559,0.7252503724585992,0.771831389515292,0.1898283882314468,0.9993256586350117,0.24894253429229543,0.7205550282333133,False,,,
F330S,missense,False,4.0,4.0,0.0,P/LP,clinvar,0.9961,1,22389783,4.0,1.0,,,0.6943988206218048,0.6719347167476625,0.2642903970094324,0.9669074275859746,0.6797524642849284,0.6990016260933296,0.25963005746719886,0.969386193485163,0.18650146430821568,0.670617834528591,0.6955530801959824,0.6717602415641482,0.26012571999074197,0.9610385370924884,0.6793766831176078,0.6933508072785983,0.2724966107117869,0.9644934582298685,0.183650774702333,0.6706200360808151,0.6489304269757057,0.6280362680267855,0.21354016937707646,0.9711907518988132,0.6376861765080573,0.6497001898314472,0.2056042238197187,0.9733770078425761,0.2108304802598095,0.6314098472413335,0.73754958262107,0.7235877095346146,0.2506042708666712,0.9990081032448246,0.72874163203236,0.7517987538120632,0.24194372949289758,0.9990026292428674,0.23118198416246463,0.7230678557039775,0.7212955566072955,0.7044048752549003,0.20892466806736296,0.9995283078919983,0.7121620989828115,0.7289343638271966,0.22649992660429963,0.9994720184547508,0.24410304512548237,0.7071700981033073,False,,,
G223S,missense,False,3.0,4.0,0.0,P/LP,clinvar,0.9203,2,22761713;34746319,4.0,0.75,,,0.6943988206218048,0.6668213373182738,0.2646139947171436,0.9690116963453516,0.6509345390722782,0.6640204346558355,0.26896246723759787,0.944597999280725,0.17524008321027923,0.6422044952327749,0.6955530801959824,0.6687956452428228,0.24090668907111384,0.9667874395883874,0.6502110883209195,0.6623371617738774,0.28486532838478346,0.9382255513088094,0.16972543623122746,0.6418469391627272,0.6606869055372966,0.6339313316934593,0.21195710930466613,0.9691857116286642,0.6259479917087835,0.6331140026559967,0.2569608008473773,0.9396253617873805,0.18318616801005888,0.6190386949254667,0.73754958262107,0.7247530911502313,0.24666294729222882,0.9990018213905357,0.7124746135155823,0.7117938158700641,0.2711801209452045,0.9990355431545064,0.2261345553117274,0.7066589513688656,0.7280037314683784,0.7125167638688695,0.22675610637520122,0.9994438358560681,0.7028342807654593,0.6989907282701094,0.25766003763567663,0.9994365065022348,0.23291975303815,0.6977879213018267,False,,,
K420E,missense,False,2.0,4.0,0.0,none,none,0.4121,1,22761713,4.0,0.5,,,0.6943988206218048,0.6711591088121079,0.25139116268530814,0.9622276224631023,0.6248717576492693,0.6360631486828743,0.29177114318498387,0.9027693550000782,0.1582093164739759,0.6162819291710495,0.6955530801959824,0.6702333284854531,0.26610002403521665,0.963948998449977,0.6225867571562735,0.6309041624363444,0.2909787364893453,0.8949959008885183,0.15810844946425937,0.6145015013565426,0.7242154727309964,0.6928829094431169,0.24671351765799318,0.9730266423976697,0.6429150895807396,0.6597041795618145,0.2928464061505785,0.9059650919075857,0.16115539935414724,0.635122233129695,0.7807395040542666,0.7611790647810116,0.27239802831667037,0.998835679714559,0.7254196327068846,0.7282027669940319,0.29349194916872234,0.9987419535736849,0.21026039847511804,0.7191196662591877,0.7884279606939824,0.7729144572924319,0.23685851056044038,0.9994227752586257,0.7341843322864263,0.7432230516286729,0.29464355561459116,0.9994098785493217,0.2066977715568223,0.7277209686868217,False,,,
L301P,missense,False,4.0,4.0,0.0,none,none,0.9802,1,36483860,4.0,1.0,,,0.6943988206218048,0.6720089584495542,0.2776538507788541,0.9671391278206874,0.6788646792910323,0.6942136696160961,0.27298208752083514,0.9681414670720143,0.18359460514408732,0.6698547934297393,0.6955530801959824,0.6720213000372116,0.2645566753115266,0.967487720769713,0.6785981597816888,0.6944892574628776,0.27098810934387385,0.9700695171616364,0.18554610310822617,0.6699227110147563,0.6514235150517701,0.6306044318639138,0.21718370188318534,0.9700185106293545,0.6403754373716677,0.6530198190159832,0.2107461232588401,0.9742605104268516,0.20723471367104657,0.6340879263687599,0.7807395040542666,0.7625276559931691,0.2849292318081094,0.9988246660439281,0.7686824048214485,0.804416279828031,0.2873393582889011,0.9986825600260227,0.2093246027885722,0.7621973399723797,0.7507048055967109,0.7387953420427317,0.22069998427454107,0.9991633711853819,0.7458683803394087,0.7930887433118885,0.24023223643292216,0.9991355660774679,0.23190674364657798,0.7403964820096868,False,,,
M115V,missense,False,2.0,4.0,0.0,VUS,clinvar,0.3151,1,35592779,4.0,0.5,,,0.6943988206218048,0.6707880166659627,0.2700853394650519,0.9686163899711585,0.6194375573425349,0.6316628305076243,0.28275942197252096,0.9034386663398024,0.16133820598801682,0.6110841037688923,0.6955530801959824,0.6712274873192421,0.26381300896832865,0.9658380329957371,0.6193891927323146,0.6324979636268195,0.28209734824600385,0.8984176023694742,0.1609513751861805,0.611542879687688,0.732447322418333,0.70463326250539,0.2405859181808401,0.9742883082423679,0.6517060347148269,0.6724299135614845,0.28000733579903136,0.9205008032793309,0.16922520257238283,0.6438721326206459,0.7885846152508621,0.7700786132253756,0.30034450414645364,0.9978305846820398,0.7289512590872974,0.7301066356467711,0.32107476085008463,0.9976654952149784,0.20280138625878436,0.722325557300847,0.8002914730694586,0.7806724587962134,0.2599710328255152,0.9993118541227919,0.7399319774779232,0.7543881329049897,0.31412440769679373,0.9992406060628093,0.1994660601457032,0.7330205465686901,False,1.97055e-05,,
M235T,missense,False,4.0,4.0,0.0,P/LP,clinvar,0.952,1,31704690,4.0,1.0,4.0,4.0,0.6943988206218048,0.6700788698855598,0.2630250672570804,0.9645197131542369,0.6875589394484091,0.7112428360151346,0.25975199247102915,0.9698942499403174,0.18574700760917606,0.6783891138967312,0.6955530801959824,0.6697663895426745,0.24848583014733064,0.9663726489916917,0.6881589039967072,0.7068828593461642,0.27357531448565314,0.9729492370793333,0.1852841653848849,0.6792475091721081,0.6558119491979774,0.6360755178409025,0.21467995249449362,0.9650131979130874,0.654180563000305,0.6714648838340931,0.24928496111676846,0.9727866993618663,0.2010026818251751,0.6474353680176543,0.73754958262107,0.7238663915306467,0.25908908399983693,0.9990574216135034,0.7333019200544286,0.7588606588056941,0.23320130975541406,0.9990501181256313,0.2340256854730886,0.7277507666349584,0.7252364532451078,0.707166190249912,0.21802301965710907,0.9994443523895058,0.7238670788215211,0.7510045474051078,0.2273453761718459,0.9993787008113114,0.24063933038555335,0.7188315756888681,False,,,
R192W,missense,False,3.0,4.0,0.0,none,none,,2,37082200;37812285,4.0,0.75,,,0.6943988206218048,0.6706391946388911,0.25938944469728,0.9673511129898105,0.6538009821739971,0.6684616361093577,0.29497459974561946,0.9399737065024274,0.16973381553920538,0.6447912937763496,0.6955530801959824,0.6699363740230745,0.2554211123383205,0.9655575543450333,0.6493238094045938,0.6619995198950335,0.2853746114350537,0.9295493109201396,0.1696032647714572,0.6409192650123555,0.6951886741565027,0.6752928986174769,0.176342172141229,0.9783486326083422,0.6564445902770983,0.6790453982023978,0.2220266095562138,0.9643549002958591,0.20110048923582494,0.6496892832376306,0.7807395040542666,0.7653063561521415,0.2743841574298368,0.9987306914164489,0.7466055545935212,0.7681367775969963,0.30165211710141493,0.9987116452365555,0.20776138331730432,0.7402152924882172,0.7762285885678475,0.759749627903178,0.2129244400174806,0.9993230142034033,0.7464182101743085,0.7919111904943076,0.22412153860980946,0.9992846304979125,0.23018001810042454,0.7408307701665547,False,,,
R36P,missense,False,4.0,4.0,0.0,P/LP,clinvar,0.9831,1,32710514,4.0,1.0,,,0.6943988206218048,0.6733865106979291,0.25939965131458975,0.963701630438417,0.6803638178214184,0.697093994603255,0.2700495413321968,0.9675269946418424,0.18716876177542743,0.6713995208724197,0.6955530801959824,0.6698486999641861,0.250870608771105,0.9659420533257728,0.6796022362434764,0.6976643406799967,0.25634383584793036,0.9728098608778712,0.18555678430166522,0.6709724055262778,0.6509697492315267,0.6278046687846123,0.195989071709718,0.9674321336352003,0.6384727629265236,0.6504595955645854,0.22340799955342078,0.9719405666351554,0.2073022229636768,0.6319944287449505,0.73754958262107,0.7242016301543979,0.23768772601479732,0.9990018197710692,0.725296040215448,0.746136873603574,0.23582631270114496,0.9990136019661636,0.23355803544732914,0.7196125634201262,0.7224676971937473,0.706335805832097,0.20116967598143629,0.9994499668206548,0.716011455166927,0.7383065214222027,0.2218154221124813,0.9995244197784914,0.24296862176158845,0.7110044044348115,False,,,
S441X,nonsense,True,4.0,4.0,0.0,P/LP,clinvar,,2,32710514;42468610,4.0,1.0,,,0.6943988206218048,0.6664435885534589,0.2517226275404636,0.9670249376665297,0.6875332248294501,0.7076827925928898,0.28698728893295006,0.9677061954808782,0.1820703899043251,0.6782914544926768,0.6451353981003148,0.6273668941348708,0.17218445877634175,0.9694420814498524,0.6436516711720113,0.6622140895838191,0.19148465127536318,0.9737821742615992,0.2159260208194751,0.6372029736806334,0.6360477016059719,0.621730619584914,0.16427772329001905,0.9737457317852637,0.636207275703782,0.6590354397410567,0.17230870635407033,0.9744524883674157,0.22058023583786968,0.6304425993170739,0.6832538115697031,0.6741096520568303,0.11888629391957106,0.9993268901714215,0.6909951082562164,0.7296935963200852,0.12600461927052833,0.9993643777584684,0.2742812044728874,0.6872783824584373,0.6906848844771524,0.6823396932664505,0.12731583224667162,0.9995357820004492,0.6926844616454065,0.7399930616775264,0.1382263799675916,0.9995327816435912,0.27587400942798324,0.6892279157185264,False,,,
V455L,missense,False,4.0,4.0,0.0,none,none,0.8248,1,34532767,4.0,1.0,4.0,4.0,0.6943988206218048,0.6679890832273644,0.27159082096324816,0.9678264293839896,0.6880733764747655,0.7016150968863624,0.2764705833025682,0.9727573007024652,0.1824228957013948,0.6787774555995604,0.6955530801959824,0.6712457953683146,0.24268330245527434,0.9656937560280161,0.693155132314276,0.7116076910024839,0.2942690941908227,0.9740165371995207,0.18036021022742443,0.6840250313708788,0.6749080570387243,0.6504312248932979,0.23928387227051004,0.9678623527749352,0.6711718159665728,0.6835199675238264,0.2682067996945894,0.9744058234596111,0.19109845897056066,0.6638128471419655,0.7807395040542666,0.7642318389119241,0.279301214819906,0.9988586104895243,0.7748213931905041,0.8161018116410328,0.28041590971367997,0.9987328602446925,0.208509934805433,0.7681897299517101,0.763826955498155,0.7457421036515245,0.23486577416138224,0.9990474602035088,0.7595381501726162,0.8014856146836236,0.24096069630485872,0.9991142341333931,0.2230949802972075,0.7535160843174997,False,,,
W167X,nonsense,True,4.0,4.0,0.0,P/LP,clinvar,,1,36178555,4.0,1.0,,,0.6943988206218048,0.6713808739008718,0.26919340485194354,0.964460478827197,0.6757861826894354,0.6955245274708592,0.24447020421968596,0.9694304844969681,0.18863953429362212,0.6666451740655591,0.6451353981003148,0.6286422732432836,0.1635165456942426,0.9697399074558947,0.6365623809394629,0.6641041517692933,0.17300691704435991,0.9708192212866593,0.2227416784736696,0.6305248494467558,0.6360477016059719,0.6212830648511531,0.1737171622553789,0.9730598545639546,0.627677809474746,0.6481440880872126,0.16656519362655262,0.9770132060771939,0.2265386174339088,0.6223837441271475,0.6832538115697031,0.6720332558561072,0.1267437048164439,0.9993593451172631,0.6811116742963964,0.7287170439206934,0.11025714127470192,0.999335502188725,0.28273415527095846,0.6777190267876904,0.6906848844771524,0.676362758602712,0.12598796295102083,0.9995079147452571,0.6864559172480078,0.732737854653011,0.13019685068697986,0.9995200014156748,0.2794561341768471,0.6831261971352636,False,0.0,,
A454dup,inframe_indel,False,3.0,3.0,0.0,none,none,,1,42184599,3.0,1.0,,,0.6943988206218048,0.6735953959608382,0.27126806523235014,0.9636130449798971,0.6807359564187367,0.6968660007161085,0.26630501098815546,0.9706413455466811,0.18703053564130764,0.6717665675672185,0.6955530801959824,0.6720704812370273,0.24528915162256476,0.9677560598283127,0.6781715515969903,0.695216739249402,0.2637971248430064,0.9712818309318288,0.185110749820346,0.6695717545980402,0.6951886741565027,0.6781404825124274,0.1803326630305014,0.9790518123235942,0.6759723231177676,0.7137697996507277,0.19910131000835213,0.9786610849129724,0.21682205263337928,0.6694269047433427,0.7807395040542666,0.7630067293356476,0.264394503737172,0.9987026422342263,0.7708531805022896,0.8117541477298376,0.28434886658229547,0.9986552721249645,0.20951748850627694,0.7642165313866723,0.7762285885678475,0.761549301600994,0.20518846599257096,0.9993416366540722,0.7690134218985595,0.8374320634070629,0.22204696138538807,0.9992569544549005,0.22850370945211057,0.76330921127824,False,,,
C220X,nonsense,True,3.0,3.0,0.0,P/LP,clinvar,,1,35737141,3.0,1.0,,,0.6943988206218048,0.672054856774346,0.2638432986237691,0.9641073637337187,0.6786065286283601,0.6966560880337559,0.2745260736780533,0.9722923387258675,0.18642034422671772,0.6699112182626196,0.6451353981003148,0.6269753962872074,0.17308122207852064,0.9636211603669822,0.6373292568237126,0.6587802797674736,0.18282076796640126,0.9674243252983631,0.22073199976190944,0.6312032026838241,0.6360477016059719,0.617295293332247,0.16096046880747197,0.972913616127404,0.6253405182911929,0.641328804699207,0.161831043544564,0.9771540195526147,0.22548648173793795,0.6196829644240293,0.6832538115697031,0.6748066731014809,0.11652183487292544,0.9993370757010928,0.6823266649671336,0.7313181401974481,0.11247722997567401,0.9994021565770989,0.2827910669431332,0.6788947959960321,0.6906848844771524,0.6802294015366881,0.122874868648493,0.9995553535977422,0.6839951163634354,0.7268310670929655,0.12806201895836272,0.9994970955686119,0.2813850432936458,0.6806759991382156,False,,,
C230Y,missense,False,3.0,3.0,0.0,P/LP,clinvar,0.981,1,37838154,3.0,1.0,,,0.6943988206218048,0.6701349688854992,0.2643033279163961,0.9700660896156074,0.6794453499817565,0.6982966269910911,0.2621856551777342,0.9652609958783765,0.18398641243163588,0.6704302470761729,0.6955530801959824,0.6713517303100016,0.258457784432874,0.9651678870429596,0.6773131162740028,0.6934150142644777,0.25307048749153355,0.9690853754863997,0.18960339787554997,0.6686963127271107,0.651298381839462,0.6275730211084269,0.20287944783283524,0.9700610457629152,0.6385572931241112,0.6482134235973116,0.23135746287415732,0.9732984655277785,0.2027424657217624,0.6321169853598322,0.73754958262107,0.7164185807426485,0.2435399291586,0.9989880689497285,0.727794011685475,0.747711457495895,0.24672607322742626,0.9990432753541765,0.2327120177396476,0.7223188733059972,0.7226562467516133,0.7075306592608095,0.20446050975412539,0.9994363327440421,0.7136197646876729,0.7289555339887515,0.24561067150769092,0.9994632345034778,0.23998353251859375,0.7088604330934006,False,,,
C233Y,missense,False,3.0,3.0,0.0,none,none,0.9988,1,24355479,3.0,1.0,,,0.6943988206218048,0.6708309706942305,0.2719290482407758,0.9649137479446536,0.6768737998998418,0.695033516532664,0.2590395775818304,0.9623961233891289,0.18568543178041516,0.6677954201864534,0.6955530801959824,0.66588066318605,0.2502427468277135,0.9669157850816238,0.6807593446666151,0.6974093541995288,0.27482379960726105,0.9688028677301619,0.1840185287006066,0.671889176123127,0.6485058496717974,0.630343644330603,0.2074247507613763,0.9688488591483781,0.635725902871979,0.6493873100981367,0.20884958759482225,0.9704693408668927,0.2060366742871772,0.6293229261885314,0.7807395040542666,0.7626104783246695,0.2813864917483604,0.9988439603201215,0.7705700055211174,0.8127101157195598,0.2954301746762332,0.9987173223076898,0.20852508797029157,0.7640305733315498,0.7490287252523182,0.7332917928489707,0.21426094241509128,0.999226973136207,0.7422863931075143,0.7881967505732891,0.21427173007589467,0.9991267417926681,0.2350235648807976,0.7370219653402621,False,,,
E157K,missense,False,3.0,3.0,0.0,P/LP,clinvar,0.2909,1,35737141,3.0,1.0,,,0.6943988206218048,0.6726611514280781,0.28352225249673335,0.9630601664726682,0.6809036247297946,0.6933598757793606,0.2941054468231599,0.9656494923403708,0.18120343118970908,0.6718396827203986,0.6955530801959824,0.6716073504624319,0.26269195298925474,0.9640519884955994,0.678630154326576,0.6944506138340478,0.27338653406798014,0.9670901730412715,0.18158149124155154,0.6699288507363229,0.7343067776618453,0.7108683222130203,0.2714708476695368,0.9730353184115281,0.7177747114470928,0.7527380004698323,0.25475851082605755,0.9759519863366688,0.18785878410157564,0.7091941296681482,0.73754958262107,0.716546186533302,0.2329185799179932,0.9990009481233794,0.7268885974480835,0.7486993676877127,0.2452129319811634,0.9990946861563665,0.23359336325676527,0.721135976097442,0.7662353343444431,0.7472557666722635,0.20903072627350935,0.9997337265398522,0.7581271567902446,0.8080162754919125,0.23395588456217795,0.9996951553859565,0.22541676025687601,0.7521013981828665,False,,,
E236K,missense,False,1.0,3.0,0.0,P/LP,clinvar,0.9875,1,25306193,3.0,0.3333333333333333,,,0.6943988206218048,0.66904024715435,0.268579472628061,0.9608756851500513,0.5856892891669035,0.5945645132192918,0.22252045560776437,0.8931050019318363,0.1720162627002497,0.5785897060087785,0.6955530801959824,0.66731786082352,0.24446093696545868,0.9699665567090809,0.5838750191639841,0.5966646728715048,0.21033143294243278,0.8852534029176182,0.1746562031556399,0.5771119247797202,0.6502804547516184,0.6246078133574241,0.20531048724006715,0.9667168200283202,0.5474708544930456,0.5488873641266052,0.19480492625173598,0.8807259639767578,0.18036530032423487,0.5428680712858635,0.73754958262107,0.7223731710203996,0.24807911691639611,0.9989342000829197,0.6605771819175593,0.63907173218537,0.21760617938699106,0.9989459464909566,0.2460666820045636,0.6563561945956222,0.722071917168624,0.7096988515855046,0.21573321212391142,0.9995099133473226,0.6497204375455463,0.6235590321152055,0.20675328917638855,0.9994113126825457,0.25399458690714416,0.6463411800484409,False,,,
F150del,inframe_indel,False,3.0,3.0,0.0,none,none,,1,39411314,3.0,1.0,,,0.6943988206218048,0.6637225982657703,0.24261275593201134,0.9650160351065608,0.6817577593739819,0.6990813715811997,0.27186745877625784,0.9713188724554398,0.18559931409512026,0.6726854319436378,0.6955530801959824,0.6740259902113698,0.2727599508488961,0.9641253219926464,0.6799729725630389,0.695583430729882,0.2813586707185308,0.96980398087412,0.183037367756285,0.6712520616954947,0.6951886741565027,0.6736106853237929,0.19739712541253668,0.9826419532083087,0.6839257383896162,0.7214578808723844,0.19347140619429135,0.9808185842580784,0.2174791135785816,0.6771113591186834,0.7807395040542666,0.763326249825787,0.26448224351021116,0.998681842046965,0.767935916489885,0.808931819425833,0.2796769106656473,0.9986760186198622,0.2104350584336264,0.7614966460011777,0.7762285885678475,0.7602629744697116,0.18998469282220734,0.9993214530779294,0.7674390553589284,0.8386647874570017,0.20043999163121354,0.9994096651785601,0.23281151393047353,0.7617123238229491,False,,,
F423Y,missense,False,3.0,3.0,0.0,P/LP,clinvar,0.6059,1,35592779,3.0,1.0,,,0.6943988206218048,0.6727746941297938,0.26389385713092406,0.9688676268297902,0.6796622145216613,0.6920463189799351,0.2761367008388067,0.9663315129452357,0.18071050412524317,0.6707407637786807,0.6955530801959824,0.6726523953570492,0.2541012111179378,0.9679039723294686,0.6802506317997938,0.6970751543481498,0.2663381949990912,0.9635552319984799,0.18380266257813302,0.6715142733206838,0.7038667385626098,0.6746334311866333,0.2568116618865631,0.9678898991885968,0.685587259161856,0.7019131203882747,0.2731780034690577,0.9716683647178798,0.18351557790758843,0.6774562222110495,0.73754958262107,0.7227287000061183,0.2420572191262536,0.999062438557814,0.7278844736288846,0.7436722387897035,0.26635247742549667,0.9990645072153629,0.22896385940528774,0.722257774200066,0.7515408383971657,0.732040469064997,0.24256755633109608,0.9993729017589055,0.7438813632578452,0.7729562635250027,0.2544321206356578,0.9994140772056885,0.22360666207236923,0.7378129601718496,False,,,
G175V,missense,False,3.0,3.0,0.0,VUS,clinvar,0.9315,1,28012402,3.0,1.0,,,0.6943988206218048,0.670182160753809,0.2492647749395977,0.9677588724642177,0.6782350126587628,0.6941029163909247,0.2734048444032089,0.9715501625451902,0.18256433047189152,0.6691227209481567,0.6955530801959824,0.6695954590600743,0.26216015162118406,0.9641641914279165,0.6855928677859998,0.7033325691709102,0.27954852003951475,0.9664528632076164,0.18128754320113002,0.6768232251749298,0.6589721196931293,0.634639928003287,0.21252290433754265,0.9628375791007903,0.6446595344908084,0.6565940971693127,0.22632329056497985,0.9724397663737043,0.20126552537962422,0.6381272293192721,0.7885846152508621,0.770131391653927,0.2938057777085361,0.9977747099834349,0.7742347031140783,0.8073763249273453,0.295035070695598,0.9978774597250026,0.20222765654882505,0.7672438096703205,0.7635067497551538,0.7464634147446032,0.2662843797454998,0.9983775964445252,0.7531444886228287,0.7938689537673556,0.2537627339128066,0.9984394801636197,0.22199792042809105,0.7472818752234731,False,,,
G178A,missense,False,3.0,3.0,0.0,none,none,0.8331,1,28012402,3.0,1.0,,,0.6943988206218048,0.674226839798428,0.27595635173310296,0.9673380082133791,0.6798387992642286,0.6928376008988603,0.2780856866557805,0.9730780347548236,0.1835565578819092,0.6709873424351807,0.6955530801959824,0.6712332347825496,0.26105143585984925,0.9702595585456949,0.679353205408138,0.6952308065743391,0.2605941030663959,0.9728120292686944,0.18669360987973213,0.6707849754412387,0.6737038762653055,0.6483639721093374,0.23635662254652276,0.9645215105702007,0.6616996091563638,0.6749878351565448,0.2610803166956252,0.9722994110732858,0.19254564634599042,0.6543815647811521,0.7807395040542666,0.7631704879596509,0.25611613788285664,0.9988356699958321,0.7694543418816525,0.8073600849279272,0.2803603195899793,0.9989016412158815,0.20886261015812208,0.7628426749747683,0.7631699364468998,0.7452708507773304,0.21943517735521106,0.9990592212765146,0.7537378004467419,0.7943020104352239,0.25591417670041167,0.9989955690160887,0.2223671349339037,0.7476950787038836,False,,,
G246A,missense,False,3.0,3.0,0.0,P/LP,clinvar,0.4385,1,36398453,3.0,1.0,,,0.6943988206218048,0.6672512120372602,0.23901274615430285,0.9669226186746456,0.6795194853133228,0.6976321522677534,0.26721373837860496,0.969972708266302,0.18652179924948048,0.6704271246106369,0.6955530801959824,0.6710914255672495,0.2520306934249605,0.965920286090964,0.6773506602080203,0.6939071957218318,0.25831048660538136,0.9683550801096173,0.18703616474809504,0.6685498413162103,0.7217527484619661,0.6975653317874031,0.2502047927206592,0.973266395291858,0.7042953352442264,0.730817305702769,0.25881557436683866,0.9790735438052027,0.18697047973006792,0.6960276964449189,0.73754958262107,0.7259930795805595,0.2698939975296618,0.9990237234515411,0.7303276020348385,0.7548783269097785,0.25680434882060393,0.9990410684531462,0.23157320219853056,0.7247236470711238,0.7605321690102665,0.7467177848309482,0.22608767302087085,0.9995602989236252,0.7479779691514243,0.7864083971293804,0.2379351377111426,0.9995800027003671,0.22758965589313537,0.7419366648147654,False,,,
H424Y,missense,False,1.0,3.0,0.0,P/LP,clinvar,0.2342,1,39610513,3.0,0.3333333333333333,,,0.6943988206218048,0.672632718957254,0.2617658295397121,0.9639685147351371,0.5815964686231245,0.5908438535217906,0.20825012344118451,0.8943318400738718,0.177819530540017,0.5745081937028029,0.6955530801959824,0.6679900924271505,0.2547755509823631,0.9670898751075011,0.5840409456924665,0.5930426150291275,0.23405837010802336,0.8779881624638982,0.16983420916452843,0.5772495293704116,0.7383735830817415,0.7142877571798613,0.2386306563554517,0.9743044745071103,0.6231538835291628,0.6421653239676086,0.21420116190664898,0.9179531262245505,0.18516944763881438,0.6162057649624201,0.73754958262107,0.7198713056357884,0.2481005703247341,0.9989493967960451,0.6614440203974667,0.6361590339606935,0.22326898986836677,0.999036250406881,0.24348187770600446,0.6569570752313434,0.7678720737140512,0.7516280356446489,0.21570174022162567,0.9997505965888493,0.6902573463635343,0.6958760332266702,0.20256072910167358,0.9997651872230005,0.24016356186626497,0.6851598345169245,False,,,
K169R,missense,False,3.0,3.0,0.0,none,none,0.9394,1,25015100,3.0,1.0,,,0.6943988206218048,0.6696213513894793,0.2634682175774964,0.9660330918031146,0.6777288940479586,0.6962898132280833,0.25974671848207237,0.9691185294326182,0.18616435757550892,0.6686853957608695,0.6955530801959824,0.6718493043077209,0.25867690499284357,0.9657703022638796,0.6808782304915272,0.6987998061852176,0.2829023939157655,0.9699898503864935,0.18369117370895502,0.6722917914303653,0.6577574955233241,0.6330181860079557,0.21567756101193108,0.9686298628471169,0.6459907233530012,0.6592736936685387,0.23320389456366064,0.9749989119263369,0.203006023451639,0.6392169949684272,0.7807395040542666,0.7619312760067214,0.25710019748693047,0.998739211503507,0.769464314960481,0.8123282370270596,0.27451368178276,0.998681701441426,0.21110200975777269,0.7628777986003707,0.7543077733004828,0.738995544559091,0.21326296921412835,0.9990471390771741,0.7422172515417647,0.7831137870755224,0.23318849328319646,0.9991770874060846,0.2335402185968822,0.7366463415854974,False,,,
L315H,missense,False,3.0,3.0,0.0,P/LP,clinvar,0.9921,1,35737141,3.0,1.0,,,0.6943988206218048,0.6713510809214746,0.26910033967594776,0.966708592940485,0.6793132042555587,0.6965356469019296,0.2633853226144362,0.9664025623440339,0.1855268774440727,0.6701061427487627,0.6955530801959824,0.6752422172895092,0.2716077106233829,0.9691026639777341,0.6800654113497756,0.6948925064944338,0.26708371883664195,0.9720461735360967,0.18384351224735512,0.6712423295440783,0.649558794297038,0.6297956156886497,0.20042495782025158,0.96989381334345,0.6398467895958991,0.6513979073432293,0.22110924991273406,0.9734583666506075,0.20562631552044316,0.6334329471731891,0.73754958262107,0.7226488179266863,0.23798926321863406,0.998974509942337,0.7269787230192857,0.7483087325704726,0.25556791029925346,0.9990825691104533,0.23086259183684402,0.7213544324653092,0.721657110000791,0.7064268492470565,0.20168418544863884,0.9994711908991605,0.7120686299800081,0.7347334393444505,0.22256555380847362,0.9995055399414773,0.24680192766175263,0.707291668270223,False,,,
M197T,missense,False,3.0,3.0,0.0,P/LP,clinvar,0.8333,1,28163940,3.0,1.0,3.0,3.0,0.6943988206218048,0.6703679940387568,0.26500771161747344,0.9641631610622606,0.6902756905642156,0.7068064891951573,0.28845719068364717,0.9700568880710437,0.18115170082340515,0.680898155755566,0.6955530801959824,0.6675676635518124,0.2656255365735459,0.9610528780044008,0.692656545781523,0.70886236043381,0.2789158770943962,0.9688566658389847,0.18187242314525603,0.6836617195738399,0.6736747784950793,0.6522082785286193,0.246796990666579,0.9701871676477399,0.6689891020026931,0.682394944493421,0.2539660014595056,0.9713626522102237,0.19351367307418108,0.6613659017217387,0.73754958262107,0.7198192154624515,0.23855087406762293,0.9990999208507151,0.7382012829358116,0.7619292214668847,0.2724955393088536,0.9990986710599525,0.22415937759581236,0.7324480533536231,0.7352769010616578,0.7212865109158454,0.2356465586898987,0.9993865571463452,0.7327782999756557,0.7556088233735465,0.2515826131270995,0.9993881659908392,0.2324204338357753,0.7273955708947303,False,,,
M224T,missense,False,3.0,3.0,0.0,P/LP,clinvar,0.9503,1,42468610,3.0,1.0,,,0.6943988206218048,0.6715302011851588,0.2654632966104434,0.967547731314907,0.680297230381187,0.691569215774656,0.28391282703201526,0.9690249497003858,0.18297665117623885,0.6713463425729556,0.6955530801959824,0.6674880978303087,0.2638800528399443,0.9623808365218849,0.6834670337738348,0.69825929135868,0.2717301429665733,0.9688813975906482,0.1815466304489114,0.6746348481801888,0.6560750211924302,0.6369488965112649,0.21654841629285762,0.9695522062923054,0.6434419703031112,0.6544610778497815,0.22690325269504158,0.9681154837666791,0.2014287044446507,0.6367221514889906,0.73754958262107,0.7190167639631767,0.23720113369452767,0.9989624074656864,0.7315192027907718,0.7503503775410895,0.26375823292616124,0.9989830375366254,0.22686059000583006,0.7257410262171571,0.725386302289308,0.7096548646104899,0.22294301595388524,0.999466508224534,0.7215193348353363,0.7488863938690984,0.23548899228257006,0.9994533607449846,0.23972656560663894,0.7164905421691848,False,,,
Q26X,nonsense,True,3.0,3.0,0.0,P/LP,clinvar,,1,33242514,3.0,1.0,,,0.6943988206218048,0.6695008376534866,0.2522425772779394,0.9632760422261918,0.6765465832625399,0.6988927909360546,0.24890480031691606,0.9694582589201495,0.19237786389850126,0.6677663980830817,0.6451353981003148,0.6300432152244347,0.16873413665602852,0.9666233461467507,0.6358225063056695,0.6583007445744631,0.1749173144437011,0.9673955524835542,0.218927013684167,0.6295951413432117,0.6360477016059719,0.6190386298254128,0.15666243952068382,0.9730422375550153,0.6252810097418171,0.6458883137214058,0.16525461445129871,0.9732023867455483,0.2262059491293316,0.6197787299794484,0.6832538115697031,0.6717497115975071,0.12107780163080072,0.9993641254830326,0.6830107777233915,0.7263184626988783,0.12685133080125338,0.9993803868376626,0.28196244822758676,0.6796181651873475,0.6906848844771524,0.6758503253546685,0.11415416433596022,0.9995211944916018,0.6842156730273525,0.7387138911873566,0.12448839230848731,0.9995914223240756,0.2829477619994141,0.6807986820088998,False,,,
Q98X,nonsense,True,3.0,3.0,0.0,P/LP,clinvar,,1,21518409,3.0,1.0,,,0.6943988206218048,0.6697276519135705,0.25656915845304434,0.9685342748224299,0.6770107449436155,0.6947654994240249,0.2566018454098731,0.9702080081615422,0.18883755943599453,0.6681494442357057,0.6451353981003148,0.6303631499779031,0.1747334907307832,0.968843217324528,0.6351328892206045,0.652162290637732,0.18607310114536663,0.9693394386877668,0.21713756920298735,0.629011245937089,0.6360477016059719,0.6170451219947919,0.1709575865400553,0.972093497302091,0.6234101113139493,0.6454263745110715,0.16328688232665647,0.9745593353577201,0.22493095028567753,0.6178438703707051,0.6832538115697031,0.6765136531028838,0.1242518152803595,0.9993759495182181,0.6811067664275503,0.7216959204131865,0.12949060091677955,0.999363808568859,0.28050441466417175,0.6777399448879754,0.6906848844771524,0.6784988636307157,0.12284188234398101,0.9995656175897055,0.6889373406873655,0.73362177414055,0.11435433586818573,0.9995760525780073,0.2782719194234334,0.6853298753339954,False,,,
R392C,missense,False,1.0,3.0,0.0,P/LP,clinvar,0.4084,1,36208030,3.0,0.3333333333333333,1.0,3.0,0.6943988206218048,0.6734166662559874,0.26683642322549794,0.9685924747950173,0.5858543482388023,0.5968470589704116,0.2212722930033059,0.8874753246061982,0.17242419976889614,0.5786641274529226,0.6955530801959824,0.6698840928208226,0.2566418277459064,0.9649083070968104,0.5837390891204419,0.5958415873479395,0.22261295266508727,0.8754579502526839,0.1667163216623094,0.5770535154328448,0.7245529116585406,0.6991969082392891,0.25139942296425977,0.9746247370379821,0.6057829283228533,0.6239559444859628,0.2118917466742784,0.8951576223069536,0.17615645973309924,0.5988110607035814,0.73754958262107,0.7202683618726294,0.23678631028709096,0.9990070746940637,0.6611654740331835,0.6375778537524666,0.22377986899647334,0.9989820927287251,0.24409335079374617,0.6567533036166565,0.7618648588807383,0.7444148983076737,0.22304315914201142,0.9996391688583327,0.6827871492889477,0.6774841319355733,0.20990017463285343,0.9996087739761406,0.23898054512831712,0.6778237670564243,False,0.0,,
S263P,missense,False,3.0,3.0,0.0,P/LP,clinvar,0.5986,1,12442280,3.0,1.0,,,0.6943988206218048,0.6709330757796123,0.27555481543800486,0.9631977059955238,0.6882622191215255,0.7054208777598932,0.2774406726387017,0.9696464813704101,0.1869440771871843,0.679106146010947,0.6955530801959824,0.6714439235174865,0.25043482503435677,0.961999365920788,0.6923897120208277,0.708267874285988,0.3008865145441018,0.9709996469154552,0.17904993368092628,0.6833488699594615,0.704727996161622,0.6767624661154164,0.2537378233204238,0.9683799939659017,0.6970187214022714,0.7179278154827728,0.27899143949881494,0.9748476399826139,0.18532887054579256,0.6886832771037081,0.73754958262107,0.7191265033396224,0.24107092865907018,0.9989906383422318,0.7344011673890407,0.7687072391963214,0.245908563084633,0.9989914431651759,0.23136874435312763,0.7286299682271496,0.7519880883707031,0.735506806547215,0.25705145519666445,0.9994215606122845,0.7443584466521423,0.7753005963085016,0.23814855061315085,0.99939545437159,0.2255329725814605,0.7381854127996695,False,6.56953e-06,,
T103S,missense,False,3.0,3.0,0.0,P/LP,clinvar,0.3881,1,21454522,3.0,1.0,,,0.6943988206218048,0.6674671383541729,0.2605094671403655,0.9676794405629776,0.6806708695529836,0.6951969498530102,0.28348371492423335,0.9681232220077458,0.1827779661024952,0.6716812360181693,0.6955530801959824,0.672392604600736,0.2674394315326307,0.961280076983648,0.6798587547753768,0.698418610787713,0.26355033423557833,0.9720460609583864,0.1864448412840339,0.6711702620542528,0.7263707465774685,0.7025153147334118,0.26307708392744916,0.9770911659049023,0.7127389929966288,0.7416708831487735,0.28915984297943775,0.9762937738778327,0.18268321374847524,0.7040859471068374,0.73754958262107,0.7212580377416663,0.2517136763898219,0.9990077474695623,0.7289324848890352,0.7518245610662349,0.24572368549692108,0.9990462717419129,0.23085932674955356,0.7233558363415098,0.7627145149236029,0.7488219787546424,0.24679777713958204,0.9996217189649097,0.7563253857037462,0.8015411935175036,0.24787223173130243,0.9996272117603376,0.22294461788283026,0.7502027426567833,False,,,
T206M,missense,False,3.0,3.0,0.0,P/LP,clinvar,0.9681,1,24606082,3.0,1.0,3.0,3.0,0.6943988206218048,0.6747386709283741,0.26248559152984,0.9652370978359676,0.6939382644722972,0.7172375204148489,0.2709874097304282,0.9671011399324597,0.1821709658356157,0.6843935738634398,0.6955530801959824,0.6719113585276705,0.25701899366362213,0.9655381634785402,0.6979856064598786,0.7178783033017295,0.2812537160832829,0.9751363191168403,0.18329132749515514,0.6889139063189661,0.6533119869345062,0.632922313631309,0.22326848225991885,0.9671776591697194,0.6604308129868973,0.674632022922063,0.24378051436445897,0.9770580051454009,0.20217010798829588,0.6536506388807609,0.73754958262107,0.7185905534631621,0.23553670437006846,0.998993400716502,0.7414425983826775,0.7700400913525796,0.2715905493843228,0.9990075321379266,0.22350066860729634,0.735412466090818,0.7238094953409662,0.708619113012317,0.2161514395447512,0.9994822128480806,0.726843404952629,0.7582179747989598,0.24064715937288603,0.9994863753223825,0.2410612676743464,0.7218053604724582,False,3.97716e-06,,
V244fs,frameshift,True,3.0,3.0,0.0,none,none,,1,20132997,3.0,1.0,,,0.6943988206218048,0.6674444823714779,0.2603222091989466,0.9629435423763667,0.6808614022509099,0.6990368981866892,0.2739379537610136,0.964613018314259,0.18096286516247378,0.6716669497520359,0.6451353981003148,0.628290184619659,0.1629026803842759,0.969645726066983,0.6366670782936911,0.659336629336374,0.1854594639316544,0.9705882647552839,0.2195468572364781,0.6304676054488452,0.6360477016059719,0.6219917254109878,0.17925047410557537,0.9683709812817672,0.6262908285544185,0.6447374252620188,0.17121456552020414,0.9699490718455284,0.22556941851723952,0.6209339954107008,0.7319914923937636,0.7180610279104302,0.1935323858608588,0.9992266704563847,0.7261894596878989,0.7694199463801643,0.19168778087065214,0.9991704359180857,0.243721521177401,0.7210262935542009,0.7240139384669061,0.7072477438403363,0.16997829180786458,0.9993921836891518,0.7164622142534929,0.7564428642326497,0.19065558870909435,0.999409598689972,0.25046902489729433,0.7118053284648047,False,,,
V253L,missense,False,3.0,3.0,0.0,P/LP,clinvar,0.7927,1,25174781,3.0,1.0,,,0.6943988206218048,0.6720792227619738,0.25345275454931293,0.9642408000018762,0.6782060936061124,0.6965753801722363,0.2636477484053204,0.9657556796678991,0.18363767241016923,0.6691268989648386,0.6955530801959824,0.673402600299164,0.2645731238787978,0.9590318707755111,0.676435175391878,0.6879998813565331,0.2777696492545497,0.9682354549450557,0.18295032231639263,0.6677667877163965,0.6795008874645622,0.6574951915536879,0.25105824149702377,0.9668368269038609,0.6628058634803053,0.6766300468340202,0.24491199090042623,0.9714839196823705,0.19156435340580938,0.6553866264318822,0.73754958262107,0.7189075276225746,0.23863433130326395,0.9989800180745136,0.7281227195081336,0.7505197442789385,0.2566501725524152,0.9990341082098421,0.2309950812017564,0.7223942400282273,0.7384906955230408,0.7223465804550088,0.2323590369640785,0.9993172209474442,0.7251192313441649,0.7384817892117224,0.23574398681780748,0.9993478557815866,0.23308678922424547,0.7198199392135638,False,,,
V302E,missense,False,3.0,3.0,0.0,P/LP,clinvar,0.9795,1,29704611,3.0,1.0,,,0.6943988206218048,0.6701847412142061,0.26287884308769144,0.9672876162298466,0.6781803486996326,0.692797882838928,0.2738679909393189,0.9690025257881721,0.1849923935871218,0.6691586094333293,0.6955530801959824,0.6720750515268287,0.2660366665175974,0.9648855441235475,0.6822754787674123,0.6996341922035587,0.27898745604856034,0.9679208625577177,0.1830598800390901,0.673461331716847,0.651532979189734,0.6313562828930459,0.223868897926174,0.9651299757049231,0.6396588117395632,0.6453807303962055,0.22447805915396782,0.9730533018988524,0.20258366157873914,0.6331171219984013,0.73754958262107,0.7209546636448497,0.2533265958977273,0.9990618542450186,0.7286224832825124,0.7556605856270298,0.2503343001478825,0.9990276447367035,0.2314796625444974,0.7229531818796071,0.722790787342636,0.7045954975242548,0.21144655055148337,0.9994778047595713,0.717917054453422,0.7434145973259778,0.23158054951965146,0.9994890916946639,0.24261518738627427,0.7130218529648982,False,,,
V62A,missense,False,3.0,3.0,0.0,P/LP,clinvar,0.9814,1,23306198,3.0,1.0,,,0.6943988206218048,0.6683642481223683,0.25323071436349964,0.9660112356669323,0.684991521548257,0.7011833672312222,0.27603620308596,0.9686286952891445,0.18540058998544473,0.675818508202873,0.6955530801959824,0.665688756927768,0.24597627377341139,0.9614386201925482,0.6889342880484812,0.706633722064127,0.30130214296305674,0.965354308504129,0.17947594491534544,0.6800278792936366,0.6512358027440307,0.6299403058431695,0.21925299902285492,0.9659773354333065,0.6477190363706691,0.663529566469724,0.2205155958601433,0.9742804688586261,0.20744113978101572,0.6410057948151163,0.73754958262107,0.723879245942139,0.24081502624211767,0.9990307378829147,0.7316676255208262,0.7616154555352707,0.2353324392669785,0.9990696976842292,0.23470944083130688,0.7261269985929977,0.7226203498556508,0.705469405640097,0.21670156876721003,0.9994963474323388,0.7189367670377852,0.7397981557954398,0.22985676681894676,0.999460497464014,0.24232852680126252,0.7141931227162995,False,3.9795e-06,,
W289C,missense,False,3.0,3.0,0.0,P/LP,clinvar,0.8133,1,23433541,3.0,1.0,,,0.6943988206218048,0.6732721352343686,0.263540889754618,0.9621292897575645,0.6822676672211964,0.6985085193591203,0.2839960613615395,0.9689908905295698,0.18277376728906547,0.673210524299243,0.6955530801959824,0.6721095572530343,0.248263158293155,0.9674028134176402,0.6808892665801659,0.6972964796130463,0.26605948337587154,0.9679490487344038,0.18256883158798154,0.6720611473192134,0.6765654066020772,0.6544465000897078,0.23514109514177206,0.9679994179428625,0.6637592581734167,0.6781469626539821,0.2520942986753957,0.9701478660803619,0.19196064796068282,0.6562765703556769,0.73754958262107,0.7169460696052556,0.2360590597077939,0.9990627407009742,0.726695725626285,0.7425387603162337,0.2474520491235419,0.9990450452103575,0.23140581105936192,0.7210398928708304,0.7368753641625837,0.7196856548012708,0.23279350243735478,0.9993712032131528,0.7262171547995148,0.748304494930567,0.23914545538767365,0.9993209448690747,0.23419705827532053,0.7207782433051959,False,,,
Y234H,missense,False,3.0,3.0,0.0,none,none,0.9858,1,36837511,3.0,1.0,,,0.6943988206218048,0.6716291538850829,0.252455959358556,0.9617351595580939,0.680759351503051,0.6945337388367002,0.2791524348060749,0.9697806894943494,0.18411999149646024,0.6716063208314432,0.6955530801959824,0.6713284389405819,0.25576117464362025,0.9660341282362338,0.6818382392106166,0.6985205125447609,0.27765534338555553,0.96866774644885,0.18399155068995388,0.6731941546987457,0.6505468892454626,0.6298219027275526,0.20945299189760413,0.9671828991481456,0.6384378323088935,0.6513845383919035,0.21737366429737986,0.9733956379922634,0.20749747324674025,0.6318909603762071,0.7807395040542666,0.7573437366599856,0.2628890716839667,0.9990106489893801,0.766802252123663,0.8136601394561827,0.2773322024496894,0.9987197087419348,0.21403178547227789,0.7603517950351973,0.7502023291125682,0.7370149210182524,0.19916963153321687,0.9992051486110289,0.7358435130893297,0.7848736022113812,0.19493613603607665,0.9990757516912804,0.24247062585537627,0.7306087602157441,False,,,
c.364-8T>G,splice,True,3.0,3.0,0.0,none,none,,1,31276222,3.0,1.0,,,0.6943988206218048,0.6692825493403153,0.26379824192079526,0.9637761624870743,0.6810713525937724,0.6961747687758353,0.2730427121629008,0.9704380176423703,0.1851754486487183,0.6719829269911762,0.6451353981003148,0.62122930381723,0.1662188313600775,0.9679118408757504,0.6374317854447566,0.6598760916885014,0.1694035837036186,0.9693218142423785,0.22108297153128606,0.6311574610238297,0.6360477016059719,0.6175680167704782,0.1616203737960355,0.9705538769692951,0.6294950506943064,0.6483766638453603,0.17162332824643642,0.9748157163916513,0.22529268982367573,0.6239094803046298,0.7319914923937636,0.714764644927001,0.17833894747883125,0.9992037760726524,0.724011251116058,0.7718159955524865,0.18587702669745496,0.9991935087542086,0.24675905978735935,0.7188946538148374,0.7240139384669061,0.7087964435349844,0.17288425938478777,0.9994096393536958,0.7160639648277942,0.7618143477641544,0.17384425886647592,0.9993450042935919,0.2520515810003126,0.7114523479965271,False,,,
c.483+2T>A,splice,True,3.0,3.0,0.0,none,none,,1,29510678,3.0,1.0,,,0.6943988206218048,0.6705927006200312,0.2576928593887216,0.9672975615399739,0.6770155355530558,0.6932489647623843,0.2715332596845562,0.9669985239158492,0.18375851655850486,0.6679827530500733,0.6451353981003148,0.6267932618937181,0.16951930901384793,0.9647656372766986,0.6347758776752873,0.6567522719683242,0.16234401882778038,0.973405117114328,0.22297818093631946,0.6284762640278942,0.6360477016059719,0.6188847730096583,0.16104970485013895,0.9664039506167492,0.6238004435857755,0.6402797890883296,0.1723644979746507,0.976826157061971,0.22315341347537826,0.6183464581902961,0.7319914923937636,0.7181098176485363,0.1842067233342304,0.9991603068166445,0.7241388865596325,0.76995539496921,0.19412599427225566,0.999190752722579,0.24436916876529635,0.7191248258020843,0.7240139384669061,0.7116308209030731,0.17387630998411793,0.9993617761254739,0.7169543692485075,0.7599864610501756,0.18139670835487895,0.9993810008261022,0.2500568977279861,0.7122154206678254,False,,,
A11T,missense,False,2.0,2.0,0.0,B/LB,clinvar,0.0933,1,8454109,2.0,1.0,,,0.6943988206218048,0.6708503345279878,0.2584392811705116,0.9636830066956114,0.7094873582710174,0.7239429344052551,0.3428718477276792,0.9751492352147839,0.1704649319751061,0.6997390995150087,0.6955530801959824,0.6730631625958837,0.2595213469427984,0.9673187374952417,0.7080758204665742,0.7211482022216331,0.33750949989431195,0.9757267592314843,0.1727967565770711,0.6987693986219228,0.7468471892188415,0.7216799191317331,0.21324508463379824,0.9824555792986007,0.7610920028424502,0.8038351540401167,0.30235214214109174,0.9847312548234338,0.17982282418853412,0.7525270053700124,0.7948254806306153,0.7805673195342654,0.20795271894501113,0.998704890339149,0.8030835636402964,0.8792682722902085,0.24019883863615255,0.9988513307577095,0.2113886886043166,0.7967934457841351,0.8076536924477473,0.7959470872768325,0.1845321365809453,0.9996898066204789,0.8149565794049944,0.8929968362374937,0.23203707316117791,0.9996556600175882,0.2077126029110436,0.8089622155079935,True,0.00615126,,
A173S,missense,False,2.0,2.0,0.0,none,none,0.4792,1,36178555,2.0,1.0,,,0.6943988206218048,0.6691857493749859,0.24081377920612024,0.9691510722368741,0.6791543714079192,0.6953271481075387,0.27466902768823265,0.9690957912113629,0.18383227647858555,0.6700620950638569,0.6955530801959824,0.6692043404700271,0.24436597205986604,0.9648971233043309,0.6803782808623738,0.697547282364234,0.26380273322499637,0.965230757251901,0.18226272712791952,0.6715008447539746,0.7177654602274802,0.6921410134315414,0.267669078050847,0.9713731912024888,0.7002997628774663,0.7253954883508242,0.2727266269767769,0.9701013274756615,0.18125678122912797,0.6916675391497034,0.7807395040542666,0.7583720260505712,0.26166179966926517,0.998639954552272,0.7691021192828661,0.81012541241294,0.2717317542587983,0.9988795412268526,0.21016073966802265,0.7624811177110152,0.7856219537156934,0.7679065062561683,0.2649281260912926,0.9994297109783149,0.7746160576074165,0.8133010872410019,0.28486860265981945,0.9993997654896019,0.20664281028102488,0.7681585554491864,False,,,
A188T,missense,False,1.0,2.0,0.0,P/LP,clinvar,0.9354,1,22761713,2.0,0.5,,,0.6943988206218048,0.672972058686561,0.2696657314976916,0.9671738186635453,0.6426464569864856,0.6517287866917987,0.2834638019533786,0.9308336450684289,0.16479500753010623,0.6338207432959977,0.6955530801959824,0.6691139110851411,0.2606572258644144,0.9683956699782249,0.6417230574818242,0.6539017430143008,0.2829403208150675,0.9261710923078654,0.16912379635518732,0.6333002631291945,0.658373009296753,0.6400554504590603,0.22298379564645598,0.9690193391498175,0.6079238349176035,0.6149185786601012,0.22179791925969486,0.9259216251886856,0.18244812680254618,0.6017193902901139,0.73754958262107,0.7254237162929407,0.24668318652172166,0.9990374456526918,0.7034533012106028,0.7003058301197496,0.2614452669754193,0.9990570666618992,0.22804207669095766,0.697929465325122,0.7266927610749959,0.7180788636845489,0.22543720040035312,0.9994414808249777,0.6938078150706211,0.6844518939752855,0.25493811169244773,0.9994209455074491,0.2345206465576468,0.6890512861042467,False,3.98213e-06,,
A208T,missense,False,2.0,2.0,0.0,P/LP,clinvar,0.9782,1,25015100,2.0,1.0,,,0.6943988206218048,0.6693312228312012,0.25978746195514957,0.9657802904256004,0.6858444927803248,0.7045630430535627,0.2729277786464686,0.9661741462288229,0.18114306280686593,0.676537628259115,0.6955530801959824,0.6714571468958418,0.24416737200122268,0.9660875942459326,0.6840917851016953,0.7020960708331075,0.2813821950107461,0.974227002933963,0.18245227342536102,0.6751580106352959,0.6517362014535585,0.6295588616590465,0.21217374423609753,0.9708484486388803,0.6445047320024034,0.6610459059657022,0.20967343020498386,0.9728390701742908,0.20881704721782393,0.638090120326794,0.73754958262107,0.7191881125750872,0.23990721504787316,0.9990841843240353,0.7313516522110385,0.7554458151050178,0.2710066200046717,0.9990241205147186,0.22987463791141605,0.7256137273620223,0.7229072959774224,0.709167421902303,0.21772543277308684,0.9994678277095225,0.7213399853849619,0.7558777717518717,0.21348344865289437,0.9994835277608874,0.24399061582362305,0.7162154142826364,False,6.57168e-06,,
A378fs,frameshift,True,2.0,2.0,0.0,none,none,,1,36342518,2.0,1.0,,,0.6943988206218048,0.6671798442562854,0.25973938277805964,0.9632936087413593,0.679188674581035,0.6961156853726366,0.27977020875066794,0.9665135756672216,0.1802234115310265,0.6700401552098021,0.6451353981003148,0.6239618644994358,0.1624938747296601,0.9669410347088746,0.6338723816638088,0.6507208803275115,0.17488744346960122,0.9675906498161918,0.21917007715645306,0.6276191014656426,0.6360477016059719,0.6178136140122314,0.16676964268015693,0.9703058677592433,0.6253630888612913,0.6477779019028385,0.16063445295594697,0.9753631170577444,0.22493490695222243,0.6196988652514427,0.7319914923937636,0.7129036489330174,0.18708044513502867,0.9992326382078887,0.7223150330759338,0.7635686301924514,0.20278892223861808,0.9992731350527183,0.2433819535705797,0.7172796736183341,0.7240139384669061,0.7111568553363421,0.1790130448544376,0.9994115331161119,0.7178146470430011,0.7620940180618678,0.18801066922625906,0.9993822399368704,0.24984257209356456,0.7131561048045122,False,,,
A379T,missense,False,2.0,2.0,0.0,none,none,0.861,1,36732323,2.0,1.0,,,0.6943988206218048,0.6730257430656121,0.26085731650527666,0.9642290695231827,0.67833745902387,0.6975900157401984,0.274497809463254,0.9683921393269018,0.18398505255144562,0.6690888820976102,0.6955530801959824,0.667636566902774,0.26264128860630953,0.9657716086401881,0.6825856046149568,0.696516132193894,0.2964790051207669,0.9670023415921204,0.17852754702985224,0.6738781703068754,0.6696089790536427,0.6438827340402329,0.23242403962689262,0.969072376565441,0.6567294704635717,0.6707732247088297,0.23387646253722308,0.9701341276011989,0.19685160585771733,0.6495590924207645,0.7807395040542666,0.7610522626751968,0.26844280161343304,0.9988323638590287,0.7662804743498003,0.8037326465443584,0.2860085147972244,0.9987916413505495,0.2099372672380268,0.7595745370223893,0.760922649918378,0.7423599503095852,0.2269023403894682,0.9990734786209852,0.7520678258309564,0.7947951168463581,0.23857049462137878,0.9990295399698585,0.22560553017914717,0.7461951431655945,False,,,
A379V,missense,False,2.0,2.0,0.0,P/LP,clinvar,0.9253,1,25174781,2.0,1.0,,,0.6943988206218048,0.667363904287118,0.2566961988856811,0.968000018664936,0.6812454132138989,0.6983945869292467,0.27842414190785086,0.9677650447658442,0.18473456460944937,0.6722694443297469,0.6955530801959824,0.6777245900565035,0.26758802998054404,0.9640162131337756,0.6791728809770855,0.6927566534072312,0.27184152808236406,0.9663703528962627,0.18057566597974925,0.6703388591576269,0.6599224432718309,0.6365398479646146,0.2190965925247991,0.9666315115725619,0.6453496693525158,0.6578389867725298,0.2143387147474019,0.9724605476433201,0.20504081874521435,0.6385685416965508,0.73754958262107,0.7216557667616887,0.2427761016824617,0.9990086320107187,0.7251965398274475,0.7447471239482879,0.25057219381903184,0.9990332896840398,0.23285667172217228,0.7196184523137582,0.727571117534889,0.7109008277636346,0.22468306832193694,0.9994220590724581,0.7164789917707209,0.7331060864536431,0.23325218349166588,0.999475224777287,0.23926808824334805,0.7114216952347809,False,,,
A449V,missense,False,1.0,2.0,0.0,none,none,0.8601,1,36208030,2.0,0.5,1.0,2.0,0.6943988206218048,0.6678975714326104,0.26723914807075266,0.9674638480512855,0.638469976092538,0.6520455343739854,0.2748467264308273,0.927140279568651,0.16975577666881056,0.6297991726462868,0.6955530801959824,0.6661230537027231,0.25824269692742113,0.9621237833087118,0.6400168557101473,0.6568271968661263,0.2467580989845029,0.923434492809366,0.17312766489378476,0.6315975201865413,0.6697421676907412,0.642743314667669,0.23106978965893965,0.9692485967924045,0.6180557157165775,0.6253093098367569,0.23269711322087488,0.9276739227504085,0.1789062689138079,0.6111167812392866,0.7807395040542666,0.7632466180722893,0.28139179750487814,0.9988582000865444,0.7389813039051981,0.7486846887694962,0.29772158376320895,0.9987205721828034,0.20793222659702398,0.7324970358688344,0.7609960575104557,0.7427207093626833,0.23362987845496655,0.9991386685861865,0.7250140096640991,0.741016842033721,0.250166726537403,0.9990511498948149,0.22327326079415577,0.7193922012228412,False,8.33271e-06,,
A456V,missense,False,1.0,2.0,0.0,P/LP,clinvar,0.5477,1,11916951,2.0,0.5,,,0.6943988206218048,0.6702584789718212,0.26927796921927166,0.9640312058019873,0.644168997151528,0.6567017800690387,0.2827146669856841,0.9337218122360383,0.17011194958273843,0.6354246187993914,0.6955530801959824,0.6734814225162249,0.27070154824997045,0.9664446033775387,0.6437461435038854,0.6576954123438932,0.2688310797940427,0.9347805371348513,0.1736769238818295,0.6354800603362548,0.7105293298607693,0.6861249551485851,0.2851501904544492,0.9678782091495569,0.6518883589487507,0.6701070081121022,0.2693379370090399,0.9462860767393106,0.17361122414197985,0.6441415805688594,0.73754958262107,0.7186998365700206,0.24754576630037753,0.9990656573072388,0.7070837826208805,0.7051402435988596,0.2603778270018788,0.9990075631535101,0.2277558651880788,0.7016071678231027,0.7549682838535644,0.7392204897180685,0.24301364756392999,0.9994117363531726,0.7226294083445625,0.7361348281623643,0.2570390722195363,0.9994402774737756,0.22474104511225845,0.7167559345997502,False,,,
C220Y,missense,False,2.0,2.0,0.0,P/LP,clinvar,0.9972,1,22341299,2.0,1.0,,,0.6943988206218048,0.6682071713422889,0.2601830550202908,0.9637907844697494,0.6836508587520548,0.6974575093135598,0.29505866587338314,0.9666899254469111,0.1789695812332319,0.6744285841400327,0.6955530801959824,0.6710198291325394,0.25165018429653335,0.9615563397963008,0.6786133627808526,0.6915725205014411,0.2805297119344743,0.9653475331219445,0.1789813572568729,0.6697936560481182,0.6487574923480126,0.6290194240283468,0.19904857227958594,0.9685213431141683,0.641280936874367,0.65277644322422,0.2239871214802579,0.976000870967951,0.2068961412800619,0.6350091170716217,0.73754958262107,0.7207371330293642,0.23225859725365802,0.9990152086319867,0.7288516487873167,0.7466179920531353,0.25275463610077264,0.9989748967942791,0.23055736835405705,0.723314799354317,0.7211959918023161,0.705433098975685,0.19356497107394344,0.999510704025117,0.7113638010441353,0.730996821796153,0.20701666688471165,0.9995156468103062,0.24688337464224422,0.706594836932171,False,,,
C253Y,missense,False,1.0,2.0,0.0,none,none,,1,37082200,2.0,0.5,,,0.6943988206218048,0.6715954374275606,0.27185969819124495,0.9658018827052476,0.641962370612658,0.6545934152428559,0.27440098113407385,0.9345114019874727,0.17134106552013514,0.6333722077237103,0.6955530801959824,0.6701461827313709,0.2552755100733998,0.9655503157386532,0.6427762292972585,0.6572468430430078,0.25394465370948954,0.9316490984467327,0.1739521394505238,0.6344711404524664,0.6951886741565027,0.670740858456777,0.18179048810333548,0.9783406522554394,0.647029408204856,0.6679393500736441,0.20941580333234627,0.951947502211122,0.20121751704312296,0.6404343865488613,0.7807395040542666,0.7596323275477963,0.2647581390616541,0.9988763390376122,0.7402479411235773,0.7551997583754296,0.2832897050628133,0.9987764923933229,0.21045527947819714,0.7339370937439461,0.7762285885678475,0.7634757691784524,0.20392062404086628,0.9993796438621491,0.740269809235605,0.788819416177025,0.23381572571621054,0.9992875036264721,0.23076468270534845,0.7346903210584772,False,,,
C382Y,missense,False,2.0,2.0,0.0,P/LP,clinvar,0.9832,1,38970407,2.0,1.0,,,0.6943988206218048,0.6696949299436691,0.24903439877284622,0.9665445845712426,0.6772114764418872,0.6949549179152361,0.26318543117196586,0.9676667300595737,0.18606697796704183,0.6682119820286829,0.6955530801959824,0.6699043420911167,0.2511576038562024,0.9679984370821125,0.6826435001733716,0.6975311481831308,0.2904212159771486,0.968497455387145,0.18170569489051092,0.6737898474593254,0.6509540943886137,0.6261837038865917,0.19292665302140646,0.9714286769972355,0.6384287162746534,0.6506190307766002,0.21996104174420442,0.9713550074101915,0.20468550395683086,0.6320686674784552,0.73754958262107,0.7202683189183617,0.23086281759292984,0.9990089310879297,0.7269169170319322,0.7433726376493421,0.26027269863528363,0.9989977078790991,0.2297202736706441,0.7213104833529059,0.7224587130537067,0.7112985003570818,0.24437766858375176,0.9995175145680351,0.7149305363933399,0.7363753374910793,0.21786077690797306,0.9995077894053757,0.2457181538580077,0.7101344536857754,False,,,
D132N,missense,False,2.0,2.0,0.0,VUS,clinvar,0.1762,1,18382660,2.0,1.0,,,0.6943988206218048,0.6707080576841522,0.2633526066250379,0.9697853937095442,0.6861508212639494,0.7009306794205327,0.289729571170921,0.9701370103719918,0.18157509275674358,0.6770664190582942,0.6955530801959824,0.6749667457801255,0.2728401972135686,0.9693943254022174,0.6902026455445586,0.7061689866597128,0.2909622770616121,0.9701975245245752,0.17874880089687584,0.6811509914762176,0.7421317245904774,0.7196869760609456,0.2211187971011879,0.977192186847546,0.7369770588571042,0.7793258688974645,0.2711874689618365,0.9835905017727303,0.19160755043119077,0.7287536409466174,0.7885846152508621,0.7669806043311798,0.28808745335859265,0.9977793001888231,0.7833988354734276,0.8160972618274505,0.3289711480141039,0.997732248064329,0.19414651033274366,0.7762369794185028,0.8024123837099473,0.7849267468444086,0.24890260775979978,0.9995358009278087,0.7965874894513684,0.8469602535561644,0.279463770470583,0.9995269200053168,0.1956139074777058,0.7895950621917892,False,1.31416e-05,,
D160H,missense,False,2.0,2.0,0.0,VUS,clinvar,0.9119,1,38970407,2.0,1.0,,,0.6943988206218048,0.6693492332774739,0.25376002234686396,0.9623730118123276,0.6768829101701948,0.6970177768026684,0.24404345841170352,0.9709514359136736,0.19072212772428707,0.6680372107595721,0.6955530801959824,0.6746629986342961,0.26230235224101023,0.959682967341979,0.6834533887642323,0.7004392412569593,0.27158425538970704,0.9675380511723773,0.18285944374620658,0.6746600200188836,0.6619672177089404,0.6382282972209711,0.2262620845106793,0.9666536552765066,0.6506004368112164,0.6612644550409996,0.2402358518972613,0.9681684749338351,0.197632884658428,0.6436827699237491,0.7885846152508621,0.7700751787968054,0.29279009141155,0.9976351951689417,0.7765067225310307,0.8101169720343036,0.3130701384976566,0.9977834838466939,0.1983356617875691,0.7695718458470361,0.7652586258678735,0.745037826561831,0.2461204182053014,0.9983795346175727,0.7490652631377024,0.7862677362556088,0.2574660079792627,0.9984642444848235,0.2231687845564826,0.7430858949938519,False,,,
D274E,missense,False,2.0,2.0,0.0,VUS,clinvar,0.9859,1,36178555,2.0,1.0,,,0.6943988206218048,0.6758118049771625,0.2844427494966458,0.9665617296403677,0.6851530348158662,0.7054985205412614,0.26985645410374987,0.9703456528517629,0.18629732350612824,0.6759929073820332,0.6955530801959824,0.6705661129641667,0.26619979647123976,0.9639584068709185,0.6860422279764768,0.7014488586701197,0.2860546403611634,0.9655619988646109,0.1773944755828352,0.6770088676542888,0.6505312206547047,0.6279690573327845,0.20911410148026777,0.9647003765723882,0.6427134383453185,0.6573765847388031,0.2107591199605863,0.972660718804761,0.20681828898784438,0.6363983369941101,0.7885846152508621,0.7684448164164707,0.3001699989217738,0.9976245943549945,0.7775488029708135,0.8121282282342046,0.31288394794894564,0.9977313604414254,0.19972639171512466,0.7706345667206166,0.7584965974286021,0.7446251962738679,0.23681831223777755,0.998478528947452,0.7475280903667564,0.7881823405728849,0.24261558301126915,0.9985688193330957,0.22543081717038682,0.7416673465866802,False,3.99173e-06,,
D278E,missense,False,1.0,2.0,0.0,P/LP,clinvar,0.9744,1,22761713,2.0,0.5,,,0.6943988206218048,0.6705432465059472,0.26001693575402124,0.9649097801517279,0.6419764775003056,0.653633511238352,0.2639643937766437,0.9328652863983592,0.17181751502018444,0.6332666302035275,0.6955530801959824,0.6666872883508861,0.26392551916993023,0.9646697855404289,0.6431365732408325,0.6570373567102705,0.26576674604689743,0.9230764017315597,0.1698499305321444,0.634747689905226,0.6523297210563277,0.6363806888652552,0.2164221622557727,0.9687131723575726,0.6074115624369114,0.6141899051119161,0.23599962132686306,0.9301494094912449,0.18397490719774362,0.6012463199160987,0.73754958262107,0.7181202115292878,0.24848703885734882,0.9989134002198893,0.7049535212346729,0.703305737150774,0.2628416939157292,0.9990028073891252,0.22970454817450117,0.6995050032664547,0.7232473604275418,0.7069722822637426,0.21410620435019762,0.9995129604100685,0.6923127774186869,0.6861580876634,0.24086192353065414,0.999465135043977,0.23821583909121927,0.6875286801348296,False,,,
D363G,missense,False,2.0,2.0,0.0,P/LP,clinvar,0.9158,1,37045781,2.0,1.0,2.0,2.0,0.6943988206218048,0.6731510865183321,0.2796482525798406,0.9691720799352609,0.6859470070234454,0.7026849977369596,0.29563465818914925,0.9710126250864777,0.1802187354164514,0.6766485996032394,0.6955530801959824,0.672548459788554,0.28153620692487025,0.966219356026004,0.6891895706698675,0.705022713729567,0.28452223150412853,0.9704170522357713,0.18023746608872152,0.6802066396486227,0.6613734165603647,0.634247485846183,0.21429779066767957,0.968229829702836,0.6609720961704114,0.6709773144317648,0.2541875236923125,0.9736692008934809,0.19304825220455143,0.6538374762883136,0.73754958262107,0.7177276412649303,0.22287058052874473,0.9990144166961115,0.7367232597303321,0.7600074694478692,0.2720640083309039,0.9990627875322058,0.22406355036879722,0.7307936776879163,0.7283918091839825,0.7122442219133689,0.23421827925382535,0.9993850565236018,0.7275146320235772,0.7530348011880252,0.24590214163322904,0.9993698001243855,0.23431745964196168,0.7222089360350358,False,,,
E157del,inframe_indel,False,2.0,2.0,0.0,none,none,,1,41625734,2.0,1.0,,,0.6943988206218048,0.6718380726645878,0.27513118263196396,0.9646418334638704,0.6806592406051069,0.6955759720290966,0.29484859461486135,0.969985902022624,0.18042622275882345,0.6716063487180876,0.6955530801959824,0.6735308131490553,0.26422401440882126,0.9648735110126178,0.6797292872178757,0.699098416966168,0.26246956351299644,0.9721152841973562,0.18554946096398803,0.6708738427581392,0.6951886741565027,0.6714666958721813,0.18359318160862584,0.9778504825220004,0.6816529773296378,0.7193690502937025,0.19070471756435367,0.9804190197479437,0.21943077912176515,0.6749571838080105,0.7807395040542666,0.7678156116601599,0.27518755206991957,0.9988516206934256,0.7686297683269449,0.8099910598332938,0.28469225133507053,0.9987813294507208,0.2099613608798891,0.7619432950561532,0.7762285885678475,0.7558455758061202,0.20298874199044026,0.9993558252300968,0.765456479712717,0.8309133168808841,0.21186883267556156,0.9993755846289082,0.23226748793379975,0.7599508251207939,False,,,
E17del,inframe_indel,False,2.0,2.0,0.0,none,none,,1,36178555,2.0,1.0,,,0.6943988206218048,0.6699367474435308,0.280490933892903,0.9656328177907849,0.678651124489561,0.6918333368682803,0.2528928687824656,0.9675819683848006,0.18709400075521734,0.6696739458741242,0.6955530801959824,0.6684242544294947,0.25408115664363495,0.9641929477010618,0.6805008187348478,0.6957896646730058,0.2606043491718517,0.9696147321461764,0.18445394767993667,0.6717549161282992,0.6951886741565027,0.6735129994751174,0.1807587712796813,0.9804197737820396,0.6829563075556547,0.7234417339189676,0.17350313425925018,0.979777218553456,0.21961443476887493,0.6762546512922194,0.7807395040542666,0.7626824132813976,0.2677579408993204,0.9987978213713603,0.7691703687887163,0.8126969320600275,0.27855591694630805,0.9987079577620352,0.21103890862981367,0.7626751143533927,0.7762285885678475,0.7598102780239215,0.19679279977038192,0.9993543112584616,0.7641558805586782,0.8327953728507386,0.2164679079242326,0.999341397655748,0.23146341160385112,0.7585378529261779,False,,,
E265K,missense,False,2.0,2.0,0.0,P/LP,clinvar,0.7229,1,18382660,2.0,1.0,,,0.6943988206218048,0.6766454451137304,0.27559590340743884,0.9687543108834784,0.6764872950459049,0.6943508447869116,0.2838266240279209,0.9694871547800742,0.18297232980118233,0.6676122755077277,0.6955530801959824,0.6681539683407293,0.2628773514554484,0.9636992200140861,0.6810782275072822,0.6992035293551905,0.2810723901928357,0.9688988801090064,0.18316496702052287,0.6719720447459064,0.6891041752617837,0.6634216854270926,0.251804642656897,0.9704865379741376,0.6745600017680997,0.6878237086896326,0.26475806242908645,0.9704109661116486,0.1892993970352415,0.6666886463726617,0.73754958262107,0.7235536354517923,0.25562867941676304,0.999013706961153,0.7277573575760542,0.7504006142593962,0.2554239571458871,0.9990774581048778,0.23135809860640305,0.7221938931229934,0.7437157647924593,0.7309981118641565,0.2541616834123632,0.9993859230670128,0.7341500054516514,0.7555796826393973,0.2602493665694763,0.9994549945333053,0.22833587452542234,0.7283625145166533,False,,,
E440X,nonsense,True,2.0,2.0,0.0,P/LP,clinvar,,1,23890519,2.0,1.0,,,0.6943988206218048,0.6745767133044924,0.2646202568900913,0.9667098455027403,0.6801047841742711,0.6921146453203011,0.2917070820565805,0.9675635464223905,0.18084096405070427,0.6710637813456817,0.6451353981003148,0.626743084656274,0.1664954007017486,0.9709832625570164,0.6367853006312786,0.6601021038596907,0.1742952796569169,0.976309223527206,0.21918343469420254,0.630583858932042,0.6360477016059719,0.6163766264492149,0.15032316484491526,0.9712727278352441,0.6256635828879342,0.6477770315163096,0.16079795492762988,0.9742336279214997,0.22343416540185493,0.6200207030742512,0.6832538115697031,0.6771341537408334,0.12220751759815902,0.999350459129862,0.6806656133180113,0.7275477196681152,0.11746352566252191,0.9993420007946019,0.2819441187601744,0.6772316693996248,0.6906848844771524,0.6792195076599701,0.12652091671765264,0.9995654644559022,0.6851493257695545,0.7313422259384189,0.12182295137805205,0.9995772848950676,0.27988806209892964,0.6817145181194967,False,,,
E67V,missense,False,2.0,2.0,0.0,none,none,0.2879,1,37725835,2.0,1.0,,,0.6943988206218048,0.6707589543002331,0.25077459959244364,0.9639090843249368,0.681812006391675,0.6929237670395971,0.27669391400173166,0.9709449698178154,0.18169220353429974,0.6727543891122918,0.6955530801959824,0.6706916781249646,0.2455344570027346,0.9657908094444723,0.6783161403958424,0.6950416821797717,0.2758036380642892,0.9698986896547357,0.18630213672353427,0.669769845983347,0.7345320496378744,0.7127510268381781,0.24504069709497808,0.9757686652555116,0.7174945158994216,0.7496077189253003,0.26197086096860567,0.9804477308911238,0.1894889075788975,0.7090757927580905,0.7807395040542666,0.7607064507497716,0.25316590111853604,0.9987004753402208,0.7698514604929225,0.8055299341325861,0.2752762339154247,0.9988813119219042,0.207853056480536,0.7632542174611733,0.7922874310376798,0.7740203397468838,0.2406136940379306,0.9996187639983984,0.7760170041193448,0.8313592705971695,0.2295278623073091,0.9995715789666,0.21606222211796866,0.7695627851140606,False,,,
F438del,inframe_indel,False,2.0,2.0,0.0,none,none,,1,36178555,2.0,1.0,,,0.6943988206218048,0.672253810317628,0.25837311118505313,0.9641853407137717,0.6818525455499287,0.7042273297565024,0.27534320216273617,0.9691552984152686,0.18412861844097536,0.6727183005142365,0.6955530801959824,0.6686895040576903,0.26312710538065237,0.9673607465444629,0.6804616521581658,0.6991792534180348,0.26925843910065683,0.968559513267954,0.1834961183766979,0.6716154559470178,0.6951886741565027,0.6762005799382186,0.1870685907790027,0.9810509634003977,0.6840413100522779,0.7217914289415778,0.19472239382022027,0.9818565763160579,0.2160795125595805,0.6771795423393875,0.7807395040542666,0.76084202518793,0.2593607376681162,0.9988566157375034,0.7666530502906862,0.8084525741963707,0.2750902432945047,0.9987989816004893,0.21147164057683077,0.7601779929567168,0.7762285885678475,0.7627412987325933,0.20758485980779023,0.9993385399826619,0.7631225046720802,0.8316171299572889,0.21081270964566612,0.9994513791099611,0.23337947065605777,0.7575943971510394,False,,,
G193E,missense,False,2.0,2.0,0.0,none,none,0.5666,1,23926378,2.0,1.0,,,0.6943988206218048,0.6692254573989818,0.2760671830794308,0.9646644802150589,0.67788040865417,0.6976932217278462,0.285334004191782,0.9705340753424813,0.18482604112332912,0.6688924572740306,0.6955530801959824,0.665965551691414,0.2516375975302508,0.964566640728852,0.6809477741034178,0.6941590992984936,0.293872584480248,0.9667658111592643,0.18012312466885727,0.6721264393155985,0.7084170839020051,0.68160232505412,0.2529599750220598,0.9689889408767762,0.689133463631103,0.7107000163294663,0.2753153996537031,0.9715480734505627,0.18439790671683992,0.6808343901117017,0.7807395040542666,0.7632160495390851,0.27036395428447174,0.9988394407204633,0.7699155944015388,0.808323654381446,0.28405725855355435,0.9987848817440313,0.20973569582195167,0.7634204913395415,0.7812323178086134,0.7637660483897921,0.2607068530385087,0.9991997407417167,0.7732809956836285,0.8113021902944055,0.27952759025304347,0.999309916550012,0.20812105028847194,0.766664905947093,False,,,
G258C,missense,False,2.0,2.0,0.0,VUS,clinvar,0.9869,1,33477506,2.0,1.0,,,0.6943988206218048,0.6678133694112395,0.26497481780054793,0.9671487058394433,0.6819405660436962,0.6978868844373183,0.28560000350445786,0.9655999076546444,0.181353029467106,0.6726546107116035,0.6955530801959824,0.6699057277476524,0.2539902645505856,0.9620396255704634,0.6796563284333896,0.6983239698893873,0.2706644224405233,0.9688876112699965,0.18282402827304142,0.6709048939359105,0.6503745070307998,0.6265914052631808,0.20600780988095224,0.9693738350500474,0.639243768650077,0.6473953092922973,0.22055306718393256,0.9689118040995435,0.20500141521543985,0.6327680927367125,0.7885846152508621,0.7681508970220601,0.2937683735238745,0.9978794816813762,0.7713028011603483,0.8025550855961067,0.2826967401987177,0.9978818743266491,0.2059475986517342,0.7643824077415226,0.7584025514117444,0.7427121731736278,0.24105031692628695,0.9986373570328557,0.7452895395066128,0.7831174506226982,0.24316899882399684,0.9985620747260292,0.22552028788746362,0.7395543753542381,False,,,
G258R,missense,False,2.0,2.0,0.0,none,none,0.9966,1,22493702,2.0,1.0,,,0.6943988206218048,0.6714275144100775,0.2755699787164458,0.9605662642505326,0.6773645888485109,0.6946592235037305,0.26488676930744787,0.9734140007408428,0.18702112235442694,0.6685581302795975,0.6955530801959824,0.6695736867097525,0.2619640500029768,0.9671900446522338,0.6810920866579934,0.6995035252133873,0.2624286944732313,0.9677317251069549,0.18789822399546993,0.6724189396655345,0.6488518274023846,0.6294467543804838,0.20788985798967302,0.9665367240976943,0.6365722628592907,0.651480376492129,0.21900249108948458,0.9681150784961454,0.20560064289440497,0.630058513802935,0.7807395040542666,0.7630027316581064,0.26580986920427796,0.9987989490646869,0.7676997329904809,0.8030896329316702,0.2841502925966134,0.9987415454131672,0.20782741391909543,0.761056283583204,0.7492280300188751,0.7350308639683033,0.21164091558752857,0.9991863405248385,0.7420898495900974,0.7876133558589795,0.2209773302170019,0.9991861536468506,0.23643394637424733,0.7366664686493701,False,,,
G448D,missense,False,2.0,2.0,0.0,none,none,0.9969,1,30534894,2.0,1.0,,,0.6943988206218048,0.6745165161379946,0.27618057864726747,0.9691505551938252,0.6821883461100753,0.6957154169431867,0.276300308754936,0.9682293796490539,0.18218054222212865,0.6731140394572933,0.6955530801959824,0.6701684464361045,0.2689262878670556,0.9655725056443906,0.6768435821573021,0.6936658890052159,0.25014513009750483,0.9699446537867874,0.18658397793683437,0.6680880863925944,0.6488046619941789,0.6266622298864883,0.2066750705887193,0.9681044506881268,0.6323109013489419,0.6427298633594623,0.21737462924260834,0.973151196744797,0.2082020092766726,0.6261982772538064,0.7807395040542666,0.7613394406663553,0.2554691329041933,0.9987799330901522,0.7704173953130214,0.8113063151057727,0.2825691900719621,0.9987626829230635,0.2084791770397037,0.7637725748898705,0.7492008686575898,0.7318252441477531,0.18916110525220287,0.9991436863698016,0.7390927606993423,0.7849419373436803,0.20390431629204644,0.9991798771014208,0.23828817794029294,0.7337351757490803,False,,,
G44S,missense,False,2.0,2.0,0.0,P/LP,clinvar,0.9729,1,36584766,2.0,1.0,,,0.6943988206218048,0.6663028675009556,0.2535040699060154,0.9645805550769591,0.6773965255492947,0.6918095778937011,0.2562001658978497,0.9699028989351253,0.18677244496688247,0.6682986817983042,0.6955530801959824,0.6675659604614023,0.25060125222947194,0.9633698328574732,0.6783055756138752,0.6945137945362467,0.26427048971149336,0.969237855766848,0.1836311298555621,0.6696749398809227,0.6525637912754708,0.6321974973747793,0.2239975793235588,0.9667675134242979,0.6402898252555599,0.6551226178611218,0.21132357765454815,0.9688385553841058,0.20625145641382964,0.6335775313869106,0.73754958262107,0.7194071204386615,0.24152057859971177,0.998979138140772,0.7291827577985578,0.7500577289980284,0.26352739952838344,0.9990048623405968,0.22814511426926107,0.7235639931673827,0.7233813903677454,0.7065959676693855,0.2086560043206599,0.9994996714920569,0.7150973469592297,0.7373971360135129,0.2245875234848034,0.9994614258708889,0.24280217642455157,0.7102613800823961,False,,,
G73E,missense,False,1.0,2.0,0.0,none,none,,1,29264522,2.0,0.5,,,0.6943988206218048,0.6706458278792555,0.2808002066768893,0.9654543884426089,0.6444065655853431,0.6583976729560262,0.2790666831424277,0.929803173533018,0.17003473687175966,0.6355099574592034,0.6955530801959824,0.6718804109909765,0.25873170860389416,0.9666000340892423,0.6431941277295946,0.6543905905854089,0.2883683811459788,0.9261234002786854,0.16614012439084125,0.6347542544663355,0.6951886741565027,0.6723714917804827,0.18350031494322502,0.9792470160351666,0.6489709496816656,0.6727430122594729,0.21781851532530788,0.9570390775688664,0.20021535023684278,0.6424126300395543,0.7807395040542666,0.7619076195044268,0.24841734679898728,0.9988031064829986,0.7416703884872612,0.7638284645405452,0.28649040260299596,0.9986517121332162,0.21063823410574423,0.7351843008705291,0.7762285885678475,0.7610778232858035,0.20707545785663928,0.999310810598268,0.7419994747848196,0.7838909237285503,0.23007564783933662,0.9993410642441674,0.2282229768902325,0.7364283846368651,False,,,
G81D,missense,False,2.0,2.0,0.0,P/LP,clinvar,0.9958,1,25174781,2.0,1.0,,,0.6943988206218048,0.6716831452499978,0.26249554165260136,0.9642365712493857,0.6827039886906324,0.6988314056408564,0.2993935798278468,0.9655310105142941,0.17927758068680527,0.6733695773145584,0.6955530801959824,0.6743079010932153,0.25806168232099475,0.9643765979773247,0.6796481620393323,0.6978001396376483,0.2708199134682602,0.9658073531466406,0.18214998690148476,0.6707994542355342,0.6489775810418943,0.6271933903711366,0.20672479229556098,0.9718066699153196,0.6350042718780543,0.6464383963201322,0.2094726051538785,0.97378837141271,0.2058587510894194,0.6287217041762864,0.73754958262107,0.7207390074824024,0.2331593387748236,0.9990548976679754,0.730577714337968,0.7534202767051483,0.24929585057726733,0.9989735952562159,0.22993632483562723,0.7247568740448522,0.7213227003771796,0.7074129100776404,0.207584170772716,0.9994860443939559,0.7124708156474582,0.7248619099231495,0.2333055727908045,0.9994802511461552,0.24153944012197176,0.7076535384956533,False,,,
H317Q,missense,False,2.0,2.0,0.0,Conflicting,clinvar,0.1142,1,31063852,2.0,1.0,,,0.6943988206218048,0.671720818018947,0.25613324158561174,0.9707692611416083,0.6882542670524915,0.7042852108753298,0.27450696676288305,0.9712582870975024,0.18438442858357246,0.6791346376160994,0.6955530801959824,0.676368876908814,0.2607966703151775,0.9636918548277659,0.6882692886222894,0.7030713404202991,0.2862931764437693,0.9735180557632079,0.1809296230223036,0.6794804623386502,0.7457277060502784,0.7204486982193062,0.24927799509823503,0.9807216091558414,0.7388284239923995,0.784150536226766,0.25244253276691253,0.9819958404463496,0.1958017126205334,0.7307757642035991,0.7885846152508621,0.7671563408952726,0.2996745680435646,0.9976608391723828,0.7798274786325814,0.812877478513132,0.3096893538504273,0.9975452283673558,0.1970714316500951,0.7725688043877571,0.8025756119380214,0.779910657064071,0.224361931746769,0.99963185218562,0.7927425060624393,0.8509166678105791,0.2757964674487927,0.9995791713065535,0.2016014057179229,0.7859121046805403,False,6.56944e-06,,
H50D,missense,False,2.0,2.0,0.0,none,none,0.8797,1,25015100,2.0,1.0,,,0.6943988206218048,0.6710982616574067,0.26772028493964856,0.9635806374220909,0.6786699876073126,0.6964121974292644,0.27363588957573115,0.9670833975261164,0.18333190308402447,0.6695526450163173,0.6955530801959824,0.6651633118945296,0.24592142560984417,0.9616124567087068,0.6825987338533154,0.6977091733879572,0.28517598990768656,0.9664518293538217,0.18072585021383072,0.6737554358198061,0.6668258775858165,0.6495802747088474,0.23522268242589675,0.9699337953615799,0.6515824589852022,0.6639406572717443,0.2444876038502873,0.9671520791418032,0.1955860644814743,0.6445495124700604,0.7807395040542666,0.7614859775071875,0.2625143433323666,0.9987434749568117,0.7676128017370962,0.8083429910396822,0.27918525908559355,0.9987162369384273,0.20917646042724639,0.7609509558957178,0.7593839665846135,0.7398656889450738,0.2101607455961138,0.9990813105403473,0.7491367137389787,0.786268342096935,0.23544938818178315,0.999091544385374,0.2270557361312172,0.7432927652648823,False,,,
I159N,missense,False,2.0,2.0,0.0,P/LP,clinvar,0.9663,1,33450726,2.0,1.0,,,0.6943988206218048,0.667568042082886,0.2527248189731171,0.9660068306355071,0.6803036800425493,0.6950041811455475,0.2707575369689675,0.9686695692577854,0.18557811846227548,0.6713065451592135,0.6955530801959824,0.6723413942820818,0.26622486296798453,0.9699256832173895,0.6813650313705356,0.6968869307348013,0.29113329994288134,0.9636173747985212,0.1779806935405831,0.6724753459282972,0.6535922296810982,0.6341152101431431,0.21046273599861234,0.9678329012844135,0.6414629918396286,0.6529076109921081,0.2155378568898298,0.9703996343636304,0.20698376620838158,0.6351270122681695,0.73754958262107,0.7226734628936784,0.25559268287290476,0.9989820592384436,0.7250067116862694,0.7515348395656765,0.24107785906872292,0.9990278010613955,0.23301848306987263,0.719415928562091,0.7239697217595157,0.7094911962374174,0.22188374446128378,0.9994128882030707,0.71370290137051,0.7332502720495463,0.21163221388577455,0.9994758439270645,0.2444968816561554,0.7090190819662168,False,,,
I160M,missense,False,2.0,2.0,0.0,none,none,,1,36178555,2.0,1.0,,,0.6943988206218048,0.6681004946290788,0.25782006692350684,0.966724222875747,0.6784604905724366,0.6937488038140612,0.2800136061109583,0.9662898434717944,0.18076390235331968,0.6694162611785722,0.6955530801959824,0.6692057711221543,0.262258803144631,0.9650630637410988,0.6824267211056967,0.7021687101000433,0.26489174899354406,0.9658892986153572,0.18415288866156693,0.6735191388852977,0.6951886741565027,0.6782705188447402,0.18114765479131154,0.9802781182547666,0.6831217117007613,0.7204664065871362,0.18501378388449194,0.9826501086690336,0.21843332242133798,0.6764916843709317,0.7807395040542666,0.7594520625450886,0.27044669805049826,0.9987370132967934,0.7681050797325881,0.8076582741439751,0.2753492373331664,0.998805804352657,0.20976861046984657,0.7616428344108154,0.7762285885678475,0.7601440388944982,0.19391206721393214,0.999411018433402,0.7679042790401558,0.8388400661701276,0.221181335409428,0.9993462419512529,0.2310013412788987,0.7623695638415601,False,,,
I211F,missense,False,2.0,2.0,0.0,none,none,0.7857,1,38033998,2.0,1.0,,,0.6943988206218048,0.6715357581014427,0.27982235589076293,0.9638809816396704,0.6805593094013836,0.6952767621969326,0.2752391116325287,0.9684116744474686,0.1830961799950339,0.6715257882578898,0.6955530801959824,0.670664433180352,0.25646238930933646,0.9647391269704241,0.679924003185498,0.698421933061967,0.2459192741589638,0.9672016618369008,0.18689040285914474,0.6711903065458616,0.6804883336082046,0.6606866199245384,0.25942780841797486,0.9691152048226453,0.6594568810702804,0.6757853709930259,0.23614832701401278,0.9703804308958098,0.19562866035222273,0.6520694799134474,0.7807395040542666,0.7602685904094693,0.27583934731198956,0.9987385815856044,0.7701427038120462,0.8071080489820033,0.27855696378544,0.9988432061100896,0.20810931747995373,0.7634432057022021,0.7668480617722031,0.7460910157022191,0.23938525255760335,0.999090992089173,0.7538765731338255,0.794302981630219,0.2286066749600703,0.9991199701704189,0.22384431513255143,0.7478884772393709,False,,,
I348F,missense,False,2.0,2.0,0.0,P/LP,clinvar,0.7653,1,28095440,2.0,1.0,,,0.6943988206218048,0.6685808010961239,0.2588329725738663,0.9613053962437768,0.6821782393081013,0.7019054442474001,0.2723360495433427,0.97221796390841,0.18497690298453595,0.673104181856007,0.6955530801959824,0.6687871242249216,0.2518195188112918,0.963345872883542,0.6881495636281914,0.7083393289612583,0.27409742082429583,0.9720256167006623,0.18353016887147627,0.6792412805598317,0.683335916500407,0.6558068853137381,0.2303339320930237,0.9680128518051292,0.6749920550275597,0.6889900729331839,0.2649516182180922,0.9702034198960493,0.18795779876469368,0.6671579377997963,0.73754958262107,0.718350934098837,0.23408282617667484,0.9990024250410346,0.7332524646657699,0.7497891219210082,0.25716774376619805,0.9990161802490657,0.22727876675707925,0.727463512084509,0.7405885464625331,0.7252883638973552,0.2573450248188015,0.9993531345457609,0.7389934601414613,0.759985976583056,0.26335672500838314,0.9994298125697463,0.22560649194955232,0.7330673949763898,False,6.57047e-06,,
L146P,missense,False,2.0,2.0,0.0,P/LP,clinvar,0.9975,1,32971462,2.0,1.0,,,0.6943988206218048,0.6725019498020907,0.26124698754914755,0.96435609960054,0.6816879641435964,0.6935666335102393,0.30041492337381526,0.966727042588881,0.17919296811685553,0.672561179303226,0.6955530801959824,0.6679212982230529,0.24735549367991586,0.9659751293935518,0.6799028152195067,0.6947321829861233,0.27546263656345754,0.9652814487670831,0.1819148934197701,0.6711655018460251,0.6487103184722294,0.6283457198428991,0.20571386196851238,0.9638372473208828,0.6385363361715125,0.6484816875545041,0.21304368138267016,0.9719876028178026,0.20683962240635495,0.6321543797607021,0.73754958262107,0.7196184538398881,0.24594358069434383,0.9990292218489464,0.7288661501691177,0.7489386051189,0.24166825283986526,0.9990845686958038,0.23025489878555697,0.7230658673070623,0.7211688275129852,0.701208168228079,0.21730567037219087,0.9995012687415622,0.7132223818878304,0.7334807084222343,0.2313336616468599,0.9995055007647986,0.24353199547619908,0.7082701894599188,False,,,
L185P,missense,False,2.0,2.0,0.0,P/LP,clinvar,0.9982,1,37812285,2.0,1.0,,,0.6943988206218048,0.6715069705280342,0.27228109793459326,0.965845309174658,0.6769093339443024,0.6958314907946079,0.27159728362433977,0.9692542786274646,0.1862548785848033,0.6678761645201782,0.6955530801959824,0.6687743753282936,0.26109166516786136,0.9679662455795808,0.6814152085901961,0.7001980831221382,0.27705516897233945,0.9632823707070453,0.18008972576304988,0.6724255714634403,0.6486002296937572,0.6286499168244486,0.22072465229131608,0.9696349636415621,0.6324605852765537,0.6393728424684697,0.2212076323005085,0.9719741988333044,0.20431331089715368,0.6262777915043007,0.73754958262107,0.7189413748448791,0.23999215717493724,0.9990920379456988,0.7266222484929105,0.7502047136929217,0.23298784405528997,0.9990772037972385,0.23346116277569343,0.7210784430891501,0.7211054271185772,0.7034527853908716,0.207113527920988,0.9995193568032091,0.7103904475859446,0.7312645984308905,0.21184167865684964,0.9995075251325556,0.24567409060652165,0.7054965708062372,False,,,
L315F,missense,False,2.0,2.0,0.0,VUS,clinvar,0.8794,1,37838154,2.0,1.0,,,0.6943988206218048,0.6704566129772574,0.2447297132360604,0.965766524388741,0.679516087394163,0.6948046367635492,0.27431485452239784,0.9684223047567252,0.182396079845489,0.6703944550496557,0.6955530801959824,0.6720665702710404,0.24873315800424767,0.964828260670832,0.679799563556588,0.6929071470900071,0.2687873500459277,0.9653735486180997,0.18326061038333355,0.6710860686804921,0.6668707583211625,0.6415403959131034,0.22059360716535262,0.9662420530914317,0.6488070629902698,0.6596696807558868,0.22957161727680966,0.9739610579426078,0.19982162378416546,0.6420399213110469,0.7885846152508621,0.7719142313743772,0.2981194107414176,0.9978679463116678,0.7753616436747724,0.8096928112969649,0.3066699553908012,0.9976858498004461,0.20010515013676036,0.7682968426032162,0.7680974419162475,0.749757475048048,0.24801018311144857,0.9984646055683741,0.7547144259841592,0.7865768128826518,0.2647147219291068,0.9981780382189345,0.2165184584130987,0.7485374569711607,False,,,
L430_P431del,inframe_indel,False,2.0,2.0,0.0,none,none,,1,33450726,2.0,1.0,,,0.6943988206218048,0.6711454928683381,0.26373086675186735,0.9649628127099951,0.6796600355760904,0.697706890769114,0.28093096440368837,0.9684286501118347,0.18301897802349526,0.6706900263157778,0.6955530801959824,0.6685602187088125,0.2597374130622302,0.9669644778867137,0.6807870553721531,0.6954102269915816,0.26913861249109494,0.9699909803970223,0.18316089135889496,0.6719880599685237,0.6951886741565027,0.6752480211764904,0.1864188279333606,0.9812249902723925,0.6814271767709889,0.7163583655224408,0.19105944539025163,0.9820681830390415,0.2183757456059754,0.6747677692146504,0.7807395040542666,0.7648927067024208,0.27420808276392633,0.9987759133356651,0.7667490862314276,0.8016922936257418,0.2811140841835703,0.9988363041821527,0.2100445801490636,0.76026152107907,0.7762285885678475,0.7627911669094082,0.2129654456337114,0.9993295090911749,0.7640050194808248,0.8321483505900242,0.194063236751797,0.9992868412913267,0.23380945287792698,0.7584651741775961,False,,,
M210K,missense,False,2.0,2.0,0.0,P/LP,clinvar,0.9915,1,33324081,2.0,1.0,,,0.6943988206218048,0.6734763508404216,0.2588679764476133,0.96560511129529,0.6843713979575077,0.6960492184471303,0.27084621997140856,0.9700807748943779,0.18384936894161183,0.675067913329544,0.6955530801959824,0.6720414016299601,0.2575610890362583,0.9656701848361867,0.679767870710778,0.6970853969849604,0.2584307119911276,0.9682414054256238,0.18677665996930365,0.6710259311451782,0.649652982849755,0.6291341420175676,0.20419815660960258,0.966097386712238,0.6364471811079452,0.6511656249650833,0.21361366425452152,0.9710169426310613,0.20658757270830824,0.6299772146483645,0.73754958262107,0.7211762992546377,0.24446299351147738,0.99908996830449,0.726470544575126,0.7492262667502176,0.24599921333448013,0.9988980664264206,0.23182409447651686,0.7207697860025051,0.7217112749439184,0.7107905224476815,0.23338102176314904,0.9994716618233629,0.7145934366528348,0.7428675915348502,0.21249334460957214,0.9994398906944705,0.24826641932626228,0.7098348660257892,False,,,
M224K,missense,False,2.0,2.0,0.0,none,none,0.9905,1,36178555,2.0,1.0,,,0.6943988206218048,0.6705524546597122,0.27165875022493624,0.9665454836427955,0.6805607252450557,0.6928821575645003,0.2851244737017252,0.9712695872425984,0.183522011861873,0.6716240943771877,0.6955530801959824,0.6673147066618842,0.2502040008150519,0.966498782320656,0.6796642104937359,0.6957826225136834,0.2577992353630353,0.9730442466599083,0.18521178017579715,0.6708992390479194,0.6498099247325553,0.6259433846764466,0.19765904153018468,0.9698839650537705,0.6387792251462515,0.6491263075923999,0.21418537549122782,0.9739750287286583,0.20501994359584866,0.6324852492493708,0.7807395040542666,0.7619126275889473,0.2606019662986098,0.998800111206399,0.7673989520260246,0.8090419601779065,0.2660337314043316,0.9986363024643905,0.2114433205000999,0.7609394453724492,0.7497791711686658,0.7355986224788797,0.20831164275136008,0.999197737040597,0.7448175828482315,0.7897151532532131,0.22492962406178038,0.9991173661097312,0.2326529231220078,0.7392007239308392,False,,,
M251L,missense,False,1.0,2.0,0.0,none,none,0.7985,1,41146706,2.0,0.5,,,0.6943988206218048,0.6743596044617461,0.23661729329442513,0.9675149965602664,0.6456763931782206,0.6582290982509476,0.2755905228180153,0.9347301123031125,0.17288459028801492,0.636932836690821,0.6955530801959824,0.667747618995904,0.23309271122034783,0.9644024632059965,0.6443141522632686,0.6578258643799715,0.2775200043731698,0.9288155168715166,0.16789133098069292,0.635807135668206,0.678678813006116,0.6563074510612378,0.24260281217672117,0.9700295226827098,0.6284483626922093,0.635600600959087,0.2489094034816769,0.9394480791505961,0.17602162828321022,0.6211086748049319,0.7807395040542666,0.7655382811140925,0.2720245691976018,0.9988563848602449,0.7382452296178432,0.7567062908600455,0.2553231521418117,0.998809003088893,0.2171807547402488,0.7320734167864864,0.7658727374717571,0.750275476072835,0.22735988175381402,0.9991839675090387,0.7281226816344928,0.7468965770301487,0.2649777098553056,0.9990599888944743,0.22304894203181833,0.7223283015082043,False,,,
M381R,missense,False,2.0,2.0,0.0,P/LP,clinvar,0.9599,1,38524932,2.0,1.0,,,0.6943988206218048,0.6670676037684209,0.26422421937338286,0.9686199676627044,0.6797237890717236,0.6973360328810504,0.27433204970825126,0.9704121483734858,0.1831825199093156,0.670757210433459,0.6955530801959824,0.6721599271475563,0.25729073338995356,0.9684659388573958,0.6789432421967396,0.6964378516397232,0.263434757619409,0.9686851129265206,0.18416524343536259,0.6702231285291024,0.6545871528850326,0.6281157481302269,0.20871604997255425,0.9687133119878558,0.6425969940534918,0.6487474941276334,0.2350846958059576,0.9739496297432254,0.20081020229597007,0.6359380589338123,0.73754958262107,0.720530110670242,0.23233930995582888,0.9990793067643959,0.7273313010550129,0.7506106595640984,0.24616660364409815,0.9989950771201758,0.23312973937364037,0.7215153498292614,0.724538017165858,0.7062448866186701,0.20296688579089592,0.9994595594909806,0.7165520272735131,0.733523205752488,0.24383258035505126,0.9995495822986249,0.23960509622319784,0.7116477698486099,False,,,
R191Q,missense,False,2.0,2.0,0.0,P/LP,clinvar,0.5434,1,34373539,2.0,1.0,,,0.6943988206218048,0.6658525202266099,0.2582625143275382,0.9630364098941041,0.6809806740677959,0.698430617113206,0.26897552203157254,0.9670850070942613,0.18382007601959227,0.6718153738323176,0.6955530801959824,0.6728762944242741,0.2532032733860268,0.9674777662169654,0.6790928283895598,0.6928227470494492,0.27186835837596784,0.963789791347539,0.18359025803696682,0.6703182145522526,0.7110029365859287,0.6851391640924561,0.2621397414070817,0.9705214742944553,0.6936563678829791,0.7152328317408985,0.2691114400579036,0.9691133071771731,0.1832830991119327,0.6853473858772214,0.73754958262107,0.7199837491760785,0.23679402483107853,0.9989618315123757,0.7255814532187439,0.7523277483157473,0.24618074009583557,0.9989344631583618,0.23391683455989157,0.7200047195776689,0.7552088790492956,0.7418248255584223,0.24944609708456947,0.9995101827518172,0.7390153725052158,0.7657582400795442,0.22841128058139082,0.9994185646407324,0.22983847021097042,0.7333430017279491,False,,,
R377S,missense,False,2.0,2.0,0.0,P/LP,clinvar,0.9972,1,34746319,2.0,1.0,,,0.6943988206218048,0.672386611823607,0.27455024455460136,0.966936063584202,0.67833681170738,0.6935671521815132,0.2790914539930208,0.9693155466604708,0.1818891971085859,0.66917604477432,0.6955530801959824,0.6708208002433123,0.279129979269243,0.9665293736743381,0.6808826250152935,0.6970264445082821,0.2647826380177853,0.9709314511059489,0.1824040352648315,0.6719435124930941,0.6487574923480126,0.6290020889955901,0.21731026601723227,0.9691255731832185,0.6381808535543362,0.6541686696895705,0.22535826834943395,0.9644177638251686,0.2059158469295455,0.631539698041372,0.73754958262107,0.7215987685489332,0.24352650766010103,0.9989939325947501,0.7301244917589166,0.7490364002561989,0.26016325555726105,0.9990143442235936,0.2298319193503483,0.7245128094065058,0.7211959918023161,0.7083220871380682,0.20330969072721813,0.9995142577809016,0.711807568404938,0.728805562529079,0.22175045066113053,0.9995169264159989,0.24411107692594572,0.7070042174156733,False,,,
R447Q,missense,False,2.0,2.0,0.0,P/LP,clinvar,0.5289,1,35737141,2.0,1.0,,,0.6943988206218048,0.6697458674241871,0.24463921726645976,0.9678534045280458,0.6798751319702537,0.6919101143964725,0.2806984159823898,0.9707188455449478,0.18397727986969717,0.6709629022879146,0.6955530801959824,0.672233850316758,0.24913878021469935,0.9692513615150438,0.6806486289984248,0.6941339607126782,0.2782933703562216,0.965436048839165,0.18295100107208412,0.6718607250151354,0.7125809054709495,0.6876455477753736,0.2742216474509368,0.971187670760029,0.6965869441558193,0.7190634245794604,0.27888115363776594,0.9784760105960602,0.1875575269509313,0.6883356566076535,0.73754958262107,0.7205789179445964,0.23574777919936635,0.9990163482904905,0.7306590279060433,0.7500649881809698,0.2584595736072013,0.9990939598543602,0.2293798986423072,0.7248930361732381,0.7560072667876131,0.7383284827378944,0.22023030643278174,0.9995430487123841,0.7467659080687279,0.7806876121426978,0.24816354496299411,0.9995046451920467,0.22461050507406977,0.740736283078943,False,0.0,,
S336X,nonsense,True,2.0,2.0,0.0,P/LP,clinvar,,1,40554443,2.0,1.0,,,0.6943988206218048,0.6721149863534555,0.25771046864620045,0.9671465220571199,0.6808985741423403,0.7011753755354289,0.2720317823402417,0.9718018838301223,0.18102586839527876,0.6717617514095976,0.6451353981003148,0.630917779754005,0.16658977022609417,0.9677207912022359,0.6358306459979387,0.6604023770143017,0.16802566419319562,0.9740369076778816,0.22121623796772155,0.6297577614535187,0.6360477016059719,0.6185639443866121,0.15986832121655803,0.973993513906253,0.6279050809404954,0.6511401938436463,0.16933326951215083,0.9753602644481952,0.22608748856814267,0.6222938992638472,0.6832538115697031,0.6703014192289483,0.11364643748162813,0.9993775509187691,0.6790673248217498,0.7166543657604819,0.1330781832919322,0.9993857937288981,0.27960797450985375,0.6758499086400324,0.6906848844771524,0.6791880852872495,0.12153224444401349,0.9995389203100862,0.6868194493632401,0.7381548838263399,0.12364933117490803,0.9995318282420027,0.27930379770607205,0.6834133750665977,False,,,
S360W,missense,False,2.0,2.0,0.0,VUS,clinvar,0.7175,1,38565685,2.0,1.0,,,0.6943988206218048,0.6739330903090971,0.28614578541631974,0.9693610504094887,0.6813681971872982,0.6967086841188619,0.26451325758122735,0.9665427622142292,0.18209645663382035,0.6721840942062131,0.6955530801959824,0.6708089322449017,0.2725831812740893,0.9654170917021522,0.6797859329266881,0.6935892372596051,0.2881349029796013,0.9663856241146027,0.181598547525167,0.6710894485646226,0.6898236459012822,0.6644655456636375,0.2477322174928211,0.9694919140848522,0.6721087527572878,0.6857927666427077,0.2551427271915595,0.9725494925878998,0.19013804924294192,0.6643070956215574,0.7885846152508621,0.7652469970247273,0.2824871625946678,0.9978887089215335,0.778206099674295,0.8107332095610909,0.3172955412609244,0.9976620731249772,0.19698825355721963,0.7712116527948065,0.7808610740709973,0.7581737269749131,0.2790654466285297,0.9980916198092452,0.768798928763775,0.803278589109734,0.28349786599101795,0.998168414896538,0.2075322327149771,0.7623085679748685,False,,,
S383L,missense,False,2.0,2.0,0.0,P/LP,clinvar,0.9259,1,35737141,2.0,1.0,,,0.6943988206218048,0.6738278446404383,0.274063928005412,0.9672483396897509,0.6807422489353979,0.6936995260506719,0.2670126510965603,0.9678657809476781,0.18361562127906858,0.6717642290455489,0.6955530801959824,0.6721943672238423,0.27247148773625635,0.9608325019417875,0.6798406063592365,0.6959193202718057,0.2770391786460471,0.9659754166433814,0.18092653002908757,0.6709844959522144,0.6598305911982092,0.6458702100809597,0.23624657143345634,0.9650773843182092,0.6462327530914713,0.6537965093387973,0.232527422805689,0.9665086209693515,0.20102819810257677,0.6393677881571947,0.73754958262107,0.7199103936351351,0.23722001687586258,0.9990278197051452,0.7264299602372264,0.7485438373028102,0.24148176825880832,0.9990259316164753,0.2336802988508183,0.7208579920544822,0.7275191044788835,0.715097957138431,0.22884269605886937,0.9994915832425715,0.717713915093671,0.7400162284363696,0.22965637844819253,0.99942077294085,0.2404320687443892,0.7126744941287897,False,0.0,,
S453L,missense,False,2.0,2.0,0.0,P/LP,clinvar,0.7575,1,37152879,2.0,1.0,,,0.6943988206218048,0.6680109461348419,0.2684829570167997,0.966837762425873,0.6815747668149212,0.6971107637740452,0.2860228917940345,0.9677280259340092,0.1820388449902326,0.6724545724388392,0.6955530801959824,0.6712487059605072,0.26237356053024913,0.9635550221527203,0.6768626620898417,0.6912903910521259,0.2693600306013831,0.9667854189401442,0.18510477570051578,0.6682409922153553,0.6844125561923772,0.6572947465915757,0.25290926771180994,0.9659153519583007,0.6685694665840946,0.682466873387743,0.250496348932783,0.9692970194003063,0.190911599621172,0.6610404485694565,0.73754958262107,0.7218975363217448,0.24680597634403575,0.9989479464042509,0.7300813316302667,0.751412294855275,0.24698632230804377,0.9989911072980003,0.23048966155549316,0.7242644125293873,0.7411748666761772,0.7277937959024864,0.2468913175295164,0.9994085653053676,0.7309993779486282,0.7462031305859294,0.25466943597909253,0.9994346104493808,0.22751279984843883,0.725308502124858,False,0.0,,
S76P,missense,False,2.0,2.0,0.0,none,none,0.9954,1,36178555,2.0,1.0,,,0.6943988206218048,0.6731501044169199,0.2712505947838799,0.9667882945931371,0.6778744473229021,0.6952805118067069,0.2639372481724915,0.9673822571618735,0.18591767528647823,0.6689402739909135,0.6955530801959824,0.669694894346579,0.2688612092402762,0.9628489498502448,0.6786886999075536,0.6948223364289404,0.2757760869042611,0.9708547862059194,0.18521116045951475,0.669937325549362,0.6490404464887304,0.6301188347211887,0.21373077142955413,0.9706747194906645,0.6359953336542394,0.6433849382278479,0.21893079053311823,0.9700032965966565,0.20471247270575182,0.6297007232041332,0.7807395040542666,0.7625824497981488,0.2726948792223045,0.9987717828845101,0.7709600464524664,0.809915252000294,0.28089768978947294,0.9988912115955685,0.2079179981010263,0.7643470853549517,0.7493366230602977,0.7362398962378389,0.22128453476488816,0.9991246996366221,0.7363769149360496,0.7857749376501139,0.2007535438209988,0.9992068625225409,0.24099227914077442,0.7311680582603454,False,,,
T206R,missense,False,2.0,2.0,0.0,none,none,0.9906,1,12442280,2.0,1.0,,,0.6943988206218048,0.6670675942504035,0.26212444512624217,0.963297433102761,0.6790443782094174,0.69338077262199,0.2769658608471631,0.9675442946244105,0.1830239567057966,0.6700718964803547,0.6955530801959824,0.6754043904471726,0.27528856698528187,0.9697023477718896,0.6795450198204627,0.696773426611117,0.2813704992909756,0.9689521118193335,0.1826242383365346,0.6706445299065112,0.6497942327471327,0.6319760925441201,0.20314618727787861,0.9651089224970743,0.6371021357273755,0.6502473575920085,0.20441712080388058,0.9703303571222962,0.20708977518274965,0.6307372371836557,0.7807395040542666,0.7645826888209903,0.28669431897042086,0.9987740483342891,0.7677351164107059,0.8068932287243261,0.27052669011172703,0.9987418274570373,0.2118460633882839,0.7612855870896663,0.7497701536513613,0.7324683146245075,0.19731618903717646,0.9992076809675056,0.739035775069159,0.787891590811501,0.2149241159436313,0.9992310930879217,0.23789162466785244,0.7336128689557306,False,,,
V16E,missense,False,2.0,2.0,0.0,VUS,clinvar,0.711,1,25174781,2.0,1.0,,,0.6943988206218048,0.6686168237417922,0.25917136110754285,0.9616536729996171,0.6783720784013528,0.6952272922282786,0.2841021621648885,0.9685062674010955,0.18253863586849314,0.6692449535669603,0.6955530801959824,0.6736562040585115,0.27067501978645464,0.9664814800618715,0.680470808635258,0.6961651476848532,0.27798226976230733,0.9673516038149752,0.18118204257437107,0.6714809537060467,0.6906849970906332,0.6646659576385303,0.24208308685662708,0.9734308917294162,0.6759458050503904,0.6911044731509226,0.270014536536456,0.9747876474591775,0.18574631946537865,0.6680235209657333,0.7885846152508621,0.7666438548667462,0.2795986329581349,0.9976749590141449,0.7762290448636827,0.8112581868892679,0.3042774750771354,0.9975898387344191,0.19931149965997372,0.7692409239382668,0.7813208788122096,0.7651249802907455,0.2837160646710065,0.9983414986138629,0.7681971664138668,0.801617444829514,0.2804475799642483,0.9984057610046004,0.2065199401546628,0.7613978355860425,False,,,
V199A,missense,False,1.0,2.0,0.0,none,none,0.8815,1,30259503,2.0,0.5,,,0.6943988206218048,0.6709785392696526,0.26804904229617044,0.9693671349258172,0.6418537276621292,0.6528107170666251,0.28403302698097604,0.933703261844652,0.17117767723509802,0.6332834290014291,0.6955530801959824,0.6712206797200666,0.25422267738773285,0.9637833604257359,0.6409060456440474,0.6530574984701842,0.2835453917548271,0.9292376809452733,0.17258631126640767,0.6327205487050566,0.6665564379143555,0.6451393272585503,0.24062850887508858,0.9715987539039804,0.6178556740971733,0.625003192288246,0.24673033561236238,0.9313917968482605,0.1815261525937284,0.6113760832321482,0.7807395040542666,0.762928318990256,0.2891152911746436,0.998747435861515,0.7397522706904687,0.75761235000395,0.28708823805403105,0.9987771165852527,0.2118527798955896,0.7333705692229653,0.7592345217075267,0.7444182472409007,0.22411633565478847,0.9990916312074475,0.7231237147702505,0.7415037992949316,0.23876161888989647,0.999112889808257,0.22927569026949776,0.7176381501384651,False,,,
V226M,missense,False,1.0,2.0,0.0,P/LP,clinvar,0.7922,1,27404933,2.0,0.5,,,0.6943988206218048,0.6693582633017011,0.2680526047608138,0.9657437206232754,0.6412303279278186,0.6518237140676404,0.2802744214630584,0.926910391965001,0.16867149854294874,0.6325751941205594,0.6955530801959824,0.6734606886972818,0.26145348730045487,0.9647545726586975,0.6382331005055019,0.6503767694639029,0.25959070173063814,0.9283840749241906,0.17239869032634947,0.6299460133765622,0.6795715910793181,0.6556580075514,0.24929189941798238,0.9660416578237498,0.6241258248696832,0.6319827258824621,0.2620673977952579,0.925864118816233,0.17515063474919015,0.6170553165343677,0.73754958262107,0.7228988817575556,0.2396145856130638,0.9989931901356981,0.7037107347920588,0.7028460418670063,0.26510689209885135,0.9990247443946113,0.2281247993571031,0.6983004874218781,0.7385295015284487,0.7266517174730565,0.25058580686588455,0.99940655179592,0.7044301484092403,0.7030353574615069,0.25378201325383465,0.9993118615311624,0.22920888808195225,0.6992173895980897,False,1.31422e-05,,
V244G,missense,False,2.0,2.0,0.0,P/LP,clinvar,0.588,1,22493702,2.0,1.0,,,0.6943988206218048,0.6723660464755945,0.26508786540801865,0.9640219252200466,0.6783374794063849,0.6921064151589388,0.2787215305425547,0.9697756718532036,0.18362949495505662,0.6691888832344142,0.6955530801959824,0.6722113567721796,0.25777990305290005,0.9647284007282183,0.6804983671780122,0.6969339603350919,0.25794477394732396,0.969926487019866,0.18468649160615364,0.6717417713070379,0.7059656210075963,0.6746460755340847,0.24372733527722895,0.9645058102260763,0.6877382475666445,0.7055906495629223,0.27041005048995925,0.9693986911757426,0.18420949220170246,0.6795265319293896,0.73754958262107,0.7217192640400575,0.2306634531209473,0.9989792172846527,0.72783143939423,0.7469837943151627,0.25174059436366625,0.9990485155013312,0.23190487592847214,0.7224291487855269,0.752628712143472,0.734214244465129,0.23736220336833103,0.9993588347521921,0.7435213285054864,0.77134829001266,0.26668254797686997,0.9994078255659571,0.2221641232872702,0.7374389393763933,False,,,
V374fs,frameshift,True,2.0,2.0,0.0,none,none,,1,30229274,2.0,1.0,,,0.6943988206218048,0.673490942181891,0.2793123359036997,0.9666284091066103,0.6777518015988974,0.6933547283156991,0.26568712111643294,0.9714801747951284,0.1858419446548164,0.6688122512154799,0.6451353981003148,0.6305202893652062,0.1681715189936386,0.96782036732729,0.6371273659468766,0.6566735351027383,0.17032274892255908,0.9732767449531659,0.22021716363955637,0.6311482995859178,0.6360477016059719,0.6146813208958783,0.1654943612098222,0.9692222263971694,0.629539496197228,0.6476154399711334,0.1774022211709111,0.9737033422777804,0.22368220421022716,0.6240047431106742,0.7319914923937636,0.7164586136440942,0.19684032815526364,0.9991574606930645,0.7206706160116164,0.7659038640689777,0.1981936045255663,0.9992284026788637,0.24494422034897972,0.7157128154529991,0.7240139384669061,0.7103923771096367,0.1714622926186197,0.9994660199848934,0.7136293157769896,0.7599181257941532,0.1745473083465288,0.9993628856088189,0.2542494142779437,0.7091728895538737,False,,,
V61G,missense,False,2.0,2.0,0.0,none,none,,1,41409604,2.0,1.0,,,0.6943988206218048,0.670548459186918,0.26373591497306753,0.9677663320607446,0.6796545175545727,0.6969804782642706,0.28885093912479515,0.9687151922711559,0.1809080870022538,0.6705521823588145,0.6955530801959824,0.6720363107401061,0.2607112826767422,0.9646123291070502,0.6823981829626365,0.6996058951529963,0.285339614769609,0.966682399320887,0.1806624939136504,0.6736365191212199,0.6951886741565027,0.6711435526080799,0.18538820204310022,0.9798840570267929,0.6786672690921439,0.7162802815484477,0.1845559769020381,0.9799924484454562,0.22163794255989516,0.672043531309309,0.7807395040542666,0.7594232157324908,0.28494593913788024,0.99876784364776,0.7688865289656877,0.8076296780913357,0.2838981683122153,0.9989526662497507,0.2090879593517307,0.7623342345254043,0.7762285885678475,0.7576092511033161,0.20361732174724753,0.9993192651621313,0.7664806581892877,0.8321604235982237,0.21346974304839111,0.9993829633007857,0.22907327369550248,0.7608137038826929,False,,,
V91L,missense,False,2.0,2.0,0.0,none,none,0.708,1,37725835,2.0,1.0,,,0.6943988206218048,0.6669272438449603,0.24455482679738252,0.9688210347029964,0.6767206165516579,0.6909384234417337,0.2774587859297035,0.9647190405240618,0.18185846508393635,0.6676874155728254,0.6955530801959824,0.6696796340516831,0.2528504815995693,0.9650625506577307,0.681937459720202,0.6961037305405101,0.26880477013150944,0.9674633118812092,0.17954555279168954,0.6730542436278066,0.69108080735555,0.6652539978015097,0.2560759255897217,0.9684621020326745,0.6751875330396654,0.6867213060206212,0.2829513504424784,0.9667493635625632,0.18524216438998423,0.6673874282352268,0.7807395040542666,0.7646530623355906,0.28187133784964913,0.9988317327761871,0.7662096482938712,0.8043003171788143,0.27348498316881986,0.998840712882853,0.21109789879149646,0.7596927908231456,0.7724664239231497,0.7560662883746677,0.25677799909884425,0.9990679767004661,0.7640581137846286,0.8060305530552254,0.26622033337598955,0.9991343128344071,0.21492639586411214,0.7575348827800514,False,,,
Y215C,missense,False,2.0,2.0,0.0,none,none,0.5185,1,37725835,2.0,1.0,,,0.6943988206218048,0.6714217598479763,0.27748936718919,0.9652775459614477,0.6772514139502198,0.69055615004993,0.27527186012959304,0.9672565554875338,0.18200319151380465,0.6682407631841476,0.6955530801959824,0.6727308803548451,0.27641087266548603,0.9634652820316303,0.677350316778143,0.6956103213819709,0.2670323760875368,0.9671497181125347,0.18125713454705863,0.6684711470457457,0.7136945310312798,0.6862382258843601,0.2722982356646958,0.9699488004230126,0.6978135274770109,0.7195140350939152,0.2729004331749801,0.9733006739231915,0.1826469451264083,0.6894196410389668,0.7807395040542666,0.764306030824812,0.2751050420626945,0.9988012346932849,0.7662091569672697,0.7993174509894911,0.2723993639691593,0.998811524734841,0.21166135768313857,0.7598259633406893,0.7837493518676464,0.7654599924661003,0.2651632031643944,0.9993530324570051,0.7729568948001925,0.8142375160176083,0.2712262888095028,0.9992834610075244,0.2101445399663402,0.766361532479879,False,,,
Y289C,missense,False,1.0,2.0,0.0,P/LP,clinvar,0.8133,1,22761713,2.0,0.5,,,0.6943988206218048,0.6714868368686394,0.25648549713505625,0.965620740973048,0.6448136571098,0.657824740444551,0.2869038519072119,0.9367382766230508,0.16746051014523672,0.636004723640459,0.6955530801959824,0.6713454911251379,0.272435600498303,0.9654761601200778,0.6441970741352402,0.6573012640638596,0.2711187744572354,0.9318064227878471,0.16939392480958917,0.635789611048675,0.6765654066020772,0.6524752637601934,0.2291507076173394,0.9749509951078684,0.6249799994303119,0.6309003759008325,0.2545260278571021,0.9431104960558797,0.18107751952389584,0.6182069987348643,0.73754958262107,0.7197165866100045,0.23928888719439262,0.9989587545158832,0.7016301535432782,0.6968642268293863,0.24759077808681293,0.9990001848925498,0.2317150946429798,0.696396595215522,0.7368753641625837,0.7212065397692611,0.23790030999222994,0.999339459665382,0.7020909165380995,0.6962131977839741,0.25086447845617404,0.9994169539764852,0.23144501858675298,0.6970069079122736,False,,,
Y413F,missense,False,2.0,2.0,0.0,none,none,0.3023,1,36178555,2.0,1.0,,,0.6943988206218048,0.6724471918696499,0.2507420401244904,0.9659143921289042,0.6779787270845717,0.693287820704122,0.26178162010150713,0.9688264154312517,0.18812752587197373,0.6690133776123874,0.6955530801959824,0.6701980559463415,0.2500899434717555,0.9661655061046327,0.6760847881078893,0.689650334107353,0.28092372597536636,0.9683678307663026,0.1799271538630638,0.6673673835979566,0.7334402424454229,0.7067627885929663,0.24937808351157484,0.9738178567386825,0.712885957297481,0.747141493719885,0.26290414648193716,0.9750586178050994,0.18917688042705808,0.7045261906608248,0.7807395040542666,0.760769602492547,0.25925205786127437,0.99865995778833,0.7660396972312312,0.8067765810043612,0.26650331544534267,0.9985443531098089,0.2138210008881396,0.7595816876081424,0.7919300076917043,0.7741265302752284,0.2553223413835025,0.9995682197029093,0.7789623559629189,0.8308952372427463,0.2499439228216678,0.9995816125403538,0.21375345014948466,0.7724005924790709,False,,,
c.1019+18G>A,splice,True,1.0,2.0,0.0,none,none,,1,19515026,2.0,0.5,,,0.6943988206218048,0.6738572538388389,0.2623921142881792,0.9674113614454898,0.6437394476824747,0.656428922808213,0.2695997010375063,0.92987563161827,0.1704944105189005,0.6351598423597111,0.6451353981003148,0.630305545611665,0.1675778421949986,0.971044375727683,0.6052091433437555,0.6183281818140908,0.19373059917537847,0.9369393445258356,0.20060340506661367,0.5994552307666725,0.6360477016059719,0.6204403438509081,0.15974891850741427,0.9702033477621897,0.6001944526995052,0.6127065231873724,0.20008912422193958,0.9431157483980327,0.20249411742242568,0.5948304985049131,0.7319914923937636,0.7192712931373247,0.1910667755750803,0.9992573858563206,0.7016141597973145,0.7152009607381882,0.22004645200224224,0.9990974188768217,0.23724798265696817,0.6966525229871315,0.7240139384669061,0.7120390149068242,0.18798545586740115,0.9993391553964567,0.6965178451223514,0.7146816865879613,0.20589895737411834,0.9993210570238897,0.24506905620473593,0.6920399077792937,False,,,
c.1019+5G>A,splice,True,1.0,2.0,0.0,none,none,,1,22761713,2.0,0.5,,,0.6943988206218048,0.6685735055266337,0.2728811869241842,0.9660044938308876,0.6414445020343049,0.6549985446059494,0.26859629606639807,0.9329105792589979,0.1720218972191492,0.6329461789890248,0.6451353981003148,0.6263249048669546,0.17927506763253126,0.969070631146058,0.6075307433967195,0.6240091175942329,0.20273153150450532,0.9433875351201635,0.2024168526401753,0.6017644677411098,0.6360477016059719,0.6165268508678233,0.16834556024045835,0.9700238306540747,0.5940337878234214,0.6044290216750985,0.1731041787556557,0.9443621861097549,0.2075334083691336,0.5886701994611923,0.7319914923937636,0.719247371648616,0.188151609438989,0.99921208712117,0.7023539839232597,0.714964102783654,0.2267457652345427,0.9992157741026435,0.23626059917840744,0.6972887261715338,0.7240139384669061,0.7094632937217686,0.18016426178692133,0.9994389018028198,0.6924315623453943,0.7086024720615463,0.1897218450624388,0.9993432052338317,0.24802639370330978,0.6879678725888614,False,,,
c.263T>G,substitution_cdna,False,2.0,2.0,0.0,none,none,0.5296,1,36584766,2.0,1.0,,,0.6943988206218048,0.6715259891127641,0.26730113452918347,0.9661360093279772,0.679579839703521,0.6932871920001462,0.28634474337098825,0.9671779304935288,0.18015102065992092,0.6704509596819866,0.6955530801959824,0.6693479843348488,0.2687928422013265,0.9638594020321444,0.679683470069429,0.6980334750919256,0.25978964821200057,0.969954755207247,0.18467062491159575,0.670882979171899,0.7125054045960264,0.6877766605448699,0.24523699511517227,0.9682717623586563,0.6908132365991533,0.7160512510778949,0.23736991767699078,0.9728832527331753,0.18929888376880852,0.6827125045255557,0.7807395040542666,0.7627458103117027,0.26369086884573884,0.9988339587384408,0.7668626898648183,0.8093742902223706,0.26642058288712467,0.9988011779371272,0.21287223504814887,0.7603605507768365,0.7831903009105132,0.7681920653209163,0.26044107963187574,0.9993182036177902,0.7725187262019722,0.8144226653294075,0.2672342194760999,0.9992345346970003,0.21030283726107155,0.7657908099033792,False,,,
c.370G>C,substitution_cdna,False,2.0,2.0,0.0,P/LP,clinvar,0.9792,1,36584766,2.0,1.0,,,0.6943988206218048,0.6689980836749262,0.2615925659733942,0.9645840339134882,0.6812767615919293,0.6999978736905526,0.28260468251681037,0.9679164173513023,0.1826626329514661,0.6719880852728968,0.6955530801959824,0.6690617568834553,0.262159131086715,0.9639994396834579,0.6791992557507373,0.6932912009532388,0.2666834712742837,0.968745456236415,0.18356465014561837,0.6703887446624223,0.6515798845288843,0.6303675735666797,0.21180744556629388,0.9661619876521254,0.6389633053183419,0.6558077076171493,0.219728642694116,0.9675515739598551,0.20518471699193214,0.6325302593919002,0.73754958262107,0.7235141317465881,0.2480809705319146,0.9990069851422761,0.7303477538909675,0.756814658492771,0.2558969805039554,0.9989076196169638,0.23133568177014782,0.7247806702303565,0.7228176816454394,0.7072015952567112,0.2253716635377393,0.999482843203868,0.7131241713771522,0.7281700526944592,0.22529920046394245,0.9994700770203726,0.24378391694564444,0.7082389321837341,False,,,
c.45+1G>A,splice,True,2.0,2.0,0.0,none,none,,1,28575730,2.0,1.0,,,0.6943988206218048,0.6705785861712891,0.24741558095467334,0.965255574569891,0.6761884751055013,0.6928074309472989,0.2756506743415536,0.9663500038932981,0.18413301129893403,0.6672669995188788,0.6451353981003148,0.6286355935850222,0.1706605626690068,0.970714523482618,0.6371727886799374,0.6585808689796656,0.172110895595373,0.9712913416915887,0.21799656970512074,0.6308800026165791,0.6360477016059719,0.6121890241746215,0.1645830764052884,0.9745278184387351,0.6256471207371694,0.6401551310077405,0.1704836536007286,0.9737424172903995,0.2237173164098406,0.620314758690479,0.7319914923937636,0.7197739064921177,0.20100638444367758,0.9991951760484209,0.7248432681392425,0.7682338228171869,0.20200922555126508,0.9992416366269282,0.2441389037269701,0.7199228952937038,0.7240139384669061,0.7103059931002699,0.16787129793046301,0.9993897429122272,0.7173758949771224,0.7645050713615024,0.15673877993213803,0.9994043960777215,0.25517348339039425,0.7126165315327223,False,,,
c.679+1G>A,splice,True,1.0,2.0,0.0,none,none,,1,29510678,2.0,0.5,,,0.6943988206218048,0.6697217118317418,0.2554477265649816,0.9661720743580273,0.6429211705937949,0.6566985329859721,0.28236953328152875,0.935851989694913,0.16908598235845548,0.634142436946191,0.6451353981003148,0.6239786637269651,0.17452304065886534,0.9646412399383631,0.6055496087767459,0.6183405587150321,0.19892545095014028,0.9347435159066197,0.1990206433119384,0.5996256948927903,0.6360477016059719,0.6191292129679747,0.17138439719833695,0.9756650518078269,0.5969911080707262,0.60564254655937,0.19499205930583136,0.9419448626379011,0.203624688049576,0.5918178604257204,0.7319914923937636,0.7189348938786712,0.1770327462604543,0.9992688358926833,0.7010194149307505,0.7129748126585127,0.22580097210682717,0.9992010160887874,0.2371775386456644,0.6961719768712783,0.7240139384669061,0.7097547309508946,0.17616949845351995,0.9993491414260971,0.6959654183547019,0.7136507237435992,0.2008850780679057,0.9994068999655926,0.24574736448297274,0.6913775233840143,False,,,
c.686C>T,substitution_cdna,False,2.0,2.0,0.0,none,none,,1,36584766,2.0,1.0,,,0.6943988206218048,0.6705702419673314,0.2713547568512326,0.9654969445556931,0.680668019454044,0.6947749385599078,0.2838619821526122,0.9675760753254623,0.18328088134530343,0.6716325878410142,0.6955530801959824,0.6733982000773182,0.2719033732666996,0.966231261680829,0.6810070098388864,0.6999258015672077,0.283360290492773,0.9681704098745154,0.1787425652410635,0.6721665247201993,0.6951886741565027,0.672399464525686,0.1817708074677916,0.978921983830977,0.6832595356537355,0.7215093223199766,0.19543099901431168,0.9798777121735353,0.21807157360740118,0.6765939662066117,0.7807395040542666,0.7656361699086791,0.28257399309471765,0.9987500003751957,0.7689814847418879,0.8151504604650667,0.2573721920840131,0.9987659372245439,0.21452920862039718,0.7626312029732968,0.7762285885678475,0.7587961232614472,0.1982071823180149,0.999437244710466,0.7670963944923579,0.8367728904249956,0.21084985995316424,0.9993768956341538,0.23069712856699934,0.7614570719209773,False,,,
c.863+1G>A,splice,True,2.0,2.0,0.0,none,none,,1,36418577,2.0,1.0,2.0,2.0,0.6943988206218048,0.6651884880746967,0.2638453634065991,0.9580067646580174,0.6881101480584688,0.7052547516530252,0.2914610135527487,0.9696062133467881,0.17861794001820827,0.6787022135270848,0.6451353981003148,0.6267001603589601,0.16790305138073794,0.9671087461484519,0.6488481646092857,0.6761137239554691,0.17401245328208426,0.9738223284323385,0.21684954580492952,0.6423847605475084,0.6360477016059719,0.6235996735118426,0.1666933591711543,0.9710911520572089,0.6355861198552131,0.659331241933524,0.17513478484021194,0.9726912945862864,0.2221899591159848,0.6297037628086067,0.7319914923937636,0.7177605609584222,0.18291996496467425,0.9991746924537815,0.7304228528016912,0.7754037725935723,0.19619240589930173,0.9992245538077185,0.2416621150469146,0.7251998216477014,0.7240139384669061,0.7117653144631133,0.18508826653236699,0.9994311579896391,0.7231136692455333,0.7677143234045481,0.19332643436139735,0.9993410407380052,0.2472703367992117,0.7184135616847682,False,,,
c.864-1G>A,splice,True,1.0,2.0,0.0,none,none,,1,22761713,2.0,0.5,,,0.6943988206218048,0.6719861903294141,0.2617517645545004,0.9692857935679899,0.6430607995629961,0.6552913716979084,0.26248610994361377,0.939550073481441,0.17405409286103365,0.6346071215348301,0.6451353981003148,0.62667215999782,0.16686448113986402,0.9642948918890539,0.6077949096414502,0.6180568124395263,0.19931750019607322,0.9361221142378785,0.20077675124903616,0.6019008418569699,0.6360477016059719,0.6166251343056015,0.16425199918270136,0.9698012552655804,0.5967549550059108,0.6103741291948424,0.18704946517847268,0.9411981757862141,0.203083728359226,0.591452782046663,0.7319914923937636,0.7208256539707727,0.2016127026903437,0.9992063735036002,0.7023698792670645,0.7193344370858914,0.22653149271648665,0.9990406167042135,0.2369627986476392,0.6973209446469922,0.7240139384669061,0.7096203093759313,0.1655620537268777,0.9994025119610834,0.6949897775331203,0.7114136121287776,0.20630271707209008,0.9993464374877302,0.24619843312646703,0.690400819861848,False,,,
