key,vclass,is_truncating,affected,literature_n,gnomad_added,clinvar_simple,alphamissense,n_papers,pmids,class_source,n,observed,literature_fraction,base_prior_mean,base_prior_q025,base_prior_q975,base_post_mean,base_post_median,base_post_q025,base_post_q975,base_post_sd,class_prior_mean,class_prior_q025,class_prior_q975,class_post_mean,class_post_median,class_post_q025,class_post_q975,class_post_sd,insilico_prior_mean,insilico_prior_q025,insilico_prior_q975,insilico_post_mean,insilico_post_median,insilico_post_q025,insilico_post_q975,insilico_post_sd,clinvar_prior_mean,clinvar_prior_q025,clinvar_prior_q975,clinvar_post_mean,clinvar_post_median,clinvar_post_q025,clinvar_post_q975,clinvar_post_sd,insilico_clinvar_prior_mean,insilico_clinvar_prior_q025,insilico_clinvar_prior_q975,insilico_clinvar_post_mean,insilico_clinvar_post_median,insilico_clinvar_post_q025,insilico_clinvar_post_q975,insilico_clinvar_post_sd,is_common,gnomad_af_max,variant,lqt1,total_carriers,gnomad,p_mean_w,ref_literature_carriers
G589D,missense,False,1329.0,1772.0,8.0,P/LP,0.9943,22,10483966;11216980;14499861;15541256;16754261;16882680;17192539;19160088;20566482;20659946;21138517;21244686;23098067;23856471;27026928;27646833;28619993;28785673;32893267;34398675;36496179;37975542,,1780.0,0.746629213483146,0.75,0.4660320468865184,0.4586636513552953,0.4735056258854289,0.7450869865138351,0.745216859727121,0.7240544120592611,0.7651287467526726,0.0103430437547463,0.4345665635492754,0.4269981647986583,0.4420221135622757,0.7450245262099595,0.7450768466344713,0.7249977827051983,0.7650659728357313,0.0101389962996795,0.8029678875084139,0.7939088964194716,0.8118677887633529,0.7468591238398494,0.7469351174920719,0.7269876582526578,0.7658047818978228,0.0099454915967211,0.7792544201988235,0.7699309991995018,0.7889288465974044,0.7469515493790883,0.7471676776797087,0.7266207308133115,0.7668843198706664,0.0104369575691939,0.7953464425662581,0.7860039276082155,0.8043660048812913,0.7467145164553987,0.746707868853671,0.725717073084391,0.7662874265772602,0.0102864885181971,False,5.25652e-05,G589D,8,40,14,0.254992224,26
A341V,missense,False,1167.0,1438.0,0.0,P/LP,0.9835,39,10973849;15028050;16155735;16627448;17010804;18308161;18713323;19185812;19822806;19841300;19880070;20403459;21063070;22949429;23098067;23158531;23856471;24217263;24218437;24705789;25087618;25634836;26496715;28292826;29740400;29925740;30758498;30878014;30956674;31398660;32443288;32681117;32893267;34546463;36277779;37099628;37975542;38014677;39166328,,1438.0,0.8115438108484005,0.8115438108484005,0.4660320468865184,0.4586636513552953,0.4735056258854289,0.8092214629835456,0.8092257817152226,0.7893397882345257,0.8294848978191021,0.0102734209322952,0.4345665635492754,0.4269981647986583,0.4420221135622757,0.8089879773980656,0.8088839379801108,0.7882199125237309,0.8291677781034976,0.0102810729544177,0.7944379046042819,0.7851977735128155,0.8034852169952834,0.8115559541406301,0.8117169460120848,0.7911565388080277,0.8316437078763673,0.0105256270958948,0.7792544201988235,0.7699309991995018,0.7889288465974044,0.8112790956165933,0.8115308538310569,0.7907009210985063,0.8304119487410431,0.0102260772995409,0.7925005747472617,0.7832113648337657,0.8014555081536058,0.8116525407692274,0.8119680166160639,0.7913572061568965,0.8322106009279368,0.0103664668898767,False,,A341V,159,192,0,0.824875841,192
Y111C,missense,False,367.0,439.0,2.0,P/LP,0.9541,12,10973849;20031635;22677073;23098067;25471708;28720088;29270100;30758498;32173736;32893267;38060596;42128250,,441.0,0.8321995464852607,0.835990888382688,0.4660320468865184,0.4586636513552953,0.4735056258854289,0.8243500929478422,0.8246882420824813,0.788257424180093,0.8582812098623538,0.0178946006067082,0.4345665635492754,0.4269981647986583,0.4420221135622757,0.8230868277573429,0.8235012579483156,0.7862368450290561,0.8561707242648853,0.0178560732865347,0.7698455748457762,0.7603028764106642,0.7793554039241328,0.8308332130812182,0.8313780295525788,0.7954495578338883,0.8633029686991979,0.0177398078406358,0.7792544201988235,0.7699309991995018,0.7889288465974044,0.8309503425947041,0.8314311677348973,0.7953702351026068,0.8643293047709838,0.0176701454187723,0.7846049162389879,0.7752393469695448,0.793559428942143,0.8307529349426611,0.8311748016585718,0.7939281378724853,0.8647865368231614,0.017863050372425,False,8.94079e-06,Y111C,90,96,2,0.911996749,94
V254M,missense,False,375.0,414.0,0.0,P/LP,0.9919,24,10973849;12820704;14756674;15466642;19841300;20403459;21871251;22949429;24217263;24606995;26496715;28988457;29439887;29925740;30758498;32893267;33504163;34398675;34531279;37124559;37445499;37975542;39166328;41936938,,414.0,0.9057971014492754,0.9057971014492754,0.4660320468865184,0.4586636513552953,0.4735056258854289,0.8952093315036903,0.8958782467122,0.8638536672393962,0.9214713774343806,0.0147709297678119,0.4345665635492754,0.4269981647986583,0.4420221135622757,0.8942192509276495,0.8947577392499266,0.8639494453110037,0.9215413506250684,0.0149190639920004,0.8010957041619413,0.7920138426190418,0.810035559959246,0.903000714532121,0.9036354692533176,0.8746671244201284,0.9286705271751872,0.0138811450316939,0.7792544201988235,0.7699309991995018,0.7889288465974044,0.9026103301151276,0.9030656902392028,0.872950078619184,0.9290656479670298,0.0143468658016398,0.7947165607732106,0.7854069832189012,0.8036970254003536,0.9032103770315396,0.903937557491392,0.873465152373673,0.9299764686969272,0.0144478774920452,False,,V254M,117,125,0,0.916438891,125
G168R,missense,False,143.0,152.0,2.0,P/LP,0.9977,17,10973849;14531214;17091796;19841300;22949429;25479336;26496715;27485560;27921062;30758498;31484877;32665702;32893267;34135346;35492848;37445499;38489124,,154.0,0.9285714285714286,0.9407894736842104,0.4660320468865184,0.4586636513552953,0.4735056258854289,0.9002308950528951,0.9016464797916284,0.8499825628810598,0.9411696351454564,0.0233738695639997,0.4345665635492754,0.4269981647986583,0.4420221135622757,0.8989913286540155,0.900777912257556,0.8479271471585335,0.9398432093203783,0.0235581035076446,0.8055973276740587,0.7965803864566472,0.8144339918224466,0.9210891125937678,0.9223493839075873,0.8772810537588351,0.9562087982690916,0.0207139184301961,0.7792544201988235,0.7699309991995018,0.7889288465974044,0.9195553541205004,0.9209446820566096,0.875280820459931,0.9541787620393472,0.0205362689520295,0.7962362978303726,0.7868913263356108,0.8052645019126246,0.920432009168318,0.9219236496038774,0.8759214327015816,0.9565162560303976,0.0208740139516199,False,1.31423e-05,G168R,44,56,3,0.70215603,53
V205M,missense,False,143.0,150.0,5.0,P/LP,0.9585,6,18580685;23844633;28264985;32893267;38926912;39525816,,155.0,0.9225806451612903,0.9533333333333334,0.4660320468865184,0.4586636513552953,0.4735056258854289,0.8942834713585386,0.895984157685183,0.8422803807301577,0.9360617899602556,0.0240618487207267,0.4345665635492754,0.4269981647986583,0.4420221135622757,0.8923300415431634,0.8947150000878432,0.8405385976453696,0.934304587223852,0.0244579348574359,0.7736535934179384,0.764123647477468,0.7830746124353493,0.9132681494533276,0.9150999240319052,0.8669620657932321,0.95082899182604,0.0215687204072821,0.7792544201988235,0.7699309991995018,0.7889288465974044,0.9142304322247646,0.9154352358730498,0.8672300064639156,0.9522107097693884,0.0215912285776978,0.7858004091821623,0.7764654897419941,0.7947595395761624,0.9138704298783928,0.9153725991438908,0.8643323238105465,0.9516591237400814,0.022200573662768,False,3.28619e-05,V205M,16,20,3,0.695468087,17
T587M,missense,False,121.0,141.0,0.0,P/LP,0.6513,18,10024302;10973849;11162126;19841300;20487114;22677073;24217263;26496715;28292826;29688407;29925740;30758498;32681117;32893267;34386142;36898499;38367891;41858555,,141.0,0.8581560283687943,0.8581560283687943,0.4660320468865184,0.4586636513552953,0.4735056258854289,0.8321437530878324,0.8333764877752148,0.7689865625231314,0.8887030451799243,0.0303981034087942,0.4345665635492754,0.4269981647986583,0.4420221135622757,0.8299822269087631,0.8316828008503665,0.7658202949505724,0.8840744325030291,0.0304901835823144,0.4303640275861212,0.4172216834859205,0.443285181783607,0.830049571444353,0.8317276286114577,0.7652019422915801,0.8854822806972691,0.0307796809941446,0.7792544201988235,0.7699309991995018,0.7889288465974044,0.8526997283377966,0.8545519455675421,0.7927077544620743,0.9023719178601088,0.0288645428668744,0.6909536187654595,0.6707113388833179,0.7107797565659224,0.8466802508162561,0.8485377210792366,0.7837148544212742,0.8991152355261366,0.0291105140989746,False,,T587M,20,22,0,0.799880225,22
G269S,missense,False,52.0,136.0,1.0,P/LP,0.934,21,10973849;12205113;12702160;15466642;16436635;17023080;17222736;20403459;21118729;22199116;22677073;24184248;28292826;29151524;29439887;29740400;30758498;32893267;36277779;37975542;41317941,,137.0,0.3795620437956204,0.3823529411764705,0.4660320468865184,0.4586636513552953,0.4735056258854289,0.3837034741822414,0.3827710949849651,0.3069961587776865,0.4639659869085573,0.0398515071119445,0.4345665635492754,0.4269981647986583,0.4420221135622757,0.3830148275387972,0.3826428905405574,0.304147860043765,0.4633306123196785,0.040025629455241,0.7518834520255274,0.7421727314472819,0.7616815934236848,0.4052346707032491,0.40432346264091,0.3279432073180052,0.4842238338705875,0.0401670318787,0.7792544201988235,0.7699309991995018,0.7889288465974044,0.4057991851349666,0.4062921782831731,0.3265658597161414,0.4861545374524468,0.0396402965219067,0.7790818049476653,0.7695246316205552,0.7881379803517954,0.4073971973541731,0.407019884033123,0.3292432730443538,0.4867457070399053,0.0404107391303537,False,6.56866e-06,G269S,28,48,1,0.606168179,47
G325R,missense,False,98.0,107.0,0.0,P/LP,0.9996,13,10973849;19841300;22949429;23000022;23092362;26496715;28292826;29925740;30758498;32681117;32893267;36277779;37975542,,107.0,0.9158878504672896,0.9158878504672896,0.4660320468865184,0.4586636513552953,0.4735056258854289,0.8779267888208544,0.8803984640683642,0.8124890209953698,0.929348470082576,0.0299792651262939,0.4345665635492754,0.4269981647986583,0.4420221135622757,0.8753305555682735,0.877510370428886,0.8110824570858918,0.9280433991173538,0.0304180773587045,0.8070550812868715,0.7980955310915372,0.8158482488875313,0.90692457661952,0.9091559707735656,0.8500429809691867,0.9519197878962278,0.0265453927712327,0.7792544201988235,0.7699309991995018,0.7889288465974044,0.9043921779113688,0.9063881115493008,0.847505587152324,0.9504519259245244,0.0265629932555976,0.7967323051015522,0.7873177251910147,0.8057281961141786,0.9053329129781492,0.90759269364907,0.8465020618103622,0.9513356415823768,0.0268441204737977,False,,G325R,22,22,0,0.915120068,22
T322M,missense,False,94.0,102.0,1.0,P/LP,0.9436,9,16414944;18400097;22956155;23092362;26496715;29925740;30758498;32681117;32893267,,103.0,0.912621359223301,0.9215686274509804,0.4660320468865184,0.4586636513552953,0.4735056258854289,0.8732528751053549,0.8753560510485694,0.807811628750856,0.9282358818784036,0.0308564885581564,0.4345665635492754,0.4269981647986583,0.4420221135622757,0.8701497083019729,0.8722937266953895,0.8025216689245201,0.9249031385008272,0.0313370539017138,0.7605778773333546,0.7509299186038777,0.7702501204244449,0.8994008284090993,0.9016322059754396,0.8376319697794327,0.9481696489380452,0.0279536445065316,0.7792544201988235,0.7699309991995018,0.7889288465974044,0.9013349162311616,0.9035759061770012,0.840869184048662,0.949164597366166,0.0280299917302425,0.7817323719092437,0.7723133222481108,0.7907343711397552,0.9006191852695437,0.9028831790532768,0.8391518395774479,0.9484250128604196,0.027816867809108,False,3.97788e-06,T322M,26,31,1,0.825167835,30
D317N,missense,False,69.0,98.0,0.0,P/LP,0.9517,9,10483966;10973849;12702160;17023080;20659946;29622001;29740400;32893267;39224440,,98.0,0.7040816326530612,0.7040816326530612,0.4660320468865184,0.4586636513552953,0.4735056258854289,0.6820048986250458,0.6827392345604206,0.5895189945758874,0.7659260866328891,0.0447169934033664,0.4345665635492754,0.4269981647986583,0.4420221135622757,0.6801205526374043,0.6808648270827602,0.589402215290663,0.7682900072717908,0.0458820398208405,0.7677496253899526,0.7581626138475176,0.7772925177309612,0.7104052891767734,0.7119326769943931,0.6213927333243038,0.7927039722907158,0.0434275043261843,0.7792544201988235,0.7699309991995018,0.7889288465974044,0.7117453322513053,0.7127829812239838,0.6240677483737949,0.7927944213160711,0.0431178547444104,0.7839507777443315,0.7745672688324936,0.7929219778832381,0.7106080791947594,0.7124700067573613,0.6179854634217283,0.7921844989693312,0.0433474024391513,False,,D317N,6,6,0,0.846423753,6
T322A,missense,False,81.0,86.0,0.0,P/LP,0.9655,9,15466642;18452873;19841300;22199116;22949429;23092362;24269949;32893267;37975542,,86.0,0.9418604651162792,0.9418604651162792,0.4660320468865184,0.4586636513552953,0.4735056258854289,0.8919540558147964,0.8943941089846403,0.8225756596605259,0.945740866264524,0.031623642561339,0.4345665635492754,0.4269981647986583,0.4420221135622757,0.8883512377261731,0.8910838221526798,0.8182221187466377,0.9434169105280832,0.0322866920175942,0.7796194369117154,0.7701514459569927,0.7889567298903208,0.9242614718207846,0.9271877357798258,0.8642617193161268,0.9676638146724384,0.0266315889404698,0.7792544201988235,0.7699309991995018,0.7889288465974044,0.9246143521919212,0.9268062469378372,0.8649205489900545,0.9696187140387978,0.027034507126803,0.7876922974496219,0.7783890012623315,0.7966233159954589,0.9253354986677602,0.9285445358049124,0.8645651190080251,0.9679459532918604,0.0262531993756998,False,,T322A,2,2,0,0.821838634,2
G643S,missense,False,47.0,81.0,1201.0,B/LB,0.0708,13,11761407;16038262;17222736;19841300;21139297;22677073;24284363;24573873;26118593;26385840;32145446;33552729;38908219,,1282.0,0.0366614664586583,0.5802469135802469,0.4660320468865184,0.4586636513552953,0.4735056258854289,0.0399013538873372,0.0395835764692586,0.0299495587475797,0.0513537027154208,0.0054504543478838,0.4345665635492754,0.4269981647986583,0.4420221135622757,0.0397170740500434,0.03957824869941,0.0297072334912881,0.050845731974037,0.0054189980744325,0.0418197769871897,0.037306039621938,0.0463709788703533,0.0366724241294364,0.0363370660596155,0.0270271493495567,0.0477124407884341,0.0052771714708045,0.0194332902472944,0.0162506244200721,0.0229669275454812,0.0365210824684051,0.0362869025356303,0.0272389814705457,0.0474655444669224,0.0052454981389425,0.0178580333807981,0.0147933388237723,0.021277134462905,0.0364457019609104,0.0361904272327588,0.0271884927545254,0.047654145242185,0.0052398749145899,True,0.00789342,G643S,3,1559,1433,0.00254964,126
A344V,missense,False,50.0,79.0,1.0,P/LP,0.9873,16,10973849;15466642;22199116;24217263;28944242;30758498;32893267;34505893;34884666;36277779;36496179;37445499;37547072;37975542;38763038;39821444,,80.0,0.625,0.6329113924050633,0.4660320468865184,0.4586636513552953,0.4735056258854289,0.6067240286560154,0.6072626676363393,0.5050525504510003,0.7035114149902277,0.0509787448945032,0.4345665635492754,0.4269981647986583,0.4420221135622757,0.6033096798254867,0.6040828935539779,0.5019788513399311,0.6995351618629204,0.0501503389379776,0.7974700424402005,0.7883280079795427,0.8064594399031422,0.6432223721884343,0.6447566280162558,0.5431152912490873,0.739776185679529,0.0506065009163167,0.7792544201988235,0.7699309991995018,0.7889288465974044,0.6418154668727286,0.6434557185284236,0.5375622399010002,0.7400387733240674,0.0518823118470067,0.7935052414057554,0.7842123060514302,0.8024438329874723,0.6444622360113299,0.6456703726350677,0.5452032758476281,0.7374588067064276,0.0491157659800504,False,6.56935e-06,A344V,17,20,0,0.824630765,20
S277L,missense,False,57.0,77.0,1.0,P/LP,0.9911,17,12442276;14527360;15192825;21241800;21895724;24631775;26496715;26823142;28292826;29439887;29740400;29925740;30758498;32681117;32893267;34135346;36898499,,78.0,0.7307692307692307,0.7402597402597403,0.4660320468865184,0.4586636513552953,0.4735056258854289,0.7026809092755446,0.7043400500727572,0.6030407572642003,0.7894778761746404,0.048189325140065,0.4345665635492754,0.4269981647986583,0.4420221135622757,0.6980908969892459,0.6992075644126295,0.5951836849920582,0.7913857036888314,0.0490234027970123,0.8004686780524617,0.7913793095954552,0.809421784330827,0.738395660671057,0.7397757969527956,0.6397250242529164,0.8241421921370461,0.0469839024019915,0.7792544201988235,0.7699309991995018,0.7889288465974044,0.7377516875536809,0.7396398903958943,0.643752369253755,0.8235700807599279,0.0468706809904413,0.794506278535474,0.7851793349951233,0.8034736898115554,0.738123910853683,0.7409259459213067,0.637886528610834,0.8238428876266973,0.0476962362648452,False,6.56866e-06,S277L,27,37,0,0.742545315,37
R231C,missense,False,75.0,76.0,1.0,P/LP,0.9727,11,12205790;14998624;17023080;20850564;23193492;29740400;30758498;32893267;39082327;41802374;41858555,,77.0,0.974025974025974,0.986842105263158,0.4660320468865184,0.4586636513552953,0.4735056258854289,0.9151029153122224,0.9183802069911444,0.8472426578029895,0.9641676366204208,0.0298684803732899,0.4345665635492754,0.4269981647986583,0.4420221135622757,0.9120676820222238,0.914837436915608,0.8457263289570641,0.9613148485630516,0.0298221728207677,0.7856371391210593,0.77623982768296,0.794854837499173,0.952253977634054,0.9561511685754138,0.8976978671712597,0.9862786966854402,0.0227938742016485,0.7792544201988235,0.7699309991995018,0.7889288465974044,0.951500925021688,0.954762065670244,0.9004064858224481,0.9851352396052026,0.0224993381139427,0.7896253849269185,0.7803147716456907,0.7985499184455372,0.9527195286644706,0.9562485645137556,0.8977398584342724,0.9865615710175912,0.0228829724265849,False,6.57056e-06,R231C,30,51,1,0.565273217,50
P448R,missense,False,32.0,74.0,1888.0,B/LB,0.0855,9,10973849;15242738;19841300;22677073;23098067;28292826;28595573;33552729;38908219,,1962.0,0.0163098878695209,0.4324324324324324,0.4660320468865184,0.4586636513552953,0.4735056258854289,0.0187153941211436,0.0185760970004282,0.0132595222580312,0.0252593528831539,0.0030815540322482,0.4345665635492754,0.4269981647986583,0.4420221135622757,0.0184137326232043,0.0183162324735462,0.0129947491337674,0.0246064415574686,0.0029235904104,0.0448097362720018,0.0400630885392276,0.0496000637235726,0.0164571297622621,0.0162985517959811,0.011418963213545,0.0223547422551065,0.0028172802248879,0.0194332902472944,0.0162506244200721,0.0229669275454812,0.0162872843171942,0.0161043511221417,0.0113897532286415,0.0221430845064768,0.002807123032316,0.0182775430377165,0.0151497119238063,0.0217731020350692,0.0162919104913397,0.0161139477610021,0.0112620704264717,0.0221086624586584,0.0028381410407305,True,0.00754066,P448R,12,2095,2041,0.00617183,54
I235N,missense,False,62.0,66.0,0.0,P/LP,0.9967,10,15466642;18452873;19841300;22199116;22949429;24269949;26187847;32893267;37975542;41317941,,66.0,0.9393939393939394,0.9393939393939394,0.4660320468865184,0.4586636513552953,0.4735056258854289,0.8775912526751742,0.8809240731271561,0.7972497175537445,0.9422439460140988,0.0375489015289001,0.4345665635492754,0.4269981647986583,0.4420221135622757,0.873548599985105,0.8766550755455587,0.7906673051141484,0.9371970831660672,0.037427740658786,0.8048267382317638,0.7957920612906565,0.8136861703204057,0.9220790786280866,0.9256936266009526,0.8535328581379713,0.9710818143628196,0.0308533655420325,0.7792544201988235,0.7699309991995018,0.7889288465974044,0.9185909722815756,0.9225879324200026,0.8493895281837017,0.9689197016665572,0.0311757643278451,0.7959748771545458,0.7866519500630419,0.8049905340144771,0.9209134006057182,0.925079480062248,0.8508772029770021,0.9695229801417116,0.0305341986720494,False,,I235N,4,19,0,0.294952178,19
R190Q,missense,False,54.0,65.0,3.0,P/LP,0.8977,19,10728423;10973849;19841300;20660394;21350584;22629021;22745159;22949429;22956155;26496715;27485560;30758498;32665702;32893267;33959219;34411974;34509919;40179677;40313678,,68.0,0.7941176470588235,0.8307692307692308,0.4660320468865184,0.4586636513552953,0.4735056258854289,0.7529749369616872,0.7554540433435177,0.6514498792413453,0.838625166130573,0.0490096109393049,0.4345665635492754,0.4269981647986583,0.4420221135622757,0.7479000047890935,0.7491471303578696,0.6458630308083613,0.8377373146366011,0.048261004580576,0.7171417219178643,0.7068724686429276,0.7275584528098226,0.7831891115234679,0.7854953906357607,0.6843356262795584,0.8641979963201698,0.0464551735555985,0.7792544201988235,0.7699309991995018,0.7889288465974044,0.7919568588289431,0.7947709768666436,0.7004322033860837,0.8736745396339649,0.045094701212751,0.7688504333583798,0.7588525013231148,0.7785152735944849,0.7912452035197688,0.7924269415304181,0.6979043720812512,0.8727676294962676,0.0449473618018372,False,1.97104e-05,R190Q,18,26,1,0.644487132,25
R555C,missense,False,20.0,63.0,2.0,P/LP,0.9888,8,10973849;14998624;26715165;30758498;32893267;37568094;37583338;9386136,,65.0,0.3076923076923077,0.3174603174603174,0.4660320468865184,0.4586636513552953,0.4735056258854289,0.3290584397103191,0.3270770126386575,0.2285845606854627,0.4371746313653094,0.0539019663950761,0.4345665635492754,0.4269981647986583,0.4420221135622757,0.3239183895205022,0.3229286016067316,0.2226170461396378,0.4334276636968041,0.0535936935578917,0.7986577146845264,0.7895397161985885,0.8076484200872384,0.3719671626360298,0.3707747563091812,0.2666378999439848,0.4826789688621318,0.0560356145769673,0.7792544201988235,0.7699309991995018,0.7889288465974044,0.3703629253562903,0.3701129271918905,0.265886465579407,0.4799312629097845,0.0552457034215648,0.7939008211858098,0.7846001008451787,0.802863534773589,0.3727065067246632,0.3712750455644358,0.2693098733133187,0.4862722289269395,0.0556552737721939,False,1.11299e-05,R555C,5,9,2,0.447858702,7
G314S,missense,False,52.0,59.0,0.0,P/LP,0.9921,18,10973849;15696484;16038262;19841300;21350584;22199116;22949429;24573873;26496715;27379800;29925740;30036649;30758498;32893267;34130155;36277779;38014677;41013213,,59.0,0.8813559322033898,0.8813559322033898,0.4660320468865184,0.4586636513552953,0.4735056258854289,0.8208101868915502,0.8238957063714987,0.7208077619486779,0.9000602004618666,0.0463746666658419,0.4345665635492754,0.4269981647986583,0.4420221135622757,0.816566305595835,0.8201914270898941,0.7160972437030036,0.8964257214467037,0.0467081376620234,0.8012522289862406,0.7921722533245688,0.8101887672279443,0.869275272774915,0.8725384672335674,0.780878651934056,0.9364429821004951,0.0401201274314642,0.7792544201988235,0.7699309991995018,0.7889288465974044,0.8668227512652422,0.8704162425068329,0.7781350416368111,0.9350617151566536,0.040278558151196,0.794769106203372,0.7854589132707382,0.8037527798889814,0.8679890527727193,0.8713086550749596,0.7794466533776099,0.9361759288280664,0.0406295472117713,False,,G314S,9,9,0,0.903154031,9
V141M,missense,False,57.0,58.0,0.0,P/LP,0.8947,12,16109388;20126594;24380499;25974115;26279191;28491547;31315195;34557911;37872640;39503779;40368814;41819279,,58.0,0.9827586206896552,0.9827586206896552,0.4660320468865184,0.4586636513552953,0.4735056258854289,0.9064699855171544,0.9107096909093436,0.8263501189729254,0.9636156857770976,0.0357511877819197,0.4345665635492754,0.4269981647986583,0.4420221135622757,0.9021009038808648,0.9051463873324244,0.8209098013317334,0.961588463909158,0.0357463190527028,0.7141421155460764,0.7038215135526705,0.7245402036925745,0.9432019154395688,0.9479004577804888,0.8782379093244764,0.9840178155618928,0.027403968966987,0.7792544201988235,0.7699309991995018,0.7889288465974044,0.9530769942485978,0.9575255180226012,0.8938585700858005,0.9893458831783404,0.0252995655507768,0.7679901172325934,0.7579669642435365,0.7777207822816236,0.9509880587373232,0.9556278519459422,0.889235721150862,0.98875623696043,0.0262596608402164,False,,V141M,0,6,0,0.175698443,6
R231H,missense,False,46.0,57.0,0.0,P/LP,0.9701,6,16414944;18452873;23350853;28292826;32893267;34750360,,57.0,0.8070175438596491,0.8070175438596491,0.4660320468865184,0.4586636513552953,0.4735056258854289,0.7562085682978864,0.7588629686416679,0.6473075711026008,0.8512308034592168,0.0520879703059815,0.4345665635492754,0.4269981647986583,0.4420221135622757,0.7523362821872388,0.7547290687501389,0.6439465068785775,0.8483543624394934,0.0523645370688189,0.7834779659133162,0.7740546107481787,0.7927456141053839,0.8043282198702066,0.8076622300723517,0.7041258547162178,0.8886769759237653,0.0472113154214049,0.7792544201988235,0.7699309991995018,0.7889288465974044,0.8038745109076921,0.8079967486898875,0.6981474537972399,0.889037390665389,0.0487999582416504,0.788928829334923,0.7796263915729504,0.7978554549004377,0.8033903542755874,0.8067191571898895,0.7020283339122473,0.8866051429752245,0.0480277926919632,False,,R231H,3,16,1,0.361441495,15
R366W,missense,False,46.0,57.0,0.0,P/LP,0.9964,16,10973849;15466642;19841300;22949429;24357532;24606995;26496715;29497013;29740400;29925740;30758498;32893267;33614747;34135346;34531279;34691145,,57.0,0.8070175438596491,0.8070175438596491,0.4660320468865184,0.4586636513552953,0.4735056258854289,0.7557929912685953,0.7572198612772485,0.6451114388224094,0.8510743563544141,0.0523077512523231,0.4345665635492754,0.4269981647986583,0.4420221135622757,0.7508314325031963,0.753485618376335,0.643609733649988,0.8454082822036378,0.0521810794196195,0.8045951105548306,0.7955574678217519,0.8134620545640545,0.8054492728448787,0.8086119041584529,0.7037122808008204,0.8914923576836536,0.0484700628145915,0.7792544201988235,0.7699309991995018,0.7889288465974044,0.8027866059834107,0.8065512670357866,0.6983143933722962,0.8867304080608158,0.0489648288569822,0.7958964019669075,0.7865744823566724,0.8049082867117425,0.8063250617383175,0.8099045528744174,0.7045073689748903,0.890078346295436,0.0477794155648102,False,,R366W,26,29,0,0.843245753,29
Y184S,missense,False,56.0,56.0,0.0,P/LP,0.995,8,10973849;19841300;21350584;22199116;22949429;32893267;34398675;37975542,,56.0,1.0,1.0,0.4660320468865184,0.4586636513552953,0.4735056258854289,0.9195193157811816,0.9239455880038218,0.8455596702661436,0.9715447459306576,0.0328852657778681,0.4345665635492754,0.4269981647986583,0.4420221135622757,0.9142904545190044,0.9185076962959144,0.837220948745354,0.9683185779727284,0.0340259885145707,0.8035114289507256,0.7944579938364483,0.812399469070185,0.9705934874995537,0.9754652765769964,0.9193141596550028,0.996119936672183,0.0205694903400496,0.7792544201988235,0.7699309991995018,0.7889288465974044,0.9666335795836604,0.9714061411777916,0.911821609354536,0.9951589832420578,0.0220442265848159,0.7955298854716655,0.7862036532463758,0.8045607081335776,0.9688254842192467,0.9736241563522594,0.9142641266664512,0.9960406785703664,0.0213694621981253,False,,Y184S,9,14,0,0.685079654,14
R594Q,missense,False,48.0,54.0,5.0,P/LP,0.4786,24,10973849;19841300;22199116;22885918;22956155;24218437;25453094;26481773;26496715;29677589;29740400;29925740;30758498;30974404;32145446;32686758;32893267;33777698;34135346;34364290;37089884;37099628;37178278;38489124,,59.0,0.8135593220338984,0.8888888888888888,0.4660320468865184,0.4586636513552953,0.4735056258854289,0.7631253045825271,0.766632715426551,0.6605248635924281,0.8529735159396601,0.0501155973204794,0.4345665635492754,0.4269981647986583,0.4420221135622757,0.7567405160511635,0.758730032981455,0.6506009787480667,0.8495508502762112,0.0509587853336832,0.2443768010885952,0.2321377521339628,0.2566754100845891,0.7298261717424447,0.7329770895368695,0.6217594258286702,0.8280257681098382,0.0528745670921832,0.7792544201988235,0.7699309991995018,0.7889288465974044,0.8085835351838617,0.8106815602120698,0.7088861473812503,0.8885753902052252,0.0463523773861486,0.6285839167630705,0.5977543120786422,0.6598425932210003,0.7860653932683319,0.7885834961240099,0.6821642148484323,0.8739386244197794,0.0492904689962067,False,1.99229e-05,R594Q,26,34,7,0.746221169,27
Y315C,missense,False,37.0,54.0,0.0,P/LP,0.9963,13,10973849;12702160;15466642;18774102;22199116;24217263;24269949;24606995;29925740;30758498;32893267;34135346;36277779,,54.0,0.6851851851851852,0.6851851851851852,0.4660320468865184,0.4586636513552953,0.4735056258854289,0.6515894797649978,0.6536851900968205,0.5320542614531496,0.7606800310967935,0.0592364435736427,0.4345665635492754,0.4269981647986583,0.4420221135622757,0.6470363071932563,0.648775460636868,0.5294475403452353,0.7550807567829615,0.0578981537239292,0.8045178550786756,0.7954792255137584,0.813387303156304,0.7057250340391988,0.7083875760714673,0.5932030252979008,0.8114482405503413,0.0571698737717759,0.7792544201988235,0.7699309991995018,0.7889288465974044,0.699927333231815,0.7023302387523831,0.5832460689572764,0.807359058754681,0.057084841037931,0.7958702385467613,0.7865486552322728,0.8048808651043985,0.7006519681319143,0.7025225184592088,0.5865713173767331,0.805904092458405,0.0564299174152354,False,,Y315C,19,20,0,0.898593663,20
R243C,missense,False,45.0,51.0,1.0,P/LP,0.9972,14,10973849;15466642;15469540;19841300;20167303;22199116;22949429;26496715;28292826;29672598;30758498;32681117;32893267;35409410,,52.0,0.8653846153846154,0.8823529411764706,0.4660320468865184,0.4586636513552953,0.4735056258854289,0.8012580961684286,0.8035783923079132,0.6939574838803562,0.8916083149553162,0.0505262846890405,0.4345665635492754,0.4269981647986583,0.4420221135622757,0.7966869422752649,0.7996669834042325,0.6896729597518159,0.885698242044369,0.0503512886765839,0.8052123219192683,0.7961829122101067,0.8140611869403089,0.8558593982860111,0.8599311321653416,0.7596145130065758,0.9298970473195952,0.0444188081448329,0.7792544201988235,0.7699309991995018,0.7889288465974044,0.8516915672956803,0.8556952088009566,0.7584955393532853,0.9279932165920568,0.044220366280586,0.7961056188924086,0.78677928921206,0.8051275544576226,0.8542772258694072,0.8575557173817157,0.7589848398981868,0.9307811245335186,0.0446577163905329,False,6.5741e-06,R243C,12,15,1,0.755453235,14
A370V,missense,False,4.0,50.0,40.0,VUS,0.8162,2,26228265;36496179,,90.0,0.0444444444444444,0.08,0.4660320468865184,0.4586636513552953,0.4735056258854289,0.0867991669539129,0.0844208743225485,0.039522120615003,0.1476182903349712,0.0276706747853837,0.4345665635492754,0.4269981647986583,0.4420221135622757,0.0832289131273077,0.0803754862232644,0.0378830415385032,0.1442074637320278,0.0273800230784156,0.6294541112497244,0.6180734354244249,0.6412502920451855,0.1026235954271203,0.1001318543495505,0.0514726318991138,0.1658895325461147,0.0301786965191624,0.3428525058506431,0.3159906754333733,0.3704809453083615,0.0738696612353965,0.071392281452211,0.0308893644467595,0.1291184553273089,0.0257131031468119,0.4627755902694822,0.4272465448732129,0.4978871373652734,0.0864000889668186,0.0836827875179171,0.038653948117414,0.1488381029828121,0.0285610638974503,False,0.000159258,A370V,1,42,41,0.082688744,1
H258P,missense,False,32.0,48.0,0.0,P/LP,0.993,6,22708720;24400285;28438721;29439887;30758498;32893267,,48.0,0.6666666666666666,0.6666666666666666,0.4660320468865184,0.4586636513552953,0.4735056258854289,0.6306415072725087,0.632264589080624,0.5087551460352254,0.7466251704554916,0.0617412027412589,0.4345665635492754,0.4269981647986583,0.4420221135622757,0.627336256949046,0.6293398625255529,0.49986133751528,0.7413236574242488,0.0628009650131855,0.8019554440291776,0.7928839999439102,0.8108770290360154,0.6907505970653474,0.6936470157021195,0.5632952652362274,0.8006585152532717,0.0600608182045875,0.7792544201988235,0.7699309991995018,0.7889288465974044,0.6854085167141908,0.688684670954351,0.5622838088883167,0.8000151547998952,0.0614945693381445,0.7950054362540291,0.7856856956523738,0.8040070195505206,0.687919222813164,0.6899041897750375,0.5621876959438451,0.8008891148924357,0.0606473772116382,False,,H258P,16,20,0,0.728230958,20
R591H,missense,False,37.0,47.0,0.0,P/LP,0.8668,11,10024302;10973849;16253915;19841300;22199116;22885918;29925740;30758498;32681117;32893267;41858555,,47.0,0.7872340425531915,0.7872340425531915,0.4660320468865184,0.4586636513552953,0.4735056258854289,0.7310101640158656,0.733656121726239,0.6112289252942331,0.8359126015222318,0.0579552675605051,0.4345665635492754,0.4269981647986583,0.4420221135622757,0.7241690661794448,0.7258129132426143,0.6057170713068755,0.8308888614737255,0.0580491825955835,0.685357033623134,0.6746687338547023,0.6962213357740451,0.7696560307422485,0.773304472133586,0.6516470034274763,0.8697731167473176,0.0551310735833463,0.7792544201988235,0.7699309991995018,0.7889288465974044,0.7862330621216204,0.7904463538793359,0.6728549018578598,0.8787340723588775,0.0535410950095411,0.7598818241940386,0.7491154438754046,0.7700148625364363,0.7835705046033433,0.7862293279637607,0.670777106107872,0.8788896045883059,0.05279884344403,False,,R591H,23,27,0,0.78857444,27
L266P,missense,False,45.0,45.0,0.0,P/LP,0.9991,10,10973849;17905336;19817925;19841300;21118729;22199116;22949429;32893267;37445499;37975542,,45.0,1.0,1.0,0.4660320468865184,0.4586636513552953,0.4735056258854289,0.9029047232566608,0.9082349764936464,0.8107470722326551,0.9651940243928258,0.0396574407095535,0.4345665635492754,0.4269981647986583,0.4420221135622757,0.8979516258919953,0.9028810486074096,0.8071471647664935,0.9625912591825174,0.0402295040248138,0.8066722703814598,0.7976976012048358,0.8154747742660542,0.9643986670691486,0.9697317456294944,0.9051879424668192,0.9955289425674072,0.0242277282411762,0.7792544201988235,0.7699309991995018,0.7889288465974044,0.960196331513649,0.9657607789581718,0.8959298713287402,0.9940494688785037,0.0262553341052285,0.7966018647813956,0.7872051845965289,0.8056115145581773,0.9631733842496792,0.9684386685177832,0.9006790984379754,0.9952945894584204,0.0252356455232696,False,,L266P,45,48,0,0.854061027,48
S225L,missense,False,42.0,42.0,3.0,P/LP,0.9183,16,10973849;15466642;18273958;19841300;22199116;22885918;22949429;24606995;26496715;29688407;29925740;30758498;32681117;32893267;37975542;40313678,,45.0,0.9333333333333332,1.0,0.4660320468865184,0.4586636513552953,0.4735056258854289,0.8484126525600398,0.8523818395568896,0.7444462154503093,0.9283763151680836,0.0472196781761021,0.4345665635492754,0.4269981647986583,0.4420221135622757,0.8431444927397416,0.8474990982255415,0.7404012050042372,0.9245530232768536,0.0479434075585394,0.737215006752582,0.7272874195465552,0.7472371270144614,0.8975718768089487,0.9025900031430554,0.8009814740440827,0.9639282539702276,0.0410820969428106,0.7792544201988235,0.7699309991995018,0.7889288465974044,0.9055986942396616,0.9104977909725428,0.8161110823613014,0.9670290581644586,0.0390800896105244,0.7746971752622405,0.7650057621402314,0.7839122326852498,0.9030413044721046,0.9079325573129936,0.814407440955567,0.966094975705793,0.040006067162827,False,1.20818e-05,S225L,9,13,3,0.638801909,10
R259C,missense,False,37.0,41.0,1.0,P/LP,0.9787,12,11021476;19841300;21350584;22199116;22949429;26496715;28292826;29439887;29925740;30758498;32681117;32893267,,42.0,0.8809523809523809,0.902439024390244,0.4660320468865184,0.4586636513552953,0.4735056258854289,0.8024068999195932,0.805443366159468,0.6871527982981629,0.8957962326698776,0.0545231038794431,0.4345665635492754,0.4269981647986583,0.4420221135622757,0.793589097639155,0.7963630992577226,0.6802624366870587,0.890095899118978,0.0551656767676089,0.7905599077748837,0.781270754677203,0.7996919471733095,0.8637866896647041,0.868872279042001,0.7594197533714035,0.94194857624209,0.0468095935386714,0.7792544201988235,0.7699309991995018,0.7889288465974044,0.8618849266384421,0.8660792865004725,0.7615112927072688,0.9391766396598306,0.0460412755173163,0.7912263332816548,0.7819559378171879,0.8001575289707216,0.8646607032459013,0.8706074390938452,0.7560743379444472,0.942093120797291,0.0475876867676986,False,4.07721e-06,R259C,16,20,1,0.634744314,19
R190W,missense,False,39.0,40.0,1.0,P/LP,0.9448,13,16414944;22882672;24218437;24552659;25471708;25825456;26813553;29677589;30758498;31009818;32893267;34531279;37975542,,41.0,0.951219512195122,0.975,0.4660320468865184,0.4586636513552953,0.4735056258854289,0.854425167058409,0.8599775372340341,0.7434108057027726,0.9358206859362336,0.0491723652869532,0.4345665635492754,0.4269981647986583,0.4420221135622757,0.8497706686006409,0.8538936980368692,0.7468924234109665,0.9314770223805682,0.0483650804336269,0.761649869831815,0.7520099467519005,0.7713059564736986,0.9133970166352336,0.9188846411202902,0.8210060268333778,0.9716618607765718,0.0391396456041762,0.7792544201988235,0.7699309991995018,0.7889288465974044,0.91732409209496,0.9228888767948156,0.8287893280050431,0.9748808787877924,0.0379628769020114,0.7820620650128361,0.7726651365066888,0.7910810442066918,0.9178667662126244,0.9231745914337988,0.8300123418957124,0.9767473703643572,0.0380243492627053,False,6.57065e-06,R190W,25,30,1,0.732303485,29
G269D,missense,False,19.0,39.0,2.0,P/LP,0.9997,8,10973849;12051962;15466642;22199116;22360817;32893267;36277779;37975542,,41.0,0.4634146341463415,0.4871794871794871,0.4660320468865184,0.4586636513552953,0.4735056258854289,0.4647926909255247,0.4625506489036811,0.3329508900535428,0.5995300377232929,0.0686824665203834,0.4345665635492754,0.4269981647986583,0.4420221135622757,0.4562132170087995,0.4562628480732773,0.3249560197787518,0.5943490406782369,0.0698531988543897,0.8071315741946379,0.7981747428576313,0.8159231664957612,0.5309285340444765,0.5306298057145873,0.3954755974778552,0.6630689004642892,0.0686657377050643,0.7792544201988235,0.7699309991995018,0.7889288465974044,0.5254541164824305,0.5235769881801358,0.3921247212629823,0.6615143178277332,0.0691971097230852,0.796758385630916,0.7873435156736144,0.805751526044873,0.5275626623853347,0.5275577525300976,0.3865796785966467,0.6646030138397646,0.069748263294896,False,1.31363e-05,G269D,38,48,0,0.766350434,48
A341E,missense,False,17.0,38.0,0.0,P/LP,0.9992,11,10973849;12702160;19841300;22677073;22949429;24217263;30758498;32893267;34135346;34505893;36277779,,38.0,0.4473684210526316,0.4473684210526316,0.4660320468865184,0.4586636513552953,0.4735056258854289,0.4520690176723009,0.4496756943044938,0.3168140489668627,0.5953887204833912,0.0701102917491961,0.4345665635492754,0.4269981647986583,0.4420221135622757,0.4440757956265809,0.4443775541895941,0.3073745278548163,0.5840684265178084,0.071678852387114,0.8067488787487843,0.7977772339863753,0.815548942765462,0.5213055726086361,0.52146869624114,0.3795436014996277,0.660598729907794,0.0723029902230304,0.7792544201988235,0.7699309991995018,0.7889288465974044,0.516297326310097,0.5157092807335115,0.3772177735592164,0.6536161819556588,0.0702598060547657,0.7966279578686034,0.7872276961973353,0.8056348551231528,0.5166238269950765,0.5173738199779396,0.374461597923808,0.6551867383909707,0.071950197005055,False,,A341E,3,4,0,0.767953705,4
A344E,missense,False,17.0,38.0,0.0,P/LP,0.999,4,30758498;32681117;32893267;34505893,,38.0,0.4473684210526316,0.4473684210526316,0.4660320468865184,0.4586636513552953,0.4735056258854289,0.4524034124756222,0.4514377900624116,0.3156288461460933,0.5917734517640432,0.0713074466341576,0.4345665635492754,0.4269981647986583,0.4420221135622757,0.4451497040360898,0.4456291387704523,0.3046527843772942,0.5871033309518736,0.0717697540011187,0.8065956389186194,0.7976179450199514,0.8154005826936724,0.521892311025799,0.5218009931105774,0.3828218692789644,0.6607658374161129,0.0708216927204969,0.7792544201988235,0.7699309991995018,0.7889288465974044,0.5174906257273969,0.5177766764813637,0.377574343947178,0.6522086105624887,0.0714004094858564,0.796575769182554,0.7871826712547717,0.805588171866251,0.5205596259050008,0.5209504915270868,0.3838376551533479,0.6607123172257183,0.0712160647076765,False,,A344E,12,13,0,0.851403356,13
R539W,missense,False,35.0,37.0,1.0,P/LP,0.9819,11,10728423;10973849;15466642;15840476;19841300;22199116;24218437;28549997;29688407;30758498;32893267,,38.0,0.9210526315789472,0.945945945945946,0.4660320468865184,0.4586636513552953,0.4735056258854289,0.8276352243537078,0.8322029173371297,0.7113700017612665,0.918358706897822,0.0533710526959104,0.4345665635492754,0.4269981647986583,0.4420221135622757,0.8194347188784691,0.8240320704272417,0.7009292704318669,0.9126735314848028,0.0544321359690109,0.7931511852064331,0.783904630418388,0.8022305408918902,0.8934158770562551,0.8992314351246811,0.7934702704722939,0.9624070510859336,0.0436854650912098,0.7792544201988235,0.7699309991995018,0.7889288465974044,0.8916232733746272,0.8969117154940071,0.7913397384783386,0.962620408064526,0.0442686888738956,0.792076471212986,0.7827961960412422,0.8010121836608357,0.8932672635028474,0.8989577610511986,0.7923873909319912,0.962988199038198,0.0441450793483346,False,6.57065e-06,R539W,21,28,1,0.71234445,27
F296S,missense,False,35.0,35.0,0.0,Conflicting,0.9971,4,21350584;22199116;29688407;32893267,,35.0,1.0,1.0,0.4660320468865184,0.4586636513552953,0.4735056258854289,0.8809591600193145,0.8865252773819227,0.7744815866946798,0.9551242294639104,0.0468545715318633,0.4345665635492754,0.4269981647986583,0.4420221135622757,0.8728775943676162,0.8774952186048788,0.7632237856147458,0.952537575704606,0.0489714742999053,0.8051352514207802,0.7961047827944339,0.8139865566542765,0.9563846138912244,0.9626873823671434,0.8796284577332619,0.9952117201036632,0.0306176229054644,0.3428525058506431,0.3159906754333733,0.3704809453083615,0.8528516623954132,0.8572580089787066,0.7374976900298659,0.9420352745770458,0.0528573238764018,0.5354005299430358,0.4910466834150689,0.5777121942675341,0.8967379740328945,0.9021766880306824,0.7935135088326329,0.9677248125042626,0.0453043194714278,False,,F296S,6,7,0,0.492597056,7
D611Y,missense,False,15.0,34.0,1.0,Conflicting,0.5197,4,15500450;29925740;30758498;32893267,,35.0,0.4285714285714285,0.4411764705882353,0.4660320468865184,0.4586636513552953,0.4735056258854289,0.4361445804092696,0.4360215025069835,0.2957663666420733,0.5794793058885146,0.0722528754500778,0.4345665635492754,0.4269981647986583,0.4420221135622757,0.4308256888887045,0.4282930712204612,0.2935917438046369,0.5762309236266552,0.073503281559203,0.2835491795120768,0.2706127557886044,0.2961814159261513,0.3955579911454475,0.3946622969668014,0.2627940858582316,0.5406709621458676,0.0716906596507037,0.3428525058506431,0.3159906754333733,0.3704809453083615,0.4098147942913586,0.407369527885395,0.2747392955587864,0.5555186759026027,0.0726354998059842,0.3482963141143513,0.320731549425658,0.3762894972323154,0.4093232739505379,0.4090479839842462,0.2707478163570761,0.5522328197915579,0.072216649327056,False,5.51852e-06,D611Y,7,19,1,0.289521815,18
T309I,missense,False,26.0,33.0,0.0,P/LP,0.9981,3,11802537;26118593;33574382,,33.0,0.7878787878787878,0.7878787878787878,0.4660320468865184,0.4586636513552953,0.4735056258854289,0.7115856596277468,0.7131642859136393,0.5689850968863486,0.8386802194450498,0.0687947410218483,0.4345665635492754,0.4269981647986583,0.4420221135622757,0.7044392833343504,0.7076629656913165,0.5617570422542592,0.8337704062498658,0.0696845962148748,0.805904916259732,0.796899986106083,0.814731819971309,0.7919820470218452,0.7959719592320493,0.6641604602197243,0.8976938651676439,0.0602102524664774,0.7792544201988235,0.7699309991995018,0.7889288465974044,0.7851671980722544,0.790575765982924,0.6493978791995744,0.8893704481624708,0.0625602306743202,0.7963407957663932,0.7869809251220788,0.8053739747283524,0.7894436499882497,0.7930406695308081,0.65995862118353,0.8939292465233907,0.0608991320700176,False,,T309I,11,25,0,0.56341464,25
S140G,missense,False,32.0,32.0,0.0,P/LP,0.866,2,14603707;24411289,,32.0,1.0,1.0,0.4660320468865184,0.4586636513552953,0.4735056258854289,0.8733197305091339,0.8787219830529984,0.7586990317341435,0.9548916699821808,0.0500360920803125,0.4345665635492754,0.4269981647986583,0.4420221135622757,0.8660330204771336,0.8716283104116167,0.7500660419923789,0.9499317691753832,0.0519515463244025,0.6845087670042744,0.673805065874534,0.6953805012903564,0.9239498174208668,0.930647508682505,0.826093569279129,0.9819673594266368,0.0403856830505495,0.7792544201988235,0.7699309991995018,0.7889288465974044,0.9479714367486728,0.9547833698356676,0.8662712292496093,0.9923768212697448,0.033464805261683,0.7596464770000404,0.7488838866094926,0.7698280847068656,0.9421912072317884,0.949140866223526,0.8550206110443308,0.990427058981331,0.0357511170642816,False,,S140G,0,2,0,0.320522914,2
F339del,inframe_indel,False,28.0,31.0,0.0,none,,9,12877697;15466642;15950200;19841300;22199116;24606995;27379800;34505893;9702906,,31.0,0.9032258064516128,0.9032258064516128,0.4660320468865184,0.4586636513552953,0.4735056258854289,0.7956570203780867,0.8015448690345479,0.6628300309201896,0.9020450907086992,0.0626692467314521,0.4345665635492754,0.4269981647986583,0.4420221135622757,0.7882182501411785,0.7930805585359049,0.6554160618889984,0.8964617216968526,0.0626662820559656,0.2062008430240162,0.1875290169720347,0.2256830646688847,0.7346322119595717,0.7387322753862844,0.5927435190089064,0.8583636318580309,0.067948936688905,0.8944681765282527,0.8771645775405831,0.9105815351595038,0.9009234393678712,0.9073817654753692,0.7943282887286665,0.9725863975843018,0.0464279227058222,0.7963044171123235,0.7599667302137078,0.8305588708075249,0.8765959978612599,0.8833347331814014,0.7614389931329961,0.9561788081874228,0.050844378255753,False,,F339del,13,16,0,0.79052852,16
G189E,missense,False,30.0,30.0,0.0,P/LP,0.9959,4,19841300;21350584;22949429;32893267,,30.0,1.0,1.0,0.4660320468865184,0.4586636513552953,0.4735056258854289,0.8664782875861472,0.8728030262843148,0.7516740022131297,0.9509485384549856,0.0526219526808393,0.4345665635492754,0.4269981647986583,0.4420221135622757,0.8573038576093218,0.8632534740793841,0.7381288556072256,0.9431560695189816,0.0542853177148418,0.8042086018932855,0.7951599475986478,0.8130859025290827,0.9509892550934436,0.9591585702841204,0.8633177124511737,0.9941627104959644,0.0345991675944788,0.7792544201988235,0.7699309991995018,0.7889288465974044,0.944823634937867,0.9522331501685816,0.851048827848675,0.9929204899116268,0.0368269396934688,0.7957655597443942,0.7864453239567449,0.804785496285433,0.9482763669077752,0.955471405740385,0.858585819536308,0.9936434447154616,0.0349879165999362,False,,G189E,4,4,0,0.643839898,4
L273F,missense,False,29.0,29.0,1.0,P/LP,0.9766,13,10973849;19841300;20403459;21964171;22949429;24372464;24606995;25645639;28249770;28438721;32893267;40492454;Unknown,,30.0,0.9666666666666668,1.0,0.4660320468865184,0.4586636513552953,0.4735056258854289,0.8427452986052405,0.8472139952471412,0.7176377446920413,0.938042323216402,0.0572948432403618,0.4345665635492754,0.4269981647986583,0.4420221135622757,0.8343729779342801,0.8400070388596975,0.7106120974959965,0.9316204653176966,0.0572296868823117,0.7888464531819749,0.779501226863564,0.7980295072325065,0.9228103351869222,0.9288896112999684,0.8277180966950838,0.9819675956020624,0.0405935637011448,0.7792544201988235,0.7699309991995018,0.7889288465974044,0.9199068208305184,0.9266211041198832,0.82165109132235,0.9805089323217486,0.0415842897918712,0.790667031045105,0.7814015100810472,0.7995878203360918,0.9228970684476772,0.9299927988057828,0.821292258406553,0.9828971792537408,0.0420210707873442,False,3.99291e-06,L273F,16,25,1,0.635107802,24
R243H,missense,False,18.0,26.0,1.0,P/LP,0.9869,10,10090886;10728423;10973849;15028050;26022593;28292826;29037160;30758498;32681117;32893267,,27.0,0.6666666666666666,0.6923076923076923,0.4660320468865184,0.4586636513552953,0.4735056258854289,0.6114307617806071,0.615406919790066,0.4501972724355551,0.7556188816959309,0.0789187900716135,0.4345665635492754,0.4269981647986583,0.4420221135622757,0.6045194399860189,0.6074934472595465,0.4494135271908918,0.747456476960763,0.0775585257594711,0.797152448266377,0.7879995345252958,0.8061408669747947,0.7005926622286002,0.7033339415188598,0.547663813586567,0.8361736513857496,0.0749055382073708,0.7792544201988235,0.7699309991995018,0.7889288465974044,0.6949306867490089,0.6987284258865849,0.5380263171104409,0.8284473137013201,0.0738202063090806,0.7933996579519467,0.7841051084596043,0.802352909273032,0.6998817980024482,0.7028548349219759,0.5363479243183857,0.8368750624000064,0.0769119287927583,False,6.57263e-06,R243H,11,21,2,0.609039052,19
G345R,missense,False,16.0,25.0,0.0,P/LP,0.9998,6,10973849;22956155;26496715;32893267;34505893;36496179,,25.0,0.64,0.64,0.4660320468865184,0.4586636513552953,0.4735056258854289,0.5891265686059698,0.5905102267635531,0.421394413720567,0.746432292344294,0.0839809859624379,0.4345665635492754,0.4269981647986583,0.4420221135622757,0.5807377459619258,0.5823564691007982,0.4152248805027734,0.7339856039435267,0.082460780415562,0.8072080440141307,0.7982544736550311,0.8159980604995322,0.6863534752496621,0.6899011643942793,0.5249907598190238,0.8278176823438634,0.0770780330402838,0.7792544201988235,0.7699309991995018,0.7889288465974044,0.6801234536162094,0.6831220372758415,0.5180833678501702,0.8229871458260054,0.0773430572314766,0.7967844636487695,0.7873717744790446,0.805774853848806,0.6834597145627964,0.6871886289668102,0.5199666103456261,0.8254475684021081,0.0783730208901267,False,,G345R,2,2,0,0.841224906,2
S349W,missense,False,17.0,25.0,0.0,P/LP,0.9954,8,10973849;18273958;20662986;24552659;25471708;33614747;34142889;36496179,,25.0,0.68,0.68,0.4660320468865184,0.4586636513552953,0.4735056258854289,0.6175826289949691,0.6207091706440611,0.449188002049767,0.7687298583494928,0.0805717739010648,0.4345665635492754,0.4269981647986583,0.4420221135622757,0.6093004944320768,0.6121302446988826,0.452837118177047,0.7541653358586764,0.0797181265015286,0.8038215149517193,0.79476987379228,0.8127027671704289,0.7139159689839032,0.717936696628614,0.5551971249813211,0.8499551299708551,0.075237032613364,0.7792544201988235,0.7699309991995018,0.7889288465974044,0.7103953971101419,0.715319336718688,0.5538370804434875,0.844912143119977,0.0751906096676602,0.7956346547160422,0.7863126030868844,0.8046616794519634,0.7119457739192178,0.7147002025308159,0.5586023381419324,0.8462718143713552,0.0744806239485559,False,,S349W,2,2,0,0.843698026,2
V133I,missense,False,0.0,25.0,2.0,VUS,0.4474,1,27810088,,27.0,0.0,0.0,0.4660320468865184,0.4586636513552953,0.4735056258854289,0.1261538922366033,0.1208022054749046,0.0411599332951908,0.2484289786268929,0.0537272197887523,0.4345665635492754,0.4269981647986583,0.4420221135622757,0.1177682003453281,0.1099147661766145,0.0358801283478572,0.2423941453367772,0.0533765590972094,0.2171933567248974,0.2053447897181458,0.2289316830706797,0.0587981587713135,0.0506221931734201,0.0089523980285452,0.1523089843190416,0.0382909201305336,0.3428525058506431,0.3159906754333733,0.3704809453083615,0.0927383749470998,0.0852769631066867,0.0230538397387365,0.2044140091769221,0.0474456105171083,0.3223678747907977,0.2958225241475636,0.3496376829729083,0.0876954408277412,0.0795323696585135,0.0201479778959576,0.1965160850236255,0.0466464822778059,False,1.31423e-05,V133I,1,2,1,0.402267131,1
V524G,missense,False,25.0,25.0,0.0,P/LP,0.9449,7,15466642;15840476;19841300;21964171;22199116;32893267;37975542,,25.0,1.0,1.0,0.4660320468865184,0.4586636513552953,0.4735056258854289,0.8455780645976654,0.8526618437717586,0.7075840205094797,0.9442271917348662,0.0606551165621619,0.4345665635492754,0.4269981647986583,0.4420221135622757,0.8380096834380777,0.8453833746847255,0.7033214132597463,0.9384461909202716,0.0619478279446714,0.7617390534767928,0.7520998072674067,0.7713937885493757,0.9312030798114612,0.9397619731030956,0.8240519376709021,0.9890163143272312,0.0429326329229439,0.7792544201988235,0.7699309991995018,0.7889288465974044,0.937352370715867,0.9445049357457492,0.8444611099432783,0.9912324564270129,0.039315216276783,0.7820895231058324,0.7726946580698062,0.7911078617007913,0.9386702670604048,0.9465604471576324,0.8426360456420742,0.9914378106818486,0.0393118683670758,False,,V524G,6,6,0,0.787714419,6
R366Q,missense,False,15.0,23.0,1.0,P/LP,0.9867,6,10973849;24689698;29037160;30758498;32893267;41858555,,24.0,0.625,0.6521739130434783,0.4660320468865184,0.4586636513552953,0.4735056258854289,0.5774330381132919,0.5780682096727519,0.4135059155889193,0.7341646386756862,0.0826921153356014,0.4345665635492754,0.4269981647986583,0.4420221135622757,0.5678777420838134,0.5683824910183584,0.3963089669104028,0.7282892561295973,0.0844440569838891,0.7969935119580166,0.7878351581334032,0.8059848869164479,0.6775052608249028,0.6814604506223234,0.5154526675056267,0.8183254382043086,0.0783007336060552,0.7792544201988235,0.7699309991995018,0.7889288465974044,0.6721478618246666,0.6759293751640867,0.5087010455908229,0.8161057545845252,0.0792849662492759,0.7933468511436073,0.7840528015590685,0.8023085512322935,0.6741643034559927,0.6781651997637668,0.5100320832628222,0.8197018563785344,0.0789294273155664,False,3.98026e-06,R366Q,8,13,1,0.686173688,12
A525V,missense,False,15.0,22.0,0.0,P/LP,0.9754,4,29688407;30758498;32681117;32893267,,22.0,0.6818181818181818,0.6818181818181818,0.4660320468865184,0.4586636513552953,0.4735056258854289,0.6125933087359727,0.6138907020399105,0.447298348294153,0.7715284346604124,0.0836499220566311,0.4345665635492754,0.4269981647986583,0.4420221135622757,0.6060810381998254,0.6087611507157643,0.4325017737083265,0.7702196364068801,0.0870509760990993,0.7878627358377259,0.7785102929044181,0.7970689373935343,0.713505724871712,0.7181922987504872,0.5543394899308127,0.8557143183175596,0.0781593595027212,0.7792544201988235,0.7699309991995018,0.7889288465974044,0.7119091478224882,0.7159516122297744,0.5455797586159831,0.8507112795293119,0.0778644307962705,0.7903469319046607,0.7810523592304842,0.7992765849993227,0.7177628165972626,0.7228666155491799,0.551585957682856,0.853953641494797,0.0775779077571612,False,,A525V,5,7,0,0.548405744,7
D242N,missense,False,14.0,21.0,1.0,P/LP,0.9969,8,10973849;28739325;29925740;30758498;32681117;32893267;41528272;41858555,,22.0,0.6363636363636364,0.6666666666666666,0.4660320468865184,0.4586636513552953,0.4735056258854289,0.583826531068604,0.5834075109873464,0.4173097863320391,0.7467255609597959,0.0852759329526332,0.4345665635492754,0.4269981647986583,0.4420221135622757,0.5741909788412883,0.5758670765129033,0.4011803607225553,0.7375357110181427,0.0865577559868556,0.8049810410674653,0.7959484571314063,0.8138368193774911,0.6874527773071724,0.6920517710028703,0.524179810588926,0.838055137923508,0.0809113766891005,0.7792544201988235,0.7699309991995018,0.7889288465974044,0.6832607864404484,0.6868799912138464,0.5105795911205762,0.8290116111960514,0.0808529813497196,0.7960271813858263,0.7867035838115535,0.8050453509507038,0.6851169041613487,0.6884456752385398,0.5115716591403291,0.8292635692900769,0.0809931203089659,False,4.016e-06,D242N,10,11,1,0.816173946,10
G316E,missense,False,20.0,21.0,0.0,P/LP,0.9996,7,16414944;19808498;20981542;28292826;29925740;30758498;32893267,,21.0,0.9523809523809524,0.9523809523809524,0.4660320468865184,0.4586636513552953,0.4735056258854289,0.7960101763629446,0.8020828777911537,0.6439520068794601,0.9155087695091008,0.0711749613010433,0.4345665635492754,0.4269981647986583,0.4420221135622757,0.7840310487082304,0.7913056998251904,0.6284263178858691,0.9053954580679876,0.0734258770091818,0.8070550812868715,0.7980955310915372,0.8158482488875313,0.9054706541194124,0.914541654879576,0.7778272229670123,0.9813714212128364,0.0526267251145566,0.7792544201988235,0.7699309991995018,0.7889288465974044,0.8973115903675124,0.905582204118392,0.7718591223289649,0.9751980035793604,0.0533267931539434,0.7967323051015522,0.7873177251910147,0.8057281961141786,0.9029835602176094,0.9112270716446847,0.779582151213401,0.9801995271721428,0.0522010896992912,False,,G316E,14,15,0,0.875603157,15
I567T,missense,False,13.0,20.0,0.0,P/LP,0.6988,9,16414944;24372464;28438721;29925740;30758498;31424047;32893267;36277779;38014677,,20.0,0.65,0.65,0.4660320468865184,0.4586636513552953,0.4735056258854289,0.5891309877895153,0.5921405301068844,0.4134491934619054,0.7495701909640788,0.0871999211036902,0.4345665635492754,0.4269981647986583,0.4420221135622757,0.5772818449806459,0.5772458121810777,0.4071661688466882,0.7446043706910741,0.0868642301832235,0.4882576223004862,0.4755238627718683,0.5009229706993097,0.5964808826690786,0.5999023431159958,0.4220459480550246,0.764526717847532,0.0876218496012879,0.7792544201988235,0.7699309991995018,0.7889288465974044,0.6937665357362655,0.697047221921288,0.5216887116322194,0.8410521346808925,0.0827487435640424,0.707066013831237,0.6896277500792595,0.7242605616674617,0.6709571175042504,0.674129648156686,0.4971033511513995,0.8239195068880883,0.0846718434477268,False,,I567T,12,18,0,0.740786143,18
A302V,missense,False,13.0,19.0,1.0,P/LP,0.9871,11,15466642;17222736;19808498;22677073;24606995;25786344;26496715;29876285;36277779;38740897;40313678,,20.0,0.65,0.6842105263157895,0.4660320468865184,0.4586636513552953,0.4735056258854289,0.5863679078688908,0.5878751448444696,0.4024177404617903,0.7563716268023368,0.0907072206627948,0.4345665635492754,0.4269981647986583,0.4420221135622757,0.5787498818035067,0.5804004662501834,0.3997615873132836,0.7480550326137777,0.0895164049093982,0.797311291758889,0.788163817807451,0.8062987189948113,0.699779219641093,0.7047375458812728,0.5272552554522837,0.848507069438291,0.0833820029973722,0.7792544201988235,0.7699309991995018,0.7889288465974044,0.6947351373467584,0.6990137932085501,0.5223726701142741,0.8423254748865079,0.082615234834379,0.7934524547059651,0.7841574061774156,0.8023972597997507,0.6966853123309844,0.7029413008798815,0.5219364045710084,0.8461582977965616,0.0842539663293759,False,6.57039e-06,A302V,6,9,1,0.723680181,8
A590T,missense,False,10.0,19.0,3.0,P/LP,0.3905,9,14998624;16623272;19841300;24713462;28491806;32893267;34395343;36277779;37901857,,22.0,0.4545454545454545,0.5263157894736842,0.4660320468865184,0.4586636513552953,0.4735056258854289,0.4570378773900524,0.457106536576277,0.2856639917353339,0.6294122724194979,0.0875165888868519,0.4345665635492754,0.4269981647986583,0.4420221135622757,0.4491208459749958,0.4492640447571736,0.2811889828256738,0.6221363467180205,0.0888179201516712,0.173417604030408,0.1625747415506752,0.1840455956437912,0.3673784108193664,0.364394037016198,0.2113590610254099,0.5381956258613491,0.0836096470072255,0.7792544201988235,0.7699309991995018,0.7889288465974044,0.5557577774394783,0.5576641648936627,0.385492080101216,0.7220619826680511,0.0863657130517501,0.5948836270663442,0.557990936694192,0.6319744929410883,0.4991878141966875,0.499176098369318,0.3284577429938867,0.669482965964584,0.087776660842367,False,1.97171e-05,A590T,2,10,3,0.332900809,7
F340del,inframe_indel,False,15.0,19.0,1.0,P/LP,,8,10973849;24606995;25294783;29925740;30758498;32681117;32893267;36277779,,20.0,0.75,0.7894736842105263,0.4660320468865184,0.4586636513552953,0.4735056258854289,0.6573615753377947,0.6604500272420504,0.4822654193353452,0.8186907356106083,0.0852578542775859,0.4345665635492754,0.4269981647986583,0.4420221135622757,0.6453494305039665,0.6496138226532551,0.4742279251409437,0.8004814269736242,0.0842380003200863,0.2062008430240162,0.1875290169720347,0.2256830646688847,0.5694594250294729,0.5702259754570966,0.3937886091053871,0.7367407021603275,0.0880059890505929,0.7792544201988235,0.7699309991995018,0.7889288465974044,0.7583792618256591,0.7641550199542263,0.5969159242092944,0.8911636743190231,0.0771218699003977,0.5195421423182139,0.4597126522024955,0.5788403427951581,0.6718842525014674,0.6772667192344302,0.4925337351229505,0.8276353543429728,0.0856826971955279,False,6.843146862143438e-07,F340del,8,9,1,0.8315482,8
Y315S,missense,False,19.0,19.0,0.0,P/LP,0.9941,5,10973849;19841300;20959120;24217263;32893267,,19.0,1.0,1.0,0.4660320468865184,0.4586636513552953,0.4735056258854289,0.8134675104645496,0.820731329411464,0.6586163794439107,0.9285643424620104,0.0718125397159145,0.4345665635492754,0.4269981647986583,0.4420221135622757,0.8035556125730055,0.8093017536304266,0.6503230825982963,0.919353981899812,0.0701046879439417,0.8028123816435575,0.7937514647848446,0.8117156371212615,0.9317220482511884,0.9410391671361698,0.8172866007392685,0.991448756462491,0.0456013652408744,0.7792544201988235,0.7699309991995018,0.7889288465974044,0.9221458495566776,0.9317655561592284,0.7998117615294352,0.9886147653857748,0.0495737783974674,0.7952940076952245,0.7859469949618326,0.804310348424038,0.9290175025408182,0.9400096256893448,0.8096326668052873,0.9916226688015422,0.0480655168727159,False,,Y315S,6,6,0,0.8789498,6
L342F,missense,False,11.0,18.0,0.0,P/LP,0.9905,4,10973849;24217263;32893267;34505893,,18.0,0.6111111111111112,0.6111111111111112,0.4660320468865184,0.4586636513552953,0.4735056258854289,0.5615502577913556,0.5641714112247596,0.3826071931401534,0.7334972138293853,0.0912217370756047,0.4345665635492754,0.4269981647986583,0.4420221135622757,0.5485661117477386,0.5501984994571354,0.3651110846118698,0.7235420776105204,0.093317220898381,0.7999974351361379,0.7909031759907401,0.8089604584071752,0.6790290852160149,0.6842590825927997,0.5008553155939587,0.8380999552763805,0.087122240304698,0.7792544201988235,0.7699309991995018,0.7889288465974044,0.670441765471958,0.6749432692893854,0.4954370324234283,0.8299229813142732,0.0864490873399045,0.7943484613108737,0.7850215692743916,0.8033058324818954,0.676333572809511,0.6802623586740515,0.4936225716869664,0.8351248045889713,0.0877109689146553,False,,L342F,6,6,0,0.853246719,6
E146K,missense,False,11.0,17.0,2.0,VUS,0.3124,4,16414944;20167303;24596401;29672598,,19.0,0.5789473684210527,0.6470588235294118,0.4660320468865184,0.4586636513552953,0.4735056258854289,0.5403738023065974,0.5396486453245417,0.3584436578256442,0.7175019679907659,0.0909411550548018,0.4345665635492754,0.4269981647986583,0.4420221135622757,0.5283581890053849,0.527865700029432,0.3516445873568206,0.7037129168589318,0.0925279420849427,0.1250774541477676,0.1158054418619991,0.1340324066046354,0.423189905484645,0.4218047066782561,0.254350955398983,0.5980837813456117,0.0893873143197108,0.3428525058506431,0.3159906754333733,0.3704809453083615,0.4980671772083274,0.4982417763273501,0.3184279775383549,0.6787967341298349,0.0916022915584558,0.2768598535549576,0.2503002625757902,0.3040905963961061,0.4783231235742467,0.4778857583064017,0.2969428361122754,0.656230885740917,0.09187260623647,False,7.95507e-06,E146K,0,6,2,0.083811405,4
G568R,missense,False,9.0,17.0,0.0,P/LP,0.9945,6,19841300;22885918;22956155;32893267;36277779;40313678,,17.0,0.5294117647058824,0.5294117647058824,0.4660320468865184,0.4586636513552953,0.4735056258854289,0.5052739166850113,0.5074245585658259,0.3199589533422891,0.6858822035192008,0.095261708083816,0.4345665635492754,0.4269981647986583,0.4420221135622757,0.4948815330757928,0.4925533728778067,0.3100828282835363,0.6874023646385095,0.0950583082028175,0.8031233007846542,0.7940662737697031,0.8120198154505132,0.6293088819972976,0.6318971984741606,0.441571613147769,0.8025613281402967,0.091577024070374,0.7792544201988235,0.7699309991995018,0.7889288465974044,0.6217416558684381,0.6257024583376789,0.4364015691389439,0.7916597899682185,0.0915214305907716,0.7953988673872482,0.7860610059284722,0.8044216493575086,0.6259580864380967,0.6280876899744767,0.438180283827375,0.7973178797249258,0.0925076384608108,False,,G568R,10,10,0,0.891530748,10
R397W,missense,False,13.0,17.0,50.0,VUS,0.2747,7,19841300;22199116;23571586;30615648;34398675;39055936;41858555,,67.0,0.1940298507462686,0.7647058823529411,0.4660320468865184,0.4586636513552953,0.4735056258854289,0.2283998124367983,0.2263646734550597,0.1408361809320542,0.3315734164112983,0.0480823336426021,0.4345665635492754,0.4269981647986583,0.4420221135622757,0.2253848988177182,0.2228878113228288,0.1385659214897316,0.3229848517476264,0.0476656116113288,0.1061806677520562,0.0977152520662053,0.1143796878946476,0.1828037105378962,0.1798982774623921,0.1047221851443817,0.27659660877773,0.0437726313633069,0.3428525058506431,0.3159906754333733,0.3704809453083615,0.212728988278522,0.2115212697564426,0.1278660594337723,0.3151726851835497,0.0465885849216246,0.2648899930307097,0.2381788747392399,0.2923829563481984,0.20375411202183,0.20070458959344,0.1224756000061239,0.2994308596765376,0.0463491769573693,False,0.000198932,R397W,5,59,53,0.112656916,6
G179S,missense,False,13.0,16.0,1.0,P/LP,0.8759,8,10973849;25935074;27485560;28944242;29684900;31785541;32893267;37975542,,17.0,0.7647058823529411,0.8125,0.4660320468865184,0.4586636513552953,0.4735056258854289,0.652688156184421,0.6570317579773762,0.4609730154996962,0.8183742756517041,0.091218670244301,0.4345665635492754,0.4269981647986583,0.4420221135622757,0.6434389204062222,0.6477914554229186,0.4507533562092272,0.8079793089563856,0.0921460650628057,0.6949181919707933,0.6842933814223661,0.7056290872526749,0.737385243422973,0.7430009213407538,0.5619553087464303,0.8802056121328687,0.0826177614598577,0.7792544201988235,0.7699309991995018,0.7889288465974044,0.7697921450480274,0.7756101130838651,0.5980882215128354,0.9072117504723196,0.0805032330779642,0.7625477296868786,0.7520457652400924,0.7726063313770689,0.7648324269803626,0.7719277613389934,0.5888821818762205,0.903672943940456,0.0805834706338213,False,6.57013e-06,G179S,4,8,0,0.513152925,8
P117L,missense,False,10.0,16.0,0.0,P/LP,0.9973,5,11684219;18222468;23304551;30758498;32893267,,16.0,0.625,0.625,0.4660320468865184,0.4586636513552953,0.4735056258854289,0.564673888740966,0.5641537966499796,0.373691757395711,0.7378043285944387,0.09539216639265,0.4345665635492754,0.4269981647986583,0.4420221135622757,0.5512056110856843,0.5511687903429682,0.3638643145493062,0.7388321761916855,0.0963845136314142,0.80528936930043,0.7962610193491833,0.8141357941209123,0.6949949977803732,0.7013350071730378,0.5096683370359085,0.8490281599502733,0.0883317456164645,0.7792544201988235,0.7699309991995018,0.7889288465974044,0.6830021684289761,0.6842915070690316,0.5000083577484191,0.8431787916521546,0.0887430529961273,0.7961317597039158,0.7868017000714649,0.8051549497874786,0.6908170300104821,0.6944448351371507,0.5053258586375616,0.8526872751157356,0.0888066290893632,False,,P117L,2,2,0,0.857049345,2
A300T,missense,False,9.0,15.0,12.0,Conflicting,0.9316,8,10973849;19841300;22949429;28600177;29688407;32893267;33693037;34884666,,27.0,0.3333333333333333,0.6,0.4660320468865184,0.4586636513552953,0.4735056258854289,0.3715152950028743,0.3680153130850536,0.2240596228374309,0.5328481984903343,0.0783722874835864,0.4345665635492754,0.4269981647986583,0.4420221135622757,0.3606382829909938,0.3553747652407418,0.218091356837746,0.521715696865075,0.0787234201422162,0.7496770811250361,0.7399173527826142,0.75950536173181,0.4453263784571965,0.443663887916505,0.293260396712342,0.6030920712923107,0.0796949968378162,0.3428525058506431,0.3159906754333733,0.3704809453083615,0.3362600707456665,0.3336217462918579,0.1990505201217309,0.4912103863572283,0.0752828906606627,0.5091269041393814,0.4683976779383537,0.54886123790406,0.383396075626669,0.3816990567663022,0.2388985783110317,0.5398153967041203,0.0777324131343847,False,4.80165e-05,A300T,2,14,12,0.239051916,2
F339S,missense,False,9.0,15.0,0.0,P/LP,0.9954,6,17224687;19808498;23291057;30758498;32893267;34505893,,15.0,0.6,0.6,0.4660320468865184,0.4586636513552953,0.4735056258854289,0.5442482982053488,0.5443958410626768,0.3535646894364844,0.7310491375019869,0.0985807174694167,0.4345665635492754,0.4269981647986583,0.4420221135622757,0.5342954904611757,0.5342688779059422,0.3395708428524158,0.7206415873185358,0.0976836240160114,0.8038215149517193,0.79476987379228,0.8127027671704289,0.6826302042531734,0.6858777340339255,0.4996118269200413,0.8417664560378694,0.0897011829908687,0.7792544201988235,0.7699309991995018,0.7889288465974044,0.6731176364188237,0.6763338422018585,0.4888794523308062,0.8387428591926391,0.0909850531233764,0.7956346547160422,0.7863126030868844,0.8046616794519634,0.6782549297058204,0.681996474278118,0.4854640260744899,0.8384477179908223,0.0917886901502943,False,,F339S,4,4,0,0.773435631,4
G272D,missense,False,11.0,15.0,2.0,P/LP,0.9983,7,16414944;19841300;22629021;22949429;26496715;30758498;31226583,,17.0,0.6470588235294118,0.7333333333333333,0.4660320468865184,0.4586636513552953,0.4735056258854289,0.5803826800407996,0.5822766330894356,0.3901695052929052,0.7591947489419545,0.0930873202784426,0.4345665635492754,0.4269981647986583,0.4420221135622757,0.5640358143079294,0.5638953485207043,0.3766541379840465,0.7435556766052062,0.0945637301012893,0.8060585719047402,0.7970596963812828,0.8148805954973788,0.705842763960575,0.709816476562916,0.5260573904630872,0.8582950886513108,0.0847950551735118,0.7792544201988235,0.7699309991995018,0.7889288465974044,0.695754008291671,0.7019675262464216,0.5129398971231833,0.85161580504976,0.087251102135638,0.7963930296633783,0.7870257142111354,0.8054245754883362,0.7022189187491583,0.7092624937310432,0.514918085915661,0.8534966437813537,0.0877472673717256,False,7.98626e-06,G272D,6,8,2,0.638178816,6
L250H,missense,False,10.0,15.0,0.0,none,0.9992,6,10973849;29439887;29925740;30758498;32681117;32893267,,15.0,0.6666666666666666,0.6666666666666666,0.4660320468865184,0.4586636513552953,0.4735056258854289,0.5822892470618931,0.5855676993737979,0.3917032576641173,0.7601805274077811,0.0938931038102776,0.4345665635492754,0.4269981647986583,0.4420221135622757,0.5743756169005398,0.5769536625617051,0.3849640531633936,0.7522702336803881,0.095556220504069,0.8067488787487843,0.7977772339863753,0.815548942765462,0.7206685372638697,0.7263360189928563,0.533992283939051,0.8747740256775886,0.0891088456665482,0.8944681765282527,0.8771645775405831,0.9105815351595038,0.7602702713001128,0.767319118013327,0.5807936579153086,0.9014449053758165,0.0832758405549291,0.9339860777870505,0.920879379940618,0.94569821744141,0.7744508768048605,0.7816255508918559,0.5954831371373442,0.9122926356269856,0.0818707598532992,False,,L250H,4,8,0,0.618837112,8
R174C,missense,False,7.0,15.0,2.0,P/LP,0.979,6,10973849;28292826;29037160;29925740;30758498;32893267,,17.0,0.4117647058823529,0.4666666666666667,0.4660320468865184,0.4586636513552953,0.4735056258854289,0.4305961536138836,0.4292727454270535,0.2549793574129219,0.6108617585783732,0.0915925801447773,0.4345665635492754,0.4269981647986583,0.4420221135622757,0.4210875050689673,0.4198126001920357,0.2462212390322767,0.6047607419585111,0.0932310029649714,0.7908038505865541,0.7815177159779497,0.7999319899452589,0.5523824982507862,0.5537237199848614,0.3624947733070197,0.7414861449957822,0.096199173854728,0.7792544201988235,0.7699309991995018,0.7889288465974044,0.5490279236470944,0.5524398053271231,0.3664132464019181,0.7233657626947466,0.0928668269671776,0.7913061430832388,0.7820350589144743,0.8002257332175099,0.5518640384984512,0.5544380419397479,0.3631833674838491,0.7352310917495181,0.0943790171512027,False,1.3143e-05,R174C,3,4,1,0.737654921,3
K393N,missense,False,9.0,14.0,275.0,B/LB,0.4216,8,19841300;22677073;22949429;26970180;30020974;30816480;31337358;33552729,,289.0,0.0311418685121107,0.6428571428571429,0.4660320468865184,0.4586636513552953,0.4735056258854289,0.0457779420019232,0.0450401267519126,0.0244378753413588,0.0715577303494444,0.0119100555008068,0.4345665635492754,0.4269981647986583,0.4420221135622757,0.0442770189139948,0.0431197157997761,0.023285750999084,0.0703997922609933,0.0119415632410302,0.1964182411173646,0.1850561478250569,0.2076942740716572,0.0365592534870002,0.0354328141469906,0.0184433889698841,0.060707923401289,0.0109180646157113,0.0194332902472944,0.0162506244200721,0.0229669275454812,0.0307200795744703,0.0296629568942827,0.0143609808139046,0.0524344278053897,0.0099547326131,0.0310088257501244,0.0255185650146513,0.0370758170341369,0.0310548542880513,0.029943254401601,0.0143574454039683,0.0527976079111537,0.0101435119596585,True,0.001094,K393N,11,303,290,0.053183966,13
P408A,missense,False,4.0,14.0,636.0,B/LB,0.0724,3,19841300;21964171;26970180,,650.0,0.0061538461538461,0.2857142857142857,0.4660320468865184,0.4586636513552953,0.4735056258854289,0.0131346080604239,0.0127837018087547,0.0059891850373523,0.0223138375439173,0.0043065722557615,0.4345665635492754,0.4269981647986583,0.4420221135622757,0.0125981608763718,0.0120571661035617,0.0057274700307485,0.0222183455725553,0.0043224917958647,0.0421357268117135,0.037596587522455,0.0467118252710831,0.0067615687266232,0.0062638392352915,0.0019493141611017,0.0141253275355041,0.0031715882189615,0.0194332902472944,0.0162506244200721,0.0229669275454812,0.0063495609036347,0.0058364495947858,0.0018324809398696,0.0138525558705301,0.0031067701187022,0.0179032287187237,0.0148322261024217,0.0213368853074427,0.0064013213951713,0.0058361473389516,0.0017735023538589,0.0140831364178581,0.0032149478912268,True,0.00417827,P408A,0,460,451,0.001591581,9
S277del,inframe_indel,False,12.0,14.0,0.0,none,,6,16414944;17023080;20890437;27485560;32893267;36277779,,14.0,0.8571428571428571,0.8571428571428571,0.4660320468865184,0.4586636513552953,0.4735056258854289,0.6956478511570682,0.7024135596852281,0.5038963068560521,0.8542335298669054,0.0910033351802818,0.4345665635492754,0.4269981647986583,0.4420221135622757,0.6804444953050288,0.6848240543410419,0.4861043805616706,0.8448279316329409,0.0922719836964043,0.2062008430240162,0.1875290169720347,0.2256830646688847,0.5852993747557848,0.5865701748973002,0.3859001019536837,0.7704770390618532,0.0992575978708504,0.8944681765282527,0.8771645775405831,0.9105815351595038,0.8722827260814305,0.8833259180570061,0.7109361580867702,0.9733992508838524,0.067479352832431,0.7963044171123235,0.7599667302137078,0.8305588708075249,0.8311255632372648,0.8396098821362492,0.6592052097081369,0.9508053699816182,0.0754065443940049,False,,S277del,6,6,0,0.88685564,6
A178T,missense,False,8.0,13.0,1.0,P/LP,0.8777,6,10973849;30758498;32893267;36277779;37089884;37975542,,14.0,0.5714285714285714,0.6153846153846154,0.4660320468865184,0.4586636513552953,0.4735056258854289,0.52624721915586,0.527674471019927,0.3329901717887115,0.7195038524887465,0.0992774690024896,0.4345665635492754,0.4269981647986583,0.4420221135622757,0.516915592341986,0.5161314867666611,0.3220590864559898,0.7090298222729272,0.1003012363513248,0.6967899985588325,0.6862038543269477,0.7074637099524443,0.6222101828498491,0.6255218500900797,0.4249749126635916,0.8021310041837592,0.0964601105976217,0.7792544201988235,0.7699309991995018,0.7889288465974044,0.6580746512116787,0.6620915566706808,0.4639750982221723,0.8293141090319658,0.0958816223934999,0.7630726165511836,0.7526472834872592,0.773072771304389,0.6541663352312928,0.6581585899994165,0.4590260469769481,0.825158318184818,0.0946894394507041,False,4.01816e-06,A178T,6,7,1,0.752254751,6
A46T,missense,False,6.0,13.0,11.0,VUS,0.0714,5,16414944;19808498;25786344;32893267;36277779,,24.0,0.25,0.4615384615384615,0.4660320468865184,0.4586636513552953,0.4735056258854289,0.3134663502253333,0.3104994080121497,0.1709479476704217,0.4728995067760105,0.0778198422375998,0.4345665635492754,0.4269981647986583,0.4420221135622757,0.3042316567330412,0.3003033047689878,0.1675828265999713,0.4627776802478238,0.0762647579681205,0.0419379917212295,0.0374147412838522,0.0464985180981162,0.1915170738126253,0.1872315287744595,0.0767946265453126,0.3389062636526219,0.0674956770231896,0.3428525058506431,0.3159906754333733,0.3704809453083615,0.2784627823001579,0.2738890390844773,0.1377812953364682,0.4399803591328135,0.0777212176984521,0.2063251170865361,0.1786923715447299,0.2354481266020325,0.2367376469539572,0.2316716621185639,0.1112223917470196,0.3966798474728619,0.073168591421802,False,7.4234e-05,A46T,5,10,1,0.323550219,9
L353P,missense,False,13.0,13.0,0.0,VUS,0.9999,5,10973849;19841300;22949429;32893267;36496179,,13.0,1.0,1.0,0.4660320468865184,0.4586636513552953,0.4735056258854289,0.7680007052164922,0.7757851264988807,0.5794420353848186,0.913870285347596,0.0867358205676805,0.4345665635492754,0.4269981647986583,0.4420221135622757,0.7556320673542627,0.7632885562281746,0.5638182370857298,0.9006786272737122,0.0880461325287707,0.8072844907465808,0.7983338910412305,0.8160729309006886,0.9161957576860714,0.9269707918527392,0.7759439368960591,0.990049645147236,0.0568090902616943,0.3428525058506431,0.3159906754333733,0.3704809453083615,0.7143060453613947,0.720758726030135,0.5221592578860087,0.8730403417614948,0.0912539963030181,0.5365200277927019,0.4919154720058357,0.5789020228618468,0.7993765958312935,0.8066099014424477,0.6193007419144267,0.9315940698733892,0.0817712120931992,False,,L353P,8,8,0,0.879141611,8
R583H,missense,False,12.0,13.0,5.0,P/LP,0.2818,6,15851171;16414944;24606995;26496715;32893267;38657442,,18.0,0.6666666666666666,0.9230769230769232,0.4660320468865184,0.4586636513552953,0.4735056258854289,0.5973278071905873,0.6005697468606555,0.4113073822561633,0.76837415202328,0.090286189257688,0.4345665635492754,0.4269981647986583,0.4420221135622757,0.5862994528610855,0.5885480555022404,0.4085834770078204,0.7574794382718861,0.0913549568888471,0.1095358127910813,0.1008954867909096,0.117883671476018,0.465937710067166,0.4639208054715558,0.2820020902918291,0.6507959603867024,0.0938511933840305,0.7792544201988235,0.7699309991995018,0.7889288465974044,0.7074484095313653,0.7145591928135957,0.5286061628178639,0.8572101798249843,0.085375881767575,0.5521056056287942,0.5079251392810662,0.5972545648182029,0.6246468902164669,0.6269778803453383,0.4445687404776293,0.7929599553346766,0.09045973511441,False,3.28571e-05,R583H,8,14,5,0.556200529,9
S566F,missense,False,13.0,13.0,0.0,P/LP,0.9587,5,10973849;19841300;22956155;32893267;37445499,,13.0,1.0,1.0,0.4660320468865184,0.4586636513552953,0.4735056258854289,0.7681176737766423,0.7748815894515324,0.5774869666349972,0.9164876452329702,0.0861253987043748,0.4345665635492754,0.4269981647986583,0.4420221135622757,0.7543575197629185,0.7607109906782175,0.5621709219617542,0.8998073191357999,0.086639879810657,0.7738256213283675,0.7642972144932871,0.7832404707408577,0.900857568399376,0.9139715684398004,0.7499373552660336,0.9839451473281378,0.061724117228778,0.7792544201988235,0.7699309991995018,0.7889288465974044,0.9044266728593536,0.916006086605432,0.7616468194096362,0.9868636133306096,0.0598156982767516,0.7858546341163742,0.7765254192181518,0.7948170879112522,0.9072658050968176,0.9194937958436796,0.763650559623132,0.9875053190085644,0.0587824192067392,False,,S566F,6,6,0,0.861336731,6
T312I,missense,False,13.0,13.0,0.0,P/LP,0.9989,9,10973849;15466642;19841300;22677073;22949429;25294783;27379800;32893267;34546463,,13.0,1.0,1.0,0.4660320468865184,0.4586636513552953,0.4735056258854289,0.7676959330545211,0.778262757801645,0.5718037168925607,0.915236485705182,0.0891485319446282,0.4345665635492754,0.4269981647986583,0.4420221135622757,0.7554343552704349,0.7624047583749967,0.5702611787166963,0.9001378499864309,0.0856381109255271,0.8065189843590691,0.7975382654311095,0.8153263680465677,0.9151184527711008,0.927871078826534,0.7752490101516737,0.9888964456087892,0.0577665050604264,0.7792544201988235,0.7699309991995018,0.7889288465974044,0.9034248340540488,0.9141344908971648,0.7539970979254216,0.9852228274400964,0.060043220443627,0.7965496710720612,0.7871601561720659,0.8055648270473432,0.9125705660690636,0.9247511184458316,0.7781935774240428,0.9882508061735988,0.056858322423707,False,,T312I,3,3,0,0.843244928,3
F193L,missense,False,8.0,12.0,0.0,none,0.9996,5,12653681;19957170;22199116;30758498;37975542,,12.0,0.6666666666666666,0.6666666666666666,0.4660320468865184,0.4586636513552953,0.4735056258854289,0.5740311721155136,0.5754990732108132,0.3650282031188588,0.7718365490543113,0.1029779770112583,0.4345665635492754,0.4269981647986583,0.4420221135622757,0.560937310209554,0.5644950023218605,0.3456105882441456,0.752633723257051,0.1036256132489045,0.8070550812868715,0.7980955310915372,0.8158482488875313,0.7289143607866482,0.7359470483488693,0.5244108976415018,0.8922226372825848,0.0941326771639108,0.8944681765282527,0.8771645775405831,0.9105815351595038,0.767784822828274,0.7766800118968501,0.567886937822594,0.9143546218368264,0.0887446555145315,0.9340256986645038,0.920925777807562,0.9457290182540506,0.7865688317576346,0.7954036887896507,0.5978467213295743,0.9254181800364608,0.0852834793809648,False,,F193L,3,5,0,0.543964549,5
R518G,missense,False,10.0,12.0,0.0,P/LP,0.9645,4,16414944;29925740;30758498;32893267,,12.0,0.8333333333333334,0.8333333333333334,0.4660320468865184,0.4586636513552953,0.4735056258854289,0.6686530643306227,0.6760649220697819,0.4683579938121865,0.841359704551864,0.0978408856177038,0.4345665635492754,0.4269981647986583,0.4420221135622757,0.6504148737942315,0.6532288583448352,0.446543838352394,0.8308066967956466,0.0991624946115863,0.7787741280597216,0.7692971467504436,0.7881216221718981,0.8090012638649464,0.8187619791878014,0.6249175112363218,0.9399842684474224,0.0819815094960888,0.7792544201988235,0.7699309991995018,0.7889288465974044,0.8091711555561287,0.8175737785463468,0.6287847438289004,0.9442575529975268,0.0807094395182364,0.7874227820642983,0.7781241830793628,0.7963641590611192,0.8127683281505398,0.8238677960064512,0.6334196816024024,0.9422675614730452,0.0805965799839389,False,,R518G,4,4,0,0.665779095,4
R555H,missense,False,11.0,12.0,4.0,P/LP,0.979,6,19841300;29688407;30758498;31006312;32893267;37975542,,16.0,0.6875,0.9166666666666666,0.4660320468865184,0.4586636513552953,0.4735056258854289,0.6005737570883248,0.6018487660237647,0.40917054613673,0.7841129542157599,0.0950217245324528,0.4345665635492754,0.4269981647986583,0.4420221135622757,0.591195978489484,0.5932069726554547,0.4019526058130499,0.7712353691784184,0.0943859179212528,0.7908038505865541,0.7815177159779497,0.7999319899452589,0.727607589158162,0.734689311446193,0.546501286808567,0.8756586123767912,0.0855771175746242,0.7792544201988235,0.7699309991995018,0.7889288465974044,0.7212565044284267,0.7256400556205056,0.5380803090573655,0.8736663261404422,0.0865658678179389,0.7913061430832388,0.7820350589144743,0.8002257332175099,0.7247177908640763,0.7293768060801344,0.5423265147521027,0.8794678397791456,0.0870914413954757,False,2.27118e-05,R555H,9,14,4,0.497314335,10
E160K,missense,False,6.0,11.0,0.0,P/LP,0.9966,4,10973849;19841300;22949429;36277779,,11.0,0.5454545454545454,0.5454545454545454,0.4660320468865184,0.4586636513552953,0.4735056258854289,0.5052870556287928,0.5052269083293053,0.2958416415795918,0.7153416983953964,0.1082456949818214,0.4345665635492754,0.4269981647986583,0.4420221135622757,0.4931630650489484,0.4920357026933973,0.2832537003898461,0.7004894170143966,0.1077269645214665,0.8047495521303096,0.7957138857097594,0.813611488144477,0.671123973706301,0.6767548946961434,0.4568865465046596,0.8464631269530777,0.1005217919870797,0.7792544201988235,0.7699309991995018,0.7889288465974044,0.6569700813934631,0.6610042541294204,0.4527280359808238,0.8336650886875077,0.1006435194255787,0.7959487212707774,0.7866261297720613,0.8049631211667333,0.6632651962902403,0.6678589593119695,0.4631978159474174,0.8433416323232914,0.0993149643468565,False,,E160K,1,1,0,0.835304846,1
R259H,missense,False,8.0,11.0,4.0,P/LP,0.9127,7,24291113;25974115;26346102;31315195;34557911;38653189;41043906,,15.0,0.5333333333333333,0.7272727272727273,0.4660320468865184,0.4586636513552953,0.4735056258854289,0.5064616548858696,0.5070369139665075,0.3139212282413767,0.696322687495792,0.097610926144825,0.4345665635492754,0.4269981647986583,0.4420221135622757,0.4923062160786219,0.4914644303559375,0.2987605983134256,0.689040623511541,0.0996206763535095,0.7318498978774377,0.7218254446969875,0.7419841326143248,0.6121468242699726,0.6170063481833759,0.4127024117704143,0.7917901951051408,0.0981230905430155,0.7792544201988235,0.7699309991995018,0.7889288465974044,0.6331682723030332,0.6375004864754934,0.4368074808882613,0.8098695994119631,0.0946507791932943,0.7731182796556104,0.7633406169414254,0.7824077160457287,0.6322338690517305,0.6337183542670112,0.4426346777371063,0.807957994325823,0.0952617146946069,False,1.63348e-05,R259H,0,6,5,0.152380958,1
R293C,missense,False,9.0,11.0,9.0,VUS,0.14,5,28438721;28944242;32893267;33876311;41564389,,20.0,0.45,0.8181818181818182,0.4660320468865184,0.4586636513552953,0.4735056258854289,0.456149102069005,0.4552618417060809,0.2878094883613273,0.638842460522906,0.0893306851759287,0.4345665635492754,0.4269981647986583,0.4420221135622757,0.445909376081159,0.4446030524069009,0.2764493957920819,0.6216647588410207,0.0902281900770939,0.0577653771417677,0.0520574987022913,0.0634829403085321,0.3225669257916747,0.318802372290241,0.1718044039418618,0.4969092650814036,0.0840575926744625,0.3428525058506431,0.3159906754333733,0.3704809453083615,0.4128964763931649,0.4107147203999715,0.2483235903486962,0.5903298157720467,0.0884791788016192,0.2249384076100262,0.1977251923845535,0.2534569392152292,0.3748640392972385,0.3716966764650804,0.2128615663906814,0.5477140290859503,0.0853007488899548,False,3.5964e-05,R293C,10,20,10,0.528720402,10
S546L,missense,False,11.0,11.0,0.0,P/LP,0.9898,4,15466642;19808498;19841300;32893267,,11.0,1.0,1.0,0.4660320468865184,0.4586636513552953,0.4735056258854289,0.7448032555733921,0.750807267009062,0.544977804343011,0.900780573128238,0.0932876784020746,0.4345665635492754,0.4269981647986583,0.4420221135622757,0.7276770754226747,0.7348861837363181,0.524351720434083,0.8879726526595936,0.0949422875667411,0.7994465970399331,0.7903449464309196,0.8084210810610573,0.904138626418374,0.916485940454344,0.7497697187059044,0.9881386360444792,0.0627629611357042,0.7792544201988235,0.7699309991995018,0.7889288465974044,0.894489011897333,0.9066165959967918,0.7364263483207263,0.9840875965444856,0.0654521698933768,0.794164226869041,0.7848478689186916,0.80310986212243,0.9012471402038152,0.9143682274182984,0.7462137633652478,0.9856053038637548,0.0633612906598914,False,,S546L,9,9,0,0.665350161,9
A525T,missense,False,6.0,10.0,1.0,P/LP,0.9327,6,10482963;10973849;19841300;36277779;37445499;37975542,,11.0,0.5454545454545454,0.6,0.4660320468865184,0.4586636513552953,0.4735056258854289,0.5082598098282084,0.5082283921412705,0.2997282583306135,0.7163134240780596,0.1070689933501065,0.4345665635492754,0.4269981647986583,0.4420221135622757,0.4931365691404211,0.4919877015173821,0.2863865651708457,0.6973018794503824,0.1065649270849842,0.7506899547102183,0.7409711295959615,0.7605044838920438,0.644568257904694,0.6470586341420479,0.4382839599159442,0.8313610574981678,0.1008576964217669,0.7792544201988235,0.7699309991995018,0.7889288465974044,0.6546698446870384,0.659119520462687,0.4457115618467447,0.8334328233108983,0.0998865575358758,0.7787210948570522,0.7691643288679898,0.7877641505683666,0.6588251171119591,0.6631160531842757,0.4518987103219218,0.8416597377462338,0.1019648774525304,False,3.97814e-06,A525T,2,7,1,0.40586173,6
I567S,missense,False,8.0,10.0,0.0,none,0.948,6,15466642;19841300;22199116;32893267;33504163;36277779,,10.0,0.8,0.8,0.4660320468865184,0.4586636513552953,0.4735056258854289,0.631363913507314,0.6363288017702892,0.4171033692934449,0.8208426430678608,0.1045768098478406,0.4345665635492754,0.4269981647986583,0.4420221135622757,0.6178854831615124,0.6201035424190199,0.4057564974701803,0.8135405550206385,0.1056214219462526,0.7644923580891825,0.7548730945741103,0.7741045932241101,0.7810355901900227,0.7893950982348634,0.5878868585235375,0.9263825320052776,0.0895514824401227,0.8944681765282527,0.8771645775405831,0.9105815351595038,0.8484177611061104,0.8573393193202576,0.6705598512946467,0.9640042294269314,0.0776915721910545,0.928727063458702,0.914802796023057,0.9411372500821836,0.8625775369592056,0.8757976110410572,0.6834376541871419,0.9699410944749912,0.0742948759332989,False,,I567S,7,7,0,0.881847189,7
M520R,missense,False,10.0,10.0,0.0,P/LP,0.9971,4,17482572;19841300;32893267;36496179,,10.0,1.0,1.0,0.4660320468865184,0.4586636513552953,0.4735056258854289,0.7323533446712773,0.7412448563384009,0.5224499219695183,0.8994515799741384,0.09798210969384,0.4345665635492754,0.4269981647986583,0.4420221135622757,0.7160827412706138,0.721705495630389,0.5047460756397407,0.8864980435649552,0.09817004802842,0.8051352514207802,0.7961047827944339,0.8139865566542765,0.902845226862686,0.9163731710191788,0.7488272862220124,0.988187849403814,0.0640628812563985,0.7792544201988235,0.7699309991995018,0.7889288465974044,0.8880973773356264,0.9008742698543905,0.7160284619009741,0.9837574383488968,0.0697337417038456,0.7960794755689039,0.7867552084487713,0.8051001562082408,0.9000265158216028,0.912890471750244,0.734542622696315,0.9866701366923702,0.0654942678045892,False,,M520R,4,4,0,0.816677431,4
R116L,missense,False,10.0,10.0,0.0,VUS,0.982,1,29097701,,10.0,1.0,1.0,0.4660320468865184,0.4586636513552953,0.4735056258854289,0.7340392712528865,0.7419605185472047,0.5195650071119542,0.9037763848720264,0.0968621405328482,0.4345665635492754,0.4269981647986583,0.4420221135622757,0.7170883730559209,0.7244028629993449,0.5102088664544832,0.8857472088973678,0.0972410401164481,0.7932317793504952,0.7839856168029887,0.8023091691237755,0.897745262395483,0.9115137509901852,0.7320292809915304,0.9874110701412716,0.0667067914903694,0.3428525058506431,0.3159906754333733,0.3704809453083615,0.6689546882509039,0.6745353077233511,0.4552855382410778,0.8513449137656222,0.1025028466531529,0.5293568959428042,0.4857547098457385,0.5708096959171534,0.7640144690886198,0.7737059559355796,0.5591290177487477,0.9199748985794832,0.0941872999066364,False,,R116L,0,0,0,0.768325707,0
R259L,missense,False,10.0,10.0,0.0,P/LP,0.9931,8,15466642;19841300;20403459;22199116;22949429;32893267;33664273;37975542,,10.0,1.0,1.0,0.4660320468865184,0.4586636513552953,0.4735056258854289,0.7307839269619333,0.7384791222036549,0.5273063739058115,0.9008255645803108,0.0973384967017528,0.4345665635492754,0.4269981647986583,0.4420221135622757,0.7153955921062503,0.7231241853531878,0.508485010095553,0.8859303675587736,0.0982875255266383,0.8020334632263927,0.7929629716382707,0.8109533843271906,0.9011413302886366,0.9144418864153906,0.7437715936428867,0.987423017031968,0.0647868003179951,0.7792544201988235,0.7699309991995018,0.7889288465974044,0.8897888396442196,0.9022567157894332,0.7256947328061543,0.9836362743685596,0.0678979175378481,0.7950316825847089,0.7857086439035196,0.8040374950741624,0.8992767837650657,0.9110593783219654,0.7441495993553637,0.9877773526537634,0.065147005794979,False,,R259L,6,6,0,0.575629991,6
T265I,missense,False,10.0,10.0,0.0,P/LP,0.9928,3,16542208;19808498;32893267,,10.0,1.0,1.0,0.4660320468865184,0.4586636513552953,0.4735056258854289,0.7349487464524956,0.7439331219781666,0.5183628709137762,0.8990964467521092,0.0962551271397553,0.4345665635492754,0.4269981647986583,0.4420221135622757,0.719403406529241,0.7277213888845342,0.5168130350894025,0.8869912121606569,0.0972544713928816,0.8017993361563583,0.7927259897989736,0.8107242475183332,0.9008255563159064,0.913398721271334,0.7417821912220366,0.98865018347335,0.0651020403309731,0.7792544201988235,0.7699309991995018,0.7889288465974044,0.8904392644408552,0.902613377498209,0.7353809294482286,0.9826155330415748,0.0668432396808208,0.794952936054474,0.7856397937879097,0.8039478263252726,0.8946779835817004,0.9096034109838552,0.7310985331493679,0.9854642019206622,0.0681089362082993,False,,T265I,2,2,0,0.560436032,2
V648I,missense,False,0.0,10.0,1025.0,B/LB,0.0712,2,19841300;22677073,,1035.0,0.0,0.0,0.4660320468865184,0.4586636513552953,0.4735056258854289,0.0044803842175694,0.0041684693504695,0.0013727849559987,0.0092651739902292,0.0020565112764329,0.4345665635492754,0.4269981647986583,0.4420221135622757,0.0041746627642909,0.0038825431419001,0.0012281391520375,0.009028334118224,0.0020134860876404,0.0418985513410075,0.0373784736141963,0.0464559679901406,0.0003805643766014,0.0001514853657518,1.1695555856951045e-07,0.0020266935153053,0.0005888847646315,0.0194332902472944,0.0162506244200721,0.0229669275454812,0.0001739447141476,1.5734892557566192e-05,4.342597833734649e-12,0.0013538444963555,0.000384660917355,0.0178693216299224,0.0148030512143159,0.0212920567994989,0.000171449671891,1.1779459610415868e-05,4.852424019861703e-13,0.0014115339963465,0.0004153475714778,True,0.00673775,V648I,7,599,484,0.015729906,115
A226V,missense,False,6.0,9.0,0.0,VUS,0.5564,4,24606995;30758498;32681117;32893267,,9.0,0.6666666666666666,0.6666666666666666,0.4660320468865184,0.4586636513552953,0.4735056258854289,0.5585340925720974,0.5610622466199302,0.3379764956676248,0.7645625516252662,0.1114518007958634,0.4345665635492754,0.4269981647986583,0.4420221135622757,0.5471974802214383,0.5483177086800413,0.323565694547782,0.7577389385755908,0.1125978531402601,0.3215574129615377,0.3084020288290549,0.3344810140779199,0.4839184958553626,0.4843579173172695,0.2713385371376101,0.6944518500965071,0.1101511319759663,0.3428525058506431,0.3159906754333733,0.3704809453083615,0.4942266064354326,0.4931570624304782,0.2781934050258803,0.7053127578022793,0.1105891394826985,0.3618248027638469,0.333433480376165,0.390676672819833,0.5075400184819607,0.509715838805672,0.2894823629112035,0.7230678514596183,0.1126042351095362,False,,A226V,2,2,0,0.739165944,2
A371P,missense,False,9.0,9.0,0.0,P/LP,0.999,1,41299264,,9.0,1.0,1.0,0.4660320468865184,0.4586636513552953,0.4735056258854289,0.7184844509761548,0.7280841569115962,0.50174518348116,0.8921519292043852,0.1014701633593761,0.4345665635492754,0.4269981647986583,0.4420221135622757,0.7028609532230468,0.7094139844748142,0.4918522428293794,0.8797745658465248,0.101167463415264,0.8065956389186194,0.7976179450199514,0.8154005826936724,0.8978596474892881,0.9111198308569078,0.7306279949842722,0.9881816495067258,0.0680227120096685,0.7792544201988235,0.7699309991995018,0.7889288465974044,0.8818254279888489,0.8954785780152433,0.7040794008506661,0.9822917924840724,0.0733619376621205,0.796575769182554,0.7871826712547717,0.805588171866251,0.89186841389762,0.9058374382066948,0.7179281140396416,0.985982257064262,0.070566321262679,False,,A371P,0,0,0,0.658771183,0
G306V,missense,False,9.0,9.0,0.0,P/LP,0.996,4,12442276;14527360;15192825;26496715,,9.0,1.0,1.0,0.4660320468865184,0.4586636513552953,0.4735056258854289,0.7162481947856942,0.7227046392549759,0.4966089732976583,0.8919038901841932,0.1024066164947211,0.4345665635492754,0.4269981647986583,0.4420221135622757,0.7036880908014503,0.7127053208864069,0.4856989422535551,0.8797445670545234,0.1010661785913146,0.8042859498838453,0.7952399289006972,0.8131625626051844,0.8971131701509453,0.9113126305855652,0.7322400071136467,0.987519639776804,0.0678423354411719,0.7792544201988235,0.7699309991995018,0.7889288465974044,0.8835438434816122,0.8957601925681513,0.7147119772752264,0.9823725621484938,0.0706245656180191,0.7957917332132916,0.7864711601923072,0.8048084670480563,0.8926879009358076,0.9069522638453184,0.7239159428911843,0.9853154165055676,0.0700017396335575,False,,G306V,4,4,0,0.790582338,4
H363N,missense,False,9.0,9.0,0.0,VUS,0.9974,4,24357532;24606995;32893267;34531279,,9.0,1.0,1.0,0.4660320468865184,0.4586636513552953,0.4735056258854289,0.7203973265465519,0.7301125648752611,0.5097394717917909,0.8900237560973524,0.100621543472556,0.4345665635492754,0.4269981647986583,0.4420221135622757,0.702566270946059,0.7091282160630004,0.4841827346786106,0.8813005968890737,0.1026220853121886,0.8053663935653865,0.7963405574630151,0.8142103781977538,0.8979138767852971,0.910816969540352,0.7293332133077421,0.9875474895751428,0.0679824235957154,0.3428525058506431,0.3159906754333733,0.3704809453083615,0.6548843286808927,0.6588418469975852,0.4324294563774187,0.8481561577297753,0.1068822038659773,0.5355204947355021,0.4911387031746183,0.5778466719576735,0.7555479114974638,0.7665636210236223,0.5411914108965579,0.9162127558151388,0.0964763826080385,False,,H363N,3,3,0,0.805113516,3
S209P,missense,False,8.0,9.0,0.0,P/LP,0.9947,2,19632626;38341987,,9.0,0.8888888888888888,0.8888888888888888,0.4660320468865184,0.4586636513552953,0.4735056258854289,0.6651911357604009,0.6705466599038421,0.437239975612928,0.850735332856463,0.1057263209227435,0.4345665635492754,0.4269981647986583,0.4420221135622757,0.6512292173761509,0.6577942942542911,0.4253883068415297,0.8410286668918536,0.1067885325647395,0.803278621479968,0.7942236524227635,0.8121717477088587,0.8414308471443777,0.8533762753875606,0.6503439184918963,0.9642493264988268,0.0824524476080897,0.7792544201988235,0.7699309991995018,0.7889288465974044,0.8317658582827399,0.8438444820392591,0.6397579985835633,0.9587183965072218,0.083073701237725,0.7954512821583297,0.7861180731669895,0.8044772818530793,0.8408650804885436,0.8527118269552548,0.6471194794340772,0.9622526170367648,0.0812864552424796,False,,S209P,0,6,0,0.130091128,6
V172M,missense,False,7.0,9.0,13.0,B/LB,0.1355,3,28438721;28944242;35463915,,22.0,0.3181818181818182,0.7777777777777778,0.4660320468865184,0.4586636513552953,0.4735056258854289,0.3656229882979412,0.3614941879336937,0.2125893080982503,0.5338917718067194,0.0832931269647586,0.4345665635492754,0.4269981647986583,0.4420221135622757,0.3538945510898575,0.3514702053424374,0.2014080151019054,0.5192382350670827,0.0824083887383346,0.0565743228411446,0.0509498451902055,0.0622106343213961,0.2365169030424891,0.232094510290602,0.1043372863037672,0.3969574192773917,0.0750765200650046,0.0194332902472944,0.0162506244200721,0.0229669275454812,0.2232243727697318,0.2179046350205915,0.1011114927250526,0.3777230741597702,0.0717797357440832,0.0197786378041969,0.0164380099077515,0.023517305311824,0.2242413010654832,0.2183105998851218,0.1002861440732876,0.3831682322312869,0.0708407663413847,False,5.20913e-05,V172M,2,16,14,0.139270578,2
D202N,missense,False,7.0,8.0,2.0,P/LP,0.9967,5,12051962;24372464;28438721;32893267;34135346,,10.0,0.7,0.875,0.4660320468865184,0.4586636513552953,0.4735056258854289,0.579341312444739,0.5821338335442254,0.3657023131563379,0.7814422533283639,0.1076066903282108,0.4345665635492754,0.4269981647986583,0.4420221135622757,0.565629516552985,0.5667472534395037,0.3467735644364397,0.7718614292176597,0.1084426037975864,0.8048267382317638,0.7957920612906565,0.8136861703204057,0.7504607915834903,0.7591644702199403,0.5450645804021038,0.9068012339388428,0.0941672731236567,0.7792544201988235,0.7699309991995018,0.7889288465974044,0.7402622045290086,0.7497857511068838,0.5371929285114473,0.8993694372235558,0.0948418408876572,0.7959748771545458,0.7866519500630419,0.8049905340144771,0.7493140521612535,0.7553634815084453,0.5411502225870012,0.90842231947398,0.094341107080701,False,8.05652e-06,D202N,5,13,3,0.515967139,10
G314D,missense,False,8.0,8.0,0.0,P/LP,0.9997,7,15466642;19841300;22199116;22949429;24218437;32168391;32893267,,8.0,1.0,1.0,0.4660320468865184,0.4586636513552953,0.4735056258854289,0.7017592500777659,0.7058453044762545,0.483835345879474,0.8847597718430149,0.1047186825983648,0.4345665635492754,0.4269981647986583,0.4420221135622757,0.6865890177704447,0.6936590527190626,0.4540887785366453,0.8796715983859259,0.1101859233850438,0.8071315741946379,0.7981747428576313,0.8159231664957612,0.8923103512362048,0.908020161855498,0.7162312316086199,0.9856161109549584,0.0705927241908024,0.7792544201988235,0.7699309991995018,0.7889288465974044,0.8770196261440308,0.8925246832750613,0.6924638377666413,0.9797701439900288,0.0759314809633566,0.796758385630916,0.7873435156736144,0.805751526044873,0.8857872688000729,0.8998082939186834,0.7069214220049121,0.9832846961945528,0.0726658734977723,False,,G314D,3,3,0,0.869117347,3
I274V,missense,False,8.0,8.0,45.0,VUS,0.5301,5,18222468;20126594;22199116;23304551;30615648,,53.0,0.1509433962264151,1.0,0.4660320468865184,0.4586636513552953,0.4735056258854289,0.1997125527230333,0.1965765629714398,0.1112235781570174,0.3033989846305472,0.0499329509461794,0.4345665635492754,0.4269981647986583,0.4420221135622757,0.1970182060807703,0.1935741361052433,0.1098519493042507,0.3052224860381888,0.0501525208640765,0.294042333616424,0.2809917637788844,0.3067485963589373,0.1749138638382731,0.1713922595682694,0.0925021838055816,0.2741723392274189,0.0471945136513017,0.3428525058506431,0.3159906754333733,0.3704809453083615,0.1806956635683177,0.1777537656984105,0.0981145855070362,0.2796107742244714,0.0469633790307935,0.3521062025552685,0.3242361060572555,0.380180769175315,0.1817315130180881,0.1787789833353408,0.0990810398320887,0.2843984863598098,0.0473604353974057,False,0.000179668,I274V,1,50,49,0.10716094,1
P320A,missense,False,3.0,8.0,0.0,none,0.9938,3,10973849;19540844;32893267,,8.0,0.375,0.375,0.4660320468865184,0.4586636513552953,0.4735056258854289,0.4214770940196045,0.4168202220613209,0.2091121723315025,0.6461919353313076,0.1121832612448835,0.4345665635492754,0.4269981647986583,0.4420221135622757,0.4072947888427644,0.4033695669478221,0.2050364359485949,0.6388971500773803,0.1108306618679666,0.8025789492259848,0.7935151504666396,0.8114872094442873,0.6145986299361111,0.6193832776730611,0.3863666471228124,0.8134634077831385,0.1107525075115208,0.8944681765282527,0.8771645775405831,0.9105815351595038,0.661865664740027,0.6696694567496733,0.4358860919167613,0.8556542719473167,0.1098744599870752,0.9334490123173896,0.9202779950027816,0.94526184485316,0.6845461697057386,0.6908557662930656,0.4601774551617641,0.8688672090941818,0.105891584236154,False,,P320A,1,1,0,0.739343865,1
S566Y,missense,False,7.0,8.0,0.0,P/LP,0.9278,3,31415974;38361570;38489124,,8.0,0.875,0.875,0.4660320468865184,0.4586636513552953,0.4735056258854289,0.6461217161651454,0.651360905553479,0.4216198476570895,0.8422363695971169,0.1091445348491874,0.4345665635492754,0.4269981647986583,0.4420221135622757,0.6312013939813089,0.6383358047174035,0.4054999723166236,0.832006713609016,0.1107482110739947,0.7461570199847751,0.7363363443445555,0.7560368003310326,0.7999278312181988,0.8101231816010903,0.5957246888608103,0.9466086863579468,0.0913639204223148,0.7792544201988235,0.7699309991995018,0.7889288465974044,0.82198048996163,0.8346036583835759,0.6207600623473439,0.9539956436533036,0.0865675014881238,0.7773576827575408,0.7677155316523836,0.7863937158729144,0.8242955356106606,0.8340388402715537,0.6299240408253952,0.9586061210546508,0.0868314366911069,False,,S566Y,2,2,0,0.827668896,2
G229D,missense,False,6.0,7.0,0.0,P/LP,0.9964,4,24096004;29488358;30967788;32681117,,7.0,0.8571428571428571,0.8571428571428571,0.4660320468865184,0.4586636513552953,0.4735056258854289,0.6269011714233054,0.632892020364242,0.3948222741625638,0.8331576503471978,0.113803696652905,0.4345665635492754,0.4269981647986583,0.4420221135622757,0.6058958042681962,0.607574838909902,0.3706605929381945,0.8153113757775258,0.1152034133747977,0.8045951105548306,0.7955574678217519,0.8134620545640545,0.8277727603735495,0.8421439154015518,0.6199036676231116,0.9604520446316368,0.0886164005095404,0.7792544201988235,0.7699309991995018,0.7889288465974044,0.810710394742859,0.8224112506862798,0.5970189990386349,0.9544135395695292,0.0943382990694373,0.7958964019669075,0.7865744823566724,0.8049082867117425,0.8219744448652784,0.8334497121246236,0.6156000421389463,0.9586714946064908,0.0899061093669484,False,,G229D,1,3,0,0.350962558,3
H455Y,missense,False,3.0,7.0,0.0,VUS,0.0754,4,19808498;20167303;29672598;36277779,,7.0,0.4285714285714285,0.4285714285714285,0.4660320468865184,0.4586636513552953,0.4735056258854289,0.4497674015911906,0.4474869845546924,0.2325606799557037,0.6814147076786159,0.1161036527411275,0.4345665635492754,0.4269981647986583,0.4420221135622757,0.4312026240677829,0.4297595950384627,0.2154188534125245,0.6690020278110836,0.1153121005463882,0.0427342944354957,0.038147235579473,0.0473573434643842,0.20294837090037,0.1927121453325756,0.0520351891306818,0.4159658303490729,0.0950580168518036,0.3428525058506431,0.3159906754333733,0.3704809453083615,0.3798401035563569,0.3764451715441202,0.1678023351583822,0.6123207867820805,0.1156582292035241,0.2073780667311535,0.179754711104683,0.2365452765579495,0.2983558835019338,0.2900497074055184,0.1140552357688892,0.5294894975462761,0.1079889947510795,False,,H455Y,3,5,0,0.296487637,5
K422T,missense,False,4.0,7.0,2.0,VUS,0.4025,3,22199116;23995305;30758498,,9.0,0.4444444444444444,0.5714285714285714,0.4660320468865184,0.4586636513552953,0.4735056258854289,0.452488913049649,0.4494818377905394,0.242262555059783,0.6744728314106192,0.1127967633674689,0.4345665635492754,0.4269981647986583,0.4420221135622757,0.438995289318844,0.435908706149319,0.2302578247211855,0.6656127030924177,0.1119726277537341,0.1820301332628884,0.1709839107797929,0.1928972252792573,0.3067717898593736,0.2997685152502264,0.1295684312794874,0.5182154071845957,0.1006701122594083,0.3428525058506431,0.3159906754333733,0.3704809453083615,0.3942263880483309,0.3902033876439503,0.1971454130779547,0.6190440584013683,0.1081144523778209,0.3067913117930979,0.2803945982385575,0.3338786919337683,0.3728753964865078,0.3690027314970794,0.1735696588292007,0.5981907913042019,0.1082488412017277,False,7.97041e-06,K422T,1,3,2,0.190092579,1
L191P,missense,False,7.0,7.0,0.0,P/LP,0.9402,2,12442276;19041715,,7.0,1.0,1.0,0.4660320468865184,0.4586636513552953,0.4735056258854289,0.6867362061825069,0.6923710005208922,0.4601362544283692,0.873500144231934,0.107151364552178,0.4345665635492754,0.4269981647986583,0.4420221135622757,0.6669908771680865,0.6722718143132715,0.4396682190078088,0.858451396144757,0.109255090941528,0.7575226564556491,0.7478959213112033,0.7672406550458202,0.8580544312231355,0.8716769455814914,0.6688102933853087,0.975638299548183,0.0819258959103864,0.7792544201988235,0.7699309991995018,0.7889288465974044,0.8716694077704271,0.8879911766699031,0.683190721711666,0.9817456788884772,0.0805789699667539,0.7807962767621411,0.7713175366594769,0.7897791649718816,0.87053459204691,0.8849999119338271,0.6688339268900647,0.9804013494880502,0.0809094692170283,False,,L191P,0,0,0,0.388596139,0
P343R,missense,False,5.0,7.0,0.0,none,0.9996,3,16414944;32893267;34505893,,7.0,0.7142857142857143,0.7142857142857143,0.4660320468865184,0.4586636513552953,0.4735056258854289,0.56520578704567,0.5675543450060803,0.3375693364303399,0.7768455195700947,0.1159857147698478,0.4345665635492754,0.4269981647986583,0.4420221135622757,0.5489565634611091,0.5498084432627992,0.3212924231176494,0.7706287456301095,0.1171872634647093,0.8070550812868715,0.7980955310915372,0.8158482488875313,0.7687662255156121,0.7778421416269744,0.5495385818697915,0.9271499454408868,0.0975845054862295,0.8944681765282527,0.8771645775405831,0.9105815351595038,0.8220628582131775,0.8343822256266602,0.6181357050683336,0.9591164472027414,0.0898237650543247,0.9340256986645038,0.920925777807562,0.9457290182540506,0.8444531343200024,0.8604917049003507,0.6454234630937083,0.9682664026285288,0.0851053185558324,False,,P343R,1,1,0,0.776687236,1
P343S,missense,False,7.0,7.0,0.0,P/LP,0.9971,4,15466642;15511625;29925740;32893267,,7.0,1.0,1.0,0.4660320468865184,0.4586636513552953,0.4735056258854289,0.6862644527069772,0.6945748427221791,0.4479056193252079,0.873503247605366,0.1116418984643408,0.4345665635492754,0.4269981647986583,0.4420221135622757,0.6655806216188779,0.6735094094433227,0.4418476546903311,0.8581918746283498,0.1103876199855156,0.8051352514207802,0.7961047827944339,0.8139865566542765,0.884664034981774,0.8982892852241089,0.7061404858162174,0.9855008302289062,0.0745518919279231,0.7792544201988235,0.7699309991995018,0.7889288465974044,0.869631901699263,0.8840457999508018,0.677781048199516,0.9805829327908436,0.0806698759844149,0.7960794755689039,0.7867552084487713,0.8051001562082408,0.88060032113941,0.8954025581220728,0.7018220619330023,0.9814278813894056,0.0763053003164356,False,,P343S,5,5,0,0.833736386,5
P369L,missense,False,7.0,7.0,0.0,Conflicting,0.96,2,29097701;36077086,,7.0,1.0,1.0,0.4660320468865184,0.4586636513552953,0.4735056258854289,0.6879441847713718,0.6944885770510019,0.4491181641345377,0.8779082185932306,0.1093455357295315,0.4345665635492754,0.4269981647986583,0.4420221135622757,0.667175335574484,0.6722746342434577,0.4362411095518923,0.860114648639055,0.1102885657624042,0.7749415457694087,0.7654178918424477,0.7843337707625158,0.8689326017022272,0.8839209075967589,0.6775087174186253,0.979094949510976,0.0796559997964501,0.3428525058506431,0.3159906754333733,0.3704809453083615,0.6146732479082571,0.6191894164591325,0.3835793119576804,0.8262577140020455,0.1148037507121049,0.5205352724554474,0.4780139928796041,0.5610298194426987,0.7167157812383832,0.7248666572460744,0.4889032869969792,0.8969849195502739,0.1063838084646989,False,,P369L,0,0,0,0.475568074,0
R174H,missense,False,6.0,7.0,1.0,P/LP,0.9861,5,10973849;28292826;30758498;32681117;32893267,,8.0,0.75,0.8571428571428571,0.4660320468865184,0.4586636513552953,0.4735056258854289,0.5932686602067739,0.5974888351113395,0.3647960405531198,0.7971531080548621,0.1130391941796147,0.4345665635492754,0.4269981647986583,0.4420221135622757,0.575592120831341,0.5764750437499724,0.347086181297331,0.7870107405484592,0.113381771079258,0.7965161460926496,0.7873418375416059,0.8055163750620812,0.7767426569027929,0.786644312406336,0.5624135421129097,0.9307286953875348,0.0956510937927918,0.7792544201988235,0.7699309991995018,0.7889288465974044,0.7663362881256638,0.7753559890234704,0.5585046154324275,0.9249805964420372,0.0962709718617915,0.7931883703917003,0.7838958257619073,0.8021680191489419,0.7731663834105716,0.7825055058827591,0.5671755070365994,0.9270761459405108,0.0953880619859246,False,6.57065e-06,R174H,5,6,1,0.768435967,5
R380S,missense,False,6.0,7.0,0.0,P/LP,0.9982,6,19841300;22949429;26187847;26344792;26496715;32893267,,7.0,0.8571428571428571,0.8571428571428571,0.4660320468865184,0.4586636513552953,0.4735056258854289,0.6264523085871342,0.6320504766578611,0.3857798371578914,0.8345051986641474,0.115046038806642,0.4345665635492754,0.4269981647986583,0.4420221135622757,0.608780721451041,0.6136317256734927,0.3646848471225318,0.8187856865091023,0.1173033670944826,0.8059817556352673,0.7969798529480179,0.81480621927862,0.8272348940110628,0.8400229143159251,0.6174912037762836,0.9645152086696128,0.0904636138551902,0.7792544201988235,0.7699309991995018,0.7889288465974044,0.8119349229343832,0.824209770605643,0.5940186963270863,0.9548663329003758,0.0931281227172222,0.7963669139707885,0.7870033205252907,0.8054011678260542,0.8214223561550301,0.8355670328611786,0.6171931288948068,0.9564492751315208,0.0910027451611299,False,,R380S,3,4,0,0.71218698,4
R562S,missense,False,7.0,7.0,1.0,P/LP,0.9981,2,26496715;30170673,,8.0,0.875,1.0,0.4660320468865184,0.4586636513552953,0.4735056258854289,0.6490219820055857,0.6532003074824877,0.4250236195690833,0.8423741147052761,0.1083435727778696,0.4345665635492754,0.4269981647986583,0.4420221135622757,0.6285609173706452,0.6315123874228317,0.4012888705348115,0.8268100037353919,0.109986316446915,0.805904916259732,0.796899986106083,0.814731819971309,0.838062316545257,0.8509132698440052,0.6425678298045548,0.9648957356668666,0.0839367846623128,0.7792544201988235,0.7699309991995018,0.7889288465974044,0.8216103883175768,0.8315073439546901,0.6185468674311405,0.9573649241913648,0.0883029606359678,0.7963407957663932,0.7869809251220788,0.8053739747283524,0.8326711850333253,0.8465463948482808,0.6388508322290193,0.96111941881005,0.0858229333440604,False,6.57177e-06,R562S,2,2,0,0.848541928,2
R591C,missense,False,7.0,7.0,1.0,P/LP,0.9267,5,19841300;22199116;32893267;34398675;36674868,,8.0,0.875,1.0,0.4660320468865184,0.4586636513552953,0.4735056258854289,0.6482684427641466,0.6524667784382836,0.4195747240631993,0.8456085236870592,0.1096587581721872,0.4345665635492754,0.4269981647986583,0.4420221135622757,0.6285630250469617,0.6352066946479851,0.3945887620663689,0.829214953265254,0.1124669430216549,0.7451319792433129,0.7352838427959402,0.755023495332844,0.8045663986378028,0.8153973212227907,0.592640882442097,0.9500679851946386,0.0911337902933398,0.7792544201988235,0.7699309991995018,0.7889288465974044,0.8215614531496284,0.8316508952055206,0.621049796156712,0.9581305301874982,0.0868388631194783,0.777050782604626,0.7673881490056793,0.7861053661519984,0.8191401875150657,0.8311327335283192,0.6200451681940318,0.9548556375696512,0.0889568883980478,False,3.98387e-06,R591C,7,10,1,0.681066219,9
V173D,missense,False,5.0,7.0,0.0,P/LP,0.9956,2,16414944;34398675,,7.0,0.7142857142857143,0.7142857142857143,0.4660320468865184,0.4586636513552953,0.4735056258854289,0.5681382546280583,0.5713254949269007,0.3412119604201093,0.779059220329038,0.1151820158560259,0.4345665635492754,0.4269981647986583,0.4420221135622757,0.5495712338352647,0.5524802517883523,0.3095920444179802,0.7718366460060684,0.1194885311892581,0.8039764191302085,0.7949256820775025,0.8128557769662764,0.7680435922636177,0.7777668542325951,0.5466641846767092,0.9286213485531216,0.099669176433329,0.7792544201988235,0.7699309991995018,0.7889288465974044,0.7519757271222083,0.7634724248969101,0.5267059580802899,0.9230907854650564,0.1028074760391057,0.7956870242642244,0.7863678015834022,0.804709337958256,0.7625243847662091,0.7709409606633761,0.5464418884286109,0.9313201951746142,0.1000892562880428,False,,V173D,0,0,0,0.395513796,0
V417M,missense,False,7.0,7.0,0.0,B/LB,0.0688,1,14756674,,7.0,1.0,1.0,0.4660320468865184,0.4586636513552953,0.4735056258854289,0.6868493601009428,0.6956601031215693,0.4610147707936561,0.8727554716365229,0.1071765571846657,0.4345665635492754,0.4269981647986583,0.4420221135622757,0.6660006128599893,0.6696182209808541,0.4355884390814334,0.8638189018022685,0.1117849357208483,0.0414280258558478,0.0369458891166519,0.0459500346508178,0.4374800159426691,0.4327910224869757,0.2241013969246543,0.6660108078736915,0.1139603775223388,0.0194332902472944,0.0162506244200721,0.0229669275454812,0.4227697092270606,0.4192203445539113,0.2050042355977986,0.65393475333008,0.1157600820473619,0.0178016977967437,0.0147448709850711,0.0212135373185287,0.4195433105597543,0.4180346047136925,0.2067007730870757,0.6537670181106203,0.1168683268991579,False,,V417M,7,7,0,0.628096105,7
A178P,missense,False,1.0,6.0,0.0,P/LP,0.9964,2,10973849;36277779,,6.0,0.1666666666666666,0.1666666666666666,0.4660320468865184,0.4586636513552953,0.4735056258854289,0.3549556626966473,0.3505768193642863,0.151111840142858,0.5979791210944481,0.1157514231418881,0.4345665635492754,0.4269981647986583,0.4420221135622757,0.3306611287978779,0.3242030134188357,0.1322139420951336,0.571306108098076,0.1152313897735589,0.8045951105548306,0.7955574678217519,0.8134620545640545,0.5656833379488365,0.5685354929842262,0.3347735675224766,0.7892190957972633,0.118740064259795,0.7792544201988235,0.7699309991995018,0.7889288465974044,0.5474594780920146,0.545763032072003,0.3074961375116666,0.7782384826081886,0.1215529587788413,0.7958964019669075,0.7865744823566724,0.8049082867117425,0.5609677610559862,0.5650140843594046,0.3245018285390511,0.782654250389434,0.1201648868024285,False,,A178P,0,0,0,0.721754665,0
D564G,missense,False,2.0,6.0,0.0,VUS,0.9897,1,30797226,,6.0,0.3333333333333333,0.3333333333333333,0.4660320468865184,0.4586636513552953,0.4735056258854289,0.4146862592867671,0.4093217467268792,0.1943109034623145,0.6542935242038034,0.1197984906559529,0.4345665635492754,0.4269981647986583,0.4420221135622757,0.3947206982352172,0.3892577643767028,0.1831500324858853,0.6287030025198997,0.1155013040087731,0.7993678131489714,0.7902652073233355,0.8083439216570484,0.6232443354459224,0.627830521583982,0.3842883952897556,0.8344592287148105,0.1175500837425644,0.3428525058506431,0.3159906754333733,0.3704809453083615,0.3396874763738225,0.333649095255237,0.1319400806961099,0.5791718945738523,0.1160857653989747,0.5324400358175324,0.488688764726213,0.5742751409807959,0.4551550097874438,0.4518086294661332,0.2286532217029154,0.689722456063628,0.1192916798523544,False,,D564G,0,0,0,0.778041395,0
E261K,missense,False,6.0,6.0,0.0,P/LP,0.9991,3,10973849;32893267;37821546,,6.0,1.0,1.0,0.4660320468865184,0.4586636513552953,0.4735056258854289,0.6672767841844778,0.6748788736115605,0.4280430188664725,0.870426732160859,0.1151843770776929,0.4345665635492754,0.4269981647986583,0.4420221135622757,0.6480637657476812,0.6540519352330252,0.4087985334281993,0.853816103980616,0.1142079394472592,0.8066722703814598,0.7976976012048358,0.8154747742660542,0.8786480125479151,0.8931304764493173,0.6896320511345425,0.9855071551006096,0.0788093981386288,0.7792544201988235,0.7699309991995018,0.7889288465974044,0.8624040769907585,0.8773562385840017,0.6637997567485129,0.9782731173787612,0.0843214591479656,0.7966018647813956,0.7872051845965289,0.8056115145581773,0.8723289844011791,0.8878713879622958,0.6749225035590076,0.9835917556532584,0.0812465747310091,False,,E261K,5,5,0,0.781879114,5
G189R,missense,False,4.0,6.0,0.0,VUS,0.9971,3,10973849;30758498;32893267,,6.0,0.6666666666666666,0.6666666666666666,0.4660320468865184,0.4586636513552953,0.4735056258854289,0.5428431488028367,0.5460560679481732,0.3101178821407747,0.7714854330214218,0.1199037710800066,0.4345665635492754,0.4269981647986583,0.4420221135622757,0.5216420514230521,0.5222483398303371,0.2841648329521585,0.7517310128532698,0.1206223111817813,0.8051352514207802,0.7961047827944339,0.8139865566542765,0.7525245774815854,0.7633920061436748,0.5243258710001104,0.9237599957313974,0.1042097333285799,0.3428525058506431,0.3159906754333733,0.3704809453083615,0.4654814609045583,0.4636583765894916,0.2359093098162007,0.7061037141611186,0.1230380390929747,0.5354005299430358,0.4910466834150689,0.5777121942675341,0.5855111241489815,0.5881836142774008,0.3412668601069203,0.8012435553495593,0.1197724712541574,False,,G189R,6,9,0,0.572790563,9
G306R,missense,False,4.0,6.0,0.0,P/LP,0.9997,3,10973849;30758498;32893267,,6.0,0.6666666666666666,0.6666666666666666,0.4660320468865184,0.4586636513552953,0.4735056258854289,0.5415954154297515,0.5441458549522438,0.3030850948754962,0.7754073013875142,0.1217325424846206,0.4345665635492754,0.4269981647986583,0.4420221135622757,0.5209727415551803,0.5230661209028254,0.2892921562781453,0.7451108342367969,0.1201716024516003,0.8071315741946379,0.7981747428576313,0.8159231664957612,0.7526382888870494,0.7619569304264373,0.5211769266784672,0.9252220905784077,0.1043980128892671,0.7792544201988235,0.7699309991995018,0.7889288465974044,0.7378266122343418,0.7463434356664751,0.5125056475446106,0.9148361861360956,0.1059901492316724,0.796758385630916,0.7873435156736144,0.805751526044873,0.7481490389199164,0.7588340028210101,0.515874358687459,0.9201531768510752,0.1058739552971317,False,,G306R,1,1,0,0.738065742,1
G314C,missense,False,2.0,6.0,0.0,none,0.9985,1,12702160,,6.0,0.3333333333333333,0.3333333333333333,0.4660320468865184,0.4586636513552953,0.4735056258854289,0.4164453272633319,0.4143726737336655,0.1962380967053087,0.6535781072270962,0.1193307457540817,0.4345665635492754,0.4269981647986583,0.4420221135622757,0.3960144699878691,0.3938098770584001,0.1849255550327602,0.6338613204019327,0.1173371258518707,0.8062121351301028,0.7972193130240882,0.8150292786760954,0.6307067182888424,0.638707689437331,0.3986975981027328,0.8388534956688363,0.115106683784894,0.8944681765282527,0.8771645775405831,0.9105815351595038,0.6812358968157356,0.6914345044495858,0.4400813419045133,0.876743418494309,0.1134885243866932,0.933916687666676,0.920808345128748,0.945644276354894,0.7121246800159149,0.722828604111748,0.4726283402416441,0.9014334257437102,0.1109213264738635,False,,G314C,1,1,0,0.852280274,1
I514T,missense,False,6.0,6.0,0.0,Conflicting,0.9747,1,32893267,,6.0,1.0,1.0,0.4660320468865184,0.4586636513552953,0.4735056258854289,0.6648806029961669,0.6716646172789176,0.4288145161626492,0.8720083820115886,0.115965040616418,0.4345665635492754,0.4269981647986583,0.4420221135622757,0.6447630670506922,0.6501623727858166,0.3996343301478548,0.8537024458233806,0.1165938027360184,0.7872873556235921,0.7779207432111513,0.7964937033794105,0.8666759157722123,0.8823917594967192,0.6687508798399394,0.9790783916013284,0.0819051281291791,0.3428525058506431,0.3159906754333733,0.3704809453083615,0.585416622700606,0.5887369660553976,0.3415737579498225,0.8102445859880487,0.120243271441125,0.5264316588170292,0.483241187079091,0.5676245006499258,0.7038555573542807,0.713036950400677,0.4646404961534645,0.8971642964733789,0.1131907325135974,False,,I514T,6,6,0,0.715888488,6
K362R,missense,False,3.0,6.0,10.0,P/LP,0.8726,4,19841300;22949429;32893267;34135346,,16.0,0.1875,0.5,0.4660320468865184,0.4586636513552953,0.4735056258854289,0.2936944581094912,0.289165198737382,0.1422154963006639,0.4790204849168228,0.0864376237433874,0.4345665635492754,0.4269981647986583,0.4420221135622757,0.2811702198163838,0.2737998723833347,0.1253494832266179,0.4566689662908565,0.0861714582076236,0.6914697808277306,0.6808195378681369,0.7022662279152965,0.3794371945380334,0.3767526719485542,0.2116537004784982,0.5642188632060956,0.0925202456088157,0.7792544201988235,0.7699309991995018,0.7889288465974044,0.4152301068344977,0.4146524060080273,0.2328549384768279,0.600632622478193,0.0944292577073617,0.7615833471385124,0.751033279818036,0.7716726844609479,0.4072779341760326,0.4063364510664426,0.2296982897771899,0.597279328716838,0.0942020697416393,False,3.97852e-05,K362R,5,16,10,0.511330507,6
M437V,missense,False,3.0,6.0,0.0,none,0.073,2,30758498;31245483,,6.0,0.5,0.5,0.4660320468865184,0.4586636513552953,0.4735056258854289,0.4802305542962232,0.4800661910726382,0.2469733252475782,0.7131193828049871,0.1208563926155616,0.4345665635492754,0.4269981647986583,0.4420221135622757,0.4556213688368232,0.4541183374879953,0.226152367135068,0.6944121020518466,0.1210179342613197,0.0422547954598794,0.037706102619356,0.0468402559199587,0.2130184488704619,0.2019481929865093,0.0542437238879443,0.437843561257737,0.0999808145920086,0.8944681765282527,0.8771645775405831,0.9105815351595038,0.7445195322983922,0.7523557328766716,0.5275444573733359,0.9191190279508062,0.1029118137624434,0.7607539783910432,0.7098722624805336,0.8072508150086555,0.6609259419433644,0.6686659717885068,0.419537059556659,0.8641098172361539,0.1155972429233511,False,,M437V,1,1,0,0.702599593,1
P320H,missense,False,6.0,6.0,0.0,P/LP,0.9998,4,19540844;19841300;22949429;32893267,,6.0,1.0,1.0,0.4660320468865184,0.4586636513552953,0.4735056258854289,0.6635306531389029,0.671066838951708,0.4273504094065126,0.8615398802271529,0.1144618243191769,0.4345665635492754,0.4269981647986583,0.4420221135622757,0.6473370005940019,0.653293013528695,0.4058180022517143,0.8509083645147667,0.1154097866375296,0.8072080440141307,0.7982544736550311,0.8159980604995322,0.8797923230829424,0.8958433001756057,0.689763560314568,0.9839137543912015,0.0780031423510528,0.7792544201988235,0.7699309991995018,0.7889288465974044,0.8646770561704336,0.8798671201278627,0.6710522269961614,0.9780121545073132,0.081719695209874,0.7967844636487695,0.7873717744790446,0.805774853848806,0.8749550133594235,0.8903515037317494,0.6857334020407289,0.98384458177109,0.079613187364926,False,,P320H,4,4,0,0.77355115,4
P343L,missense,False,6.0,6.0,0.0,none,0.9952,5,16414944;19841300;22949429;30758498;32893267,,6.0,1.0,1.0,0.4660320468865184,0.4586636513552953,0.4735056258854289,0.6657505616303068,0.6726893831614771,0.4279563567506886,0.8738060133245243,0.1141677770552324,0.4345665635492754,0.4269981647986583,0.4420221135622757,0.6502770026456995,0.6562570940634139,0.409851969870042,0.8592270230070996,0.1165331787051288,0.8036665182279069,0.794613977712928,0.8125511653122928,0.8769691465967041,0.8945190081584661,0.6835413010788876,0.9829381742906348,0.080869856519091,0.8944681765282527,0.8771645775405831,0.9105815351595038,0.933823372106448,0.95049642248777,0.7723687200369364,0.9979561616185808,0.0600635228012251,0.9335886426212816,0.9204402541404918,0.945389301537645,0.958718712825854,0.9764383477786346,0.8210656999401006,0.999836727258525,0.0486936337020482,False,,P343L,1,1,0,0.781995822,1
P73T,missense,False,6.0,6.0,23.0,VUS,0.0791,6,19841300;22949429;23098067;24606995;24667783;41013213,,29.0,0.2068965517241379,1.0,0.4660320468865184,0.4586636513552953,0.4735056258854289,0.2731373878984811,0.2684820640583846,0.1495141309606033,0.4220865327477022,0.0705518780032265,0.4345665635492754,0.4269981647986583,0.4420221135622757,0.2666502077187467,0.262706360386527,0.1417967840206042,0.4199443999113957,0.0708594661033676,0.0434837216194123,0.0388371260272875,0.0481651599140383,0.1646039176539766,0.1588271090845883,0.0700225646298588,0.295687615188813,0.0582166098096447,0.3428525058506431,0.3159906754333733,0.3704809453083615,0.241586737171249,0.2358725562071878,0.1228698219797024,0.384729048230137,0.0677971023312902,0.2083556133007892,0.1807247053077957,0.2374136197334225,0.2086153514009786,0.2027690139354419,0.0947450540755432,0.3457583928871185,0.0641194590531973,False,0.000152993,P73T,2,28,25,0.138680977,3
R14C,missense,False,6.0,6.0,7.0,none,0.2233,1,17276182,,13.0,0.4615384615384615,1.0,0.4660320468865184,0.4586636513552953,0.4735056258854289,0.4630162018727188,0.4603848491831417,0.2737570672007861,0.6570859107901439,0.0994250805520253,0.4345665635492754,0.4269981647986583,0.4420221135622757,0.4525135068408208,0.4514252413110192,0.2642917470909959,0.6481463331311204,0.1003335809022634,0.0844941279294681,0.0771253051729458,0.0917462908474625,0.2988147397706203,0.2930198092714107,0.13374186104647,0.4915344187395585,0.0925825303722807,0.8944681765282527,0.8771645775405831,0.9105815351595038,0.6503840272152445,0.6526461966566628,0.4526569988569098,0.8275855803574651,0.0972841016872398,0.8020672679659355,0.7623618770845533,0.8389997162441506,0.6119302712367131,0.6122427529849864,0.4182687819547545,0.796803322164689,0.0984507207163824,False,7.176528241689067e-06,R14C,0,10,0,0.102656181,10
R519H,missense,False,5.0,6.0,6.0,VUS,0.4603,6,19841300;26496715;29925740;30758498;32681117;32893267,,12.0,0.4166666666666667,0.8333333333333334,0.4660320468865184,0.4586636513552953,0.4735056258854289,0.4372857646411808,0.4365317416682758,0.2422867735489917,0.6404765709614731,0.1046751689196544,0.4345665635492754,0.4269981647986583,0.4420221135622757,0.4241496695315916,0.4218946179872078,0.2286129000742923,0.6286519265122139,0.1019968913441057,0.2281602437167774,0.2161155016218062,0.2401158992362061,0.3319243572867481,0.3265694492134653,0.1604043220855234,0.5395500327123076,0.0975338771978199,0.3428525058506431,0.3159906754333733,0.3704809453083615,0.3831868445909068,0.3799956385071363,0.1962405526353182,0.5852700080586074,0.1011703800147778,0.3269197628291866,0.300150755790682,0.3543139317159616,0.3787057466322054,0.3754520737177383,0.1889791393710694,0.586459277795277,0.1016569985291298,False,2.3866e-05,R519H,2,149,7,0.030333935,142
S338F,missense,False,6.0,6.0,0.0,P/LP,0.9916,2,23291057;32893267,,6.0,1.0,1.0,0.4660320468865184,0.4586636513552953,0.4735056258854289,0.6659442614178034,0.6734700545992331,0.4165433128748703,0.8671101045958934,0.1145633080895672,0.4345665635492754,0.4269981647986583,0.4420221135622757,0.6462148303157557,0.6519991176516575,0.4099341323023313,0.8539224185074314,0.1155689573177532,0.8008607431584834,0.7917760596504976,0.8098055715954798,0.8764690662577599,0.8918645679746204,0.6859669359578177,0.9848905722841236,0.0789219962832083,0.7792544201988235,0.7699309991995018,0.7889288465974044,0.8619080163663565,0.8785248326429893,0.651145059741377,0.9799069068186924,0.0853144680328113,0.7946377237812042,0.7853290710125168,0.8036133712198434,0.8723270438573061,0.8882381677036597,0.6817356735976705,0.9821056884369668,0.0789428606645411,False,,S338F,6,6,0,0.791250163,6
V215M,missense,False,6.0,6.0,2.0,P/LP,0.2054,6,16414944;19841300;22949429;25576780;32893267;41013213,,8.0,0.75,1.0,0.4660320468865184,0.4586636513552953,0.4735056258854289,0.5924869269493442,0.5954918949473178,0.3627271109022318,0.804517173051281,0.1128457959757955,0.4345665635492754,0.4269981647986583,0.4420221135622757,0.5738104867059081,0.57511145954694,0.352282363613038,0.7900599747648547,0.1133568371222137,0.0779378376535372,0.070977197457638,0.084872582144103,0.3737458946456837,0.3687429953239555,0.1741208620584209,0.6037870248002818,0.1113416416964029,0.7792544201988235,0.7699309991995018,0.7889288465974044,0.76656389542051,0.7753272878070872,0.550560220432092,0.9270885077652548,0.0963849173169577,0.5215606155914712,0.4721516695696094,0.5720538874893895,0.6211194670998739,0.6262680982277806,0.4003460503419637,0.8216374906231412,0.1109239977056195,False,1.31486e-05,V215M,2,5,3,0.442361264,2
V254L,missense,False,6.0,6.0,0.0,P/LP,0.9961,3,16414944;32893267;36674868,,6.0,1.0,1.0,0.4660320468865184,0.4586636513552953,0.4735056258854289,0.6638194757856073,0.6703439117498624,0.4210709627777125,0.8677758325885632,0.1157365315729324,0.4345665635492754,0.4269981647986583,0.4420221135622757,0.6447173962664655,0.6527805574394443,0.3985646676958639,0.8522579196555826,0.117305740880776,0.8043632747442335,0.7953198870116477,0.8132377310976175,0.8797612029820694,0.8971992563390301,0.6877550015393452,0.9851300028823498,0.0791435256094079,0.7792544201988235,0.7699309991995018,0.7889288465974044,0.8622680740184255,0.8767020939597148,0.6726004057154586,0.9772661771582012,0.0823380202026043,0.7958179041699742,0.7864969941500856,0.8048314357604757,0.871551128140104,0.8877478134262172,0.6794471716333141,0.9817187330061888,0.0802728449422002,False,,V254L,3,3,0,0.786592662,3
W305L,missense,False,4.0,6.0,1.0,P/LP,0.9933,3,26344792;26496715;29876285,,7.0,0.5714285714285714,0.6666666666666666,0.4660320468865184,0.4586636513552953,0.4735056258854289,0.5099199291716997,0.510892683324421,0.2788209552098102,0.7396179433066812,0.1204906291223775,0.4345665635492754,0.4269981647986583,0.4420221135622757,0.4897590704018839,0.4890754251339894,0.2599146460751116,0.714467769657647,0.1183632675961482,0.8021894321469106,0.7931208482721299,0.8111060239817838,0.7068182811866602,0.7163801947091466,0.4769691367670087,0.895667176178357,0.1085735104802032,0.7792544201988235,0.7699309991995018,0.7889288465974044,0.6954509080209546,0.7023600520116848,0.4602570621235808,0.8878150181932262,0.1099474252047583,0.7950841677079628,0.7857546053687705,0.8040915030274965,0.7013704036337431,0.7092681782766845,0.4714504767301272,0.8887678349140827,0.1096376004122434,False,4.01316e-06,W305L,2,6,1,0.630502712,5
W379R,missense,False,6.0,6.0,0.0,P/LP,0.9998,5,17222736;22677073;26066609;29925740;32893267,,6.0,1.0,1.0,0.4660320468865184,0.4586636513552953,0.4735056258854289,0.6659150372441475,0.674677789430197,0.4307901440718298,0.8592984769302853,0.1134780613492314,0.4345665635492754,0.4269981647986583,0.4420221135622757,0.6504131021482047,0.6578490699770585,0.4045985951437558,0.856164644503882,0.115323500009376,0.8072080440141307,0.7982544736550311,0.8159980604995322,0.8794876254904934,0.8942630191546613,0.6949432682686564,0.9847383272959476,0.0778479686866366,0.7792544201988235,0.7699309991995018,0.7889288465974044,0.8624093869470439,0.8777657219629541,0.6567033735261301,0.9800724337561484,0.084837211569356,0.7967844636487695,0.7873717744790446,0.805774853848806,0.8727892843398211,0.8883182210356038,0.6814605314897009,0.9819951644591766,0.0802202051261706,False,,W379R,2,2,0,0.838382551,2
A371T,missense,False,4.0,5.0,0.0,P/LP,0.9905,3,10973849;30758498;41299264,,5.0,0.8,0.8,0.4660320468865184,0.4586636513552953,0.4735056258854289,0.5771597853377566,0.5811449574442261,0.3284346074844373,0.8042204556613685,0.1229824691528274,0.4345665635492754,0.4269981647986583,0.4420221135622757,0.5567280868702509,0.5600866108311979,0.312713547128802,0.7911074039083335,0.1248722881911709,0.7999974351361379,0.7909031759907401,0.8089604584071752,0.8002457451795882,0.8149814406602907,0.5725049100844091,0.9530804055583474,0.1007287412305056,0.7792544201988235,0.7699309991995018,0.7889288465974044,0.7848556506301216,0.7984507554540208,0.5567340304758345,0.945411496902298,0.1037929844035265,0.7943484613108737,0.7850215692743916,0.8033058324818954,0.7936692512817145,0.8076145726286101,0.5647837691960991,0.9531405428966288,0.101708913692594,False,,A371T,1,1,0,0.697236959,1
F279I,missense,False,5.0,5.0,0.0,P/LP,0.8871,5,26168993;31315195;34557911;34712558;39503779,,5.0,1.0,1.0,0.4660320468865184,0.4586636513552953,0.4735056258854289,0.643300228943222,0.6494046093698981,0.401083613333005,0.860261634300311,0.1189687548207188,0.4345665635492754,0.4269981647986583,0.4420221135622757,0.6256591165283307,0.6331658741728319,0.3738299529144051,0.8431770418670516,0.1216548154442757,0.7064584153685162,0.695972017698829,0.7168638336724091,0.8044578795946604,0.818807070335702,0.579547960091495,0.955514556967039,0.0993368077132349,0.7792544201988235,0.7699309991995018,0.7889288465974044,0.8513068888879113,0.8648021441912028,0.6454623464350456,0.9776504059238734,0.0878899035904101,0.7658006018471193,0.7556384495877592,0.7756789251951924,0.8440665799110195,0.8590716646006537,0.6335541555753391,0.9734304034935584,0.0905213654601761,False,,F279I,0,1,0,0.425481513,1
G119R,missense,False,5.0,5.0,0.0,Conflicting,0.9608,3,27379800;32893267;41013213,,5.0,1.0,1.0,0.4660320468865184,0.4586636513552953,0.4735056258854289,0.6461304221668354,0.6523489518283134,0.4105611849329474,0.8630684381899629,0.1181300247388599,0.4345665635492754,0.4269981647986583,0.4420221135622757,0.6227355834754222,0.629203657223653,0.3770061629638833,0.8448510289758494,0.1225762455968089,0.7756263233937579,0.7661161225449207,0.7850107381538988,0.8508164908759663,0.8656675276878619,0.6383464893236074,0.975359343532269,0.0892765343304287,0.3428525058506431,0.3159906754333733,0.3704809453083615,0.5609200161118171,0.5629977938655053,0.311931548241684,0.7971331013365897,0.1268686579715164,0.5208563444845755,0.4783230324737053,0.5613415304493727,0.68084388113116,0.6875603968243942,0.4251466917888684,0.8852683190161121,0.1186392573769232,False,,G119R,3,3,0,0.879568868,3
G589S,missense,False,2.0,5.0,2.0,VUS,0.6602,2,26496715;31565860,,7.0,0.2857142857142857,0.4,0.4660320468865184,0.4586636513552953,0.4735056258854289,0.3909642512802286,0.3838094491275242,0.1787775449501105,0.6302448704059985,0.117050731130061,0.4345665635492754,0.4269981647986583,0.4420221135622757,0.3713677005025884,0.3668927533923039,0.1661964169681237,0.6027944286498218,0.1150500753585124,0.4411152486858539,0.4279858510462443,0.4539595591558915,0.3750907564797134,0.370622651477086,0.1766940478043658,0.6094024150646203,0.1131444698077456,0.3428525058506431,0.3159906754333733,0.3704809453083615,0.3179244507364469,0.3113708272550626,0.1333894718186081,0.5478212488734661,0.1081103840946841,0.4012344947788984,0.3701959300188625,0.4323115571551622,0.3546720916349026,0.3482092038528477,0.1506408094681325,0.5764883961618451,0.111217706431163,False,7.96895e-06,G589S,2,9,2,0.310155135,7
I517T,missense,False,3.0,5.0,0.0,none,0.9352,3,29925740;30758498;32893267,,5.0,0.6,0.6,0.4660320468865184,0.4586636513552953,0.4735056258854289,0.5096306909915037,0.5084058516981642,0.270616543341049,0.7530738885383444,0.1248459734621752,0.4345665635492754,0.4269981647986583,0.4420221135622757,0.4886009461004212,0.4900556253990088,0.2428940498188784,0.7347091153892797,0.1266875357521003,0.7529817378911144,0.7432901131917463,0.7627646223910773,0.7021963758858091,0.7125208148490627,0.4536991946062205,0.8955623485804783,0.1143033366476011,0.8944681765282527,0.8771645775405831,0.9105815351595038,0.7953560826579706,0.8068702776097305,0.5701548474753317,0.9540825893382896,0.099544384025709,0.9273526859719248,0.9132354885597,0.9399689672724404,0.8196504917801166,0.8349632174631054,0.5871754498491598,0.96241490145035,0.0967764821278903,False,,I517T,1,1,0,0.749226544,1
I54ins,inframe_indel,False,0.0,5.0,0.0,none,,1,19841300,,5.0,0.0,0.0,0.4660320468865184,0.4586636513552953,0.4735056258854289,0.3102242350854081,0.3010061528321046,0.1055041660314944,0.5563682937621884,0.1167042991909692,0.4345665635492754,0.4269981647986583,0.4420221135622757,0.2914235233292275,0.2824781958035779,0.0986411738581725,0.5336549115942706,0.113213079489613,0.2062008430240162,0.1875290169720347,0.2256830646688847,0.1368234524195261,0.1204455397952879,0.0178565974237365,0.3471134136752589,0.0870660502755241,0.8944681765282527,0.8771645775405831,0.9105815351595038,0.5944810495636002,0.6004401486486141,0.3448415718903108,0.8173044443095303,0.1218755236490859,0.7963044171123235,0.7599667302137078,0.8305588708075249,0.5289733029574862,0.5303342609665902,0.2934738273763538,0.7612616379833882,0.1233814465533582,False,,I54ins,0,1,0,0.27734541,1
K598R,missense,False,4.0,5.0,0.0,VUS,0.3242,4,18596570;23304551;30758498;32893267,,5.0,0.8,0.8,0.4660320468865184,0.4586636513552953,0.4735056258854289,0.5785576682204885,0.5814499590224848,0.3339959219588724,0.8058825961765471,0.1222387467070459,0.4345665635492754,0.4269981647986583,0.4420221135622757,0.5567203946309968,0.5601007146018964,0.3132183832856925,0.7957591314809175,0.1261294993140366,0.1315587800961519,0.122046667429325,0.1407046468413089,0.3506295175193709,0.3429300138619868,0.141858596829768,0.6033638965311816,0.1190604901623366,0.3428525058506431,0.3159906754333733,0.3704809453083615,0.496392670575202,0.4980142462988709,0.2599486991981084,0.7379706204428681,0.1248614860394106,0.2806749606928292,0.2541058974290797,0.3078847755613406,0.4523777005825196,0.4524092739185839,0.21958951975025,0.6972251087173359,0.1261087983726004,False,,K598R,2,2,0,0.783124234,2
R190L,missense,False,3.0,5.0,1.0,P/LP,0.9669,2,20138589;32893267,,6.0,0.5,0.6,0.4660320468865184,0.4586636513552953,0.4735056258854289,0.479227084594595,0.4785715335826394,0.24776142561458,0.7137904257045282,0.1220353855780287,0.4345665635492754,0.4269981647986583,0.4420221135622757,0.4593858425470192,0.4568251135582862,0.2346391892305619,0.7007402661145405,0.119429240198226,0.7807989713735458,0.7713439723073552,0.7901216998722297,0.6772873381049196,0.6842264365862121,0.446000613129791,0.8704106233181645,0.1116869692696635,0.7792544201988235,0.7699309991995018,0.7889288465974044,0.6732829721109324,0.6797761720395217,0.433172331356245,0.8700910453705346,0.1148597712179825,0.7880691965279119,0.7787481840307277,0.796998935183718,0.6820018865713515,0.6897818884033734,0.4472074642648158,0.8722848595714779,0.1117912404870905,False,4.00863e-06,R190L,1,4,1,0.461596731,3
R192C,missense,False,5.0,5.0,10.0,VUS,0.2861,3,22629021;26496715;41768584,,15.0,0.3333333333333333,1.0,0.4660320468865184,0.4586636513552953,0.4735056258854289,0.3847487861122561,0.3807686959773102,0.2059929666947317,0.5787849401630465,0.0960070457890533,0.4345665635492754,0.4269981647986583,0.4420221135622757,0.3739149148552094,0.3706140523982702,0.1929631432954434,0.5724911666469369,0.096345878836064,0.1116127370523157,0.1028825989391574,0.1200380488244513,0.2439350706272867,0.2367442514564338,0.1037412839154708,0.4270899343487084,0.0843950786965413,0.3428525058506431,0.3159906754333733,0.3704809453083615,0.3371743122073652,0.3319540643838388,0.1707272764283749,0.5277568286325698,0.0931368074550001,0.2684740295939267,0.2419163913062924,0.295854016786161,0.306242111115714,0.3030869371502058,0.1438081330197095,0.492754553592894,0.0889034411522637,False,4.012e-05,R192C,3,14,11,0.274909286,3
R366P,missense,False,4.0,5.0,0.0,P/LP,0.9998,2,10973849;30758498,,5.0,0.8,0.8,0.4660320468865184,0.4586636513552953,0.4735056258854289,0.5757031160841366,0.5804577088700555,0.3296671843649431,0.8016926025560119,0.1234585194677447,0.4345665635492754,0.4269981647986583,0.4420221135622757,0.5579680398457614,0.5595930873476841,0.3128959957749257,0.789635968322693,0.1256367668476158,0.8072080440141307,0.7982544736550311,0.8159980604995322,0.8063558416515947,0.8195130572108351,0.5856260091312743,0.9544054454283442,0.0964479920658412,0.7792544201988235,0.7699309991995018,0.7889288465974044,0.7847513247577909,0.797502678043438,0.5534844922729154,0.9452965602225246,0.1031372953763023,0.7967844636487695,0.7873717744790446,0.805774853848806,0.7977780616995978,0.8109198219571405,0.5659544604028164,0.9559967965793462,0.1024323256137991,False,,R366P,0,0,0,0.764530872,0
R539L,missense,False,5.0,5.0,0.0,none,0.9833,2,32893267;36674868,,5.0,1.0,1.0,0.4660320468865184,0.4586636513552953,0.4735056258854289,0.6432418718738163,0.6504044684275938,0.3960853444070442,0.8547118749989963,0.119937369375467,0.4345665635492754,0.4269981647986583,0.4420221135622757,0.6263506333263175,0.6302882531365925,0.3821826393459791,0.8440980425093888,0.1207171907866876,0.7942773897974685,0.7850364385322267,0.803328732290988,0.862974548196701,0.8801364183582772,0.6502140877354239,0.9808162810619632,0.086509194066099,0.8944681765282527,0.8771645775405831,0.9105815351595038,0.930607569792961,0.9477571082282072,0.7687865316823227,0.9978978864694692,0.0620646176827508,0.9323930037083958,0.9190523715018674,0.9443068752772402,0.9543803265794684,0.9734888798887148,0.807310464014729,0.999790301928482,0.0528794589801864,False,,R539L,1,1,0,0.666024121,1
S276del,inframe_indel,False,2.0,5.0,0.0,none,,4,15194462;19841300;30758498;36277779,,5.0,0.4,0.4,0.4660320468865184,0.4586636513552953,0.4735056258854289,0.44513758644404,0.4429053318543603,0.2060890834447636,0.6999940984491901,0.1254997781944825,0.4345665635492754,0.4269981647986583,0.4420221135622757,0.42295324550311,0.4212429531407863,0.1898386464870561,0.6604657928199869,0.1240536177300432,0.2062008430240162,0.1875290169720347,0.2256830646688847,0.270941070332489,0.2627076989190463,0.0834923204686344,0.5059991091493187,0.1107861252925505,0.8944681765282527,0.8771645775405831,0.9105815351595038,0.7294750013110639,0.7392336723924808,0.489690178057577,0.9144601932229254,0.1100339949830858,0.7963044171123235,0.7599667302137078,0.8305588708075249,0.6629522506416824,0.6686030568244485,0.4235636527125369,0.8676495632566469,0.1160646356956698,False,,S276del,1,2,0,0.46058762,2
V110I,missense,False,4.0,5.0,13.0,VUS,0.1467,4,19841300;21164565;22949429;30615648,,18.0,0.2222222222222222,0.8,0.4660320468865184,0.4586636513552953,0.4735056258854289,0.3095501785821375,0.3051675019482844,0.1564393008899373,0.4889356966509712,0.0864232872063497,0.4345665635492754,0.4269981647986583,0.4420221135622757,0.2959181063544899,0.2908440548627546,0.1416761029593112,0.4751383177856795,0.0861877995617808,0.0595824104865712,0.0537523906764862,0.0654222611297387,0.1632369916164316,0.1563854889983085,0.0544187241800333,0.3141708916913128,0.0677459813785226,0.3428525058506431,0.3159906754333733,0.3704809453083615,0.2643415538236389,0.2580232337106021,0.1259896008600667,0.4334145345282197,0.0803812124701495,0.2268194875308623,0.199685162927836,0.2552217267624465,0.2227432845462789,0.2160197076042453,0.0929572701766362,0.3909116972162894,0.0778249153621317,False,8.546e-05,V110I,1,18,16,0.182172628,2
V307L,missense,False,5.0,5.0,0.0,VUS,0.9301,5,20126594;25974115;31315195;34557911;39503779,,5.0,1.0,1.0,0.4660320468865184,0.4586636513552953,0.4735056258854289,0.6410656350988284,0.6492510960566171,0.398143295447911,0.8570437102396616,0.1196311307788576,0.4345665635492754,0.4269981647986583,0.4420221135622757,0.6213247655233244,0.6265109908108557,0.3808523900428177,0.8390408014098476,0.1200067212506009,0.7482914780099705,0.7385102247093961,0.7581455763905103,0.8331688296143073,0.8499688552695618,0.6113084648141209,0.96919968286306,0.0939973920515663,0.3428525058506431,0.3159906754333733,0.3704809453083615,0.5617781992348313,0.5637130074598586,0.3187841398680424,0.79312454813122,0.1233148948129294,0.508523912818152,0.467907708495317,0.5482334164422851,0.6728377787434213,0.6775837433395551,0.4271569569769056,0.879419990421633,0.1165072237634073,False,,V307L,0,1,0,0.411272851,1
W305S,missense,False,5.0,5.0,1.0,P/LP,0.9968,3,10973849;29876285;32893267,,6.0,0.8333333333333334,1.0,0.4660320468865184,0.4586636513552953,0.4735056258854289,0.5995186793768035,0.6039508886029312,0.3574656420310068,0.8167047542708692,0.119375329246939,0.4345665635492754,0.4269981647986583,0.4420221135622757,0.5812582332298858,0.5828812917224454,0.3444676058393917,0.801815356890153,0.1204664054130177,0.8049039012104563,0.795870260883117,0.8137613828303454,0.8182363070125024,0.8302458251633762,0.6106060651249859,0.958899236910204,0.0927083836857729,0.7792544201988235,0.7699309991995018,0.7889288465974044,0.8013107967376392,0.8146181376910385,0.5814300888966635,0.947508019268588,0.0957900915356273,0.7960010305262226,0.7866777680762073,0.8050179439424511,0.8106551655171848,0.8230126111777878,0.5969018564467312,0.9570102291772692,0.0940132800875096,False,4.01316e-06,W305S,1,9,1,0.513720543,8
Y522S,missense,False,5.0,5.0,0.0,P/LP,0.9962,1,26066609,,5.0,1.0,1.0,0.4660320468865184,0.4586636513552953,0.4735056258854289,0.6468029569812428,0.6536002439479693,0.4012102970724996,0.8583438564276925,0.1191505363675589,0.4345665635492754,0.4269981647986583,0.4420221135622757,0.624459024033252,0.6305682391457934,0.3789931509653185,0.832773629293744,0.1195005662304912,0.8044405764754966,0.7953998219319458,0.8133125286680307,0.8700538455702594,0.8868520642843123,0.6642663976596102,0.9838527393003736,0.0846456036251017,0.7792544201988235,0.7699309991995018,0.7889288465974044,0.8522688076138286,0.8694637340115741,0.6436032729745024,0.9760504053474582,0.0888353512694365,0.7958440726144577,0.7865228258300757,0.8048544024227192,0.864161480508936,0.8792211566234509,0.6568485770642686,0.9807609854842506,0.0852720771202402,False,,Y522S,6,6,0,0.726853313,6
Y545C,missense,False,1.0,5.0,0.0,none,0.9997,2,30758498;32681117,,5.0,0.2,0.2,0.4660320468865184,0.4586636513552953,0.4735056258854289,0.375298294292142,0.3688094837288456,0.1547415978335863,0.6233631617829525,0.1232862100287678,0.4345665635492754,0.4269981647986583,0.4420221135622757,0.3559865247724465,0.3475862137118759,0.1418197423675039,0.6084664909391722,0.1202387893561018,0.8071315741946379,0.7981747428576313,0.8159231664957612,0.6055304322388516,0.6109671916046657,0.3492012534302668,0.8331941710228444,0.1241273882592585,0.8944681765282527,0.8771645775405831,0.9105815351595038,0.6644713149092126,0.6726159172741537,0.4156706505941602,0.8730643786241272,0.1176704441230282,0.9340356004059788,0.9209373733855823,0.9457367158828008,0.6914859260166578,0.7020403751523133,0.4330479858179607,0.8901587125864318,0.1164063373182562,False,,Y545C,0,0,0,0.483130275,0
A287T,substitution_cdna,False,4.0,4.0,11.0,VUS,0.1139,3,22956155;28491751;34557911,,15.0,0.2666666666666666,1.0,0.4660320468865184,0.4586636513552953,0.4735056258854289,0.3451033796685396,0.3429812205754357,0.1777728312959757,0.535116588623199,0.091157730738009,0.4345665635492754,0.4269981647986583,0.4420221135622757,0.333200707900974,0.3303315277732971,0.1686738638619085,0.519050653601749,0.0910761276874726,0.051172260649166,0.0459372701475715,0.0564285180261652,0.1817657106547758,0.1726640522461101,0.0619432626006193,0.3476106754989077,0.0755559676947056,0.3428525058506431,0.3159906754333733,0.3704809453083615,0.2961054371492951,0.289793707392078,0.1355255468531354,0.4828369984551991,0.0905823866525342,0.2177177148723773,0.1903434522083955,0.246534582055296,0.247468766240807,0.2413340347524027,0.0992626193722179,0.4352356903653889,0.0864206883118219,False,4.39416e-05,A287T,0,11,11,0.135161565,0
A300S,missense,False,4.0,4.0,0.0,VUS,0.5999,1,29876285,,4.0,1.0,1.0,0.4660320468865184,0.4586636513552953,0.4735056258854289,0.6200586149831456,0.6268819531083526,0.3541778912441602,0.8408443877352989,0.125921964276912,0.4345665635492754,0.4269981647986583,0.4420221135622757,0.5964263943156867,0.6016781325295439,0.3376205317852462,0.8274584254035937,0.1261341375190254,0.3698391187752231,0.3566024468179826,0.3826757881681598,0.548782469216851,0.5517688578287013,0.2950383132102233,0.78609574023181,0.1264974986954938,0.3428525058506431,0.3159906754333733,0.3704809453083615,0.5343109309034584,0.5354528056338967,0.2790487840518274,0.7769011800217226,0.1294026985788065,0.3781482360526053,0.348994120819654,0.4074230962853545,0.5563008157240293,0.5611299939333473,0.3010548888836968,0.8003981159913109,0.1284702923569085,False,,A300S,0,6,0,0.231470408,6
C122Y,missense,False,4.0,4.0,0.0,Conflicting,0.9863,4,19841300;22199116;22949429;32893267,,4.0,1.0,1.0,0.4660320468865184,0.4586636513552953,0.4735056258854289,0.6153230694898716,0.6187704588051093,0.3567350309006564,0.8405231087970042,0.125155599220907,0.4345665635492754,0.4269981647986583,0.4420221135622757,0.5936371614337718,0.60101890230596,0.3351498821146209,0.8199011976272105,0.125861478888404,0.7966753608755911,0.7875063348678667,0.8056726409696018,0.8529698211260969,0.8695817050272243,0.6215579573964871,0.978106741756708,0.093706642457681,0.3428525058506431,0.3159906754333733,0.3704809453083615,0.5279653209495755,0.5290445132261594,0.2810682201528279,0.7735732686910244,0.1302428895432387,0.5310789658830136,0.4874093914871956,0.5727186090870533,0.6656825868081098,0.6744439411234773,0.4000097028360015,0.8840710366680796,0.1249830265244254,False,,C122Y,1,1,0,0.857272934,1
D317G,missense,False,2.0,4.0,0.0,P/LP,0.9938,2,32893267;36277779,,4.0,0.5,0.5,0.4660320468865184,0.4586636513552953,0.4735056258854289,0.4723194648917341,0.4761558544752517,0.2281694475069681,0.723495274699234,0.1280336173285056,0.4345665635492754,0.4269981647986583,0.4420221135622757,0.4537403543105757,0.4525908833096174,0.2118077954341537,0.7100033152346661,0.1301242860254046,0.8025789492259848,0.7935151504666396,0.8114872094442873,0.7139601871136483,0.7244080290563624,0.4609275809533018,0.9109111877420876,0.116660679317378,0.7792544201988235,0.7699309991995018,0.7889288465974044,0.7002493513135714,0.7093419589671557,0.4490783500387574,0.9021199122109916,0.1185641623374285,0.7952153365445433,0.7858697769692674,0.8042268412728673,0.7110707201534827,0.7205970035927325,0.4560408376381535,0.9087205880613306,0.1164485415270699,False,,D317G,4,4,0,0.826461444,4
E284K,missense,False,2.0,4.0,0.0,P/LP,0.9925,2,29925740;36277779,,4.0,0.5,0.5,0.4660320468865184,0.4586636513552953,0.4735056258854289,0.4786461229530802,0.4774065467545977,0.2336990741324504,0.7299264296426193,0.1295078566798587,0.4345665635492754,0.4269981647986583,0.4420221135622757,0.4547157254798825,0.4523510601632987,0.2155132057654803,0.7068052696921369,0.1300289843315189,0.8015650006379216,0.7924888076871168,0.8104948978809035,0.716118880430452,0.7251385589892779,0.4639954964466186,0.9133695262326156,0.1173922850594498,0.7792544201988235,0.7699309991995018,0.7889288465974044,0.6979914134223701,0.7100094087826674,0.43974818481644,0.9062365084033014,0.1200115650920374,0.7948741669094297,0.785562745968358,0.8038642529518056,0.7126721028285391,0.7211255911477259,0.4621359479392902,0.906976458573821,0.1164272700392729,False,,E284K,4,4,0,0.770067241,4
F157C,missense,False,4.0,4.0,0.0,VUS,0.886,4,10090529;10220146;10973849;24606995,,4.0,1.0,1.0,0.4660320468865184,0.4586636513552953,0.4735056258854289,0.6203679928258024,0.6261155057025183,0.3583538389904964,0.8428790926610282,0.1261569251866616,0.4345665635492754,0.4269981647986583,0.4420221135622757,0.5957818128697917,0.5984957306898648,0.3346375005284243,0.8322803284449799,0.1275670808138687,0.7053363455979862,0.6948089541273524,0.7157733144533488,0.7906201256723827,0.8027151640361547,0.5487140545673718,0.9515700121828928,0.1041934700701706,0.3428525058506431,0.3159906754333733,0.3704809453083615,0.5318665804468528,0.5337457697347613,0.2780972723274671,0.7867261278354238,0.1310812008511624,0.490789513678645,0.451928568872833,0.5287623100213606,0.6351034062313012,0.64025312735774,0.3830244984164632,0.8543329267563915,0.1233164194633026,False,,F157C,1,1,0,0.816324667,1
F275S,missense,False,4.0,4.0,0.0,none,0.976,2,12442276;19167356,,4.0,1.0,1.0,0.4660320468865184,0.4586636513552953,0.4735056258854289,0.6183459340304884,0.623958513843921,0.3685539409407373,0.8379689565554047,0.1240047799702104,0.4345665635492754,0.4269981647986583,0.4420221135622757,0.5984623516996567,0.6024982709337066,0.3374270575038455,0.833950109055466,0.1281216772721511,0.7883550127343361,0.7790026355513239,0.7975497427830547,0.8512582838771376,0.8690752285587552,0.6280976711540048,0.9777202024659564,0.0924148851054034,0.8944681765282527,0.8771645775405831,0.9105815351595038,0.9236380604304418,0.9438292892824482,0.7355353071615356,0.9979208634962106,0.0701849844600615,0.9316496253150488,0.9181891855238364,0.943651060725064,0.9513249230248806,0.9706459681112904,0.7959588119627211,0.9997804278991128,0.0552617789175885,False,,F275S,0,0,0,0.635723659,0
F275del,inframe_indel,False,4.0,4.0,0.0,none,,4,17655673;19167356;27485560;32893267,,4.0,1.0,1.0,0.4660320468865184,0.4586636513552953,0.4735056258854289,0.6169117102968397,0.623058709767625,0.3610770008894225,0.8431024241827396,0.1262121680970457,0.4345665635492754,0.4269981647986583,0.4420221135622757,0.5961025120301842,0.602520656759918,0.3396744932678799,0.8257228908366466,0.1265429799029856,0.2062008430240162,0.1875290169720347,0.2256830646688847,0.4326199152978025,0.427025038333805,0.1965833100628759,0.6877078537245512,0.1285778508166059,0.8944681765282527,0.8771645775405831,0.9105815351595038,0.9237392022782616,0.9428812018421732,0.7469828783492205,0.997524142146061,0.0695006710331701,0.7963044171123235,0.7599667302137078,0.8305588708075249,0.855258327560007,0.8733913561333144,0.623213859425942,0.9845515849404076,0.0944109019784612,False,,F275del,2,4,0,0.47629113,4
F340L,missense,False,4.0,4.0,0.0,P/LP,0.9991,3,26496715;29497013;33614747,,4.0,1.0,1.0,0.4660320468865184,0.4586636513552953,0.4735056258854289,0.6201035813095926,0.6254657038750877,0.3619586745515701,0.8436344407632135,0.1266867389919909,0.4345665635492754,0.4269981647986583,0.4420221135622757,0.5964506420905707,0.5971334451615561,0.3406931068814845,0.8280873120166744,0.127182670126612,0.8066722703814598,0.7976976012048358,0.8154747742660542,0.8623129001940935,0.8795709816491899,0.6471837959293,0.9821268542907504,0.0882593173095378,0.7792544201988235,0.7699309991995018,0.7889288465974044,0.8449305322342121,0.8613310735695603,0.6193487592084332,0.976415366381836,0.0934603618225767,0.7966018647813956,0.7872051845965289,0.8056115145581773,0.8536614120440901,0.8720394281932573,0.6394457650464983,0.9791769851989468,0.0909280838445898,False,,F340L,3,3,0,0.704405547,3
G186D,missense,False,2.0,4.0,0.0,P/LP,0.9753,2,27485560;30758498,,4.0,0.5,0.5,0.4660320468865184,0.4586636513552953,0.4735056258854289,0.478962889356902,0.4776493796969791,0.2332986546975857,0.7216495632209281,0.1279034709700786,0.4345665635492754,0.4269981647986583,0.4420221135622757,0.4543413182510055,0.4519342908337048,0.2104044560582265,0.7084698070820333,0.1293042056635646,0.7877806083672894,0.7784281595416199,0.7969883899674483,0.7057300731656861,0.714874593897368,0.4522260198240322,0.9037092221030985,0.1172377035324359,0.7792544201988235,0.7699309991995018,0.7889288465974044,0.6989285219351704,0.7084719260418573,0.4475839081196031,0.9019961051773828,0.119025114863162,0.7903202406319388,0.7810220093358744,0.7992534418833522,0.7085305185673574,0.7183373105121803,0.4508255900133018,0.9044261168111772,0.116766221402224,False,,G186D,0,2,0,0.364585328,2
G272V,missense,False,3.0,4.0,0.0,none,0.5636,2,30758498;32893267,,4.0,0.75,0.75,0.4660320468865184,0.4586636513552953,0.4735056258854289,0.5455599416882462,0.5480530730499422,0.2972118381844834,0.7879167446400855,0.1292105114366539,0.4345665635492754,0.4269981647986583,0.4420221135622757,0.5242601536165711,0.5254177657672844,0.272047294080496,0.7731386515831145,0.1297385140576652,0.3293225564227382,0.3161702158771542,0.3422926943796098,0.4511076076616929,0.4505586567752171,0.2100966330236942,0.7032668136327676,0.1289630414695195,0.8944681765282527,0.8771645775405831,0.9105815351595038,0.8549191322260417,0.8716989656748206,0.6332775195606979,0.9800776484359176,0.0911649816303629,0.8752592328241188,0.8521762283358121,0.8961203255646042,0.837599881792324,0.8533385882168742,0.6079687195414823,0.977385672731818,0.0966971865511031,False,,G272V,2,2,0,0.628376697,2
G350V,missense,False,4.0,4.0,0.0,Conflicting,0.9992,2,32893267;37975542,,4.0,1.0,1.0,0.4660320468865184,0.4586636513552953,0.4735056258854289,0.6194599393036659,0.6244447965543132,0.3624651667373617,0.8432436385776455,0.1244308242252349,0.4345665635492754,0.4269981647986583,0.4420221135622757,0.5981172142401632,0.6043091990127405,0.3393703925344214,0.8283409139589216,0.1265547151012969,0.8067488787487843,0.7977772339863753,0.815548942765462,0.8641421083978096,0.8817788593126087,0.6536634571439506,0.9837069600623938,0.0881196619592755,0.3428525058506431,0.3159906754333733,0.3704809453083615,0.5337796487595926,0.5324005230166506,0.2873142278241782,0.7795980771708153,0.1298764250181564,0.5362401900028589,0.4916908341512089,0.5786108356953834,0.6670075940330498,0.6726924022173395,0.4071115224132764,0.8854495700133997,0.1222551575664854,False,,G350V,3,3,0,0.80261236,3
H240R,missense,False,2.0,4.0,8.0,VUS,0.9492,1,26228265,,12.0,0.1666666666666666,0.5,0.4660320468865184,0.4586636513552953,0.4735056258854289,0.3048207618501989,0.2983525969761578,0.1368583537964006,0.5061646161704285,0.0946048994294486,0.4345665635492754,0.4269981647986583,0.4420221135622757,0.2874892659230755,0.282898167548079,0.1256807607926856,0.4876789458854484,0.0934914757483254,0.7655522228397038,0.7559353196872246,0.7751277999400881,0.4405711981712272,0.4384399975590877,0.2498899891874941,0.6439996463563302,0.1023821544704983,0.3428525058506431,0.3159906754333733,0.3704809453083615,0.2457228121198158,0.2394348633538927,0.0936791330799748,0.4357676036879416,0.0902265371444946,0.5161990487842131,0.4743173070885534,0.5564452168917707,0.3272580074963312,0.319854559204671,0.1518535456342404,0.538113575256733,0.0986333406147242,False,3.21079e-05,H240R,0,8,8,0.302613364,0
I204M,missense,False,4.0,4.0,0.0,VUS,0.173,2,16414944;32893267,,4.0,1.0,1.0,0.4660320468865184,0.4586636513552953,0.4735056258854289,0.6161022460298087,0.6220026980455762,0.3616049051789662,0.8438940824156786,0.1260870879574642,0.4345665635492754,0.4269981647986583,0.4420221135622757,0.5937761463736659,0.5985062563063825,0.3354087793119021,0.8256599211848819,0.1270616686081731,0.0672442198828483,0.0609514792817436,0.0735702008502756,0.3331831621561766,0.3239091322565687,0.1280888789377075,0.5916644349661947,0.1213767937134056,0.3428525058506431,0.3159906754333733,0.3704809453083615,0.5329709866306236,0.535972703445966,0.2749349733485071,0.7746226580670602,0.1293394258938859,0.2343117321005782,0.2072114665922718,0.2627463208104778,0.4521715983625202,0.4483563916675729,0.2128345122224262,0.7124713912037417,0.1297791256833534,False,,I204M,3,3,0,0.782364649,3
L251P,missense,False,4.0,4.0,0.0,P/LP,0.999,2,27379800;32893267,,4.0,1.0,1.0,0.4660320468865184,0.4586636513552953,0.4735056258854289,0.6169710904005365,0.6216961628886399,0.3661050874082475,0.8433691063076924,0.1249172207072573,0.4345665635492754,0.4269981647986583,0.4420221135622757,0.596288445902762,0.6024051671557995,0.3358075705551994,0.828405560293271,0.1279891803575328,0.8065956389186194,0.7976179450199514,0.8154005826936724,0.8614333939483235,0.8794499739101098,0.6526034742128651,0.9810982380931544,0.088300353065324,0.7792544201988235,0.7699309991995018,0.7889288465974044,0.8402408739963156,0.8571136629393508,0.6105582382702273,0.9764768382199344,0.0961503800424752,0.796575769182554,0.7871826712547717,0.805588171866251,0.8551742174521535,0.8722066531154085,0.6398167829302842,0.9772829663104828,0.0907125442805009,False,,L251P,3,3,0,0.747382875,3
N586D,missense,False,4.0,4.0,0.0,none,0.7417,4,16414944;29925740;32893267;38367891,,4.0,1.0,1.0,0.4660320468865184,0.4586636513552953,0.4735056258854289,0.6190901844996541,0.6238281028505577,0.3541913863592434,0.8428550152816459,0.1270892415877065,0.4345665635492754,0.4269981647986583,0.4420221135622757,0.5957291451589729,0.5997958010334028,0.3337984923082128,0.8300539748343283,0.1273987274355886,0.540861867030393,0.5285600147849312,0.5533900930801736,0.6695982465354896,0.6785055546325383,0.4162066043140633,0.8826872266588225,0.1212897776047664,0.8944681765282527,0.8771645775405831,0.9105815351595038,0.9248907452458668,0.9439886394701072,0.7468923193383159,0.9978360314375267,0.0683314042648394,0.903375909318832,0.885738528944122,0.919215645071298,0.9313139729708516,0.95094945422079,0.760062368671131,0.9986907186183216,0.0649973554834084,False,,N586D,2,2,0,0.634473335,2
P570L,missense,False,4.0,4.0,0.0,P/LP,0.634,1,32893267,,4.0,1.0,1.0,0.4660320468865184,0.4586636513552953,0.4735056258854289,0.6186601452649856,0.6242771534482393,0.3653033400905299,0.842836140077305,0.1256885067530446,0.4345665635492754,0.4269981647986583,0.4420221135622757,0.5945375869692476,0.5974522598652253,0.338970199951133,0.8275719633789345,0.1262658459836125,0.4096611077014653,0.3964552837657533,0.4225551554914505,0.5776942920341394,0.5826036299496162,0.3203042703492276,0.819509304705774,0.1275933559599849,0.7792544201988235,0.7699309991995018,0.7889288465974044,0.8427675341843543,0.8612873668578878,0.6055484029728144,0.9755277152070242,0.0969469457560675,0.6849651452453142,0.6638775932124468,0.7059007503528306,0.7713198754759986,0.7837022921110236,0.5282453810876403,0.9403063915593972,0.1080039721794634,False,,P570L,4,4,0,0.780745365,4
R451Q,missense,False,3.0,4.0,26.0,VUS,0.07,4,19841300;30758498;32893267;36898499,,30.0,0.1,0.75,0.4660320468865184,0.4586636513552953,0.4735056258854289,0.1917293662912566,0.1866766489089653,0.0876893093870523,0.3259590393426507,0.0614337561321497,0.4345665635492754,0.4269981647986583,0.4420221135622757,0.1828585804292412,0.1766595824419012,0.0823719451046677,0.3148906134726703,0.0605773081878366,0.0416626530981836,0.0371615762187335,0.046201566187489,0.0858632969601116,0.0782834452690417,0.0209303402786988,0.1900358493469841,0.0444584616248444,0.3428525058506431,0.3159906754333733,0.3704809453083615,0.1614767251945663,0.1565599907169292,0.0657270343003492,0.2841037760480718,0.0573241249897997,0.205957531363077,0.1783187133110506,0.2351146970703538,0.1259742987246049,0.1198380576029686,0.0431967967080388,0.2439056099790837,0.0522417875741065,False,0.000170853,R451Q,1,14,13,0.159865518,1
R533W,missense,False,4.0,4.0,1.0,VUS,0.9758,4,10728423;27485560;30816480;37324972,,5.0,0.8,1.0,0.4660320468865184,0.4586636513552953,0.4735056258854289,0.5787497813340579,0.5815237505966601,0.334345001916991,0.8032121618717403,0.1225889608004802,0.4345665635492754,0.4269981647986583,0.4420221135622757,0.558369198792565,0.5598526164348541,0.3086182442433511,0.7938764343416411,0.1252423808631179,0.7881910133740203,0.7788386084884544,0.7973896324525322,0.7901856691271132,0.803811841968249,0.562658710590273,0.9475085404155974,0.1026361897638478,0.3428525058506431,0.3159906754333733,0.3704809453083615,0.4955055490446217,0.4952137906936579,0.2547682441942801,0.7378998038417308,0.1254428004111927,0.526872580523458,0.4836010872396086,0.5681211053544416,0.6153681416152644,0.6196317440809092,0.3645887645598762,0.8328532494885547,0.1213767215277907,False,6.57047e-06,R533W,2,8,0,0.247587727,8
T169R,missense,False,4.0,4.0,0.0,P/LP,0.9409,2,23098067;29688407,,4.0,1.0,1.0,0.4660320468865184,0.4586636513552953,0.4735056258854289,0.6167403135259665,0.6233421183880876,0.3577138404943129,0.8482133318909066,0.1270371608366751,0.4345665635492754,0.4269981647986583,0.4420221135622757,0.5955013250869734,0.6025082910649957,0.3321670344140752,0.8245205533801017,0.1280315612233622,0.7581538341363996,0.7485258346530149,0.7678625156762375,0.8255147701585929,0.8424347890478846,0.5961231864117712,0.9684503682315913,0.0989913877605653,0.7792544201988235,0.7699309991995018,0.7889288465974044,0.8453726754773568,0.8600675359922503,0.6274067213645258,0.9763877107470728,0.0920473168156282,0.7809892396318248,0.7715343711406035,0.7899650244527203,0.84532868258856,0.8615965247776622,0.6192367541197075,0.9759499547133274,0.0929870193436117,False,,T169R,0,3,0,0.147396313,3
T311A,missense,False,3.0,4.0,0.0,none,0.6706,3,29925740;30758498;32893267,,4.0,0.75,0.75,0.4660320468865184,0.4586636513552953,0.4735056258854289,0.5461090332544297,0.5479530522603338,0.2952444624865789,0.7894353345977261,0.1298186205565688,0.4345665635492754,0.4269981647986583,0.4420221135622757,0.5255315097955549,0.5243238049588161,0.2709581580532542,0.7696274048373524,0.1308399325849954,0.4537481736911493,0.4407004058099601,0.4666361862531237,0.5363683055342578,0.5397891679140476,0.2829884767828767,0.786656822809695,0.1296841575612352,0.8944681765282527,0.8771645775405831,0.9105815351595038,0.8539573457629211,0.8717834818213757,0.6325075638544434,0.9797581969777232,0.0916078199418418,0.8929051380996572,0.87331359366368,0.9103640463707708,0.8516477753929601,0.8695814605119445,0.6370639023431617,0.9784139896399312,0.0919899243516547,False,,T311A,1,1,0,0.730375013,1
V162M,missense,False,4.0,4.0,4.0,VUS,0.2064,3,29330128;29688407;32893267,,8.0,0.5,1.0,0.4660320468865184,0.4586636513552953,0.4735056258854289,0.4805646009828986,0.4804874706354362,0.2557469912536352,0.7024477897285047,0.1153749460241722,0.4345665635492754,0.4269981647986583,0.4420221135622757,0.4683275205137857,0.4663158835255732,0.2542440405391569,0.6855383323588099,0.1129214136373746,0.0782914864281363,0.0713078341748296,0.0852435719026826,0.264016795914348,0.2548889884247918,0.0969730758764873,0.4863425815515327,0.1012625222458804,0.3428525058506431,0.3159906754333733,0.3704809453083615,0.4136905067660709,0.411668263989533,0.2034688869663262,0.6371550213066781,0.1129820730603697,0.2440743481823915,0.2170243476354121,0.2720848419447503,0.360059353315015,0.3537038842230168,0.163735767286321,0.5887398800113286,0.1100406058044051,False,2.62788e-05,V162M,2,13,6,0.246626481,7
V207M,missense,False,2.0,4.0,124.0,B/LB,0.1344,3,19198868;19841300;22949429,,128.0,0.015625,0.5,0.4660320468865184,0.4586636513552953,0.4735056258854289,0.0479617973221749,0.0459138622358995,0.0185937543945786,0.0910822337430847,0.0184354603639757,0.4345665635492754,0.4269981647986583,0.4420221135622757,0.0456647779893728,0.0434575562820302,0.0183477769606383,0.0868127695288195,0.0176304416079985,0.0562867076354013,0.0506824968782664,0.0619038248575637,0.0187566155776963,0.0163086763171565,0.0033548475221487,0.0465668388411499,0.0117293321157303,0.0194332902472944,0.0162506244200721,0.0229669275454812,0.0159558891074323,0.0136534906736567,0.0023933486306307,0.0414199783370243,0.0103061855593977,0.0197443401517029,0.0164108726396854,0.0234764130453066,0.0158588280097398,0.0135658243508265,0.0021603159531059,0.0418807131636585,0.0106297030537619,False,0.000815189,V207M,0,79,76,0.038048253,3
D242Y,missense,False,1.0,3.0,0.0,P/LP,0.9978,2,30816480;36277779,,3.0,0.3333333333333333,0.3333333333333333,0.4660320468865184,0.4586636513552953,0.4735056258854289,0.434311745316678,0.4313649836837564,0.1887225097982063,0.6983285589536832,0.1319624962855882,0.4345665635492754,0.4269981647986583,0.4420221135622757,0.4146299589327674,0.4120248868552802,0.1692758930823189,0.6750781104558554,0.1327343268117366,0.8056742594852816,0.7966602827054414,0.814508483501003,0.6966184608344481,0.707094621055666,0.4348921353612963,0.9040115319811765,0.1236511107938081,0.7792544201988235,0.7699309991995018,0.7889288465974044,0.6764584903967568,0.6855894505797872,0.4119352763462511,0.8896622347357762,0.124720035336993,0.7962624260821836,0.7869137286082661,0.8052918826455876,0.6907424716188505,0.7002641741166591,0.4164943206013507,0.9032013918719524,0.1246440261442899,False,,D242Y,1,1,0,0.746391943,1
D317Y,missense,False,3.0,3.0,0.0,none,0.995,2,30758498;32893267,,3.0,1.0,1.0,0.4660320468865184,0.4586636513552953,0.4735056258854289,0.5892763215646429,0.5953905462952139,0.3165773039941853,0.8268799214004912,0.13308845271914,0.4345665635492754,0.4269981647986583,0.4420221135622757,0.5651363800186618,0.5656903316841261,0.3107299188672334,0.8143261989659969,0.132848177680436,0.8035114289507256,0.7944579938364483,0.812399469070185,0.8483471507965189,0.8660579377390769,0.6195661809846822,0.9804656003218288,0.0966154368241663,0.8944681765282527,0.8771645775405831,0.9105815351595038,0.919867218176152,0.9398199947173348,0.7277412587996865,0.9973243169721314,0.0725334912711633,0.9335687122245088,0.9204170927489428,0.945372116208662,0.946809432014623,0.9676501472235504,0.776239959219808,0.9996530769085924,0.0607152400894978,False,,D317Y,1,1,0,0.792471584,1
F351L,missense,False,3.0,3.0,1.0,P/LP,0.9998,1,27485560,,4.0,0.75,1.0,0.4660320468865184,0.4586636513552953,0.4735056258854289,0.5462206442563154,0.5483354585508968,0.2917314449637041,0.7843289151494293,0.1285186961487129,0.4345665635492754,0.4269981647986583,0.4420221135622757,0.5271598388239018,0.5268078476746718,0.2770977626893943,0.7723841028153142,0.1285656867658158,0.8072080440141307,0.7982544736550311,0.8159980604995322,0.790398596319985,0.8047915310378175,0.5565626373175911,0.9480508329722718,0.1038850023302647,0.7792544201988235,0.7699309991995018,0.7889288465974044,0.7719541141588736,0.7854758475907713,0.5236532340335508,0.942588860002034,0.1103729844874855,0.7967844636487695,0.7873717744790446,0.805774853848806,0.7829042873692788,0.7961519795571321,0.5468466060583995,0.9496051253923096,0.1070051322710161,False,3.97861e-06,F351L,0,2,1,0.691867899,1
F573L,missense,False,2.0,3.0,1.0,VUS,0.9867,3,16414944;30758498;37975542,,4.0,0.5,0.6666666666666666,0.4660320468865184,0.4586636513552953,0.4735056258854289,0.4793102102906983,0.4761044792513984,0.2356521251605913,0.7304757038352728,0.1300126312346634,0.4345665635492754,0.4269981647986583,0.4420221135622757,0.4538132539973754,0.4500630940183289,0.2147805750500571,0.703869362640878,0.1278404184535787,0.7969935119580166,0.7878351581334032,0.8059848869164479,0.710616897357416,0.720963686465322,0.4659421424954903,0.9030902320462614,0.1151240207901401,0.3428525058506431,0.3159906754333733,0.3704809453083615,0.3928508940907221,0.3877068098097382,0.1575206122923865,0.6464345683748721,0.1258810872768107,0.5312391182245784,0.4875658963977408,0.5728987139795775,0.5205744190141035,0.5202369085855318,0.2681086585153373,0.7721789504636019,0.1307445538748056,False,3.98283e-06,F573L,0,1,1,0.178795349,0
G292D,missense,False,2.0,3.0,7.0,VUS,0.3112,2,22199116;36277779,,10.0,0.2,0.6666666666666666,0.4660320468865184,0.4586636513552953,0.4735056258854289,0.3309249482845108,0.3244810264522631,0.1496084971527508,0.5477905545914887,0.1034457926158911,0.4345665635492754,0.4269981647986583,0.4420221135622757,0.3166800775153868,0.3114297494612629,0.1352908394060266,0.5317927231729835,0.1009588728143606,0.1244339024763006,0.1151864192677032,0.1333620311358142,0.1619025533668232,0.1513279895748188,0.0387731308817329,0.3424536743305569,0.0791693974854711,0.3428525058506431,0.3159906754333733,0.3704809453083615,0.2741328100320853,0.2659968575432886,0.1086812982548003,0.4814195897926998,0.096966560638248,0.2764736925868223,0.249875240186916,0.3037225582402804,0.2403395376056482,0.2319387763676329,0.0859286991514667,0.4448797342497214,0.0930771940115147,False,4.59843e-05,G292D,1,13,12,0.177790877,1
G460D,missense,False,3.0,3.0,5.0,VUS,0.1185,2,31337358;37589201,,8.0,0.375,1.0,0.4660320468865184,0.4586636513552953,0.4735056258854289,0.4218321727858992,0.4193453902411025,0.2084273670881804,0.6458201866471149,0.1138384454037766,0.4345665635492754,0.4269981647986583,0.4420221135622757,0.4065919481210603,0.4033426871243671,0.1968587487780812,0.6331599984442552,0.1124806209081228,0.052280186553937,0.0469636694896667,0.0576137676946386,0.1959998612520395,0.1851759699262573,0.0554825812820292,0.3979691605876779,0.0906918343649009,0.3428525058506431,0.3159906754333733,0.3704809453083615,0.3562296725401999,0.3523141983887254,0.1589785386405378,0.5817560548465489,0.1086515060604334,0.218977944735024,0.1916416929708136,0.2477016847279709,0.2860877056236633,0.2789790551625487,0.1031386696122546,0.5078889395448576,0.10470600187192,False,3.28969e-05,G460D,0,3,3,0.085439004,0
G568A,missense,False,3.0,3.0,0.0,P/LP,0.9689,2,12702160;27485560,,3.0,1.0,1.0,0.4660320468865184,0.4586636513552953,0.4735056258854289,0.5924599751283804,0.5958626847952581,0.3317030938674506,0.8350917299221559,0.1310865149238885,0.4345665635492754,0.4269981647986583,0.4420221135622757,0.5654365975781085,0.5681725951176084,0.3082999625237365,0.8144259301833991,0.1324817707139343,0.7824761290953328,0.7730407668174007,0.791766638950545,0.8345909820883298,0.8513236831986261,0.6115102970377523,0.9737392511939528,0.0978937235141647,0.7792544201988235,0.7699309991995018,0.7889288465974044,0.8318626471739732,0.8505489602943671,0.5976695149015419,0.9726628774475908,0.1003908696299344,0.788606768794046,0.7793036112281629,0.7975353139451676,0.8356727389686837,0.8518514624618594,0.6061263824552547,0.9754365379307856,0.0992667544333275,False,,G568A,0,0,0,0.820007219,0
G584S,missense,False,3.0,3.0,11.0,VUS,0.4339,3,17222736;22677073;24606995,,14.0,0.2142857142857142,1.0,0.4660320468865184,0.4586636513552953,0.4735056258854289,0.3190550691093765,0.3141277473221506,0.151113661487597,0.5079923478808458,0.092522338060886,0.4345665635492754,0.4269981647986583,0.4420221135622757,0.3084066822070893,0.3049648882045867,0.1433952711787095,0.5012120973903,0.0921271508197473,0.2061299457137718,0.1945335578540749,0.2175933598649972,0.2102472264011731,0.2020331238235759,0.0762809730467676,0.3965556514555953,0.0819118693875275,0.3428525058506431,0.3159906754333733,0.3704809453083615,0.2687279657700115,0.2632217688951386,0.112639497167375,0.4579989835177712,0.0898572937773265,0.317640396947681,0.2910622158242472,0.3449697367193708,0.256140387411593,0.2484721755167737,0.1066560310858951,0.4476189237516367,0.0874122179688695,False,4.38167e-05,G584S,0,11,11,0.164042997,0
I204F,missense,False,3.0,3.0,0.0,none,0.4357,3,19841300;22949429;32893267,,3.0,1.0,1.0,0.4660320468865184,0.4586636513552953,0.4735056258854289,0.5918122365490469,0.5952991325162946,0.3228940902873448,0.8401575340667008,0.1326447401243096,0.4345665635492754,0.4269981647986583,0.4420221135622757,0.5617279720306341,0.5665217779060163,0.2921332870162451,0.8074652228568657,0.1325000752955344,0.2075806100766728,0.1959457677757972,0.2190833245275627,0.3914397879717587,0.3865802507979578,0.1488459788420476,0.6554017977146105,0.131705616793099,0.8944681765282527,0.8771645775405831,0.9105815351595038,0.9210047836591666,0.9413708945302444,0.7350382915016995,0.9979115525109876,0.0711732854365816,0.8509391789249273,0.822868624705981,0.8770355207504967,0.8880259249845655,0.9084206254878548,0.6696307672071086,0.9918083596151578,0.0857030653198242,False,,I204F,1,1,0,0.77981546,1
K422E,missense,False,3.0,3.0,0.0,VUS,0.7396,1,35887302,,3.0,1.0,1.0,0.4660320468865184,0.4586636513552953,0.4735056258854289,0.5912372383479464,0.5952831722261435,0.3259764468767513,0.8327809228667601,0.1329534066116287,0.4345665635492754,0.4269981647986583,0.4420221135622757,0.563884699724481,0.5654406948660516,0.3041644384657849,0.8094227321303574,0.1318564812379487,0.5382984103520975,0.5259600416960689,0.5508400700713327,0.6477389475757364,0.6552323354093028,0.3838579461805278,0.8689340442344318,0.1253982271563153,0.3428525058506431,0.3159906754333733,0.3704809453083615,0.4948750031862849,0.4946016557463062,0.2449792452107908,0.76154362779754,0.1340150510233663,0.432297544564391,0.3990511107791826,0.4651114946342979,0.5624970452789722,0.5650671611212286,0.3010908247660738,0.8049597049903379,0.1307170823861284,False,,K422E,0,0,0,0.155747968,0
L347F,missense,False,0.0,3.0,0.0,P/LP,0.9922,1,34505893,,3.0,0.0,0.0,0.4660320468865184,0.4586636513552953,0.4735056258854289,0.3590346055992206,0.3525195034365385,0.1369331019487846,0.6267278401305485,0.1274106378690729,0.4345665635492754,0.4269981647986583,0.4420221135622757,0.334719906176502,0.3253069293552711,0.1194321173602448,0.5961223861416709,0.1258197540233501,0.8013304566475021,0.7922514252959284,0.810265335374531,0.6137686449959379,0.6203434255620726,0.3460753785035325,0.8423663562759524,0.1286204419259004,0.7792544201988235,0.7699309991995018,0.7889288465974044,0.6010938762746867,0.6050615462541656,0.3337640147057158,0.8417609454957942,0.1327721833912787,0.7947953751491454,0.7854848748709101,0.8037806526439214,0.604949337031862,0.6114527826292027,0.345604545301562,0.8384617801047562,0.1301580476039445,False,,L347F,0,0,0,0.754551092,0
L347R,missense,False,2.0,3.0,0.0,none,0.9985,2,30758498;33082985,,3.0,0.6666666666666666,0.6666666666666666,0.4660320468865184,0.4586636513552953,0.4735056258854289,0.5158665956543254,0.5192985945759083,0.254709949940727,0.7769345397455724,0.134163076002608,0.4345665635492754,0.4269981647986583,0.4420221135622757,0.4863444079608447,0.482684110884289,0.2343427295971767,0.7400465874229271,0.1317184447478858,0.8062121351301028,0.7972193130240882,0.8150292786760954,0.7728441066392766,0.7880679353483262,0.5218936918235937,0.94767722658243,0.1130242355791522,0.8944681765282527,0.8771645775405831,0.9105815351595038,0.8394257162190335,0.8589810325495435,0.5900303674601708,0.9765757166776616,0.1014819855161227,0.933916687666676,0.920808345128748,0.945644276354894,0.8733936439462029,0.8893587567907064,0.6650135352653178,0.9864887593523944,0.0859697604448955,False,,L347R,0,1,0,0.696683734,1
L374F,missense,False,3.0,3.0,0.0,VUS,0.9881,2,29688407;32893267,,3.0,1.0,1.0,0.4660320468865184,0.4586636513552953,0.4735056258854289,0.5882471932405463,0.5952369471846432,0.3287983725670439,0.8247308913914344,0.1315730455387289,0.4345665635492754,0.4269981647986583,0.4420221135622757,0.5698140063860755,0.5725401445891016,0.3049562430359191,0.8075365435028948,0.1310620050163636,0.7981041171493695,0.7889755846816311,0.8071013099125439,0.8450941295626372,0.863069922673726,0.6131522564331989,0.9792318625820664,0.0974000500810735,0.3428525058506431,0.3159906754333733,0.3704809453083615,0.4931947275002894,0.4921234756357511,0.2469124577155568,0.7539439819418496,0.1336954493521667,0.5317995961885055,0.4881028701072143,0.5735289286103065,0.6398726473240132,0.6467832213739284,0.3642355938459402,0.8711389403515948,0.1320217880759523,False,,L374F,1,3,0,0.495260258,3
N483K,missense,False,0.0,3.0,1.0,VUS,0.6392,1,34438094,,4.0,0.0,0.0,0.4660320468865184,0.4586636513552953,0.4735056258854289,0.3309013682390252,0.3213843567452543,0.1250987429943702,0.5900032470131896,0.1194594735567882,0.4345665635492754,0.4269981647986583,0.4420221135622757,0.3090594955505372,0.3021809296912084,0.1061341233926771,0.5553409050312949,0.1174186181685047,0.4158538395420014,0.4027032246246706,0.4287381983774845,0.3001879103322364,0.2905380585317892,0.0977218831951612,0.5590337925166095,0.1200181273117819,0.3428525058506431,0.3159906754333733,0.3704809453083615,0.2456169816343798,0.2301793133548695,0.0630945470438276,0.4956388976637599,0.1129068074029348,0.3931388410800877,0.3630505480333504,0.4236003446472257,0.2813045625180243,0.2700046194787437,0.08707520076174,0.5277868299037916,0.1166639426202833,False,6.56909e-06,N483K,0,0,0,0.111362883,0
P197S,missense,False,0.0,3.0,0.0,P/LP,0.9894,1,30758498,,3.0,0.0,0.0,0.4660320468865184,0.4586636513552953,0.4735056258854289,0.3598853742462905,0.3541755729490206,0.1357620331055358,0.6228252163020733,0.1280423051324395,0.4345665635492754,0.4269981647986583,0.4420221135622757,0.336078709566102,0.3273775964566824,0.1207576686876838,0.6097451288932515,0.1270942572839215,0.7991313223584581,0.7900258563414528,0.8081123012032132,0.6131256625605612,0.619569206192306,0.3510686949599482,0.8415263705536747,0.1266220569251031,0.7792544201988235,0.7699309991995018,0.7889288465974044,0.596215433505848,0.6009808602580158,0.3302152542425822,0.8334561384416169,0.1313545129342473,0.7940588947549634,0.7847487865262007,0.8029996029601304,0.6060436018779067,0.6128671844980578,0.3398315502135179,0.8377806311332745,0.1307061311925421,False,,P197S,0,0,0,0.309776434,0
P320S,missense,False,3.0,3.0,1.0,VUS,0.9985,2,23392653;26496715,,4.0,0.75,1.0,0.4660320468865184,0.4586636513552953,0.4735056258854289,0.5504744900902347,0.5518389841347768,0.297225209579786,0.7967283311378461,0.1297583333410548,0.4345665635492754,0.4269981647986583,0.4420221135622757,0.5261794778777938,0.5260665510108296,0.2762585274542233,0.7689999011579791,0.1284859903422356,0.8062121351301028,0.7972193130240882,0.8150292786760954,0.7920010201746576,0.8068942539786774,0.5512710727499848,0.9522971073122936,0.1055454944158568,0.3428525058506431,0.3159906754333733,0.3704809453083615,0.4607092966049483,0.4591467754980298,0.2146769629373933,0.7189936086213606,0.1303557713853118,0.5359603276465509,0.4914761140610772,0.5783195938351084,0.5982889953389816,0.6029084817962058,0.344926785973067,0.8337510300477464,0.1274908804513702,False,6.841957620914496e-07,P320S,1,1,0,0.7167565,1
P535T,missense,False,3.0,3.0,0.0,VUS,0.9973,2,28600177;33693037,,3.0,1.0,1.0,0.4660320468865184,0.4586636513552953,0.4735056258854289,0.5932143753860875,0.5976777635656558,0.3261454943539821,0.8332530573804475,0.1321214994660359,0.4345665635492754,0.4269981647986583,0.4420221135622757,0.5662792478954768,0.5691281094305723,0.2982970852119536,0.8089693497601614,0.1330974634592089,0.80528936930043,0.7962610193491833,0.8141357941209123,0.8507996754319233,0.8680676733938852,0.6159111457930363,0.9812323865380028,0.0957515001041623,0.3428525058506431,0.3159906754333733,0.3704809453083615,0.494615849201876,0.4957052794676781,0.2425461458635665,0.7582671268894688,0.1324745162376009,0.5354805069627182,0.4911080298542535,0.5778018636676858,0.6398570327777128,0.6488604789262538,0.3697523104904275,0.8678990717771788,0.1294297892366928,False,,P535T,0,0,0,0.327532261,0
Q357R,missense,False,3.0,3.0,0.0,VUS,0.9841,3,12702160;21952006;26920202,,3.0,1.0,1.0,0.4660320468865184,0.4586636513552953,0.4735056258854289,0.5916474694445568,0.5987443178613263,0.3212461466107801,0.8219273253371487,0.131730493617438,0.4345665635492754,0.4269981647986583,0.4420221135622757,0.5668550087565333,0.5704614524221692,0.3010276317479335,0.8112877336509017,0.1314844978527877,0.7949188917463211,0.785691753345004,0.803953681831403,0.8420736723259759,0.8596524914555934,0.6188649955654095,0.9779158068712313,0.0958562025857846,0.3428525058506431,0.3159906754333733,0.3704809453083615,0.4944398884250041,0.4932472777743302,0.2369860415949164,0.7499075507261479,0.13407914645998,0.5301980046191722,0.486564498107805,0.5717276887654675,0.6388752538494669,0.6495633859403269,0.3653336512842989,0.8615248182369684,0.132179188130839,False,,Q357R,0,0,0,0.662460878,0
R195Q,missense,False,2.0,3.0,10.0,VUS,0.1974,3,19841300;22949429;39940965,,13.0,0.1538461538461538,0.6666666666666666,0.4660320468865184,0.4586636513552953,0.4735056258854289,0.2927616221411391,0.2860820407025213,0.1301371424371875,0.492152230221061,0.09290722458113,0.4345665635492754,0.4269981647986583,0.4420221135622757,0.2747486087651562,0.2689186940196845,0.1168629509094055,0.4694138050911899,0.0910515684989828,0.075160922072427,0.0683712882977066,0.0819409391347315,0.118545044336192,0.106909924900016,0.0234699705772879,0.2744660834196535,0.0659297405212765,0.3428525058506431,0.3159906754333733,0.3704809453083615,0.235513350970996,0.2275929051443387,0.0848118134810156,0.4323711850844496,0.0889359234333246,0.2414165285912619,0.2143650457771473,0.2694639311932771,0.190986471566916,0.1836565444262254,0.0584752259821877,0.3689656419685137,0.0806449905407308,False,6.57117e-05,R195Q,0,12,11,0.112104401,1
R360G,missense,False,3.0,3.0,0.0,P/LP,0.9969,2,17905336;19808498,,3.0,1.0,1.0,0.4660320468865184,0.4586636513552953,0.4735056258854289,0.5937173702366765,0.5983155710046826,0.3225012368168818,0.834063365781839,0.1329901812047914,0.4345665635492754,0.4269981647986583,0.4420221135622757,0.5635674185990246,0.5655251587296877,0.2928393201908055,0.8122112097650306,0.1340149015951951,0.8049810410674653,0.7959484571314063,0.8138368193774911,0.8496094771151514,0.8686205302147814,0.6090033397832241,0.9816194250564534,0.0972470934060791,0.7792544201988235,0.7699309991995018,0.7889288465974044,0.8309317107104255,0.8484926162012905,0.6017722389753464,0.97572241579714,0.0999687764703669,0.7960271813858263,0.7867035838115535,0.8050453509507038,0.845876679844579,0.8636728974800242,0.6159878451760811,0.978646426950035,0.0980786860273943,False,,R360G,4,4,0,0.809470908,4
R397Q,missense,False,2.0,3.0,4.0,VUS,0.1097,3,24440382;25616976;34135346,,7.0,0.2857142857142857,0.6666666666666666,0.4660320468865184,0.4586636513552953,0.4735056258854289,0.3950643492664615,0.3896590865043064,0.1835096462424506,0.637702281364454,0.1173009070438826,0.4345665635492754,0.4269981647986583,0.4420221135622757,0.3755340400103339,0.3706123296387221,0.1694019171679904,0.6106206411312071,0.1145311919214073,0.0501801121781333,0.0450190426506024,0.0553646164902717,0.1472840044098285,0.1333569180785943,0.025616250157639,0.34389961437841,0.0836738246458568,0.3428525058506431,0.3159906754333733,0.3704809453083615,0.32048530233781,0.3126490792314866,0.1251339464915418,0.5552143605407689,0.110120458485362,0.2165717006268263,0.1891323347093765,0.2454268039296788,0.2459213654392272,0.2358476463376302,0.0774283475973819,0.4657060270342018,0.102444391163729,False,1.59133e-05,R397Q,1,6,4,0.160036684,2
R561S,missense,False,1.0,3.0,0.0,none,0.9968,1,30758498,,3.0,0.3333333333333333,0.3333333333333333,0.4660320468865184,0.4586636513552953,0.4735056258854289,0.4381902410359115,0.4335419196328934,0.1877998258182433,0.7034751352020161,0.1342956839691477,0.4345665635492754,0.4269981647986583,0.4420221135622757,0.4081612454640524,0.4039832776707946,0.1646289587199109,0.6873669408525188,0.134085466499634,0.8049039012104563,0.795870260883117,0.8137613828303454,0.6953291718506144,0.7031354231650799,0.4322236056676481,0.902642519510632,0.123450892793126,0.8944681765282527,0.8771645775405831,0.9105815351595038,0.7632913897357843,0.7766241428918427,0.5105582140566121,0.937475243230224,0.1125328708398139,0.933747884559228,0.920625323683398,0.9455130661749622,0.7947482532262041,0.8091591645152736,0.541661477827149,0.9593597381051044,0.1101179476929452,False,,R561S,0,0,0,0.681719018,0
R583C,missense,False,3.0,3.0,4.0,P/LP,0.5124,3,10973849;24606995;32893267,,7.0,0.4285714285714285,1.0,0.4660320468865184,0.4586636513552953,0.4735056258854289,0.4525351945240497,0.4491759344766911,0.2302872419373211,0.6831832579864134,0.1155068555250285,0.4345665635492754,0.4269981647986583,0.4420221135622757,0.4316978042707016,0.4285297073319589,0.2104949655757008,0.667074320851136,0.1168828296416605,0.2763206057421757,0.2634777159833995,0.2889243768974438,0.336485237011764,0.3286716278023402,0.1425617833362132,0.5745524819809752,0.111260994989191,0.7792544201988235,0.7699309991995018,0.7889288465974044,0.6363691196577872,0.6413472200133118,0.4039193860335665,0.8389752292830851,0.1116489981998336,0.6412118413086618,0.6126921151939312,0.6700177033811913,0.5534410789752531,0.5526522940920855,0.3250946702588859,0.7717646639263551,0.1180840795201702,False,1.59352e-05,R583C,2,6,4,0.476305702,2
S277W,missense,False,3.0,3.0,0.0,P/LP,0.9974,3,16414944;23879280;32893267,,3.0,1.0,1.0,0.4660320468865184,0.4586636513552953,0.4735056258854289,0.585628538017899,0.5934617216432911,0.308682973996033,0.8286716973050227,0.1340339810786302,0.4345665635492754,0.4269981647986583,0.4420221135622757,0.5680617482876249,0.5734103239195343,0.3095268752025422,0.8093596909005849,0.1315589298137549,0.8053663935653865,0.7963405574630151,0.8142103781977538,0.8506309209566827,0.8688870271083717,0.6182212168224592,0.9814550575405924,0.0965563998907568,0.7792544201988235,0.7699309991995018,0.7889288465974044,0.8278310925218647,0.8457419311960193,0.5883627872462037,0.9733651329022776,0.1025385639810402,0.7961578980034509,0.7868241092135249,0.8051823421978576,0.843221335382645,0.8594463929536307,0.6096691895960327,0.9771485634987986,0.0966731650758993,False,,S277W,1,1,0,0.777564526,1
T587R,missense,False,2.0,3.0,0.0,P/LP,0.8982,2,30244407;32893267,,3.0,0.6666666666666666,0.6666666666666666,0.4660320468865184,0.4586636513552953,0.4735056258854289,0.512190302518875,0.5154704395381383,0.2494945689950859,0.7720358040702862,0.1351583037134106,0.4345665635492754,0.4269981647986583,0.4420221135622757,0.4896887980395385,0.4889893468849338,0.2363982990141751,0.7421369259889973,0.131673341850058,0.7176397987409285,0.7073630701439128,0.7280587851004526,0.705901385928464,0.7180953745522825,0.4491475536752718,0.909575092093016,0.1230496611636105,0.7792544201988235,0.7699309991995018,0.7889288465974044,0.7529169671575093,0.766626110325968,0.5052630324019943,0.9378456527092728,0.1150224205675433,0.7689936009367807,0.7590093628754069,0.778634316747964,0.7445600983299898,0.7585430935036725,0.4904931855101533,0.9336235959142676,0.1163400335365047,False,,T587R,2,3,0,0.643642373,3
T96R,missense,False,2.0,3.0,3.0,Conflicting,0.1281,2,21070882;29672598,,6.0,0.3333333333333333,0.6666666666666666,0.4660320468865184,0.4586636513552953,0.4735056258854289,0.4156147490985101,0.4105316192879332,0.2014949513480205,0.6589370906238262,0.1190878212880402,0.4345665635492754,0.4269981647986583,0.4420221135622757,0.3994848886408766,0.3962320627327961,0.1839176975996768,0.6426837793639557,0.1189402849558706,0.0546657865611988,0.0491767665425853,0.0601749532097988,0.1587064743111947,0.1467317647667053,0.0314712792657126,0.3640652722032138,0.0865809462683911,0.3428525058506431,0.3159906754333733,0.3704809453083615,0.3360023712567055,0.3293592906041879,0.1361347027215619,0.5705436452564128,0.1139525005994231,0.2216250624806535,0.1943690750894927,0.2503087464429247,0.2628386895784704,0.2526144193034311,0.0838801364658044,0.4988338117861211,0.1075142215291238,False,1.34506e-05,T96R,1,7,4,0.22046817,3
V185M,missense,False,3.0,3.0,3.0,VUS,0.3514,1,36077086,,6.0,0.5,1.0,0.4660320468865184,0.4586636513552953,0.4735056258854289,0.477676689898683,0.476609933552385,0.2469045199865216,0.7153971761060017,0.1215318857570502,0.4345665635492754,0.4269981647986583,0.4420221135622757,0.4596499976613495,0.4581731254934955,0.2275711013614284,0.6959930422773782,0.1201119575956416,0.1475874696246378,0.1375129927659952,0.1573510012612996,0.2821862189587297,0.2718161297050153,0.0940133468156207,0.5168145626575279,0.1098882443565345,0.3428525058506431,0.3159906754333733,0.3704809453083615,0.4021463058008314,0.400327166950156,0.1842616161945949,0.6427820724352165,0.1193418183718959,0.2895913244061826,0.2631543795276928,0.3166642816575536,0.369514697208636,0.3639231241038788,0.1568870433723,0.6215781322973,0.1191517435800151,False,1.20157e-05,V185M,0,3,3,0.260422687,0
V241F,missense,False,3.0,3.0,0.0,P/LP,0.9518,1,23989646,,3.0,1.0,1.0,0.4660320468865184,0.4586636513552953,0.4735056258854289,0.5911776702928968,0.5975358911118602,0.3322778321516142,0.8289652217736925,0.1308555042492556,0.4345665635492754,0.4269981647986583,0.4420221135622757,0.5691377841155638,0.5746118111898255,0.2984806535657376,0.812002194303437,0.1332281460663036,0.7678372219095201,0.7582510491229658,0.7773773421015414,0.8227159911643354,0.8384388225357224,0.5844127824702757,0.9692510259156716,0.1016574120235612,0.7792544201988235,0.7699309991995018,0.7889288465974044,0.8323954565902508,0.848399427911273,0.6010979419427862,0.9723062897132712,0.0977716375872463,0.7839780624235173,0.7745928449764277,0.7929486361329109,0.8331370392194333,0.8521748683950197,0.5963874408985892,0.9743279234190876,0.1005214018541463,False,,V241F,0,3,0,0.358946283,3
V280A,missense,False,3.0,3.0,0.0,P/LP,0.9722,2,27379800;32893267,,3.0,1.0,1.0,0.4660320468865184,0.4586636513552953,0.4735056258854289,0.5886916947352857,0.5917459371662626,0.3251844611694119,0.829012328589397,0.1308031484885011,0.4345665635492754,0.4269981647986583,0.4420221135622757,0.5605173826265242,0.5634823505553899,0.3065937574946196,0.8008868468762883,0.1299579195621124,0.7852231330012576,0.7758208909747117,0.794450461738568,0.8353187920772915,0.8511763934712673,0.602940202688955,0.9747830850825676,0.0988138099130167,0.7792544201988235,0.7699309991995018,0.7889288465974044,0.8297524658926784,0.8456714461328847,0.5974291842117203,0.9705308049808116,0.0993136692490221,0.7894915639477105,0.7801856966869568,0.79841628859206,0.8376995189030896,0.8546289619195129,0.6027618057804441,0.9751758850570976,0.0968718218863312,False,,V280A,2,2,0,0.820533106,2
W304R,missense,False,3.0,3.0,0.0,P/LP,0.9995,3,19841300;22949429;27379800,,3.0,1.0,1.0,0.4660320468865184,0.4586636513552953,0.4735056258854289,0.5882317475814436,0.5951519540034905,0.3188604353465532,0.8301076645965828,0.1323125403476595,0.4345665635492754,0.4269981647986583,0.4420221135622757,0.5636978188337339,0.5631592611562717,0.3004528956310606,0.8146680033908253,0.1324901953902147,0.8069785652896194,0.798015991917138,0.8157733076730034,0.8501396223654178,0.8677298834997451,0.6139339059216549,0.980424308786391,0.0954341169152668,0.7792544201988235,0.7699309991995018,0.7889288465974044,0.8287555487565056,0.8453065813347173,0.5829299028596313,0.9731580741283936,0.1013529744885506,0.7967062220606611,0.7872952205540309,0.8057048640566908,0.8440912320204577,0.8621934836980052,0.6079022331245064,0.9790596076199556,0.0980048885830807,False,,W304R,3,3,0,0.779985666,3
W392R,missense,False,3.0,3.0,0.0,P/LP,0.9979,2,10973849;32893267,,3.0,1.0,1.0,0.4660320468865184,0.4586636513552953,0.4735056258854289,0.5925419521060417,0.5995909345987367,0.3224676044102594,0.8341242879917943,0.1324105559750395,0.4345665635492754,0.4269981647986583,0.4420221135622757,0.5659142794130234,0.5689144219563578,0.3073575898402215,0.8094430816308711,0.1327617722127259,0.8057511681858784,0.796740182193948,0.8145829520842018,0.8490324979912411,0.8690665474515127,0.6161393724995052,0.9818801340518368,0.096917642017633,0.7792544201988235,0.7699309991995018,0.7889288465974044,0.8288488542379813,0.8470107366485999,0.5943454018900262,0.9726341019480192,0.1020921724440785,0.796288551822112,0.7869361291635643,0.80531926045932,0.8434801278876984,0.8628980268373221,0.6132763784285772,0.9778539780643084,0.0973689700868048,False,,W392R,7,7,0,0.822652207,7
A194P,missense,False,2.0,2.0,0.0,VUS,0.9881,2,10973849;21063070,,2.0,1.0,1.0,0.4660320468865184,0.4586636513552953,0.4735056258854289,0.5525917614970406,0.555449249165481,0.2798803454433499,0.8109394097805932,0.1382681191582788,0.4345665635492754,0.4269981647986583,0.4420221135622757,0.5260485938527384,0.526276614294624,0.2622782455881472,0.7877966746227071,0.1384875846512078,0.7981041171493695,0.7889755846816311,0.8071013099125439,0.8303972783816614,0.848004849547036,0.5805600677199003,0.9765970292895388,0.104500955668682,0.3428525058506431,0.3159906754333733,0.3704809453083615,0.4505589021839301,0.4454606406721826,0.1975740847264539,0.7175670075830755,0.1382287792188853,0.5317995961885055,0.4881028701072143,0.5735289286103065,0.6107385645895287,0.6198741762977444,0.3395061111118985,0.8527278344878707,0.1348619616968469,False,,A194P,1,1,0,0.499018484,1
A283T,missense,False,2.0,2.0,0.0,VUS,0.6127,2,23571586;34398675,,2.0,1.0,1.0,0.4660320468865184,0.4586636513552953,0.4735056258854289,0.5540626261420635,0.5545836391211927,0.2788327385922388,0.8115126731088105,0.1387035196598998,0.4345665635492754,0.4269981647986583,0.4420221135622757,0.528866528027645,0.529490650896666,0.2616109259462496,0.7856438107769742,0.1391362291987491,0.3846118547641385,0.3713316844599081,0.3975062922272961,0.4863844950237826,0.4832830032683332,0.214408890082181,0.7560864741198009,0.1398689883676597,0.3428525058506431,0.3159906754333733,0.3704809453083615,0.4538162133152986,0.4559863992593471,0.1902228662870318,0.7192256104072641,0.138784514099074,0.3830066349431724,0.3534288187907527,0.4126822393712634,0.4828550838615096,0.4789685508378218,0.2186617813882627,0.7493317390955744,0.1391217542804327,False,,A283T,0,1,0,0.606531622,1
A302T,missense,False,2.0,2.0,0.0,none,0.9705,2,16414944;32893267,,2.0,1.0,1.0,0.4660320468865184,0.4586636513552953,0.4735056258854289,0.5584299756348646,0.5641447241085409,0.2811022216148521,0.8051943876515729,0.1368889902977597,0.4345665635492754,0.4269981647986583,0.4420221135622757,0.5264748696954086,0.5287146797195812,0.2663846432226999,0.7923486669596074,0.1381448080518987,0.7838111683913108,0.7743918452223376,0.7930711560562407,0.8215003120502513,0.841180626891157,0.5762301882932624,0.9705140726862124,0.1056668059627533,0.8944681765282527,0.8771645775405831,0.9105815351595038,0.9125603017674464,0.934524994824802,0.7080390034554832,0.997621633233978,0.0781198382868243,0.9310845152222634,0.9175295810468208,0.9431853728660948,0.94283111725238,0.9663218337957964,0.7667245783303916,0.9995567116215062,0.0643045132287412,False,,A302T,1,1,0,0.764345832,1
A341G,missense,False,1.0,2.0,0.0,P/LP,0.9519,1,38808169,,2.0,0.5,0.5,0.4660320468865184,0.4586636513552953,0.4735056258854289,0.4723053957553423,0.47219124400957,0.2155544521536189,0.744782636994893,0.1376116002655755,0.4345665635492754,0.4269981647986583,0.4420221135622757,0.4442661627238616,0.4402860559692084,0.1931426746051743,0.7170468666274193,0.1371176740520546,0.7679247953706959,0.7583394623670666,0.7774636340428838,0.7239026487798896,0.7384514669064609,0.4488955409732923,0.9229498454921276,0.1229952530138809,0.7792544201988235,0.7699309991995018,0.7889288465974044,0.7345921361985905,0.7487542606615561,0.4616867536094611,0.9284044072085088,0.1217895594692874,0.7840053445889874,0.7746184190624853,0.7929752918460956,0.7335990346503449,0.7445559180762579,0.4726671565943262,0.929450175651955,0.1202895275035359,False,,A341G,0,0,0,0.779779543,0
D564H,missense,False,2.0,2.0,1.0,none,0.9965,1,32893267,,3.0,0.6666666666666666,1.0,0.4660320468865184,0.4586636513552953,0.4735056258854289,0.5137567469310107,0.5114079274660541,0.2655222201046584,0.7735521286702556,0.132413858557347,0.4345665635492754,0.4269981647986583,0.4420221135622757,0.4861119274623054,0.485644612403727,0.2287831141817944,0.7462144946568467,0.1340813395864039,0.80467234290502,0.7956356878869393,0.8135367828929034,0.7744198055980903,0.7908287383462201,0.5215737430396723,0.9471400658458324,0.1129036946104395,0.8944681765282527,0.8771645775405831,0.9105815351595038,0.8419180887297247,0.859266485918426,0.6119881641888212,0.9771298598349716,0.0965763589818913,0.9337180539305158,0.9205906531351912,0.9454898804639496,0.8736283936612674,0.8919441892022621,0.6531278112834217,0.9873999292368952,0.0878557472409046,False,6.56978e-06,D564H,2,2,0,0.803105775,2
F279C,missense,False,2.0,2.0,0.0,VUS,0.8584,1,34712558,,2.0,1.0,1.0,0.4660320468865184,0.4586636513552953,0.4735056258854289,0.5558097819080184,0.5591593481629775,0.2787973869441757,0.8157110881611391,0.1383451198435683,0.4345665635492754,0.4269981647986583,0.4420221135622757,0.5275946775838883,0.5330350645403621,0.2507711396175542,0.7920911365735822,0.1401678397638887,0.6763893645428108,0.6655712798751082,0.6873987134859294,0.7298763225985712,0.7441783130060233,0.4596682418173047,0.9237699008578611,0.1215903396030929,0.3428525058506431,0.3159906754333733,0.3704809453083615,0.4564043438447024,0.4563308456510723,0.1971269658154263,0.7240141585346266,0.137176778914926,0.479696882973288,0.4418024072700944,0.5166411849650283,0.5688291543510411,0.5728487778302116,0.3010098859279811,0.8187632783457093,0.1357086952832927,False,,F279C,0,0,0,0.491349594,0
F335L,missense,False,1.0,2.0,0.0,VUS,0.981,2,19841300;22949429,,2.0,0.5,0.5,0.4660320468865184,0.4586636513552953,0.4735056258854289,0.4704280383906823,0.4678249082587972,0.211440378309742,0.7463139399226594,0.1386219875319044,0.4345665635492754,0.4269981647986583,0.4420221135622757,0.4434489351103992,0.4395605053023246,0.1886485548230418,0.7188403290035053,0.1372555302182192,0.7924247927000927,0.7831747634197129,0.8015218264411416,0.7443389757817962,0.7588280095162185,0.4759176504537726,0.9370220181006308,0.1222267488540166,0.3428525058506431,0.3159906754333733,0.3704809453083615,0.3675661769009601,0.3629702430341123,0.1264908789333732,0.6484865688583625,0.134835551992293,0.5289563038197869,0.4853691715484701,0.5703770503389082,0.5252410672602043,0.52442880615505,0.2596721544355653,0.7937962747107422,0.1396149391821209,False,,F335L,0,1,0,0.65565507,1
G186R,missense,False,2.0,2.0,0.0,Conflicting,0.9847,2,19841300;22949429,,2.0,1.0,1.0,0.4660320468865184,0.4586636513552953,0.4735056258854289,0.5600485210863129,0.5608861167069105,0.2937654010059492,0.8146574446871769,0.1372380826165941,0.4345665635492754,0.4269981647986583,0.4420221135622757,0.5266494602655245,0.5289405563158699,0.2559864108867679,0.7852407500031675,0.1387478826350717,0.7953990430406985,0.7861877542970704,0.8044199538959548,0.8305972048435029,0.8524242008435965,0.5780615098107502,0.9755475208044654,0.1046880699940406,0.3428525058506431,0.3159906754333733,0.3704809453083615,0.4503344923356573,0.4413167389228405,0.1935225691841559,0.7348344062384659,0.1410095428318671,0.5304382873236926,0.4867958793251237,0.5719979971692912,0.6080810465479689,0.6106201609387613,0.332873356328289,0.8531928204962325,0.1358317288634148,False,,G186R,12,14,0,0.608051824,14
G189A,missense,False,1.0,2.0,0.0,VUS,0.9784,1,30758498,,2.0,0.5,0.5,0.4660320468865184,0.4586636513552953,0.4735056258854289,0.4708712181808408,0.4681438940799237,0.2029196362686582,0.7474688566072706,0.1398219281946688,0.4345665635492754,0.4269981647986583,0.4420221135622757,0.4473253262665159,0.4446031538410361,0.1906978929000153,0.7186698122202767,0.1366720260667722,0.7903157558648284,0.781023592433551,0.7994581956657069,0.744016762372406,0.7586952274661937,0.4713430290258137,0.9363156112654905,0.1211694567105822,0.3428525058506431,0.3159906754333733,0.3704809453083615,0.36930604378512,0.3607253119429052,0.1348694773813945,0.652668932115867,0.1351134815630466,0.5279145751432677,0.4844541953361718,0.5692538387120981,0.5228167715680057,0.5226356451933398,0.2542903213577233,0.7801094897096581,0.1368041874238577,False,,G189A,0,0,0,0.57351188,0
G219E,missense,False,2.0,2.0,2.0,VUS,0.8172,2,33466149;36010573,,4.0,0.5,1.0,0.4660320468865184,0.4586636513552953,0.4735056258854289,0.4747040177944867,0.4731198695890949,0.2356058495457839,0.7219319463325081,0.1280562947880384,0.4345665635492754,0.4269981647986583,0.4420221135622757,0.4554167726141628,0.4519977823456354,0.2114576356797285,0.707418023299434,0.1291103697439393,0.6305994332840622,0.6192327632870427,0.6423884404881831,0.5917572780006837,0.598438482584333,0.3311011300674374,0.8247065875249164,0.126823222429904,0.3428525058506431,0.3159906754333733,0.3704809453083615,0.3875060949614134,0.3839261092046586,0.1551118676351788,0.6494860827873274,0.1271519265172025,0.4631757722821134,0.4276191953735062,0.4983854621802648,0.4704308995762384,0.4692068064459018,0.2179205152712473,0.7226884118962467,0.1301317200524452,False,7.99962e-06,G219E,1,3,2,0.342732562,1
G245E,missense,False,2.0,2.0,0.0,none,0.9978,1,39388802,,2.0,1.0,1.0,0.4660320468865184,0.4586636513552953,0.4735056258854289,0.5549741709062014,0.5598022800048021,0.2872131417999262,0.8065063700690224,0.1368560197550513,0.4345665635492754,0.4269981647986583,0.4420221135622757,0.5316006312626331,0.5325802673635893,0.2541736793615507,0.7916355566584584,0.1412865603098441,0.8056742594852816,0.7966602827054414,0.814508483501003,0.8341923216739809,0.8531496141405419,0.5786076318193251,0.9785345794291982,0.105180600999206,0.8944681765282527,0.8771645775405831,0.9105815351595038,0.9135276767091476,0.9341651443105778,0.7123778968573695,0.9969498806840194,0.0762112413213973,0.933847229298999,0.92073766922094,0.9455902847511274,0.9456604553553094,0.967764488921642,0.770824139023489,0.9997908505523624,0.0620448372982164,False,0.0,G245E,0,0,0,0.745924836,0
G269C,missense,False,2.0,2.0,0.0,none,0.9863,2,28292826;30758498,,2.0,1.0,1.0,0.4660320468865184,0.4586636513552953,0.4735056258854289,0.5522088182742216,0.5546639335281588,0.2835183346867952,0.8103097217422194,0.1375227311237719,0.4345665635492754,0.4269981647986583,0.4420221135622757,0.5281868050324792,0.5282590764390049,0.2580993410853194,0.7851196753752474,0.1378463839872291,0.7966753608755911,0.7875063348678667,0.8056726409696018,0.8315436916884192,0.8471786111501796,0.5973186996567251,0.9751826647633076,0.1005430792317075,0.8944681765282527,0.8771645775405831,0.9105815351595038,0.91241944334004,0.9345038580835678,0.7124453251086729,0.9973391485878202,0.0773967473565742,0.9326963072526164,0.9194401432190704,0.9445571018332068,0.9419420363273178,0.966507363057318,0.7493762069964788,0.9997269708480396,0.0679907474976585,False,,G269C,0,0,0,0.673910037,0
G297S,missense,False,1.0,2.0,9.0,VUS,0.0729,2,19841300;22949429,,11.0,0.0909090909090909,0.5,0.4660320468865184,0.4586636513552953,0.4735056258854289,0.2696004250275142,0.2612673353266274,0.110194881966534,0.4697202958439849,0.0940434961119054,0.4345665635492754,0.4269981647986583,0.4420221135622757,0.2532763082821175,0.2431000082661157,0.1002653467887374,0.455867959914019,0.0929167879929884,0.0422349283693696,0.0376878288415973,0.0468188275195401,0.0678867874562418,0.0544390917576077,0.0050805699250622,0.2024893092977204,0.0539874420826821,0.3428525058506431,0.3159906754333733,0.3704809453083615,0.2107583841000861,0.2026019998910209,0.0706218988676535,0.4004473028405038,0.0864566820622205,0.2067195036037662,0.1790933992457327,0.2358749506971532,0.146071514434792,0.1354000527132962,0.034027921039412,0.3203378518123136,0.0754621701675226,False,5.91218e-05,G297S,0,6,5,0.134544092,1
G316R,missense,False,2.0,2.0,0.0,P/LP,0.9992,2,29925740;32893267,,2.0,1.0,1.0,0.4660320468865184,0.4586636513552953,0.4735056258854289,0.5514616409086583,0.5563209583703576,0.279745000068147,0.8027373026090653,0.1372540152501643,0.4345665635492754,0.4269981647986583,0.4420221135622757,0.5293473607152422,0.5327924216247427,0.2578988040142647,0.7991611085142606,0.1391681012186633,0.8067488787487843,0.7977772339863753,0.815548942765462,0.8405051326782055,0.8612292836059116,0.5980217421814846,0.978923917683396,0.1023913333205062,0.7792544201988235,0.7699309991995018,0.7889288465974044,0.8164569230430478,0.8343698002645124,0.5533955423522915,0.9732661493487365,0.1107848215874268,0.7966279578686034,0.7872276961973353,0.8056348551231528,0.8284779341361495,0.8463438400492529,0.5793319917769998,0.9753830362937236,0.1032139819829245,False,,G316R,1,1,0,0.839687393,1
G325E,missense,False,2.0,2.0,0.0,P/LP,0.9994,1,30758498,,2.0,1.0,1.0,0.4660320468865184,0.4586636513552953,0.4735056258854289,0.5561897837440839,0.556819164600722,0.2836645181538587,0.8201143299299426,0.1382388259225379,0.4345665635492754,0.4269981647986583,0.4420221135622757,0.5295921651769807,0.533333861549969,0.2521615916375687,0.797550655813292,0.1427651009389998,0.8069020262016612,0.7979364293419,0.8156983428503426,0.8391938451710376,0.8569071728931283,0.6022829893080933,0.980586632605978,0.1018987240033478,0.7792544201988235,0.7699309991995018,0.7889288465974044,0.8156443184290771,0.8298755750533378,0.5678466061853489,0.9705011324419373,0.1065392155498688,0.7966801365082163,0.7872727141760885,0.8056815298723782,0.8293388607267478,0.8475291036815202,0.5892563859043133,0.9747926360678006,0.1034768632193901,False,,G325E,1,1,0,0.805863405,1
G345E,missense,False,2.0,2.0,2.0,P/LP,0.9996,2,10973849;32681117,,4.0,0.5,1.0,0.4660320468865184,0.4586636513552953,0.4735056258854289,0.4766010936007854,0.4756425531668042,0.2300060816311583,0.7268721840076183,0.1299061839855398,0.4345665635492754,0.4269981647986583,0.4420221135622757,0.4508275075955795,0.4477741016566559,0.2164777401167418,0.7007250225271975,0.1290000727648891,0.8070550812868715,0.7980955310915372,0.8158482488875313,0.7205078403316948,0.7297686383417015,0.4728993282022146,0.9123544033722863,0.114431821455631,0.7792544201988235,0.7699309991995018,0.7889288465974044,0.701165520729209,0.7113283339578631,0.444303762980432,0.9044084121572864,0.1203351559190816,0.7967323051015522,0.7873177251910147,0.8057281961141786,0.7108789975153027,0.7189533443268861,0.4586416434250276,0.909157866245004,0.117082666157116,False,1.31385e-05,G345E,0,0,0,0.810905143,0
G350R,missense,False,2.0,2.0,0.0,none,0.9997,2,16414944;24606995,,2.0,1.0,1.0,0.4660320468865184,0.4586636513552953,0.4735056258854289,0.5585417048447698,0.5630412817650032,0.2820163331433612,0.8102517529355885,0.1377091095876987,0.4345665635492754,0.4269981647986583,0.4420221135622757,0.5256779884207293,0.5272616567405111,0.2595047739343726,0.7950571633528497,0.1375608108744557,0.8071315741946379,0.7981747428576313,0.8159231664957612,0.839350081132778,0.8594380724964448,0.5916897901559096,0.97833531397517,0.1021846649050946,0.8944681765282527,0.8771645775405831,0.9105815351595038,0.91203467777695,0.9354833086203578,0.7115009457980425,0.9971038691439186,0.0790590746227898,0.9340356004059788,0.9209373733855823,0.9457367158828008,0.9455658442432888,0.9685174697952026,0.7702335719752024,0.9997135459486794,0.0629639742235309,False,,G350R,1,1,0,0.772637419,1
G460S,missense,False,2.0,2.0,6.0,VUS,0.0665,2,23304551;30615648,,8.0,0.25,1.0,0.4660320468865184,0.4586636513552953,0.4735056258854289,0.3669926131561069,0.3596361074861572,0.1614373784616794,0.5973037829515294,0.1104851913253348,0.4345665635492754,0.4269981647986583,0.4420221135622757,0.3542426332408387,0.3495884277311868,0.1602159042431643,0.5728501592347496,0.1089528612654115,0.0409818536424864,0.0365362048720669,0.0454715340151301,0.1346740146116874,0.1204620891760267,0.0233657973082355,0.3169246123793952,0.0783562732099438,0.3428525058506431,0.3159906754333733,0.3704809453083615,0.3031262377221882,0.2968097543794411,0.1218975224386979,0.5276195136038333,0.1044923795149055,0.2050407141058856,0.1774040040535383,0.2341911894276267,0.2250335626465497,0.2159170965842826,0.0696369795605633,0.4266895076695442,0.0939890812132462,False,3.94862e-05,G460S,1,9,8,0.107764863,1
H126D,missense,False,2.0,2.0,0.0,none,0.9982,1,32893267,,2.0,1.0,1.0,0.4660320468865184,0.4586636513552953,0.4735056258854289,0.5570476404436535,0.5634777522759478,0.2680349820062271,0.8130906499154935,0.1415313707905196,0.4345665635492754,0.4269981647986583,0.4420221135622757,0.5323826960736032,0.5329306064940322,0.270549935665908,0.7923746876002453,0.1363535271725523,0.8059817556352673,0.7969798529480179,0.81480621927862,0.8374059951191769,0.8567289443604655,0.5915668065181842,0.9776803970537922,0.1016822213410687,0.8944681765282527,0.8771645775405831,0.9105815351595038,0.9124496039792158,0.9346285169370514,0.710097912974464,0.9977167677324242,0.07744744398774,0.9338869281549198,0.9207780625140458,0.9456211432843245,0.9453727869955822,0.9678080622893108,0.7744466986467881,0.9997904551255248,0.063097954994564,False,,H126D,2,2,0,0.792651554,2
H126P,missense,False,0.0,2.0,0.0,none,0.9808,1,30758498,,2.0,0.0,0.0,0.4660320468865184,0.4586636513552953,0.4735056258854289,0.3862150032422154,0.3787899379476084,0.1484000229907719,0.6698865357185041,0.1351101659181405,0.4345665635492754,0.4269981647986583,0.4420221135622757,0.3633390612638857,0.3529474747045134,0.1262372711823298,0.6495307777714164,0.1352841543715215,0.7922631166349785,0.7830123288808934,0.8013640751011804,0.6606395352301274,0.6700879527142929,0.3786174906014808,0.8848640751860453,0.1326638431920873,0.8944681765282527,0.8771645775405831,0.9105815351595038,0.7455290657911879,0.7602280830877872,0.4760960290068866,0.9397238435973708,0.1230005676102894,0.9321392761008732,0.9187568125146012,0.9440908386178514,0.7745637726594606,0.7905729817604661,0.5031379484201668,0.9517699299403296,0.1170707236461719,False,,H126P,0,0,0,0.765237126,0
H240P,missense,False,2.0,2.0,0.0,none,0.9868,2,29925740;32893267,,2.0,1.0,1.0,0.4660320468865184,0.4586636513552953,0.4735056258854289,0.5525984098709754,0.5552555780252035,0.2833683637829206,0.8091591263915845,0.1366042157131972,0.4345665635492754,0.4269981647986583,0.4420221135622757,0.530272353007363,0.5346301240028035,0.2591810102475216,0.7904575511581268,0.1379145038721483,0.7970729917144638,0.7879173579680427,0.8060628888542127,0.8300533011410077,0.847240328777124,0.5892344300044677,0.9741290349869388,0.102570232207249,0.8944681765282527,0.8771645775405831,0.9105815351595038,0.913581352046568,0.9355000973596848,0.7038912085004639,0.996800004366247,0.0783965048712195,0.9327467340871284,0.9194925499977707,0.9446007379898614,0.9431563246709768,0.9676093530098676,0.7593866572804302,0.9997281063521322,0.0653034789440565,False,,H240P,1,1,0,0.548265952,1
H258R,missense,False,2.0,2.0,0.0,P/LP,0.998,2,16414944;32893267,,2.0,1.0,1.0,0.4660320468865184,0.4586636513552953,0.4735056258854289,0.556647554432569,0.5599195931875955,0.2786206555032273,0.8082835100412613,0.140052578597084,0.4345665635492754,0.4269981647986583,0.4420221135622757,0.5292055732040577,0.5308804235387998,0.261482561377483,0.7927199621671172,0.1378711120845278,0.8058280537769823,0.7968200958549128,0.8146573975737375,0.8386377499106799,0.856661883221132,0.5939491089178195,0.9758493788053249,0.100647998642559,0.7792544201988235,0.7699309991995018,0.7889288465974044,0.8160095440116876,0.8350486608369413,0.5538834509851538,0.9707113784170158,0.1092146037785982,0.7963146750501767,0.7869585280015026,0.8053466353538712,0.8278973176203914,0.8460186502791238,0.5758543771263602,0.9768926513496056,0.1051350171340085,False,,H258R,1,1,0,0.674432091,1
I198V,missense,False,2.0,2.0,5.0,VUS,0.3984,2,22677073;24606995,,7.0,0.2857142857142857,1.0,0.4660320468865184,0.4586636513552953,0.4735056258854289,0.3905761117420918,0.3853341864639019,0.185528463212191,0.6263432623789563,0.1140831969918688,0.4345665635492754,0.4269981647986583,0.4420221135622757,0.3747644101580029,0.3698680277144536,0.1560013948441659,0.6130905115133479,0.1170189386740124,0.1790506815164824,0.1680840063825303,0.1898407546492546,0.2200515645944886,0.2084923761241029,0.0624682292282626,0.4313056874599509,0.0976543812838793,0.3428525058506431,0.3159906754333733,0.3704809453083615,0.3214228645095489,0.3136441703289224,0.133197158259642,0.5559813053193237,0.1107673899439739,0.305390167796541,0.2789984586258826,0.3323682789643767,0.2969518454909707,0.2888205755227865,0.1124982522393074,0.5301571824876211,0.1082696973673933,False,2.00787e-05,I198V,2,7,5,0.368049247,2
I201del,inframe_indel,False,2.0,2.0,0.0,none,,1,32893267,,2.0,1.0,1.0,0.4660320468865184,0.4586636513552953,0.4735056258854289,0.551316171049125,0.5545186493291698,0.2750702213980144,0.8054653623255346,0.1392052058543753,0.4345665635492754,0.4269981647986583,0.4420221135622757,0.5310219868142381,0.5332937055338585,0.2543165064327382,0.7985271261040069,0.1395121625593902,0.2062008430240162,0.1875290169720347,0.2256830646688847,0.337764338421367,0.3310576464487324,0.112800800835546,0.6069246141489231,0.1286900048853623,0.8944681765282527,0.8771645775405831,0.9105815351595038,0.9121088552162528,0.9340978583221544,0.7048954763894943,0.996903007306171,0.0784546995984622,0.7963044171123235,0.7599667302137078,0.8305588708075249,0.8300190939783758,0.8507757992429451,0.5713369291939727,0.9774286122384704,0.1084098451971168,False,,I201del,2,2,0,0.72094994,2
I588F,missense,False,2.0,2.0,0.0,P/LP,0.8193,2,27485560;33614747,,2.0,1.0,1.0,0.4660320468865184,0.4586636513552953,0.4735056258854289,0.5555539389008701,0.558769077087031,0.2825424055320729,0.8108467525763584,0.1376136158137992,0.4345665635492754,0.4269981647986583,0.4420221135622757,0.5287678352447969,0.529409526833395,0.258758497598361,0.7991247152670209,0.1374288969004826,0.6329998141883612,0.621676455904232,0.644728265461386,0.6929434183074555,0.7040199963077813,0.4199542906907195,0.907736104302248,0.1258143668497518,0.7792544201988235,0.7699309991995018,0.7889288465974044,0.8187166947852536,0.8374146686368871,0.5677817042698111,0.971136005648881,0.1065751252007407,0.7456348141688671,0.7335574912264332,0.7572425207240203,0.7881536299024158,0.8053091557742462,0.5307057519684226,0.9578824599145368,0.1141361412111794,False,,I588F,1,2,0,0.507880223,2
K326E,missense,False,2.0,2.0,0.0,VUS,0.9822,2,30758498;36480497,,2.0,1.0,1.0,0.4660320468865184,0.4586636513552953,0.4735056258854289,0.5562763076556885,0.5618969896612327,0.2798779570272847,0.8055652768890609,0.1370569367829457,0.4345665635492754,0.4269981647986583,0.4420221135622757,0.5284260830661163,0.5279182804089708,0.2524254493086502,0.7910670836418962,0.138599910023223,0.7933928979615767,0.7841475235993192,0.8024663549076914,0.8255723015697712,0.8449584306483683,0.5722761748833243,0.9754150692312225,0.1067615649979648,0.3428525058506431,0.3159906754333733,0.3704809453083615,0.4504387585334408,0.4459605046360769,0.1940508219785104,0.7184971817656631,0.1376760365917436,0.5294370094380543,0.4858318293819866,0.5708962120694077,0.6068552664442675,0.6118794121397058,0.3311786475135545,0.8494229175800599,0.1368757732068826,False,,K326E,0,0,0,0.298194127,0
K362del,inframe_indel,False,2.0,2.0,0.0,none,,2,27525086;32893267,,2.0,1.0,1.0,0.4660320468865184,0.4586636513552953,0.4735056258854289,0.5526753085994098,0.5545870015472074,0.2714758821245434,0.8047193289906713,0.139559781929912,0.4345665635492754,0.4269981647986583,0.4420221135622757,0.5272400217410915,0.5289621153514681,0.2639737242317333,0.7995485011472191,0.1397580861245199,0.2062008430240162,0.1875290169720347,0.2256830646688847,0.3378686306825584,0.325762840945658,0.110220330548942,0.6317453736877233,0.1337392506344787,0.8944681765282527,0.8771645775405831,0.9105815351595038,0.9135695855297792,0.9343675132818512,0.7289580827950816,0.996318738919767,0.0748961192037036,0.7963044171123235,0.7599667302137078,0.8305588708075249,0.8280522489603974,0.8459147210960185,0.5679336480499274,0.976655420168512,0.1058744778938072,False,,K362del,1,1,0,0.61346915,1
K534E,missense,False,2.0,2.0,0.0,none,0.9985,1,36480497,,2.0,1.0,1.0,0.4660320468865184,0.4586636513552953,0.4735056258854289,0.558193647282809,0.5603364422254549,0.2876321440763695,0.8118418110633788,0.135960427538264,0.4345665635492754,0.4269981647986583,0.4420221135622757,0.526929139013581,0.5295313907950361,0.2584772480150695,0.7852708020903789,0.1367660719307486,0.8062121351301028,0.7972193130240882,0.8150292786760954,0.8374489064093525,0.8566306954861715,0.5935163551125221,0.9788650771392308,0.1031133488205254,0.8944681765282527,0.8771645775405831,0.9105815351595038,0.911740515622497,0.9347161229285708,0.7060984754297768,0.9970643007138644,0.0797271221420529,0.933916687666676,0.920808345128748,0.945644276354894,0.9456054895456076,0.9684031097741012,0.7680720831210621,0.9998186491767364,0.0645142329226105,False,,K534E,0,0,0,0.602538442,0
K557E,missense,False,0.0,2.0,0.0,P/LP,0.9992,1,36277779,,2.0,0.0,0.0,0.4660320468865184,0.4586636513552953,0.4735056258854289,0.3840795125755644,0.3755255068261812,0.1411984571279052,0.6624985887900687,0.1357982409001144,0.4345665635492754,0.4269981647986583,0.4420221135622757,0.3616277161862224,0.3538601242210306,0.1280996868261069,0.6366429679205852,0.1345936271955873,0.8067488787487843,0.7977772339863753,0.815548942765462,0.6711313046679622,0.682660542871655,0.4024208181834589,0.8941635043880228,0.1298341744145618,0.7792544201988235,0.7699309991995018,0.7889288465974044,0.6500474964150178,0.658506693392447,0.3700817277574635,0.8790676419198871,0.1331809802723507,0.7966279578686034,0.7872276961973353,0.8056348551231528,0.6590257021236312,0.6677467323366036,0.386480481201439,0.8906205921077733,0.1316962756859215,False,,K557E,5,9,0,0.624017928,9
L137F,missense,False,2.0,2.0,1.0,Conflicting,0.9614,2,16414944;32893267,,3.0,0.6666666666666666,1.0,0.4660320468865184,0.4586636513552953,0.4735056258854289,0.5119210182034516,0.5131006523889198,0.2549207980795424,0.7771909200026468,0.1356870074489274,0.4345665635492754,0.4269981647986583,0.4420221135622757,0.4932699827502255,0.4893838958860117,0.2445012490286317,0.7548468541857187,0.1327715725377069,0.7761389337009839,0.7666339993715457,0.7855174502320494,0.74989589900348,0.7630496750773716,0.4874336725917945,0.9400001656729928,0.1197022861395936,0.3428525058506431,0.3159906754333733,0.3704809453083615,0.4192681643958136,0.4152037731609809,0.1802670262175947,0.6821544772881323,0.1329343579307697,0.5210971358665256,0.4785551139989506,0.5616130302228964,0.5537467391439244,0.5565797453960043,0.2964202558757302,0.795536847057905,0.1305711021616292,False,3.97731e-06,L137F,1,2,1,0.312033722,1
L250P,missense,False,2.0,2.0,0.0,VUS,0.9997,1,37568094,,2.0,1.0,1.0,0.4660320468865184,0.4586636513552953,0.4735056258854289,0.55463900678741,0.5590018468024491,0.2775625930822773,0.8107584051554606,0.1380935139630149,0.4345665635492754,0.4269981647986583,0.4420221135622757,0.525010071081891,0.5262428297705657,0.2576970764975199,0.7840699121083831,0.1373720494804316,0.8071315741946379,0.7981747428576313,0.8159231664957612,0.8398279088525447,0.8567206018625184,0.6020197358622669,0.976884624875272,0.0997538511951127,0.3428525058506431,0.3159906754333733,0.3704809453083615,0.4518818372677496,0.451400610569374,0.1920179454600858,0.7305292553045178,0.1400879618756794,0.5364400766555683,0.4918442075295319,0.5788188321207901,0.6157751151282326,0.6222802299312895,0.3312077839626695,0.8633286915980547,0.1367058879425343,False,,L250P,1,1,0,0.704458894,1
L262P,missense,False,2.0,2.0,0.0,P/LP,0.9999,2,32893267;36480497,,2.0,1.0,1.0,0.4660320468865184,0.4586636513552953,0.4735056258854289,0.5576058803210416,0.5604720966077055,0.2826252842471216,0.8091037959296192,0.1381617205313131,0.4345665635492754,0.4269981647986583,0.4420221135622757,0.5313909511732305,0.5354534078244337,0.2592911659007491,0.7978709299123741,0.1386005785070043,0.8072844907465808,0.7983338910412305,0.8160729309006886,0.8398515753350484,0.8560488545625651,0.6019047123785798,0.9782293131497638,0.1003444836823157,0.7792544201988235,0.7699309991995018,0.7889288465974044,0.8176954433624435,0.8362849408041673,0.5737138833212199,0.9700669921622084,0.106385325099142,0.7968105391551338,0.787400030540212,0.8057981795260087,0.8303285314722832,0.8489319261550666,0.5853971793002519,0.9746566641909176,0.1040521682261324,False,,L262P,1,1,0,0.53984998,1
L273R,missense,False,2.0,2.0,0.0,P/LP,0.9975,2,19841300;22949429,,2.0,1.0,1.0,0.4660320468865184,0.4586636513552953,0.4735056258854289,0.5526876796123544,0.5547412231897808,0.2850532228533817,0.8104187880797564,0.1367266808734538,0.4345665635492754,0.4269981647986583,0.4420221135622757,0.5263796188800942,0.5274137516208114,0.2501368608922878,0.7937303968740053,0.1411682520760551,0.8054433947152299,0.7964205238359682,0.8142849391725051,0.8407107218419423,0.8614073762187664,0.59773949124019,0.9787112196233416,0.1006866772203811,0.7792544201988235,0.7699309991995018,0.7889288465974044,0.8175195949322701,0.8369536012923957,0.5571979207858027,0.9725579837929472,0.1080830323529258,0.7961840337910234,0.7868465166382376,0.8052097316888087,0.827727840754864,0.8444910629461216,0.5758038857665514,0.9782780803231584,0.1059248252849793,False,,L273R,1,1,0,0.639933432,1
L273V,missense,False,2.0,2.0,2.0,VUS,0.9134,2,32893267;36674868,,4.0,0.5,1.0,0.4660320468865184,0.4586636513552953,0.4735056258854289,0.4745598196724683,0.471905894798919,0.230883262444352,0.7274224404161782,0.1291308898838459,0.4345665635492754,0.4269981647986583,0.4420221135622757,0.4522853755918424,0.4518479897874544,0.2203023369021096,0.7047309640117817,0.1275660111193957,0.732524319653009,0.7225063707959886,0.7426447441185507,0.6683010477062116,0.6771047555079786,0.4043280084499911,0.8791809718793645,0.1230512344366855,0.3428525058506431,0.3159906754333733,0.3704809453083615,0.3884387476982127,0.3805622323998366,0.164080807788914,0.6410869630468897,0.1249005915561998,0.5018088982842995,0.4622089052931084,0.5407478075045877,0.4995074439856902,0.500210436607541,0.2569673914490494,0.7474884562106072,0.1271136805434528,False,1.31361e-05,L273V,1,3,2,0.59399862,1
L303P,missense,False,2.0,2.0,0.0,P/LP,0.9996,2,32893267;33614747,,2.0,1.0,1.0,0.4660320468865184,0.4586636513552953,0.4735056258854289,0.5531143019638425,0.557043569704439,0.2723768785433232,0.8028904410180321,0.138963351639197,0.4345665635492754,0.4269981647986583,0.4420221135622757,0.5272991812532464,0.5252642069473392,0.2598835091539887,0.7861009206361267,0.1376835561663748,0.8070550812868715,0.7980955310915372,0.8158482488875313,0.8397169886994991,0.8611917189684635,0.5992990523761602,0.9805541603331558,0.101980640536067,0.7792544201988235,0.7699309991995018,0.7889288465974044,0.815696393815224,0.8324190402196604,0.5684937495226724,0.9723929434160158,0.1065233025982849,0.7967323051015522,0.7873177251910147,0.8057281961141786,0.829833627055589,0.8480253396119124,0.5763933566297703,0.9746210220524107,0.1048271799925663,False,,L303P,2,2,0,0.715044181,2
L342P,missense,False,2.0,2.0,0.0,none,0.9996,2,28003625;32893267,,2.0,1.0,1.0,0.4660320468865184,0.4586636513552953,0.4735056258854289,0.5563178750041976,0.5576076409709494,0.2738068951632892,0.8133657188060445,0.1396183214792533,0.4345665635492754,0.4269981647986583,0.4420221135622757,0.5294465639263664,0.5302420120864471,0.2633077589920984,0.7935843448065718,0.1394325496515166,0.8070550812868715,0.7980955310915372,0.8158482488875313,0.8381474257636486,0.8568369422849209,0.5879681525020233,0.97833245706321,0.102795250100817,0.8944681765282527,0.8771645775405831,0.9105815351595038,0.914379914463328,0.9351971660795552,0.7189114479701156,0.9971155824175892,0.0761106460514609,0.9340256986645038,0.920925777807562,0.9457290182540506,0.9462132904291448,0.9684515012963562,0.7703630080189311,0.9996380898569496,0.0625302367888462,False,,L342P,2,3,0,0.748638479,3
L374H,missense,False,2.0,2.0,1.0,P/LP,0.999,2,31899541;38763038,,3.0,0.6666666666666666,1.0,0.4660320468865184,0.4586636513552953,0.4735056258854289,0.5137953924058167,0.515497536969722,0.2569751873957008,0.7712338592503427,0.1340076231492887,0.4345665635492754,0.4269981647986583,0.4420221135622757,0.4851348859832486,0.482007040969287,0.2305888773402266,0.7390671595452409,0.1313440803386268,0.8065956389186194,0.7976179450199514,0.8154005826936724,0.7739748397327828,0.7865218115084232,0.5320490983250862,0.9465252447602012,0.1102781480788958,0.7792544201988235,0.7699309991995018,0.7889288465974044,0.7500702327493556,0.7632281996514121,0.4930915217200152,0.938052596227522,0.1155940510279415,0.796575769182554,0.7871826712547717,0.805588171866251,0.7680105581447391,0.7828645354520708,0.5139337385302657,0.9455035311862144,0.1128178458253405,False,3.98283e-06,L374H,6,7,1,0.618119601,6
L602P,missense,False,1.0,2.0,0.0,none,0.9927,2,29925740;30758498,,2.0,0.5,0.5,0.4660320468865184,0.4586636513552953,0.4735056258854289,0.4727348123914888,0.4709943351111832,0.2105633652228435,0.7407402510204059,0.1370634531339729,0.4345665635492754,0.4269981647986583,0.4420221135622757,0.4417059097451001,0.4375083889457888,0.191195846640128,0.7102334887927008,0.1366634454987558,0.8017212474789863,0.7926469513478707,0.8106478212888107,0.7537108232076709,0.7641960510436049,0.4856590147504659,0.9436625043829592,0.1182861150717157,0.8944681765282527,0.8771645775405831,0.9105815351595038,0.8294470695669343,0.8459928548009369,0.5790439030906431,0.9773809361454896,0.1033638661713904,0.9333391102391512,0.9201502936988026,0.9451522302040872,0.8624271668365769,0.8814460645976143,0.6199174604568539,0.9855097058433806,0.0950400912414038,False,,L602P,0,0,0,0.368027407,0
L619M,missense,False,2.0,2.0,0.0,VUS,0.156,2,19841300;22949429,,2.0,1.0,1.0,0.4660320468865184,0.4586636513552953,0.4735056258854289,0.5600234921710162,0.565250052081189,0.2868383882392777,0.8115272119339988,0.136655534643758,0.4345665635492754,0.4269981647986583,0.4420221135622757,0.5291553808747042,0.5322753590146919,0.2495510143974046,0.7859658444925931,0.1390916119236786,0.0621934183448811,0.056201352684648,0.0682031373895342,0.215573017247916,0.2000459131960668,0.0429836120829137,0.468247757651461,0.1124960385108623,0.3428525058506431,0.3159906754333733,0.3704809453083615,0.4513237967121898,0.446072334661026,0.2023074304757094,0.7250052895405414,0.1374469876462603,0.229449123881498,0.202363508063153,0.2578771288665167,0.354419852809724,0.3473275237918185,0.1227228657590017,0.6399562415690426,0.1343180697806344,False,0.0,L619M,1,1,0,0.746271561,1
M159del,inframe_indel,False,2.0,2.0,0.0,none,,1,32893267,,2.0,1.0,1.0,0.4660320468865184,0.4586636513552953,0.4735056258854289,0.5520841434729559,0.555918643649397,0.2837871761508271,0.807562418895565,0.1360278775086825,0.4345665635492754,0.4269981647986583,0.4420221135622757,0.5264865152287861,0.5255705033509664,0.2580787281620936,0.7828921083211519,0.1366322854700507,0.2062008430240162,0.1875290169720347,0.2256830646688847,0.3382137522589416,0.329544700818437,0.1129723891740097,0.6098949828691614,0.1313654146749568,0.8944681765282527,0.8771645775405831,0.9105815351595038,0.9109307310455323,0.9337543143466798,0.6996732361962318,0.997178031861157,0.0800052541093491,0.7963044171123235,0.7599667302137078,0.8305588708075249,0.832469800248695,0.8511981703261629,0.5863471042758741,0.979760061215038,0.1044756314275439,False,,M159del,2,2,0,0.72094994,2
P320R,missense,False,2.0,2.0,0.0,P/LP,0.9993,2,28292826;30758498,,2.0,1.0,1.0,0.4660320468865184,0.4586636513552953,0.4735056258854289,0.5551011842690268,0.5591203584522153,0.2859320142805765,0.8064818853324858,0.1363960732777835,0.4345665635492754,0.4269981647986583,0.4420221135622757,0.5300281853648279,0.5315197433505563,0.2600866659919078,0.7929704729249252,0.1401000335196383,0.8068254640217859,0.7978568433651888,0.8156233544177196,0.8395794234583008,0.8567406783899265,0.5936549993627667,0.9802813400227532,0.1007870672961788,0.7792544201988235,0.7699309991995018,0.7889288465974044,0.8161657440156196,0.8366218736028365,0.5692474037543594,0.9702695736024736,0.1086988027822155,0.7966540484442065,0.7872502060571893,0.8056581935612094,0.829882187688289,0.8504691444364221,0.5754519746763443,0.9748757127122304,0.1042805843145752,False,,P320R,0,0,0,0.698579061,0
P448L,missense,False,2.0,2.0,9.0,VUS,0.0681,1,23392653,,11.0,0.1818181818181818,1.0,0.4660320468865184,0.4586636513552953,0.4735056258854289,0.3155478779735154,0.3081234981256883,0.1442936738859167,0.5298153419585225,0.1002825950856923,0.4345665635492754,0.4269981647986583,0.4420221135622757,0.3033261958895328,0.2967953996709721,0.1353528550503887,0.5070935851122929,0.0972310303577188,0.0412917444513524,0.0368206280963868,0.0458038988750865,0.1164673478279374,0.105480755127426,0.0203029060376187,0.2775907858241077,0.0678653419241423,0.3428525058506431,0.3159906754333733,0.3704809453083615,0.2560999403295982,0.2490702018061988,0.0998173193861876,0.4622691980317186,0.0934373526392451,0.2054594500123711,0.1778125847267918,0.2346133799429635,0.1932313233549505,0.183777075470318,0.0581065574722177,0.3858285469473378,0.0854022459114158,False,5.9177e-05,P448L,1,8,7,0.128289104,1
Q147R,missense,False,2.0,2.0,1.0,VUS,0.1412,2,17980676;17997361,,3.0,0.6666666666666666,1.0,0.4660320468865184,0.4586636513552953,0.4735056258854289,0.510917818616005,0.5113316901363096,0.2447117255108405,0.7650819362129827,0.1349386290899846,0.4345665635492754,0.4269981647986583,0.4420221135622757,0.4871978158860106,0.4855668516974862,0.2334048697421673,0.7519169211319842,0.1338927786521244,0.0580869463581044,0.0523566952443563,0.0638280097305452,0.1985248074500246,0.1840451468162403,0.0381364191801969,0.4417154333798093,0.1075080275928973,0.3428525058506431,0.3159906754333733,0.3704809453083615,0.4194649989355877,0.4148323338764748,0.1811608913693341,0.6821154114724227,0.1342383150670946,0.2252744925612157,0.1980706484272614,0.2538291200987607,0.3282844534841345,0.320025545834387,0.1144913593888794,0.5875720019794283,0.1240710538816372,False,3.97744e-06,Q147R,0,2,1,0.120239036,1
Q234K,missense,False,2.0,2.0,0.0,none,0.9947,1,39100276,,2.0,1.0,1.0,0.4660320468865184,0.4586636513552953,0.4735056258854289,0.5576635547257158,0.5647011771019339,0.2848577356320774,0.8070539054279479,0.1378922939114742,0.4345665635492754,0.4269981647986583,0.4420221135622757,0.5259684576748083,0.5288300305783038,0.2583797583226558,0.7816266638034807,0.1369163323489069,0.803278621479968,0.7942236524227635,0.8121717477088587,0.8338219166385378,0.8525486539808619,0.583608792696391,0.9797626819119862,0.1047622917348325,0.8944681765282527,0.8771645775405831,0.9105815351595038,0.912637024595668,0.9332776400718548,0.713781158377334,0.9977323526993817,0.0777312730585385,0.9335388061396264,0.9203823391119798,0.9453462085700066,0.9448293221376874,0.966840602120983,0.7710588562213925,0.9997730956640792,0.0628021712098266,False,,Q234K,0,0,0,0.275228888,0
R181C,missense,False,1.0,2.0,4.0,VUS,0.7689,2,19841300;22949429,,6.0,0.1666666666666666,0.5,0.4660320468865184,0.4586636513552953,0.4735056258854289,0.3541025074605159,0.3501334901294679,0.1488809934608526,0.5896226097818367,0.1159813480117663,0.4345665635492754,0.4269981647986583,0.4420221135622757,0.3317060949103452,0.3260022931444558,0.1307737261921941,0.5874992472011965,0.1154703555066059,0.5738220769079398,0.5618906216866753,0.5860622434386449,0.4214294641284635,0.417428703943692,0.2052729906178441,0.6574624670942844,0.1187556819125159,0.3428525058506431,0.3159906754333733,0.3704809453083615,0.2733459348037606,0.2653967124063567,0.0883325483540854,0.5123855436182113,0.1094778158585459,0.4439088743681229,0.409536101719442,0.4772811724720551,0.3400039576346074,0.3316980337071006,0.1356036492282316,0.5759219800190777,0.1150869136591564,False,1.60186e-05,R181C,0,7,6,0.314274584,1
R243S,missense,False,2.0,2.0,0.0,P/LP,0.9988,2,32893267;36303204,,2.0,1.0,1.0,0.4660320468865184,0.4586636513552953,0.4735056258854289,0.5585702779697707,0.5617711637654244,0.291397323097496,0.8169717013989786,0.1355606471996787,0.4345665635492754,0.4269981647986583,0.4420221135622757,0.5285970866670534,0.5260480775954676,0.2550595471800427,0.7928471048646141,0.1392685109223513,0.8064423067016192,0.7974585624377019,0.8152521303229953,0.839027816913249,0.8573878594123894,0.5999278253954717,0.9781873627860602,0.1018887323671529,0.7792544201988235,0.7699309991995018,0.7889288465974044,0.8163290300376083,0.8357961869185908,0.5598726648244303,0.9726204757364646,0.1092096436412108,0.796523570449904,0.7871376568797784,0.8055414801014223,0.8325748275986834,0.8515267296496835,0.5919413067098543,0.97764683410291,0.1019744657319509,False,,R243S,1,1,0,0.730091986,1
R293H,missense,False,1.0,2.0,4.0,VUS,0.0661,2,19841300;22949429,,6.0,0.1666666666666666,0.5,0.4660320468865184,0.4586636513552953,0.4735056258854289,0.3538098379668869,0.3482676457640686,0.14442071884777,0.5889049855807288,0.1173669230159416,0.4345665635492754,0.4269981647986583,0.4420221135622757,0.335033151406554,0.3294185037635346,0.1359882077576837,0.5717283368569457,0.114566320057668,0.0409047295567163,0.0364656900349816,0.0453888023629773,0.0886460251353142,0.0722770426371297,0.0066230953251567,0.2616158602628344,0.0682496801717002,0.3428525058506431,0.3159906754333733,0.3704809453083615,0.2768551827037501,0.2662542600922247,0.0977852470717771,0.516773843449595,0.1108562107542274,0.2049361302648814,0.1773041351317183,0.2340855758375117,0.1922641631723788,0.1780934194276766,0.0454897671461275,0.4135266125549983,0.0970222070323326,False,1.59824e-05,R293H,0,5,4,0.377474908,1
R452Q,missense,False,1.0,2.0,19.0,VUS,0.0757,2,19841300;41953355,,21.0,0.0476190476190476,0.5,0.4660320468865184,0.4586636513552953,0.4735056258854289,0.1822152804513702,0.1767640217766019,0.0667131777061267,0.3321531548026188,0.068993442319232,0.4345665635492754,0.4269981647986583,0.4420221135622757,0.1725932295068015,0.1660799263731546,0.0641815055228307,0.3161587750449975,0.0658979309560558,0.042794596173465,0.038202724486483,0.047422359580257,0.0464010023210399,0.0371212599069244,0.0029953889316435,0.1502399100131859,0.0385007061889033,0.3428525058506431,0.3159906754333733,0.3704809453083615,0.1420608161055203,0.1356368132625451,0.044296648425769,0.2810264021795353,0.0618658750454401,0.2074571995061414,0.1798332075743938,0.2366249039696368,0.0985426038824631,0.0901719603934763,0.022237670582948,0.2250076877374554,0.0523035718369355,False,0.000124887,R452Q,1,33,31,0.058159214,2
R518Q,missense,False,2.0,2.0,7.0,VUS,0.4935,2,29544605;38014677,,9.0,0.2222222222222222,1.0,0.4660320468865184,0.4586636513552953,0.4735056258854289,0.3502725776551533,0.342521058866268,0.1601396163101001,0.5713536128386315,0.1064928972123115,0.4345665635492754,0.4269981647986583,0.4420221135622757,0.3334285665959884,0.3271395330454281,0.1439086128718976,0.5541779744160193,0.1061480392554413,0.258144482364684,0.2455445431741298,0.270656354934555,0.2391091809927279,0.2294395083366265,0.0822796747743265,0.4490933446700487,0.0960371402547656,0.3428525058506431,0.3159906754333733,0.3704809453083615,0.2853248261009904,0.2755054085755284,0.1120528988105579,0.502317115886924,0.1020204993239242,0.3387853143615343,0.3118398560420522,0.3664850715735158,0.2843293646165051,0.2778940732409825,0.1121168479349709,0.4992919833463085,0.1025288829470126,False,4.60308e-05,R518Q,1,10,9,0.333385734,1
R561G,missense,False,2.0,2.0,0.0,none,0.9766,1,29740400,,2.0,1.0,1.0,0.4660320468865184,0.4586636513552953,0.4735056258854289,0.5551643091858165,0.5607285761457776,0.2786447017796205,0.8101059703078591,0.1378859891286765,0.4345665635492754,0.4269981647986583,0.4420221135622757,0.5301633283437641,0.5302420218713666,0.2567974193536909,0.7863735012666265,0.1383235044738402,0.7888464531819749,0.779501226863564,0.7980295072325065,0.8213256054241985,0.8368192610270977,0.5805716906151405,0.9744426701571296,0.1054280021123675,0.8944681765282527,0.8771645775405831,0.9105815351595038,0.9117364106263182,0.934916448115187,0.6969301016291943,0.9974047408617353,0.0798253383307857,0.9317110114791776,0.9182602039312866,0.9437062103668394,0.943638783172629,0.9654073194627456,0.7687384640554958,0.9996832595862244,0.0641130719307732,False,,R561G,0,0,0,0.739562494,0
R594P,missense,False,1.0,2.0,0.0,P/LP,0.998,1,17224687,,2.0,0.5,0.5,0.4660320468865184,0.4586636513552953,0.4735056258854289,0.4704970901308594,0.4728554216508019,0.2006663453521579,0.735665232779153,0.1385397773934854,0.4345665635492754,0.4269981647986583,0.4420221135622757,0.4439795804629577,0.4411421625072544,0.1874392654014504,0.7204438609689712,0.1380339590455982,0.8058280537769823,0.7968200958549128,0.8146573975737375,0.7545129699309046,0.7669379229257061,0.4915702846559587,0.9431133531938034,0.1176451148624522,0.7792544201988235,0.7699309991995018,0.7889288465974044,0.733776820991388,0.7480342239574465,0.4575502722811485,0.931634072513866,0.1231429486390162,0.7963146750501767,0.7869585280015026,0.8053466353538712,0.7451660897804561,0.7586771029124819,0.4694541592866099,0.935602181564862,0.1215428217996653,False,,R594P,1,1,0,0.693387808,1
R670K,missense,False,2.0,2.0,4.0,VUS,0.1313,2,25786344;32164657,,6.0,0.3333333333333333,1.0,0.4660320468865184,0.4586636513552953,0.4735056258854289,0.4165153092972066,0.4136183346961234,0.1939471181706159,0.6521227579273718,0.1185284896864092,0.4345665635492754,0.4269981647986583,0.4420221135622757,0.3947445926033027,0.3885510294357374,0.1810969981759568,0.6420892130084815,0.1191640295544097,0.0554835386541461,0.0499362004267159,0.0610486598772587,0.1594606911061194,0.1461035400709907,0.029268375518253,0.3678858516863637,0.088121306825822,0.3428525058506431,0.3159906754333733,0.3704809453083615,0.3384457963691737,0.3281025238213011,0.1415811317716994,0.5880041697838279,0.1154195786173309,0.2225125628894436,0.1952831395439039,0.2511818177663594,0.2631305039076081,0.2535550235576334,0.0870436995220177,0.4994451972948545,0.1075909580479233,False,2.46521e-05,R670K,0,7,4,0.053171447,3
S177T,missense,False,0.0,2.0,0.0,none,0.8767,1,30758498,,2.0,0.0,0.0,0.4660320468865184,0.4586636513552953,0.4735056258854289,0.3904850231491552,0.3843468353851053,0.1519391552071426,0.6662153012320821,0.1353013896058873,0.4345665635492754,0.4269981647986583,0.4420221135622757,0.3624424289295777,0.3529630214913758,0.1316409626250851,0.6400432802648012,0.1319568369430276,0.6957509067031428,0.6851461980311458,0.7064371634024154,0.5797113245832962,0.5844137514401007,0.3015328585220452,0.8329911951040629,0.1382232663419352,0.8944681765282527,0.8771645775405831,0.9105815351595038,0.7408948167845139,0.7569921855374488,0.4521861240823772,0.9363166296485824,0.1234870233302405,0.9207533030614976,0.9058085589248784,0.9342044952866818,0.766624091485764,0.7843660456586824,0.4968401154014896,0.9499536675577708,0.1196984891237428,False,,S177T,0,0,0,0.731532425,0
S338C,missense,False,1.0,2.0,0.0,none,0.6205,1,34505893,,2.0,0.5,0.5,0.4660320468865184,0.4586636513552953,0.4735056258854289,0.4721663205429696,0.4708911347245851,0.2034189940492984,0.7373888285309604,0.139075390167786,0.4345665635492754,0.4269981647986583,0.4420221135622757,0.4479909688451955,0.443941446019484,0.1935477802222187,0.7191386072062446,0.1389989755191658,0.393721536667384,0.3804820686493738,0.4066197317988623,0.415388910544007,0.4105043384715443,0.1675173031234668,0.6849789430362335,0.1352966291864985,0.8944681765282527,0.8771645775405831,0.9105815351595038,0.8296294693004675,0.8487907705069577,0.5776503910320944,0.9756961411410912,0.10466431355621,0.8849351519054894,0.8637595266775321,0.9039064977965988,0.8202361739913466,0.8393898165131706,0.5680807485204203,0.9707966107576584,0.1070127279675303,False,,S338C,0,0,0,0.69969086,0
S373P,missense,False,2.0,2.0,0.0,none,0.9904,2,10973849;32893267,,2.0,1.0,1.0,0.4660320468865184,0.4586636513552953,0.4735056258854289,0.5524798425643695,0.5549657323455995,0.2826042430928972,0.8080440463939221,0.1385697784767317,0.4345665635492754,0.4269981647986583,0.4420221135622757,0.5292719876750603,0.5315764769213385,0.2485810037443137,0.7845143133192662,0.1393631811928321,0.7999188135251132,0.7908239507242565,0.8088834878783293,0.8338522097239587,0.8521452313831154,0.5833677637047741,0.9775870498585548,0.1043849217437112,0.8944681765282527,0.8771645775405831,0.9105815351595038,0.9128858403799563,0.9345369276570266,0.714309284711412,0.9967870891392496,0.0766379370888669,0.933108766397799,0.9198831736115638,0.9449221452439736,0.9445180331606736,0.9672072069484748,0.7705892449854961,0.9996703551060816,0.0638698446803243,False,,S373P,1,2,0,0.488998523,2
T144A,missense,False,1.0,2.0,0.0,Conflicting,0.9359,1,17224687,,2.0,0.5,0.5,0.4660320468865184,0.4586636513552953,0.4735056258854289,0.4700353621870773,0.4667775160252806,0.2147773656388723,0.7401039149570641,0.1355922215275956,0.4345665635492754,0.4269981647986583,0.4420221135622757,0.443591563306434,0.4389701919456393,0.1829725090529197,0.7257164269080822,0.1394380693559563,0.7536208937053981,0.7439416735655408,0.7633947949775409,0.711535171876154,0.7263638198830087,0.4418435172145278,0.9181157133051848,0.1242598095644803,0.3428525058506431,0.3159906754333733,0.3704809453083615,0.3691022191419856,0.3626986868650733,0.1322859758935921,0.6512757076361777,0.1352658243819888,0.5108552893494076,0.4698330385085265,0.5506599770764325,0.5091714034616779,0.509399112451245,0.2386021437130729,0.7797838431834242,0.1418344025254844,False,,T144A,1,1,0,0.598504268,1
T309R,missense,False,2.0,2.0,0.0,none,0.9989,2,10973849;32893267,,2.0,1.0,1.0,0.4660320468865184,0.4586636513552953,0.4735056258854289,0.5562899035913618,0.5599851125105195,0.2830786577479546,0.8091006496748037,0.1372880752073782,0.4345665635492754,0.4269981647986583,0.4420221135622757,0.5280907817494864,0.5301965136524687,0.259800709900856,0.7930389180238906,0.1396809163150907,0.8065189843590691,0.7975382654311095,0.8153263680465677,0.8402286856539076,0.858119421837743,0.6019809894716319,0.9802216300931708,0.1009390147882241,0.8944681765282527,0.8771645775405831,0.9105815351595038,0.9129321594227298,0.9360245537903826,0.704178741624806,0.9974599490282224,0.0799091840479268,0.933956347517222,0.9208487054804416,0.9456751060160477,0.9451599265266184,0.9675379390515716,0.7741967788364137,0.9997442472567648,0.0621232206214909,False,,T309R,1,1,0,0.784173452,1
T311I,missense,False,2.0,2.0,1.0,P/LP,0.9878,2,10973849;29876285,,3.0,0.6666666666666666,1.0,0.4660320468865184,0.4586636513552953,0.4735056258854289,0.5129241791091009,0.514984967902415,0.2601412917500457,0.7611566288327735,0.129570695190738,0.4345665635492754,0.4269981647986583,0.4420221135622757,0.4846766311920345,0.4856826411664321,0.2283239012174904,0.7373862881511308,0.1326103303072474,0.7978665131257496,0.7887334751767707,0.8068607986895703,0.7668857585168427,0.7821019908836626,0.5049612798114474,0.9468653836763468,0.1145422138589016,0.7792544201988235,0.7699309991995018,0.7889288465974044,0.7536713840580882,0.7658783593989384,0.4920431137828171,0.9379459676481628,0.1165702331440939,0.7936371641686425,0.7843503694392379,0.8025808747424235,0.7632344109301946,0.7773809435234327,0.5019457901081544,0.9426565937561436,0.1138909652126221,False,3.97886e-06,T311I,0,1,1,0.666076606,0
T312del,inframe_indel,False,2.0,2.0,0.0,none,,2,30008122;32893267,,2.0,1.0,1.0,0.4660320468865184,0.4586636513552953,0.4735056258854289,0.5531674986039264,0.5569315724004744,0.2786458838860799,0.8068855451903856,0.1384984729984088,0.4345665635492754,0.4269981647986583,0.4420221135622757,0.5302474492069793,0.529990845362711,0.2646633216487509,0.7816125615567167,0.1358451455061827,0.2062008430240162,0.1875290169720347,0.2256830646688847,0.3386219115776631,0.3279790245252894,0.1118899220499246,0.6225378239085363,0.1315649123928308,0.8944681765282527,0.8771645775405831,0.9105815351595038,0.9111575841426812,0.9336266607959084,0.7080677518603891,0.9975659232145644,0.0802034670910308,0.7963044171123235,0.7599667302137078,0.8305588708075249,0.8311491519993495,0.8493085833017772,0.5768848053922255,0.9775986464059634,0.1059278967742714,False,,T312del,4,4,0,0.83213497,4
T322K,missense,False,2.0,2.0,0.0,VUS,0.9843,1,32893267,,2.0,1.0,1.0,0.4660320468865184,0.4586636513552953,0.4735056258854289,0.5552129137715786,0.5591828739678052,0.2866972802340778,0.8112741758096965,0.1378013012484363,0.4345665635492754,0.4269981647986583,0.4420221135622757,0.5297178697914934,0.5296541227670963,0.2549505363065245,0.7958679914584305,0.1396300277460209,0.7950790350451602,0.7858571799148738,0.8041071229086626,0.8266329406447285,0.8461440803323965,0.5746948638455761,0.9764046456406608,0.1062743191237815,0.3428525058506431,0.3159906754333733,0.3704809453083615,0.4520270660928347,0.4491708285747678,0.1966502991939279,0.7287356723683381,0.1393686252667082,0.530278100551951,0.4866416245452943,0.5718177963315925,0.6101761019126745,0.6217197808076024,0.327394567783341,0.854057640448433,0.1368268256844188,False,,T322K,2,2,0,0.816754752,2
T391I,missense,False,2.0,2.0,0.0,none,0.9783,2,10973849;32893267,,2.0,1.0,1.0,0.4660320468865184,0.4586636513552953,0.4735056258854289,0.5559740300204914,0.5588863385041634,0.279017484598472,0.8096726485867576,0.1382057920011938,0.4345665635492754,0.4269981647986583,0.4420221135622757,0.5324670626821442,0.5319506096159048,0.2770211200077834,0.7845040680144403,0.1347313530538273,0.7902343254279116,0.780941160367307,0.7993802330985303,0.8243889536733365,0.8423032057412121,0.5772787111387983,0.9755276926679928,0.1049900500498589,0.8944681765282527,0.8771645775405831,0.9105815351595038,0.9113512989621712,0.9332614695383964,0.7094212014835273,0.9974963681993266,0.0791848423871252,0.9318846596725694,0.918461260164641,0.94386219212079,0.9439252135447546,0.9646412886928256,0.7693178028500652,0.9996502701798756,0.0635261225942005,False,,T391I,1,1,0,0.591783312,1
T444M,missense,False,2.0,2.0,3.0,VUS,0.1398,2,29740400;32681117,,5.0,0.4,1.0,0.4660320468865184,0.4586636513552953,0.4735056258854289,0.4438787517279498,0.4427366034125036,0.2087386179531501,0.6906288291732433,0.1242099049170254,0.4345665635492754,0.4269981647986583,0.4420221135622757,0.4234762974177268,0.4196316100301861,0.1993044280991882,0.6695020767568716,0.1227304439819044,0.0577119450321281,0.0520077899689727,0.0634258818557263,0.1730231785426891,0.1574553368753406,0.0330803734025448,0.3994790733988018,0.0968279986581359,0.3428525058506431,0.3159906754333733,0.3704809453083615,0.3596376919172685,0.3557870807724829,0.1458870551081142,0.607871323391415,0.1206709468914918,0.2248824284564768,0.1976646520108575,0.2534028669850146,0.2840250142763308,0.2742465034582516,0.0975661732009362,0.5187294341525022,0.1115680380294611,False,1.19738e-05,T444M,0,4,4,0.077879389,0
T513N,missense,False,1.0,2.0,0.0,none,0.8019,1,37901857,,2.0,0.5,0.5,0.4660320468865184,0.4586636513552953,0.4735056258854289,0.4720607562290424,0.4685197029536507,0.2182457820223546,0.7454830094673136,0.1380093361125326,0.4345665635492754,0.4269981647986583,0.4420221135622757,0.4461794497788725,0.4434544864794998,0.1900682559055775,0.7153598087608053,0.1353962790205513,0.6129219590288151,0.6013312525685531,0.624793812339391,0.5958899357503844,0.5972809604068906,0.3237578054974258,0.840031675264278,0.1343688131522159,0.8944681765282527,0.8771645775405831,0.9105815351595038,0.8285937072271372,0.8480026269901607,0.5868102193799031,0.975328643512391,0.1047773461286413,0.9115127740253196,0.89516062919985,0.9263892100584116,0.8456992228119422,0.8639997216647871,0.6060602667470516,0.9811679573261564,0.0999008924558903,False,,T513N,0,0,0,0.138426378,0
V129I,missense,False,1.0,2.0,6.0,VUS,0.4371,2,19841300;22949429,,8.0,0.125,0.5,0.4660320468865184,0.4586636513552953,0.4735056258854289,0.3147094326056014,0.3072141587345735,0.1299398168340908,0.5479073647909639,0.1075253868776729,0.4345665635492754,0.4269981647986583,0.4420221135622757,0.2982505502257873,0.2912763316744228,0.1184076849402907,0.520192865566108,0.103129164245208,0.2087141064109437,0.1970527885094608,0.2202520364136991,0.1720701706982314,0.159349008469493,0.0393564967206526,0.3696125200496545,0.0876642682496971,0.3428525058506431,0.3159906754333733,0.3704809453083615,0.2458062290265749,0.2368684675008032,0.0824382758789406,0.4730782331081165,0.1000568513593393,0.3187576070013733,0.2921729452440486,0.3460804956309719,0.2343544394179711,0.2241992768958818,0.0780480807652924,0.4460510970993677,0.0966892495924631,False,3.94151e-05,V129I,0,5,4,0.188683083,1
V280E,missense,False,2.0,2.0,0.0,P/LP,0.9951,2,16414944;32893267,,2.0,1.0,1.0,0.4660320468865184,0.4586636513552953,0.4735056258854289,0.5522918757895752,0.5554819757857962,0.2816627623344331,0.812072208879505,0.139419965028682,0.4345665635492754,0.4269981647986583,0.4420221135622757,0.529959229112107,0.5316759802743136,0.2672986987562977,0.7867471670957505,0.135361279415419,0.8035889851589879,0.7945359967495135,0.812475328990044,0.8375345180379279,0.855903132451058,0.5899228332318319,0.9770891821306666,0.101582648449336,0.7792544201988235,0.7699309991995018,0.7889288465974044,0.8125793500273352,0.8310654565764584,0.557972431699563,0.9705314091933348,0.1107578746998593,0.7955560815513031,0.7862321743985718,0.8045885109038445,0.8344298123187911,0.8543218185642574,0.595090776855438,0.9756686934125524,0.1037847861457345,False,,V280E,2,2,0,0.822034386,2
W120C,missense,False,2.0,2.0,0.0,none,0.8757,1,22199116,,2.0,1.0,1.0,0.4660320468865184,0.4586636513552953,0.4735056258854289,0.5532611895498766,0.5549593249555764,0.2791108677138522,0.8083634194873264,0.137947706291296,0.4345665635492754,0.4269981647986583,0.4420221135622757,0.5280031987433068,0.5299582175414055,0.2536102090112879,0.7877765182109143,0.1379569893019148,0.6947098135676495,0.6840799829421561,0.7054268657658481,0.7480227974757819,0.7612259934728351,0.4827953721877289,0.9394310784703228,0.1213809181621266,0.8944681765282527,0.8771645775405831,0.9105815351595038,0.911880238774837,0.9357822411438926,0.696114135990762,0.9973914051588332,0.0799665511584305,0.9206358327125734,0.9056795773853916,0.9341065796308352,0.9336096204383628,0.9560348256813668,0.7569829592837481,0.9992510744485796,0.0683057030293501,False,,W120C,2,2,0,0.886801148,2
W248R,missense,False,2.0,2.0,0.0,P/LP,0.9998,2,10973849;32893267,,2.0,1.0,1.0,0.4660320468865184,0.4586636513552953,0.4735056258854289,0.5559966162174899,0.5593163593193704,0.2861521091616635,0.8063198029765313,0.1368517064785805,0.4345665635492754,0.4269981647986583,0.4420221135622757,0.533062320489138,0.5334725357930217,0.2649769225687998,0.7939507563008825,0.1378409407100626,0.8072080440141307,0.7982544736550311,0.8159980604995322,0.84060435193939,0.8596121001566416,0.5866642572807872,0.9801435481947068,0.1013622959410141,0.7792544201988235,0.7699309991995018,0.7889288465974044,0.8150577307360115,0.833477283209024,0.5613032067931637,0.970330999286358,0.1076161254658469,0.7967844636487695,0.7873717744790446,0.805774853848806,0.8317650021667113,0.8498711359357587,0.5857857376350237,0.9781819558683992,0.10453901340576,False,,W248R,1,1,0,0.75829883,1
W305R,missense,False,2.0,2.0,0.0,P/LP,0.9998,2,19841300;22949429,,2.0,1.0,1.0,0.4660320468865184,0.4586636513552953,0.4735056258854289,0.5559353352411741,0.5590372892444178,0.2770317800612453,0.818521196380287,0.1377130900255293,0.4345665635492754,0.4269981647986583,0.4420221135622757,0.5266260582822389,0.5300460042861489,0.2626714354223615,0.7833036695670239,0.1383265553220077,0.8072080440141307,0.7982544736550311,0.8159980604995322,0.8384116674497896,0.8567144381598125,0.5996343909570215,0.9803339976885806,0.1021304434249531,0.7792544201988235,0.7699309991995018,0.7889288465974044,0.8185564326734848,0.835886096487785,0.5650481018649067,0.9715503481019486,0.1063786366342265,0.7967844636487695,0.7873717744790446,0.805774853848806,0.8280593041365556,0.8457934980967953,0.5828162324037719,0.9777887422557918,0.1045645382070518,False,,W305R,1,1,0,0.770004171,1
Y281C,missense,False,2.0,2.0,0.0,P/LP,0.9734,2,10973849;32893267,,2.0,1.0,1.0,0.4660320468865184,0.4586636513552953,0.4735056258854289,0.5569512940934603,0.5608717601896873,0.2879625691903852,0.8129134481211335,0.1350366664779122,0.4345665635492754,0.4269981647986583,0.4420221135622757,0.5287792569248457,0.5277930127593362,0.2487570905506309,0.7898258586416401,0.1396203017291912,0.7862157719803491,0.7768254024264496,0.7954199715247198,0.8213044173484371,0.8406303115716889,0.5666543358027941,0.9723602746736594,0.1078868449098126,0.7792544201988235,0.7699309991995018,0.7889288465974044,0.8133741175193555,0.8318431474739021,0.5590868014888638,0.9701986692072222,0.1096536556212268,0.7898126286834489,0.7804953850879334,0.7987367296910597,0.8222704004257493,0.8405024968108847,0.5681492695740272,0.9728441142193682,0.1074198001715873,False,,Y281C,1,1,0,0.719458889,1
Y315H,missense,False,2.0,2.0,0.0,P/LP,0.9991,2,24667783;32893267,,2.0,1.0,1.0,0.4660320468865184,0.4586636513552953,0.4735056258854289,0.5575979542024924,0.5611066452560931,0.2905363182883199,0.8142481448501183,0.1373898019613242,0.4345665635492754,0.4269981647986583,0.4420221135622757,0.5284728208955497,0.5323569341393554,0.2529890149452412,0.7953094114753115,0.1403736082117363,0.8066722703814598,0.7976976012048358,0.8154747742660542,0.8402737660675402,0.8593672156675688,0.6081419191976885,0.9813300936852464,0.1008366053073622,0.7792544201988235,0.7699309991995018,0.7889288465974044,0.8155847396140316,0.8352187030660776,0.5458932921911485,0.970730502391268,0.1104623570211251,0.7966018647813956,0.7872051845965289,0.8056115145581773,0.83124149473842,0.8488791909629383,0.5802489533745303,0.9761756600375812,0.1032286974871536,False,,Y315H,2,2,0,0.853279781,2
Y315N,missense,False,2.0,2.0,0.0,P/LP,0.9948,2,32893267;37975542,,2.0,1.0,1.0,0.4660320468865184,0.4586636513552953,0.4735056258854289,0.5538825630304796,0.5575734586816097,0.2807335646784838,0.8044893627873172,0.1372286109485555,0.4345665635492754,0.4269981647986583,0.4420221135622757,0.5244952910572412,0.5272300814157378,0.2554563270187177,0.7886650759876571,0.1401271222157008,0.8033562471122003,0.7943019221599202,0.8122476784311964,0.837054459811688,0.8567269432461415,0.594021110578802,0.9768992421660836,0.1025401143031606,0.7792544201988235,0.7699309991995018,0.7889288465974044,0.8186768297541022,0.8360096815296538,0.5717592586210244,0.9697109069488294,0.1049460902875268,0.7954774857751952,0.7861466026305773,0.8045050936082441,0.8301332716436194,0.850559383275524,0.5851018520800111,0.9776068916180704,0.1051415522376891,False,,Y315N,3,3,0,0.864281833,3
A128del,inframe_indel,False,1.0,1.0,0.0,none,,1,32893267,,1.0,1.0,1.0,0.4660320468865184,0.4586636513552953,0.4735056258854289,0.5181656986910417,0.5196906998783412,0.2365134349155794,0.7971612428258195,0.1453391714130323,0.4345665635492754,0.4269981647986583,0.4420221135622757,0.4858594888674855,0.4857870564973324,0.2088088281925061,0.7638193534713767,0.1452557851920994,0.2062008430240162,0.1875290169720347,0.2256830646688847,0.2808079464187056,0.2662242382531254,0.0717453741383083,0.5664002198287206,0.1290700519302418,0.8944681765282527,0.8771645775405831,0.9105815351595038,0.9046850599724072,0.9272648206974144,0.6818716654361852,0.9973551768293004,0.0843606532119761,0.7963044171123235,0.7599667302137078,0.8305588708075249,0.8123887883437633,0.8334473903022129,0.5383646442176296,0.9760986965989038,0.1158168775507565,False,,A128del,1,1,0,0.61346915,1
A150T,missense,False,1.0,1.0,3.0,VUS,0.1078,1,31899541,,4.0,0.25,1.0,0.4660320468865184,0.4586636513552953,0.4735056258854289,0.4060110178272579,0.4011735093829436,0.1696458751750439,0.6556820839652671,0.1249864498504133,0.4345665635492754,0.4269981647986583,0.4420221135622757,0.380780073817159,0.3772080797174789,0.1563940705743491,0.637230953869643,0.1242463496474971,0.0497372939472021,0.0446094229249101,0.0548894752716586,0.1085889382350768,0.089628495124775,0.0082353809390637,0.313040652209569,0.0815452350671914,0.3428525058506431,0.3159906754333733,0.3704809453083615,0.3143511981052933,0.3049614969508804,0.1078838092889791,0.5803560151319862,0.1226763619580567,0.2160547178298357,0.1885751173309152,0.2448607287907623,0.2255867228602705,0.2109603796238817,0.0601713535393321,0.4725211878072943,0.1078849980935636,False,1.97094e-05,A150T,1,1,0,0.723827281,1
A178G,missense,False,1.0,1.0,0.0,none,0.8041,1,32681117,,1.0,1.0,1.0,0.4660320468865184,0.4586636513552953,0.4735056258854289,0.5133208037226668,0.5163793521291828,0.2433757594329824,0.7792243140441713,0.1414352049757084,0.4345665635492754,0.4269981647986583,0.4420221135622757,0.4860525076033429,0.483389808901316,0.2160889477400715,0.7813150998744105,0.1467234844688341,0.6154834442917236,0.6039285024725399,0.6273456063737217,0.6519364704719934,0.6622055888680636,0.3613186780542122,0.890304928471829,0.1379164964326064,0.8944681765282527,0.8771645775405831,0.9105815351595038,0.9054866492632084,0.9288414298856932,0.6941757725476947,0.9962399906014106,0.0829410110351078,0.9117980176430188,0.8954977725745668,0.9266134385509056,0.9202393488913794,0.944491076634957,0.7088681203078573,0.9985275936129454,0.0776055877017154,False,,A178G,0,0,0,0.731918915,0
A287E,missense,False,1.0,1.0,9.0,VUS,0.3247,1,16414944,,10.0,0.1,1.0,0.4660320468865184,0.4586636513552953,0.4735056258854289,0.285573296759926,0.2768406996644875,0.1168593734211015,0.49772028141323,0.0976719635272878,0.4345665635492754,0.4269981647986583,0.4420221135622757,0.2682568849672155,0.2608010320613213,0.1050749504510688,0.4796789126214524,0.0969844452944822,0.1318396096879493,0.1223194088470412,0.140996819785376,0.1167283956759148,0.1035033686391037,0.0182797818682905,0.2815375598713279,0.0697082156860484,0.3428525058506431,0.3159906754333733,0.3704809453083615,0.2195519043526501,0.2086506843737011,0.0748890752875698,0.41670561447624,0.0889704107742458,0.2808373313149023,0.2542665061666249,0.3080482727607064,0.1895122171480663,0.180616002465532,0.0542836335935467,0.3729606164580866,0.0835368613605721,False,5.91327e-05,A287E,0,13,13,0.123662069,0
A287S,missense,False,1.0,1.0,3.0,VUS,0.1095,1,32893267,,4.0,0.25,1.0,0.4660320468865184,0.4586636513552953,0.4735056258854289,0.4040714836444903,0.3988500451085888,0.1704436249866321,0.6626297882126428,0.1278120301377358,0.4345665635492754,0.4269981647986583,0.4420221135622757,0.3825731865919983,0.3768230882898229,0.1571182568174975,0.6431143676719127,0.1259346375691058,0.0501333244078608,0.0449757565680965,0.0553144198560576,0.106398861610136,0.0875638954583449,0.0093310781091147,0.3070634746129695,0.0796515818216464,0.3428525058506431,0.3159906754333733,0.3704809453083615,0.3179850059921513,0.3088836395611313,0.11167836446983,0.5747500933455035,0.1212306112643174,0.2165172387812002,0.1890736208285687,0.2453672870649464,0.2230738034348283,0.2097393642936371,0.055794460145122,0.4726110616809378,0.1082173645759656,False,1.9706e-05,A287S,1,2,1,0.281774693,1
A302E,missense,False,0.0,1.0,0.0,P/LP,0.9977,1,36277779,,1.0,0.0,0.0,0.4660320468865184,0.4586636513552953,0.4735056258854289,0.4222072846735374,0.4148991678548109,0.1668038980785544,0.7155495383553772,0.142442388904105,0.4345665635492754,0.4269981647986583,0.4420221135622757,0.394721358517005,0.3861219995860174,0.1461264151624406,0.6732823880376548,0.1384222315241327,0.8055973276740587,0.7965803864566472,0.8144339918224466,0.7331693455793837,0.7483105066511702,0.455046350208609,0.9338019116460072,0.1271635189216562,0.7792544201988235,0.7699309991995018,0.7889288465974044,0.7078908952765061,0.7222360113056375,0.4242769346117804,0.9243072131080312,0.130848961881307,0.7962362978303726,0.7868913263356108,0.8052645019126246,0.7257653076212249,0.7412343406028641,0.4367529575264939,0.9291972850570308,0.1296421855129494,False,,A302E,1,1,0,0.760251983,1
A336S,missense,False,1.0,1.0,1.0,VUS,0.3656,1,41331780,,2.0,0.5,1.0,0.4660320468865184,0.4586636513552953,0.4735056258854289,0.47052581683417,0.4690343613752649,0.2109739577326011,0.744512217684189,0.1401972551371643,0.4345665635492754,0.4269981647986583,0.4420221135622757,0.4443645708871137,0.4424285601907807,0.1943253120300604,0.70949419037374,0.1363321286925652,0.1565793878643133,0.1461775386331683,0.1666606029692927,0.214921360295687,0.1981704767315525,0.0445196611646327,0.4753708829760983,0.113780860927397,0.3428525058506431,0.3159906754333733,0.3704809453083615,0.3683858779637387,0.3636013096945861,0.1311092031657423,0.6411708379645377,0.133539754482662,0.2943129275074678,0.2676966970536151,0.3214588683882949,0.3314378577592862,0.3217304217209771,0.1070311229571061,0.6013319795739073,0.1306577933991616,False,3.9788e-06,A336S,0,1,1,0.641226806,0
A372D,missense,False,1.0,1.0,0.0,none,0.9997,1,16414944,,1.0,1.0,1.0,0.4660320468865184,0.4586636513552953,0.4735056258854289,0.515696338469789,0.5197616513715422,0.2424919841535835,0.7864923707742656,0.1433129383438282,0.4345665635492754,0.4269981647986583,0.4420221135622757,0.4824926817957803,0.4834539282567103,0.2163416589759614,0.7519298194509507,0.1415646313482276,0.8071315741946379,0.7981747428576313,0.8159231664957612,0.8216773801662547,0.8408225792825728,0.5593728466455006,0.9762104719815098,0.1105448174012407,0.8944681765282527,0.8771645775405831,0.9105815351595038,0.9033422429464802,0.9284747863911852,0.6745296266042858,0.9966239566374648,0.0867505703305906,0.9340356004059788,0.9209373733855823,0.9457367158828008,0.9392783797381686,0.9633909919341016,0.7592354944149404,0.9997014133101424,0.0692372171688437,False,,A372D,0,0,0,0.550822783,0
A58P,missense,False,1.0,1.0,0.0,none,0.0707,1,32893267,,1.0,1.0,1.0,0.4660320468865184,0.4586636513552953,0.4735056258854289,0.5160335280184988,0.5192089869024472,0.2366164357771077,0.797940134721883,0.1473970942745894,0.4345665635492754,0.4269981647986583,0.4420221135622757,0.4860282389288242,0.4820429947191866,0.2125849509387718,0.7609135791279107,0.1437275523954777,0.0418001055457328,0.0372879522168174,0.0463497547144606,0.1267397042012459,0.1031017596032433,0.0091051342896649,0.3708352206015489,0.0965764518643984,0.8944681765282527,0.8771645775405831,0.9105815351595038,0.903733280293687,0.9279230920120728,0.6832266888754088,0.9965366988509924,0.0865067503251631,0.7600783119315737,0.7090152172242516,0.806695902362659,0.7855047891798262,0.8027298089132426,0.51913531636809,0.9635336444603712,0.1191276405759826,False,,A58P,1,1,0,0.82402804,1
C214Y,missense,False,1.0,1.0,4.0,VUS,0.428,1,41013213,,5.0,0.2,1.0,0.4660320468865184,0.4586636513552953,0.4735056258854289,0.3778563306386502,0.3701996264622678,0.1620514008063851,0.6254964833647441,0.121586114713449,0.4345665635492754,0.4269981647986583,0.4420221135622757,0.3571760661608445,0.3517377278089617,0.1415248608239369,0.6078659738596778,0.119196852751484,0.2014277144403311,0.1899605419746019,0.2128108071533366,0.2017637338997825,0.1909457670203216,0.0449678658201517,0.4250446095758848,0.099709411567307,0.3428525058506431,0.3159906754333733,0.3704809453083615,0.2948493325755616,0.285615846828665,0.1021244611040723,0.53842868148896,0.1147150571108884,0.3155860905996848,0.2889975809555873,0.3429754217040876,0.2790246361999125,0.2700560008014131,0.0878252102088213,0.5177403056031193,0.1125754740309803,False,1.59758e-05,C214Y,0,4,4,0.196108037,0
D202H,missense,False,1.0,1.0,0.0,none,0.997,1,16414944,,1.0,1.0,1.0,0.4660320468865184,0.4586636513552953,0.4735056258854289,0.5170032777181212,0.5195360206897748,0.2416245182827482,0.7808844254701709,0.1406051945000109,0.4345665635492754,0.4269981647986583,0.4420221135622757,0.4873031063502727,0.4842305426712342,0.2118000957069643,0.7670248764827557,0.1432890156188575,0.8050581578038769,0.7960266311016904,0.8139119032611526,0.8229484530969877,0.8429510544197722,0.5674008500309988,0.9771177096664478,0.1115415250329427,0.8944681765282527,0.8771645775405831,0.9105815351595038,0.9036439020506768,0.9269425820987977,0.6697076729802848,0.9973290994925784,0.0876615147890003,0.9337677646667416,0.9206484296970474,0.9455285181504032,0.94010459105091,0.9640633644973718,0.7513703429034744,0.9997238287784296,0.0687439959910615,False,,D202H,1,1,0,0.612026163,1
D428G,missense,False,0.0,1.0,0.0,none,0.2104,1,19841300,,1.0,0.0,0.0,0.4660320468865184,0.4586636513552953,0.4735056258854289,0.4291288138333192,0.421317248870251,0.1639675724829948,0.7119437028601284,0.1434872130753139,0.4345665635492754,0.4269981647986583,0.4420221135622757,0.3921991874741983,0.3892264779414322,0.1342715464662226,0.6768230069108285,0.1410405151505603,0.0797208121406745,0.0726446456162762,0.0867421196351928,0.0709507962530397,0.0471821679806739,0.0008542968384054,0.2702091092191332,0.0729417580353296,0.8944681765282527,0.8771645775405831,0.9105815351595038,0.8135458430973578,0.8348791796499424,0.5454398341304127,0.9724657900187438,0.1141927157662382,0.7987421471013917,0.7579536409935171,0.8363909999670246,0.7255703048456916,0.7396533113204898,0.4518475985702599,0.9338862902233116,0.129967943692275,False,,D428G,0,1,0,0.09359727,1
D611N,missense,False,1.0,1.0,11.0,VUS,0.1753,1,33614747,,12.0,0.0833333333333333,1.0,0.4660320468865184,0.4586636513552953,0.4735056258854289,0.2567057975826334,0.2472853272380651,0.1050481851019284,0.4498915829550118,0.0901760755108819,0.4345665635492754,0.4269981647986583,0.4420221135622757,0.2439617211134314,0.2366796515679981,0.0929727854344853,0.4334136482722062,0.0884942501876026,0.0679561269349223,0.0616227114770813,0.0743255149862342,0.075008907083917,0.0624815781490588,0.0078897365471934,0.2110519131573267,0.0550096893298054,0.3428525058506431,0.3159906754333733,0.3704809453083615,0.2019798210418098,0.1940800331306902,0.0686671425409322,0.3894431141637899,0.0835292297276897,0.2349751393943021,0.2079087522972882,0.2633975753076165,0.153574211450761,0.1433701608979828,0.0384963021395516,0.327353611840027,0.0752560462476662,False,7.22999e-05,D611N,2,19,17,0.157863192,2
D78H,missense,False,1.0,1.0,1.0,VUS,0.1316,1,32893267,,2.0,0.5,1.0,0.4660320468865184,0.4586636513552953,0.4735056258854289,0.4743302153004034,0.4720306651242405,0.2169894043420132,0.7461437879077987,0.1381933513130687,0.4345665635492754,0.4269981647986583,0.4420221135622757,0.4444422513666891,0.4444090837700445,0.1862250521180093,0.7195660447285709,0.1393049622240758,0.0555607906995501,0.0500079643674335,0.061130932649562,0.1279157472895448,0.1092730250616738,0.0096317557407307,0.3594400136464749,0.0925022575220616,0.3428525058506431,0.3159906754333733,0.3704809453083615,0.369315570074624,0.363799297243083,0.1411433096537365,0.6447426860551865,0.1317236648973936,0.2225958974570703,0.1953689997816795,0.2512637718779428,0.2709980374164196,0.2592256588402496,0.0694832305664755,0.5406255004922076,0.1234133438940047,False,6.60005e-06,D78H,1,1,0,0.641810132,1
E115A,missense,False,1.0,1.0,0.0,none,0.9922,1,32893267,,1.0,1.0,1.0,0.4660320468865184,0.4586636513552953,0.4735056258854289,0.5156189092331375,0.5154589197546524,0.2455886001267531,0.7907823398576824,0.1425575613023702,0.4345665635492754,0.4269981647986583,0.4420221135622757,0.4855616549872625,0.4836568483545259,0.2127780871527978,0.7618814843415841,0.1440076957350613,0.8013304566475021,0.7922514252959284,0.810265335374531,0.8173203538603604,0.8358955668680708,0.5555279921186296,0.9741574336408168,0.1118189073876687,0.8944681765282527,0.8771645775405831,0.9105815351595038,0.9043495173320332,0.9290012275675588,0.6847133602635371,0.9971651134107536,0.085889797405113,0.933289098667311,0.9200921859192436,0.9451023370214904,0.93982605656194,0.9647432470029128,0.7533144462678776,0.999712483048916,0.0691867409729669,False,,E115A,1,1,0,0.823857417,1
E115G,missense,False,1.0,1.0,0.0,P/LP,0.9869,1,32893267,,1.0,1.0,1.0,0.4660320468865184,0.4586636513552953,0.4735056258854289,0.5111588748394369,0.5128880029502059,0.2319017823586315,0.7863757513642856,0.1462415666763156,0.4345665635492754,0.4269981647986583,0.4420221135622757,0.4856530229484118,0.4848914354565568,0.2104553854620517,0.759944860584812,0.1426958902638737,0.797152448266377,0.7879995345252958,0.8061408669747947,0.8121406955776024,0.8311020942077331,0.5579479018271221,0.9747803348939827,0.1110276566619724,0.7792544201988235,0.7699309991995018,0.7889288465974044,0.803630383111066,0.823662258475926,0.5322209133960759,0.9710908884207616,0.1153233265561197,0.7933996579519467,0.7841051084596043,0.802352909273032,0.8128058116346355,0.8338972697305368,0.5511873432462505,0.9707104421412606,0.1136089579746392,False,,E115G,1,1,0,0.832896388,1
E11K,missense,False,1.0,1.0,0.0,VUS,0.2101,1,33614747,,1.0,1.0,1.0,0.4660320468865184,0.4586636513552953,0.4735056258854289,0.5124781492932484,0.5124337382293331,0.2297592263671755,0.785760344448225,0.1450911064774568,0.4345665635492754,0.4269981647986583,0.4420221135622757,0.4865303063178605,0.486591733740177,0.2092286438270349,0.7603753526659642,0.1454376486242539,0.0796127909383391,0.0725435887170675,0.0866289167413578,0.1644431715013557,0.145477923830872,0.0176510225074003,0.416691190198265,0.1066729680633164,0.3428525058506431,0.3159906754333733,0.3704809453083615,0.4042087938014463,0.400141378273949,0.1510506910990192,0.6760631475189545,0.1393147708678058,0.2451728012877257,0.2180995089321437,0.2731867076868141,0.3173580832291305,0.3061051143878984,0.090743128651836,0.6088160851675207,0.1350210095227235,False,0.0,E11K,1,1,0,0.827061626,1
E146G,missense,False,1.0,1.0,2.0,VUS,0.2524,1,26734131,,3.0,0.3333333333333333,1.0,0.4660320468865184,0.4586636513552953,0.4735056258854289,0.4331168699759473,0.4291340398245374,0.1871010056173056,0.6922298902601012,0.1315333954328412,0.4345665635492754,0.4269981647986583,0.4420221135622757,0.4109771391732648,0.4073706875564423,0.1736984522329679,0.679172449813967,0.1305067031297402,0.0962258048437333,0.0882437856110762,0.104001857358225,0.1523554220875114,0.1344471927635026,0.0193356714182967,0.385969843084151,0.0982439162639166,0.3428525058506431,0.3159906754333733,0.3704809453083615,0.3419977814764526,0.3346694103883812,0.1243927757702145,0.603482522414036,0.1264637943441023,0.2579691506555242,0.2309367986817416,0.2855883317471802,0.2756546593373268,0.2640967846549505,0.0818284778023464,0.5439738677354067,0.1211080150804791,False,1.31489e-05,E146G,0,1,1,0.136289151,0
E160del,inframe_indel,False,1.0,1.0,0.0,none,,1,32893267,,1.0,1.0,1.0,0.4660320468865184,0.4586636513552953,0.4735056258854289,0.5160396851285803,0.5165851547973521,0.237679286321171,0.7897609568906273,0.1460239634173451,0.4345665635492754,0.4269981647986583,0.4420221135622757,0.4854538385708249,0.4849039903478431,0.2023290245345518,0.7636999532637722,0.1448785643451383,0.2062008430240162,0.1875290169720347,0.2256830646688847,0.2782948091849711,0.2627189117670232,0.0689772884511957,0.573513309643195,0.1305690317962504,0.8944681765282527,0.8771645775405831,0.9105815351595038,0.9037958084100568,0.9276195685387018,0.6853268838687784,0.9964737780999704,0.0845224003100696,0.7963044171123235,0.7599667302137078,0.8305588708075249,0.8163013614883148,0.8360885314571744,0.5499990042027544,0.971477542708402,0.1112081159798585,False,,E160del,1,1,0,0.61346915,1
E261G,missense,False,1.0,1.0,0.0,none,0.9979,1,33614747,,1.0,1.0,1.0,0.4660320468865184,0.4586636513552953,0.4735056258854289,0.5137213723005497,0.5117034047085114,0.2410832158267736,0.7998067386285579,0.1452387400156934,0.4345665635492754,0.4269981647986583,0.4420221135622757,0.4858561052456895,0.4857623008767182,0.21066976190844,0.7674119706699506,0.1446954303768039,0.8057511681858784,0.796740182193948,0.8145829520842018,0.8235942504537662,0.8430433479538075,0.5601168279636294,0.9765352063613868,0.110297277585906,0.8944681765282527,0.8771645775405831,0.9105815351595038,0.9073158134759592,0.9296017302641064,0.6973045397655578,0.9970394594730304,0.0814982861545466,0.9338571561034988,0.9207477693095616,0.9455980009318335,0.941438764172593,0.9644310159425457,0.7646512303871322,0.9997234810269342,0.0657829936933045,False,,E261G,1,1,0,0.703884545,1
E261Q,missense,False,1.0,1.0,0.0,P/LP,0.9945,1,28725320,,1.0,1.0,1.0,0.4660320468865184,0.4586636513552953,0.4735056258854289,0.5155340625085312,0.5139124347563608,0.230782100670488,0.789973053393376,0.1451759615241981,0.4345665635492754,0.4269981647986583,0.4420221135622757,0.4872436320527434,0.4878277674739057,0.2044042034930253,0.7647516377223145,0.1437034034930731,0.8031233007846542,0.7940662737697031,0.8120198154505132,0.821231152116555,0.8378905444844725,0.5605184041636067,0.9774692023248206,0.110717636446802,0.7792544201988235,0.7699309991995018,0.7889288465974044,0.8006662261101808,0.8174382437884905,0.5331806306578145,0.9689873000475808,0.1152672129845747,0.7953988673872482,0.7860610059284722,0.8044216493575086,0.8113455462169759,0.831141909262282,0.5307374327060121,0.9737159895755756,0.1150384114804034,False,,E261Q,1,1,0,0.698029332,1
E290K,missense,False,1.0,1.0,7.0,VUS,0.115,1,32893267,,8.0,0.125,1.0,0.4660320468865184,0.4586636513552953,0.4735056258854289,0.3150420100229285,0.3076492252063102,0.1307288169266172,0.5313991132405419,0.1042216713536167,0.4345665635492754,0.4269981647986583,0.4420221135622757,0.297886547913774,0.2883154570587442,0.118159771736778,0.5249615268949445,0.1059001790889163,0.0514351609839147,0.0461806888503199,0.0567092312841188,0.0836847200766,0.0685434628116854,0.006661255231511,0.2451859588307812,0.0627261219074403,0.3428525058506431,0.3159906754333733,0.3704809453083615,0.2462909060732106,0.2373624367455989,0.0853576931274508,0.4614113560576848,0.0988259304946539,0.2180185918905658,0.1906532877672074,0.2468067506210698,0.1759113832252055,0.1634585969918175,0.042801344014203,0.3823635403529661,0.0885143251049721,False,4.598e-05,E290K,1,6,5,0.31339767,1
E578V,missense,False,1.0,1.0,0.0,none,0.8005,1,32893267,,1.0,1.0,1.0,0.4660320468865184,0.4586636513552953,0.4735056258854289,0.5162402423694022,0.5165938721685195,0.2375300661660909,0.7888934731697914,0.1450009211067179,0.4345665635492754,0.4269981647986583,0.4420221135622757,0.483520969301881,0.4801503416832603,0.2044012725334076,0.7675197803002499,0.1450631617458646,0.6112886547049704,0.5996764937217447,0.6231789054764675,0.6457646256973996,0.655846851447283,0.3531911468008432,0.8820707018319102,0.1415474957955591,0.8944681765282527,0.8771645775405831,0.9105815351595038,0.9022318766712228,0.9275101074517328,0.6666829753421543,0.9969298695213964,0.0886794790052473,0.9113308192389644,0.894945583725797,0.926245651569582,0.9176772242303513,0.9413943765361444,0.7025618026522111,0.9984053389911338,0.0802260284656093,False,,E578V,1,1,0,0.747130964,1
F296L,missense,False,1.0,1.0,0.0,none,0.9978,1,32893267,,1.0,1.0,1.0,0.4660320468865184,0.4586636513552953,0.4735056258854289,0.5129081893657477,0.5135042586301077,0.2360410073930905,0.7863404846308903,0.1434641692149836,0.4345665635492754,0.4269981647986583,0.4420221135622757,0.4871578989191591,0.4857816885649839,0.2088859311288146,0.7679795680077902,0.1456341934911171,0.8056742594852816,0.7966602827054414,0.814508483501003,0.8230055970426347,0.8427925331267148,0.5666768112416218,0.9775744729982164,0.1096138204380204,0.8944681765282527,0.8771645775405831,0.9105815351595038,0.903791170589752,0.929067717751663,0.6743531885446473,0.9972029304041892,0.0864168058267371,0.933847229298999,0.92073766922094,0.9455902847511274,0.9401235828948676,0.9639290171554727,0.7518946633156821,0.9997011971568918,0.0681431445062678,False,,F296L,1,1,0,0.36237505,1
F351S,missense,False,1.0,1.0,0.0,none,0.9998,1,16414944,,1.0,1.0,1.0,0.4660320468865184,0.4586636513552953,0.4735056258854289,0.514850914590486,0.5136220021779884,0.2368326599067993,0.7947856023351139,0.1460985960070976,0.4345665635492754,0.4269981647986583,0.4420221135622757,0.4816010476885786,0.4822598484784947,0.2077211097081231,0.7627138673774955,0.1436974890589694,0.8072080440141307,0.7982544736550311,0.8159980604995322,0.82431925316161,0.8432843978530329,0.5749805408987201,0.9767098517187094,0.1092049497016555,0.8944681765282527,0.8771645775405831,0.9105815351595038,0.9035990360557428,0.9256986038368192,0.6785612990435727,0.9968890726074436,0.0845312969087706,0.9340455007566292,0.9209489674084476,0.9457444124820268,0.940151884266579,0.9652932814531272,0.7502927911694309,0.9997661062685124,0.0690397735152221,False,,F351S,1,1,0,0.770669331,1
F364S,missense,False,1.0,1.0,0.0,none,0.9994,1,32893267,,1.0,1.0,1.0,0.4660320468865184,0.4586636513552953,0.4735056258854289,0.5121876133110066,0.5131673597241048,0.2335558931419598,0.7897281137651491,0.1450382487043917,0.4345665635492754,0.4269981647986583,0.4420221135622757,0.4828745023102374,0.4817851557708716,0.2124253724578174,0.7636909372881623,0.1448648670583454,0.8069020262016612,0.7979364293419,0.8156983428503426,0.8238128090728835,0.8434195084820898,0.5603733661188682,0.9744043694233904,0.1081888715143089,0.8944681765282527,0.8771645775405831,0.9105815351595038,0.9037538327623628,0.92637407907028,0.6853755164914009,0.9968686997039112,0.085725183258772,0.9340058910084152,0.9209025819853944,0.9457136199074984,0.9394190449863822,0.9644104386401946,0.7413480282051809,0.9997546878749884,0.0697594134270459,False,,F364S,1,1,0,0.591030511,1
F479L,missense,False,1.0,1.0,0.0,none,0.6663,1,32893267,,1.0,1.0,1.0,0.4660320468865184,0.4586636513552953,0.4735056258854289,0.5155921522143263,0.516989178411629,0.2305380877171919,0.8030872295086415,0.1479611277667024,0.4345665635492754,0.4269981647986583,0.4420221135622757,0.4825736861141039,0.4844789443596298,0.2029721107105038,0.7645772117644972,0.14433598359027,0.4485167597149405,0.4353848783650464,0.4613898343717217,0.4976688070841537,0.4963578026658691,0.2217638851283636,0.7738425266590975,0.1444080188146259,0.8944681765282527,0.8771645775405831,0.9105815351595038,0.9016749426179472,0.9248833768603724,0.6775255916646142,0.9970050302386408,0.0872866594100053,0.8922407104927974,0.872556153948252,0.9099067846046563,0.9021561751798484,0.9249959646987675,0.6755503407186548,0.9962338889650314,0.0870828716708873,False,,F479L,1,1,0,0.496515512,1
G119D,missense,False,0.0,1.0,0.0,none,0.8807,1,16487223,,1.0,0.0,0.0,0.4660320468865184,0.4586636513552953,0.4735056258854289,0.4257630723965306,0.4185448416439634,0.1677964602558059,0.7067920146163773,0.1413613983353164,0.4345665635492754,0.4269981647986583,0.4420221135622757,0.3927656287615128,0.3855111861519801,0.1439064837988441,0.6773298133633318,0.1408254905673037,0.6998951993539289,0.6893482313348668,0.7104836800533478,0.6336712970938134,0.6422200260893738,0.3433188003894772,0.8817472298716673,0.1413579804026037,0.8944681765282527,0.8771645775405831,0.9105815351595038,0.8111213491299474,0.8280348348877465,0.5608844858901507,0.9727752566513068,0.1109087635628904,0.9212215864704764,0.9063318198543168,0.9346127205792866,0.8374969225814732,0.8573495083097218,0.5731786553322723,0.9823014177402332,0.1085700259907162,False,,G119D,0,0,0,0.858196395,0
G119V,missense,False,1.0,1.0,0.0,VUS,0.9589,1,32893267,,1.0,1.0,1.0,0.4660320468865184,0.4586636513552953,0.4735056258854289,0.5113931785722313,0.5116981948651356,0.2329196363817634,0.7896918114869547,0.145043634468468,0.4345665635492754,0.4269981647986583,0.4420221135622757,0.4867389640590626,0.4844534738960834,0.2172195048311815,0.7670837412327499,0.1436572428229705,0.7739975566597947,0.7644698329132168,0.7834062373079845,0.7926904891543444,0.8123283356957982,0.519733007776735,0.9632262783383136,0.116915494668769,0.3428525058506431,0.3159906754333733,0.3704809453083615,0.4027590769525147,0.3979317879381769,0.1498475192900631,0.6901871564052757,0.1416246296761116,0.5200937674234334,0.4775896436858503,0.5606120796397117,0.5616541052138886,0.5669702814651953,0.2671677105357328,0.8244254059035279,0.146200339381873,False,,G119V,1,1,0,0.863787359,1
G186S,missense,False,1.0,1.0,0.0,P/LP,0.7383,1,34546463,,1.0,1.0,1.0,0.4660320468865184,0.4586636513552953,0.4735056258854289,0.5156299922881622,0.5162268026109875,0.2360937028794778,0.7907202186074607,0.1445279130565806,0.4345665635492754,0.4269981647986583,0.4420221135622757,0.4856447242357136,0.4852800554255517,0.2105024014782998,0.762545430127709,0.1440448126557349,0.5367104850351038,0.5243476160580824,0.5492621620293476,0.5785943236335285,0.584687745049449,0.2886259960401554,0.8348983008125325,0.1431769083219636,0.7792544201988235,0.7699309991995018,0.7889288465974044,0.7998522354849996,0.8185871941628249,0.5329818297415878,0.9691924443493066,0.1166840149853291,0.7200823203239213,0.7046163331097794,0.735130674659069,0.7453964016254734,0.7574066741803573,0.4720828759155339,0.9439998370797053,0.1243746197523155,False,,G186S,0,0,0,0.378489122,0
G245R,missense,False,1.0,1.0,0.0,VUS,0.9981,1,35357185,,1.0,1.0,1.0,0.4660320468865184,0.4586636513552953,0.4735056258854289,0.5142590684324838,0.5158764086132546,0.2360983425136797,0.7876367726367711,0.1430047877265828,0.4345665635492754,0.4269981647986583,0.4420221135622757,0.4836174067603059,0.4795942302416272,0.2143698484820488,0.7660898904332667,0.1443410578451134,0.805904916259732,0.796899986106083,0.814731819971309,0.823611620257088,0.8420861123903647,0.5633229822829808,0.9784313467627505,0.1096301075598796,0.3428525058506431,0.3159906754333733,0.3704809453083615,0.4039188351327213,0.3990853333968421,0.1443846173260517,0.696024728641188,0.144410922742673,0.5358003953384005,0.4913534182765777,0.5781531454326141,0.5777433912196084,0.5817737248411379,0.2898065892609402,0.8460605930352295,0.1461687801934261,False,,G245R,0,0,0,0.755867491,0
G245V,missense,False,1.0,1.0,0.0,none,0.9945,1,32893267,,1.0,1.0,1.0,0.4660320468865184,0.4586636513552953,0.4735056258854289,0.514416750746132,0.515469580976395,0.2440704226088231,0.7837717897174705,0.1411203540434435,0.4345665635492754,0.4269981647986583,0.4420221135622757,0.4896470053935833,0.4923135106860217,0.2055422155092726,0.7640312931731166,0.1453315316872822,0.8031233007846542,0.7940662737697031,0.8120198154505132,0.8214546891537069,0.840646223599537,0.5603681482545257,0.9748165931698158,0.1089103191888088,0.8944681765282527,0.8771645775405831,0.9105815351595038,0.9038889219616204,0.927804047363144,0.6839363177234183,0.9971177706319738,0.0851110903785404,0.9335188617546358,0.920359162319018,0.945328902290829,0.94134452339569,0.964031109246867,0.7584286289754607,0.9997197033751636,0.066062535163109,False,,G245V,1,1,0,0.764255898,1
G269V,missense,False,1.0,1.0,0.0,P/LP,0.9938,1,38740897,,1.0,1.0,1.0,0.4660320468865184,0.4586636513552953,0.4735056258854289,0.5115398555778553,0.5148682477190998,0.2285238701983385,0.7806038978572303,0.1436714629686921,0.4345665635492754,0.4269981647986583,0.4420221135622757,0.4830683625791291,0.4830580773378534,0.2052907847770864,0.7635260401931464,0.1455435443992335,0.8025789492259848,0.7935151504666396,0.8114872094442873,0.8234189121931731,0.8436233858111621,0.5575369673520066,0.9744125759687982,0.1103280428946399,0.7792544201988235,0.7699309991995018,0.7889288465974044,0.7975253503835641,0.8171132090191435,0.5195862620954584,0.9666721082962731,0.1168616761373549,0.7952153365445433,0.7858697769692674,0.8042268412728673,0.8146530725039828,0.8332765640669697,0.5570514531446474,0.9733345856531932,0.1107184978998736,False,,G269V,0,0,0,0.674625684,0
G272S,missense,False,1.0,1.0,2.0,VUS,0.2331,1,28549997,,3.0,0.3333333333333333,1.0,0.4660320468865184,0.4586636513552953,0.4735056258854289,0.4360522677515974,0.4345533045529298,0.192896285582022,0.6937875566688486,0.1311333150322569,0.4345665635492754,0.4269981647986583,0.4420221135622757,0.4084621464160656,0.4012888344400441,0.1647032196952953,0.6765869871298285,0.132608650604749,0.0882922995604367,0.0807431573579234,0.0957321669703638,0.1437867271029745,0.1273546312065953,0.0162024160563655,0.3621119933111391,0.0923940590070665,0.3428525058506431,0.3159906754333733,0.3704809453083615,0.3405565555404091,0.3306334443713739,0.1160677711788342,0.6130812863007369,0.1286786800288298,0.2520764370402479,0.2249800528065568,0.2800124699546278,0.2680838452083774,0.2525490849929689,0.0771493007745262,0.52844308185905,0.1185249416675144,False,7.98633e-06,G272S,0,2,2,0.476921924,0
G314A,missense,False,1.0,1.0,0.0,none,0.9913,1,30758498,,1.0,1.0,1.0,0.4660320468865184,0.4586636513552953,0.4735056258854289,0.5166156140539412,0.5185115176085795,0.2422783609574701,0.7891785841808078,0.1446842760176622,0.4345665635492754,0.4269981647986583,0.4420221135622757,0.4877982924191543,0.4849065646812875,0.2115361882816006,0.7745527911672732,0.1446778077235004,0.8006255736147886,0.7915380763847432,0.8095753702440659,0.8191517335691494,0.8379373285073556,0.5689665944515314,0.9766880723772998,0.1104817557337006,0.8944681765282527,0.8771645775405831,0.9105815351595038,0.9065508868433289,0.931039159960514,0.6812234161661886,0.9967703736348849,0.0855469522289397,0.9331989894224636,0.9199876802968292,0.9450123743091626,0.9384565694324334,0.9619687573005566,0.7489532257190057,0.99967185392922,0.0689316272800083,False,,G314A,0,0,0,0.845035841,0
G325W,missense,False,1.0,1.0,0.0,P/LP,0.9997,1,32893267,,1.0,1.0,1.0,0.4660320468865184,0.4586636513552953,0.4735056258854289,0.5164657178794301,0.517819584168055,0.2386884125668799,0.7894064928912462,0.1462019429134715,0.4345665635492754,0.4269981647986583,0.4420221135622757,0.4879135287055099,0.4847621806688413,0.2195066320189479,0.7684870176796796,0.1436998539525165,0.8071315741946379,0.7981747428576313,0.8159231664957612,0.8258739851216212,0.8446412046446523,0.5763812636548672,0.9790215394915316,0.1102453176838445,0.7792544201988235,0.7699309991995018,0.7889288465974044,0.798004223208416,0.815307912444592,0.5342789803245916,0.968014184198716,0.1148470081015056,0.796758385630916,0.7873435156736144,0.805751526044873,0.81396282657653,0.8317969925798385,0.5443363174323839,0.9731984635895866,0.1132370601027483,False,,G325W,1,1,0,0.79763049,1
G345A,missense,False,1.0,1.0,0.0,none,0.9843,1,26496715,,1.0,1.0,1.0,0.4660320468865184,0.4586636513552953,0.4735056258854289,0.5137046179243464,0.511633412867464,0.2355910061459198,0.7939867155917729,0.1461093385591123,0.4345665635492754,0.4269981647986583,0.4420221135622757,0.4884803266660932,0.489405013808225,0.2083143136008809,0.7652386223512851,0.1461115745531129,0.7950790350451602,0.7858571799148738,0.8041071229086626,0.8124267111498954,0.8323359847012058,0.5413342181601576,0.9715720174654672,0.1134129755002785,0.8944681765282527,0.8771645775405831,0.9105815351595038,0.9041522433989784,0.927960448645806,0.6870665021213123,0.9968767766042445,0.0844094891239091,0.9324942464637984,0.919182747204036,0.9443904020104212,0.9389544466595534,0.9645787298137865,0.7458380333505377,0.9996145835176016,0.0692334185315671,False,,G345A,1,1,0,0.831980903,1
G348D,missense,False,1.0,1.0,0.0,none,0.9999,1,34505893,,1.0,1.0,1.0,0.4660320468865184,0.4586636513552953,0.4735056258854289,0.5108264144860117,0.5120042818418515,0.2342463612037008,0.7879568779751923,0.1472441171968812,0.4345665635492754,0.4269981647986583,0.4420221135622757,0.4844415872395105,0.4845231947717003,0.2068310802547383,0.7614190943156965,0.145275149014104,0.8072844907465808,0.7983338910412305,0.8160729309006886,0.8265600214353652,0.8453237433082417,0.5713809188686123,0.9760941519974836,0.1084955676358372,0.8944681765282527,0.8771645775405831,0.9105815351595038,0.901639142811671,0.9243208092334798,0.679259520572234,0.9963819330546256,0.0853601431063293,0.93405539971662,0.920960559876324,0.9457521080518486,0.940671161925028,0.9645074655462742,0.7515888102888474,0.999696987273733,0.0678671395670693,False,,G348D,0,0,0,0.792991141,0
G350W,missense,False,1.0,1.0,0.0,none,0.9998,1,32893267,,1.0,1.0,1.0,0.4660320468865184,0.4586636513552953,0.4735056258854289,0.514751973604453,0.5163883420012889,0.2395860179617614,0.7924608843850585,0.1440633622446586,0.4345665635492754,0.4269981647986583,0.4420221135622757,0.4909262206054769,0.4926367753273784,0.2076472232348989,0.7662815177552835,0.1437177609053913,0.8072080440141307,0.7982544736550311,0.8159980604995322,0.8262310341149941,0.8472814523328995,0.5699440311204951,0.97737221881255,0.1089158861114401,0.8944681765282527,0.8771645775405831,0.9105815351595038,0.9054419455970576,0.9292502395167196,0.6859330156760045,0.9972979505970908,0.0832741575734022,0.9340455007566292,0.9209489674084476,0.9457444124820268,0.9400634176858688,0.9632383119659296,0.756751960067747,0.9997467194933491,0.068589844720293,False,,G350W,1,1,0,0.779725157,1
G548D,missense,False,1.0,1.0,0.0,VUS,0.9993,1,16414944,,1.0,1.0,1.0,0.4660320468865184,0.4586636513552953,0.4735056258854289,0.5138929505671052,0.5157492397154477,0.2443628841021398,0.7824335499375096,0.1429090910123533,0.4345665635492754,0.4269981647986583,0.4420221135622757,0.4851733708634088,0.4831794301957224,0.2127161868402584,0.7634434172932169,0.1442256720667304,0.8068254640217859,0.7978568433651888,0.8156233544177196,0.8250722301222093,0.8464831709944634,0.5678059215328846,0.97698168417036,0.1101260467838234,0.3428525058506431,0.3159906754333733,0.3704809453083615,0.4041940973559906,0.3954914551190256,0.1502992171580152,0.7010855191030557,0.1436654861333582,0.5362801683381789,0.4917215087024209,0.5786524372151092,0.5808225429057629,0.5866601445771646,0.2978570016799595,0.8411443537924698,0.1426160532467041,False,,G548D,0,0,0,0.413206836,0
G57V,missense,False,0.0,1.0,0.0,none,0.1041,1,36277779,,1.0,0.0,0.0,0.4660320468865184,0.4586636513552953,0.4735056258854289,0.4254820358641324,0.4191404783240828,0.1638289501568992,0.7086847494924591,0.1415878465166683,0.4345665635492754,0.4269981647986583,0.4420221135622757,0.3978715457036655,0.3909978371434612,0.1499886703026877,0.6815037947158421,0.1407619983530506,0.048885573398449,0.0438219181601214,0.0539752037615211,0.0447017827172675,0.0210850106687335,5.345796450880042e-05,0.2189448877610243,0.0599998996947021,0.8944681765282527,0.8771645775405831,0.9105815351595038,0.8141692993084332,0.833461617037931,0.5487446273110407,0.9738610588538288,0.1124039221968634,0.7697625667871685,0.7213016264792733,0.8142762585540895,0.7006327438580391,0.7149756219884135,0.4126905017912747,0.916791743321684,0.1325402305411034,False,0.0,G57V,1,1,0,0.697587723,1
G589V,missense,False,1.0,1.0,0.0,none,0.9097,1,37460236,,1.0,1.0,1.0,0.4660320468865184,0.4586636513552953,0.4735056258854289,0.5138650238484187,0.5183879234262356,0.2328593294241086,0.7859371144691002,0.1433458885879553,0.4345665635492754,0.4269981647986583,0.4420221135622757,0.485306400962243,0.4851522459941928,0.2120761421650722,0.7625574970749063,0.1428290090218318,0.7289473407166885,0.7188500377374827,0.739151688232379,0.7493565196108279,0.7635596060220691,0.4649000957043876,0.946713589079617,0.1260175739422679,0.8944681765282527,0.8771645775405831,0.9105815351595038,0.9021526352620868,0.9258488752884708,0.674438285183,0.9970631692154776,0.0861928696374038,0.924541119085914,0.9100888164021688,0.9374577317665744,0.931181216771648,0.955925506163434,0.7342032856555311,0.9992888279727422,0.0732997858091033,False,,G589V,0,0,0,0.359042486,0
G621D,missense,False,1.0,1.0,0.0,VUS,0.1106,1,32893267,,1.0,1.0,1.0,0.4660320468865184,0.4586636513552953,0.4735056258854289,0.5139341294872191,0.5138055680231305,0.2371536598440489,0.7914388644614164,0.1459366043602304,0.4345665635492754,0.4269981647986583,0.4420221135622757,0.4884828445370535,0.4869456559298484,0.2118944597029039,0.7624521515180085,0.1425437402843863,0.05039116951085,0.0452143217104653,0.0555910057749687,0.1379677191609584,0.1150479527745013,0.0108678068852227,0.3902145375771446,0.0995121895774706,0.3428525058506431,0.3159906754333733,0.3704809453083615,0.4001669450032491,0.3957274412291421,0.1405967133423843,0.6910324183531347,0.142421260014107,0.216816902980906,0.1893967202297034,0.2456947504393981,0.2866655663333184,0.2711544551524826,0.0736480293757989,0.5721897889428351,0.1313162322623803,False,,G621D,1,1,0,0.315210544,1
G621S,missense,False,0.0,1.0,35.0,VUS,0.0849,1,19841300,,36.0,0.0,0.0,0.4660320468865184,0.4586636513552953,0.4735056258854289,0.1014826169287248,0.096216597560058,0.0340020441074941,0.1971528042759633,0.0428652887978004,0.4345665635492754,0.4269981647986583,0.4420221135622757,0.0943055800600716,0.0889317862602789,0.0274802611384103,0.1923889577536073,0.0424763680704602,0.0446838025040034,0.0399458264152089,0.0494637207812561,0.0094902747097044,0.0042016643585758,6.005203426835299e-06,0.0476020323641922,0.0132536313084155,0.3428525058506431,0.3159906754333733,0.3704809453083615,0.0737586827660957,0.0678042551882739,0.0187599104527945,0.1650728611703913,0.0374285103999671,0.2098948860745209,0.1822503924024726,0.2387565456096768,0.0464260387537868,0.0406170350286903,0.0057482536807466,0.1230813206169671,0.0312373761851599,False,0.000229967,G621S,0,17,16,0.129817095,1
H105L,missense,False,1.0,1.0,0.0,none,0.1618,1,16012827,,1.0,1.0,1.0,0.4660320468865184,0.4586636513552953,0.4735056258854289,0.5153843025324035,0.5126072619748141,0.232484021481745,0.7831552528724067,0.1438935419746675,0.4345665635492754,0.4269981647986583,0.4420221135622757,0.4861391575160016,0.4847416458228094,0.2186753459419595,0.7592780033716057,0.1420866830431437,0.0638755036511276,0.0577814201935069,0.0699922211875212,0.1459198690809775,0.1250299695409536,0.0144753533555722,0.3890718346336019,0.1013137648064167,0.8944681765282527,0.8771645775405831,0.9105815351595038,0.903853522135425,0.9297073101001918,0.6743834694561577,0.997212456023307,0.087304881051141,0.7858421056100136,0.7416470404844457,0.8263668523132874,0.8026855031012574,0.8211240962453823,0.5271381398269306,0.9711540333415936,0.1169901669575399,False,,H105L,0,0,0,0.101295704,0
H126L,missense,False,1.0,1.0,0.0,VUS,0.9821,1,29740400,,1.0,1.0,1.0,0.4660320468865184,0.4586636513552953,0.4735056258854289,0.5148703087321036,0.5160293565970886,0.2307895294994115,0.7894994407543171,0.1455400767802896,0.4345665635492754,0.4269981647986583,0.4420221135622757,0.483397120948816,0.4812626903054326,0.2034518693275189,0.7581035080172456,0.1451969574585749,0.7933123502687704,0.7840665811967311,0.8023877737953972,0.8138885862260653,0.8358049872760618,0.5461274050075248,0.9725153187245484,0.1125268398133696,0.3428525058506431,0.3159906754333733,0.3704809453083615,0.4009236029642095,0.3947964063263918,0.1407131492344094,0.6905267031298703,0.1418906049688337,0.5293969528967708,0.4857932695292983,0.5708529545345848,0.5674345919172353,0.5750485594797667,0.2713521303364221,0.8342034977757267,0.1469715476830855,False,,H126L,0,0,0,0.77235605,0
H258L,missense,False,1.0,1.0,0.0,none,0.9954,1,35580545,,1.0,1.0,1.0,0.4660320468865184,0.4586636513552953,0.4735056258854289,0.5186006974303845,0.5215849325881845,0.2313485959865716,0.7870476971384222,0.1458997638491954,0.4345665635492754,0.4269981647986583,0.4420221135622757,0.4858328916467084,0.4842330169211156,0.2096313213238995,0.7630013470598073,0.1439033363736641,0.8038215149517193,0.79476987379228,0.8127027671704289,0.8220451547753249,0.8432807722397246,0.5520610393867387,0.9756508785982192,0.1110319078649567,0.8944681765282527,0.8771645775405831,0.9105815351595038,0.9036083195899076,0.9278839577124268,0.6836001904561969,0.9972243274762584,0.0864693183996211,0.9336085674250828,0.9204634093737478,0.9454047865962428,0.93831340545742,0.9621466347239984,0.7422156963654726,0.9996404356666366,0.0696378370322214,False,,H258L,0,0,0,0.635391186,0
H258N,missense,False,1.0,1.0,0.0,none,0.9976,1,16414944,,1.0,1.0,1.0,0.4660320468865184,0.4586636513552953,0.4735056258854289,0.5120527629251413,0.5099700955190379,0.2313176282640006,0.7875846765877222,0.1445615092493183,0.4345665635492754,0.4269981647986583,0.4420221135622757,0.4882415790116365,0.4903836601465239,0.2205964566188517,0.762412198447044,0.1445285301134937,0.8055203727510842,0.7965004668336684,0.8143594770468424,0.8245845033058665,0.8428698349584458,0.5682125337980419,0.9775635670608416,0.1082078115445434,0.8944681765282527,0.8771645775405831,0.9105815351595038,0.9028231261834015,0.9258149703753852,0.6847435668503924,0.9968672985023976,0.0858685689373625,0.9338273715079682,0.9207174655123536,0.9455748492941792,0.9389079906983288,0.9629183722028428,0.748575678491511,0.9996883436566654,0.0693724697243262,False,,H258N,1,1,0,0.667655607,1
H403P,missense,False,1.0,1.0,0.0,none,0.0632,1,26496715,,1.0,1.0,1.0,0.4660320468865184,0.4586636513552953,0.4735056258854289,0.5149580923092331,0.5158464959519673,0.2362510075674394,0.7883858183232831,0.1435943758949019,0.4345665635492754,0.4269981647986583,0.4420221135622757,0.4867040295587128,0.4854580897114968,0.2134127890382747,0.7715712309946919,0.1452260876433642,0.0403497224949091,0.0359583598771035,0.0447932719777389,0.1279719373337665,0.1070377596364461,0.0095215693038206,0.3634156637858177,0.094602143706596,0.8944681765282527,0.8771645775405831,0.9105815351595038,0.9058913198189704,0.9294606311731284,0.6846870197575878,0.9971574981859228,0.0843424487425337,0.7578660632286683,0.7062101656308055,0.8049792245012694,0.7800560832379937,0.7968333900363436,0.4989196269366874,0.9635379047145272,0.1207379552784145,False,,H403P,1,1,0,0.627428337,1
H614del,inframe_indel,False,1.0,1.0,0.0,none,,1,19841300,,1.0,1.0,1.0,0.4660320468865184,0.4586636513552953,0.4735056258854289,0.5158065755923696,0.515420456312352,0.2357390126836885,0.7917141512498579,0.1445855229795946,0.4345665635492754,0.4269981647986583,0.4420221135622757,0.4828336949730073,0.4801348030930548,0.2075712896808034,0.7682536923756804,0.1463689959428529,0.2062008430240162,0.1875290169720347,0.2256830646688847,0.2809381294931593,0.2641606459326946,0.0698152336387375,0.5815641895611637,0.1326582758972693,0.8944681765282527,0.8771645775405831,0.9105815351595038,0.9040992772841208,0.9278775081737232,0.681356537858889,0.9971970103329036,0.0853329823681136,0.7963044171123235,0.7599667302137078,0.8305588708075249,0.8145950419439941,0.8348509493160872,0.5425245785424782,0.9734120246207344,0.1137989182357965,False,,H614del,1,1,0,0.61346915,1
I268V,missense,False,1.0,1.0,2.0,VUS,0.6743,1,32893267,,3.0,0.3333333333333333,1.0,0.4660320468865184,0.4586636513552953,0.4735056258854289,0.433176170074812,0.4293595923585939,0.1916845635613345,0.7002062300105182,0.1316183360681892,0.4345665635492754,0.4269981647986583,0.4420221135622757,0.4118909449133968,0.4081343793807633,0.1687155429994269,0.6725617747213181,0.1311282174314949,0.4582578686322309,0.4452246980878581,0.471082821100355,0.4316125609872858,0.4300188378639202,0.1845863078079009,0.691583879394395,0.133334641291408,0.3428525058506431,0.3159906754333733,0.3704809453083615,0.3412722682794422,0.3340537080531818,0.1186988755496274,0.6149322316422047,0.1275282386545041,0.406700814916952,0.375142921640036,0.4380711980036449,0.3890831025615874,0.384153452969882,0.1610366077376211,0.6525583072249279,0.12799403184922,False,7.98244e-06,I268V,1,3,2,0.610855602,1
I313M,missense,False,1.0,1.0,0.0,none,0.911,1,10973849,,1.0,1.0,1.0,0.4660320468865184,0.4586636513552953,0.4735056258854289,0.51712917591973,0.5170682669799416,0.2394191900133231,0.7887789795880389,0.1444164117910384,0.4345665635492754,0.4269981647986583,0.4420221135622757,0.4820547583574984,0.4798160463224575,0.2009920287179498,0.7734173832135238,0.1486792688311085,0.7302075364244619,0.7201433781386359,0.7403786514484313,0.7569653447473755,0.7768735299241738,0.4739143676914988,0.94814803188706,0.1231159754136062,0.8944681765282527,0.8771645775405831,0.9105815351595038,0.9034867045977516,0.926782384235308,0.6875207886292675,0.9971734685625848,0.0846843406185342,0.924686856219364,0.910264115416747,0.93758559466639,0.9324532740291442,0.9575228049432144,0.7387280904123033,0.9993906209560006,0.0721211166368388,False,,I313M,0,0,0,0.799107641,0
I556N,missense,False,0.0,1.0,0.0,VUS,0.9964,1,30758498,,1.0,0.0,0.0,0.4660320468865184,0.4586636513552953,0.4735056258854289,0.4249283310476853,0.4189851865589932,0.1661494315055164,0.7157572295138598,0.1439450136875109,0.4345665635492754,0.4269981647986583,0.4420221135622757,0.3951106613111527,0.3884565407192935,0.1402028469772775,0.6911285606143744,0.1427004064694522,0.8045951105548306,0.7955574678217519,0.8134620545640545,0.728518083805268,0.7401912925397298,0.4500717840250968,0.936826387093742,0.1280700407433251,0.3428525058506431,0.3159906754333733,0.3704809453083615,0.3092724333182444,0.2980392655262305,0.0907705854470683,0.5964111994981991,0.1332084481582917,0.5351205949502477,0.4908319730185294,0.5773975706855451,0.4880228009114139,0.4860004736384475,0.2142110716635713,0.7714113358861512,0.1446263210877033,False,,I556N,0,0,0,0.501000093,0
K183R,missense,False,1.0,1.0,0.0,none,0.2202,1,32893267,,1.0,1.0,1.0,0.4660320468865184,0.4586636513552953,0.4735056258854289,0.5121789406942315,0.5133246931790811,0.2351752307681069,0.7816415352622269,0.1415220848244862,0.4345665635492754,0.4269981647986583,0.4420221135622757,0.4876259172110558,0.4857412873383267,0.212520214980843,0.7574913729311996,0.1431110565081766,0.0833238930705556,0.0760193963110265,0.090530853187936,0.163665254100099,0.1423093498113473,0.0202084967568385,0.4210138445913264,0.1061471441981142,0.8944681765282527,0.8771645775405831,0.9105815351595038,0.904700239913096,0.929656492174903,0.6794297944527886,0.9966797486112088,0.0850370188076635,0.8012719943621074,0.7612965370916733,0.8383758999255909,0.8214845397183792,0.8430442092618213,0.562247347769128,0.9767730648023064,0.111699513187206,False,,K183R,1,1,0,0.686970043,1
K285N,missense,False,1.0,1.0,0.0,none,0.9339,1,30816480,,1.0,1.0,1.0,0.4660320468865184,0.4586636513552953,0.4735056258854289,0.512143586253861,0.5124886703486381,0.2350369484413963,0.7776082066214303,0.140659993018479,0.4345665635492754,0.4269981647986583,0.4420221135622757,0.482315845186517,0.4846762975198179,0.2092557088856889,0.7594149067829216,0.1462868497167808,0.7517917806296015,0.7420804298035412,0.7615911878316837,0.7745534768614287,0.790455270722375,0.4991369170796942,0.9577673707378545,0.1204044791129907,0.8944681765282527,0.8771645775405831,0.9105815351595038,0.9042926807879968,0.9254306845281072,0.693417275718215,0.9968073409359992,0.082488361190445,0.9272117329785332,0.913078469869564,0.9398462497762128,0.933677496963392,0.9585111771746186,0.7385814576842625,0.9995372179417252,0.0732316552318774,False,,K285N,0,0,0,0.52735847,0
K318N,missense,False,1.0,1.0,0.0,VUS,0.9462,1,10973849,,1.0,1.0,1.0,0.4660320468865184,0.4586636513552953,0.4735056258854289,0.5122649589438566,0.5138165952931564,0.2242253112946414,0.7894682348160676,0.1481455812195386,0.4345665635492754,0.4269981647986583,0.4420221135622757,0.4814647313275701,0.4817777590036235,0.2030744309086051,0.7556800727691172,0.1439259609282755,0.7628963524667705,0.7532665948231438,0.7725334448696948,0.7842074484038191,0.802224227838407,0.5132088110223747,0.9609259222010385,0.1178861849439036,0.3428525058506431,0.3159906754333733,0.3704809453083615,0.4031826247698586,0.3964098229927286,0.1502825918684353,0.6914487149678369,0.1409224006365521,0.5149940164855521,0.4733524683755616,0.5550367979910721,0.5581293924772792,0.5631820923629987,0.2680784521768679,0.8236658021112973,0.1458374600648264,False,,K318N,0,0,0,0.513888346,0
K393M,missense,False,1.0,1.0,0.0,VUS,0.4581,1,16414944,,1.0,1.0,1.0,0.4660320468865184,0.4586636513552953,0.4735056258854289,0.5154379000856205,0.5150511568135909,0.2356235737086516,0.7920502968179761,0.145028521884522,0.4345665635492754,0.4269981647986583,0.4420221135622757,0.4834221351187728,0.4821775054912574,0.2086066306896831,0.7585506245657446,0.144065813705195,0.2262626583565054,0.2142776697623919,0.2381749837341541,0.2952938311371675,0.2821701513387059,0.081622949801738,0.5711112606075698,0.1313663861416778,0.3428525058506431,0.3159906754333733,0.3704809453083615,0.4067592585907463,0.3995913013608722,0.1531902327467623,0.6907590861196745,0.1407239126100644,0.3261411132689032,0.2994048543784452,0.3534767604622602,0.3875380865772185,0.381152737277834,0.1386677813798814,0.6853342860321155,0.1424735091603618,False,,K393M,0,0,0,0.465464677,0
K420N,missense,False,1.0,1.0,0.0,none,0.822,1,32893267,,1.0,1.0,1.0,0.4660320468865184,0.4586636513552953,0.4735056258854289,0.5150413225559203,0.5188401365210082,0.23061536916471,0.7821760462229391,0.1438670674993296,0.4345665635492754,0.4269981647986583,0.4420221135622757,0.4889088903312314,0.4885882325429006,0.2108589820909402,0.7711638783883941,0.1467754774464272,0.636076335113253,0.6248001491016635,0.6477545748027704,0.671336510814331,0.6811424920241056,0.3838688453829399,0.9050760195856444,0.1360655897598768,0.8944681765282527,0.8771645775405831,0.9105815351595038,0.9042011557822132,0.92730456967241,0.6847058702489234,0.9970113484043664,0.0847117431031907,0.9140879578053313,0.8981844082575609,0.9286103144883492,0.9217921417363362,0.944450593362922,0.7153133467590888,0.998743731631296,0.0772000130841105,False,,K420N,1,1,0,0.367570437,1
K515N,missense,False,1.0,1.0,0.0,VUS,0.9136,1,30816480,,1.0,1.0,1.0,0.4660320468865184,0.4586636513552953,0.4735056258854289,0.5162743052362373,0.5175395972105825,0.2402701791633199,0.7957461774993418,0.1463248258872569,0.4345665635492754,0.4269981647986583,0.4420221135622757,0.4853234359692948,0.4892623046778022,0.2046564219565817,0.7596947627745209,0.1466109858674516,0.7327168136195887,0.7227092938923468,0.7428332871236952,0.7562051595590314,0.7737528594754014,0.4778236040792467,0.9455583091196034,0.1253107412410701,0.3428525058506431,0.3159906754333733,0.3704809453083615,0.4032445495407652,0.3980635556280454,0.1403130917073318,0.6941864294448716,0.1458571968755281,0.5018893309548259,0.4622952209690767,0.5408432230747116,0.5492977887992088,0.5499582099492499,0.2602084674573973,0.8183184330420488,0.1450814953725488,False,,K515N,0,0,0,0.33833227,0
L203P,missense,False,1.0,1.0,0.0,P/LP,0.9976,1,21459285,,1.0,1.0,1.0,0.4660320468865184,0.4586636513552953,0.4735056258854289,0.5152544458789764,0.5153471678876762,0.234209433364075,0.7858651211008154,0.1438177481116542,0.4345665635492754,0.4269981647986583,0.4420221135622757,0.4800899438599901,0.4768386437156956,0.2121053957741901,0.7708687313391069,0.1446521770893647,0.8055203727510842,0.7965004668336684,0.8143594770468424,0.8217507228354498,0.8424121420127877,0.5617617367351107,0.9757395494400662,0.110488402475992,0.7792544201988235,0.7699309991995018,0.7889288465974044,0.8003193108230668,0.8178255351567276,0.5377488769073537,0.969342769885307,0.1147402317727708,0.7962101670666584,0.7868689223456004,0.8052371182603814,0.8134834915847237,0.8335160513738411,0.545814640705913,0.9743186219505308,0.1147108090483006,False,,L203P,1,1,0,0.700029199,1
L236Q,missense,False,1.0,1.0,0.0,none,0.9975,1,32893267,,1.0,1.0,1.0,0.4660320468865184,0.4586636513552953,0.4735056258854289,0.5157449195805502,0.5142057694842339,0.2346635949755384,0.7945653129012008,0.1440730021074287,0.4345665635492754,0.4269981647986583,0.4420221135622757,0.4854165308836927,0.4832092806204782,0.2093650861437084,0.7662871927881468,0.1421056145445114,0.8054433947152299,0.7964205238359682,0.8142849391725051,0.8250727153105942,0.8472976865040751,0.5577119743628786,0.9770643424966168,0.1106532094434244,0.8944681765282527,0.8771645775405831,0.9105815351595038,0.9027019655878484,0.9264648142958464,0.6674284222706972,0.9975123445556032,0.0874155965973783,0.9338174405211024,0.9207061678425906,0.9455671300176974,0.9407688933337436,0.9641565439073152,0.7553924009831657,0.9997798381929696,0.0677248176040013,False,,L236Q,1,1,0,0.736993821,1
L236R,missense,False,1.0,1.0,0.0,VUS,0.9971,1,26066609,,1.0,1.0,1.0,0.4660320468865184,0.4586636513552953,0.4735056258854289,0.5127295094966267,0.5141318623515356,0.2343587544537396,0.7884235303737187,0.1436245745794931,0.4345665635492754,0.4269981647986583,0.4420221135622757,0.482934626680817,0.4804097617253045,0.2101948731165879,0.7666277951743874,0.1449302927361784,0.8051352514207802,0.7961047827944339,0.8139865566542765,0.8236578675007877,0.8434095320962829,0.564222507598111,0.9764991831223584,0.1105230439211661,0.3428525058506431,0.3159906754333733,0.3704809453083615,0.4023235800901806,0.3960838050472295,0.152852236721713,0.6914866705840407,0.1406383013950007,0.5354005299430358,0.4910466834150689,0.5777121942675341,0.5779650427854944,0.5816653003858061,0.2885920589815333,0.8423659994439138,0.1452536845435871,False,,L236R,1,1,0,0.748615955,1
L239P,missense,False,1.0,1.0,0.0,VUS,0.9985,1,16414944,,1.0,1.0,1.0,0.4660320468865184,0.4586636513552953,0.4735056258854289,0.516046028497698,0.5179067290074079,0.2330736523096676,0.7891528470404615,0.1455283708519875,0.4345665635492754,0.4269981647986583,0.4420221135622757,0.4825065768317774,0.4820804057605334,0.210928535548375,0.7633751276189538,0.1449590937408034,0.8062121351301028,0.7972193130240882,0.8150292786760954,0.8231191439979377,0.8412150529297615,0.56529403889485,0.9769028865245296,0.1097857178223903,0.3428525058506431,0.3159906754333733,0.3704809453083615,0.4022457601712368,0.3972731729909887,0.1459636088600696,0.6866167395839984,0.1398578420008304,0.5359603276465509,0.4914761140610772,0.5783195938351084,0.579054047794202,0.5836534222685925,0.2919291953183379,0.8333773227240887,0.1409840660554767,False,,L239P,0,0,0,0.510281501,0
L251Q,missense,False,1.0,1.0,0.0,P/LP,0.9988,1,26496715,,1.0,1.0,1.0,0.4660320468865184,0.4586636513552953,0.4735056258854289,0.5137537970216378,0.5103162502946691,0.2364199670192036,0.7838343447208213,0.1459510369689791,0.4345665635492754,0.4269981647986583,0.4420221135622757,0.4864390781348827,0.4876917528840251,0.2108802623609834,0.760361527600045,0.1448535288585979,0.8064423067016192,0.7974585624377019,0.8152521303229953,0.8253157231808224,0.8442189062099732,0.5689492614308574,0.9763712832256596,0.1087956294587495,0.7792544201988235,0.7699309991995018,0.7889288465974044,0.7962568291428085,0.8122980060607549,0.5281625761287176,0.9663016660984391,0.1145710048458588,0.796523570449904,0.7871376568797784,0.8055414801014223,0.8139892251453424,0.8329772400203437,0.5496759968230343,0.9716107031637636,0.1112303397778094,False,,L251Q,1,1,0,0.698170162,1
L262R,missense,False,1.0,1.0,0.0,Conflicting,0.9985,1,32893267,,1.0,1.0,1.0,0.4660320468865184,0.4586636513552953,0.4735056258854289,0.5171537172668712,0.5199571254464236,0.2372699247535108,0.7936024769313769,0.1444532201864189,0.4345665635492754,0.4269981647986583,0.4420221135622757,0.4845088629974934,0.480692032460165,0.2066559555369848,0.7628083591105539,0.1448322890665428,0.8062121351301028,0.7972193130240882,0.8150292786760954,0.8246131287322024,0.8443616261938771,0.5576647003380073,0.97511398232184,0.1100868266585378,0.3428525058506431,0.3159906754333733,0.3704809453083615,0.403694574349021,0.3963988449594249,0.146299981955307,0.7035236444665901,0.1454128770696742,0.5359603276465509,0.4914761140610772,0.5783195938351084,0.5795666215822529,0.583275171501136,0.2873961971002104,0.839647668915559,0.143834765485233,False,,L262R,1,1,0,0.54071602,1
L262V,missense,False,1.0,1.0,0.0,VUS,0.9526,1,16414944,,1.0,1.0,1.0,0.4660320468865184,0.4586636513552953,0.4735056258854289,0.5154124721847071,0.518214925964355,0.2316730806677556,0.7978978113430618,0.1452736868287396,0.4345665635492754,0.4269981647986583,0.4420221135622757,0.4851054548477653,0.4854724001261408,0.2058619477605741,0.7585173095209039,0.1444031690214286,0.7685371638417332,0.758958060373785,0.7780668143353172,0.7910270093406886,0.8094257595380743,0.5205233292306719,0.9626757857865575,0.11904645227682,0.3428525058506431,0.3159906754333733,0.3704809453083615,0.406015704526579,0.3998113315164129,0.1469204252282586,0.6917286677423874,0.1407571627165545,0.5175644898626603,0.4754110224633522,0.5578916037444157,0.5624146986771537,0.5666765960052135,0.2646420110280707,0.8361695499462009,0.1469348839936301,False,,L262V,1,1,0,0.549816765,1
L282P,missense,False,1.0,1.0,0.0,P/LP,0.9987,1,32893267,,1.0,1.0,1.0,0.4660320468865184,0.4586636513552953,0.4735056258854289,0.5163375654225326,0.5176163057803942,0.2357147518053696,0.7875494457550924,0.1456542007095038,0.4345665635492754,0.4269981647986583,0.4420221135622757,0.4859041659498831,0.4862756631387008,0.2037040689007174,0.7641583751094516,0.1453785441104985,0.8063656059450919,0.7973788360391264,0.8151778695212153,0.8246257441149883,0.846478541623934,0.5580936940296445,0.979216388597525,0.1117901378896048,0.7792544201988235,0.7699309991995018,0.7889288465974044,0.7996961045673971,0.8179714977616603,0.5364049115008427,0.9678185945225324,0.1149591220985716,0.7964974673160546,0.7871152717808014,0.805518131028457,0.813347478447701,0.8334885155782267,0.5508001305830051,0.9707474394980063,0.1118435475805142,False,,L282P,2,2,0,0.769378707,2
L347P,missense,False,1.0,1.0,0.0,none,0.9995,1,26496715,,1.0,1.0,1.0,0.4660320468865184,0.4586636513552953,0.4735056258854289,0.5142189911046987,0.5129336253239751,0.2388600876842083,0.7902864774580243,0.1448827395507631,0.4345665635492754,0.4269981647986583,0.4420221135622757,0.479638376570893,0.4835897976704764,0.2042222976226001,0.7577962227905798,0.1458856989823879,0.8069785652896194,0.798015991917138,0.8157733076730034,0.821765122786075,0.841295652926354,0.5581914873941953,0.9747895403737078,0.1120107096213628,0.8944681765282527,0.8771645775405831,0.9105815351595038,0.9026865811160758,0.9260472161432468,0.6724991588893267,0.9967826776607004,0.0870916868510334,0.9340157955320396,0.9209141806742216,0.9457213195956564,0.9392638442792398,0.964432219398652,0.7449635242696543,0.999771410993358,0.0700970848097002,False,,L347P,1,1,0,0.756547431,1
L559P,missense,False,1.0,1.0,0.0,VUS,0.9998,1,32893267,,1.0,1.0,1.0,0.4660320468865184,0.4586636513552953,0.4735056258854289,0.5131391028384592,0.5118828202058612,0.2417712837156954,0.7875409794475046,0.1441777961286379,0.4345665635492754,0.4269981647986583,0.4420221135622757,0.483318728094131,0.4815764827435156,0.2162482963565039,0.7570775489450744,0.1425678031881642,0.8072080440141307,0.7982544736550311,0.8159980604995322,0.8245443359119886,0.8438038212827509,0.5713706275337286,0.978404048642238,0.1086887962331174,0.3428525058506431,0.3159906754333733,0.3704809453083615,0.4028333978642656,0.398831809086969,0.1438137915218522,0.6854933367578497,0.1411494412246493,0.5364800524763637,0.4918765810022993,0.5788604280511009,0.573750753040511,0.5803040957093986,0.2836848941926395,0.8310201755377038,0.142831727735542,False,,L559P,1,1,0,0.805386756,1
L606Q,missense,False,1.0,1.0,0.0,VUS,0.9433,1,28292826,,1.0,1.0,1.0,0.4660320468865184,0.4586636513552953,0.4735056258854289,0.5087125578628486,0.5087408452090263,0.2331075721531073,0.7828495569660214,0.1441308048635834,0.4345665635492754,0.4269981647986583,0.4420221135622757,0.4863792418455475,0.4839265676487692,0.2085078433192113,0.7613948338813636,0.1447534613538795,0.7603093634560246,0.7506594209191275,0.7699856275868164,0.7850503721462057,0.8011472603707404,0.5213982681874935,0.9590312301140024,0.1166384965891209,0.3428525058506431,0.3159906754333733,0.3704809453083615,0.4039215496560122,0.3961543967645706,0.1499851767552823,0.6971904700875163,0.1447674045688527,0.5138289597443886,0.4724199800218297,0.5537364612698819,0.5568752696279143,0.5583830011998624,0.2694033744067041,0.8275896511736062,0.1439222550393867,False,,L606Q,0,0,0,0.175887233,0
M476L,missense,False,1.0,1.0,0.0,none,0.082,1,32893267,,1.0,1.0,1.0,0.4660320468865184,0.4586636513552953,0.4735056258854289,0.5131387609722297,0.5146985361131466,0.2338634634790859,0.7847561935887631,0.1450756677846784,0.4345665635492754,0.4269981647986583,0.4420221135622757,0.4901746756919445,0.485068495193509,0.2118131298094993,0.7679729884854494,0.1463089793893523,0.0440798656645339,0.0393863505717525,0.0488073905122895,0.1333541363678801,0.1082673027544222,0.010688224441306,0.3813652499902001,0.1008172012577449,0.8944681765282527,0.8771645775405831,0.9105815351595038,0.9032760277936346,0.9282860484331944,0.6782730477814585,0.997169142089326,0.0865747120122877,0.7633854265622253,0.7132117870010493,0.8092956353942021,0.7857375955413775,0.8070656302779062,0.5018662097550528,0.96264873363069,0.121641902642281,False,,M476L,1,1,0,0.451174782,1
P197L,missense,False,1.0,1.0,13.0,VUS,0.9781,1,41013213,,14.0,0.0714285714285714,1.0,0.4660320468865184,0.4586636513552953,0.4735056258854289,0.2354103683396,0.2284871438490452,0.0924275182212771,0.4185080835264653,0.0843229330907928,0.4345665635492754,0.4269981647986583,0.4420221135622757,0.2233448927611681,0.2150961653010714,0.0855265421357921,0.3990527907825655,0.0831500537218652,0.7900713948530347,0.7807757298568913,0.7992242398630142,0.3692904090234932,0.364730057435472,0.19052429513942,0.5709156564356382,0.0985938915046857,0.3428525058506431,0.3159906754333733,0.3704809453083615,0.183833075021205,0.174985870578568,0.058377823609259,0.3531530803443382,0.0771941042069898,0.5277943583934468,0.484355635368335,0.5691240742285603,0.2589590075407204,0.2528002512591298,0.1083820119233645,0.4447268396943113,0.0862721383576046,False,5.22021e-05,P197L,1,14,13,0.121375105,1
P441L,missense,False,1.0,1.0,1.0,VUS,0.4609,1,36386331,,2.0,0.5,1.0,0.4660320468865184,0.4586636513552953,0.4735056258854289,0.4717364231135628,0.4704222240318819,0.2054824125115197,0.7446859896894445,0.1397922574438862,0.4345665635492754,0.4269981647986583,0.4420221135622757,0.4480446189052792,0.4474289370869708,0.1867595051456262,0.7183069554206998,0.1390415791422697,0.2286797091421338,0.2166174566476971,0.2406452483663781,0.2734770542404289,0.2635791360498594,0.0716044574974621,0.5458150618636266,0.1226741622785202,0.3428525058506431,0.3159906754333733,0.3704809453083615,0.3676244473184382,0.3571842394169709,0.1336528062115178,0.6496612562883887,0.1357579230423392,0.3271322890089007,0.3003508172219907,0.354533148815633,0.358103605626728,0.3494333207966164,0.1215640746238108,0.6384445981857249,0.1350583153444722,False,6.58077e-06,P441L,0,0,0,0.104329373,0
P441S,missense,False,0.0,1.0,6.0,VUS,0.39,1,19841300,,7.0,0.0,0.0,0.4660320468865184,0.4586636513552953,0.4735056258854289,0.2742642562992094,0.2648923974457953,0.0975300343858086,0.506023485572428,0.1055597222932615,0.4345665635492754,0.4269981647986583,0.4420221135622757,0.2553861454706717,0.2460446183710909,0.0831395944376378,0.4791672768741248,0.1021144477203213,0.1730658376895345,0.1622302704518291,0.1836859805008696,0.1004876272305478,0.0860274205340441,0.011229284821386,0.2663355904678357,0.0695263671301588,0.3428525058506431,0.3159906754333733,0.3704809453083615,0.2031933249434614,0.190692706215176,0.0505090744124301,0.4202490746251029,0.0962299481799706,0.3025308744351919,0.275951882757405,0.3296189751675838,0.1771278284269254,0.1633320513656308,0.042049047077675,0.3816220678855423,0.0907710538562084,False,2.39341e-05,P441S,0,8,7,0.080447626,1
P61T,missense,False,1.0,1.0,4.0,VUS,0.0727,1,32893267,,5.0,0.2,1.0,0.4660320468865184,0.4586636513552953,0.4735056258854289,0.3739209620076975,0.3671563646001048,0.1576330761511078,0.6247621859430493,0.1216700421989088,0.4345665635492754,0.4269981647986583,0.4420221135622757,0.356409229586356,0.3507815565039569,0.1458047755073265,0.6065558400629869,0.1189458472548794,0.0421952209782118,0.0376513068108864,0.0467759986802717,0.0945661607747881,0.0761842298280269,0.0067121214558505,0.2818130540671418,0.0731706841474411,0.3428525058506431,0.3159906754333733,0.3704809453083615,0.2961224877899839,0.2868039919641978,0.1040688341669691,0.5380979609880118,0.1130046591066137,0.2066668861777884,0.1790398882538821,0.2358180099212963,0.2060414503966916,0.1935233588103264,0.0498377449431507,0.428318596421791,0.1006441882447918,False,2.66934e-05,P61T,1,1,0,0.73455109,1
P7S,missense,False,1.0,1.0,27.0,VUS,0.0668,1,18452873,,28.0,0.0357142857142857,1.0,0.4660320468865184,0.4586636513552953,0.4735056258854289,0.148701171751546,0.1426353134980276,0.0543290810251821,0.2755998376674691,0.0574317159793236,0.4345665635492754,0.4269981647986583,0.4420221135622757,0.1407010153351287,0.1331465764967532,0.0502592023854513,0.2685327599543488,0.0564283151606316,0.0410397880565395,0.036589177072095,0.0455336769808672,0.037248846465162,0.0290253006953587,0.0026408778460979,0.1179664559475825,0.0306775040794332,0.3428525058506431,0.3159906754333733,0.3704809453083615,0.1166637329929165,0.1098169404701963,0.0382232173609283,0.2375586056962693,0.0516165649666432,0.2051191782713275,0.1774789346985685,0.2342704213273779,0.0808739274552184,0.073703040194058,0.0158674314765374,0.1875990558578762,0.0444803638102844,False,0.000182391,P7S,0,5,5,0.123400803,0
Q107H,missense,False,1.0,1.0,0.0,P/LP,0.9778,1,32893267,,1.0,1.0,1.0,0.4660320468865184,0.4586636513552953,0.4735056258854289,0.5166689956605911,0.5195700677229833,0.2390268847619509,0.7914586472754565,0.1437536586042648,0.4345665635492754,0.4269981647986583,0.4420221135622757,0.4853582374053131,0.4863605268865016,0.2087893804528378,0.7695973977344084,0.145943682894468,0.7898268247365919,0.7805212278293171,0.7989863627949974,0.81098178714,0.8318843007451502,0.538481091595269,0.9710142901086928,0.1129945463205325,0.7792544201988235,0.7699309991995018,0.7889288465974044,0.7957433220281473,0.8147488002441577,0.5213024001763947,0.9691149680837516,0.1175798537231847,0.7909867681013635,0.781718450224575,0.7999122049041187,0.809355837416619,0.8256512631168422,0.536658274981737,0.9723784489250844,0.1133307707770267,False,,Q107H,1,1,0,0.66902186,1
Q234P,missense,False,1.0,1.0,0.0,P/LP,0.9832,1,41013213,,1.0,1.0,1.0,0.4660320468865184,0.4586636513552953,0.4735056258854289,0.516562933567094,0.5162154413053384,0.2342834946793807,0.7883141901507456,0.1453136549925904,0.4345665635492754,0.4269981647986583,0.4420221135622757,0.4868284569694084,0.4855732392561023,0.2199584023014348,0.7541619475597524,0.1418824488121656,0.7941970975623819,0.7849557380503697,0.8032504546576943,0.8139644184417006,0.8347999404163561,0.5487533644786916,0.9730812362117368,0.1129646959965867,0.7792544201988235,0.7699309991995018,0.7889288465974044,0.7998884518639562,0.8167611015945713,0.5400794918339435,0.9687436225497768,0.1126437191043289,0.7924211043578426,0.7831271095096646,0.8013666970127484,0.8107008961330427,0.8316667731273859,0.5368365590167162,0.970597896434416,0.1155262666406086,False,,Q234P,0,0,0,0.302061227,0
Q367H,missense,False,1.0,1.0,0.0,P/LP,0.9991,1,32893267,,1.0,1.0,1.0,0.4660320468865184,0.4586636513552953,0.4735056258854289,0.5171139031561831,0.5180697856714636,0.2388249019701211,0.789829288475778,0.1440441125603307,0.4345665635492754,0.4269981647986583,0.4420221135622757,0.4853495691675675,0.4816046968021055,0.2172760975031825,0.7649265963452422,0.1454123330884196,0.8066722703814598,0.7976976012048358,0.8154747742660542,0.8242488267817182,0.8435495456619815,0.5691767332305548,0.977266431174586,0.1089925817553981,0.7792544201988235,0.7699309991995018,0.7889288465974044,0.7974317969918482,0.8137392229233626,0.529409804819659,0.9692433841273078,0.1158281693475312,0.7966018647813956,0.7872051845965289,0.8056115145581773,0.8167524778484091,0.8392090089438762,0.556015221951947,0.9751172607730688,0.1122314973536842,False,,Q367H,1,1,0,0.744924276,1
Q560L,missense,False,0.0,1.0,0.0,none,0.9836,1,30758498,,1.0,0.0,0.0,0.4660320468865184,0.4586636513552953,0.4735056258854289,0.4214490391509718,0.4192919174782537,0.1667260441468076,0.7056001009802297,0.142538125608343,0.4345665635492754,0.4269981647986583,0.4420221135622757,0.3946455649709918,0.3867745690444497,0.1492561406098123,0.6779655931260622,0.1411404812102789,0.7945181271767832,0.7852784487106443,0.8035634240682944,0.7216624417549033,0.73365226363507,0.4455546119335337,0.929500049514678,0.1275131665362393,0.8944681765282527,0.8771645775405831,0.9105815351595038,0.8129463538500625,0.8314802358834653,0.5416274036943294,0.9746584538671762,0.1143572225478844,0.9324233914159822,0.9190882928972036,0.944331945688374,0.8491377259509989,0.8708970828877836,0.598987080155016,0.9859411162073676,0.1044665175197116,False,,Q560L,0,0,0,0.772284699,0
R174P,missense,False,1.0,1.0,0.0,P/LP,0.9961,1,16414944,,1.0,1.0,1.0,0.4660320468865184,0.4586636513552953,0.4735056258854289,0.5142065835137081,0.514945679661438,0.2361479432142891,0.7861641194207343,0.144123427652357,0.4345665635492754,0.4269981647986583,0.4420221135622757,0.4833268183566985,0.4820900211988119,0.2093182485586461,0.7616992308198871,0.1450203130690409,0.8043632747442335,0.7953198870116477,0.8132377310976175,0.8230274059565432,0.8428557962322951,0.5556185248372871,0.9762794520622828,0.1104635833025038,0.7792544201988235,0.7699309991995018,0.7889288465974044,0.8007521264560852,0.8179315884683565,0.5396137094162601,0.9669757316202048,0.1141969532782199,0.7958179041699742,0.7864969941500856,0.8048314357604757,0.8132345647287191,0.8367011383728191,0.5408135209121147,0.9719997768929864,0.1147780011835453,False,,R174P,0,0,0,0.723860831,0
R192H,missense,False,1.0,1.0,2.0,VUS,0.2242,1,33484326,,3.0,0.3333333333333333,1.0,0.4660320468865184,0.4586636513552953,0.4735056258854289,0.4377033863112562,0.4382208427201819,0.1804347945222637,0.7027206182499018,0.1354939584907225,0.4345665635492754,0.4269981647986583,0.4420221135622757,0.410401706823712,0.4057066891147703,0.1702012498426508,0.6824325084305212,0.1332386693740923,0.0848366584492976,0.0774489570452297,0.0921018858413699,0.1418729651844555,0.1224499714647393,0.0149885771746287,0.3636235141088994,0.09362969724571,0.3428525058506431,0.3159906754333733,0.3704809453083615,0.3426925062194886,0.3315930142018022,0.118994057601881,0.608195937023554,0.1294404526202758,0.2493896526716699,0.2221637499750406,0.2774137733647842,0.2670116147466444,0.2550957296731558,0.0719918808199568,0.5206438847639436,0.1193187310499446,False,8.02311e-06,R192H,1,4,3,0.304056273,1
R192L,missense,False,1.0,1.0,0.0,VUS,0.5654,1,29851656,,1.0,1.0,1.0,0.4660320468865184,0.4586636513552953,0.4735056258854289,0.5127315716063724,0.5116697364749521,0.2398161377498369,0.7802012522389431,0.1419544695241374,0.4345665635492754,0.4269981647986583,0.4420221135622757,0.4860697071077098,0.4895938537078874,0.2130442828376058,0.7599826548624141,0.1436328527036974,0.3312787142888257,0.3181347086244665,0.3442374898917463,0.3911643448455427,0.3806770094109494,0.139998078537904,0.6847137329442332,0.1413903177447517,0.3428525058506431,0.3159906754333733,0.3704809453083615,0.3991429061019297,0.3929389566974398,0.146714931594343,0.6885357916705476,0.1418518484563492,0.3651773094036986,0.3365276558115339,0.394020265779646,0.4185052345327506,0.4142022566231543,0.158208371319478,0.7068520294103489,0.1428308009249812,False,,R192L,0,0,0,0.313674125,0
R192P,missense,False,1.0,1.0,0.0,VUS,0.9757,1,16414944,,1.0,1.0,1.0,0.4660320468865184,0.4586636513552953,0.4735056258854289,0.5152913676808439,0.5156501258638462,0.2377794926723176,0.7921538583557308,0.1449638221081318,0.4345665635492754,0.4269981647986583,0.4420221135622757,0.483817879110981,0.4823904147761448,0.2129397173991987,0.7550532426935954,0.1411069756066535,0.7881089788418544,0.7787565622737916,0.7973095418756206,0.805679033444653,0.8242918459038903,0.5409707044630526,0.9698580629088284,0.1149603308587672,0.3428525058506431,0.3159906754333733,0.3704809453083615,0.4024436396319433,0.3986253483587521,0.1452997113522617,0.6941427246028304,0.1425105208177681,0.5268324986207285,0.4835683683346089,0.568076000073433,0.571528407524533,0.5747298538407585,0.2863776307387644,0.8381226723819417,0.1445059892989419,False,,R192P,0,0,0,0.311730814,0
R195W,missense,False,1.0,1.0,5.0,Conflicting,0.4218,1,25786344,,6.0,0.1666666666666666,1.0,0.4660320468865184,0.4586636513552953,0.4735056258854289,0.3534627726447443,0.3465738091053389,0.1476766564052412,0.5969113056622032,0.1177424440528952,0.4345665635492754,0.4269981647986583,0.4420221135622757,0.3363434828093173,0.3272570932402932,0.1353186182301426,0.5798313967767517,0.1143960976301077,0.1965733516510333,0.1852071975970214,0.2078530580799396,0.1857914087013706,0.1711660907544632,0.0404201235188964,0.4095252491795039,0.0960903727913726,0.3428525058506431,0.3159906754333733,0.3704809453083615,0.2783746210260772,0.2681924252471963,0.0961274737626134,0.5064996681018276,0.1066853546892037,0.3134351345866954,0.286873479378593,0.3407998030576011,0.2609072055173277,0.2504162622833609,0.0846067478670731,0.4839548803189576,0.1063361115693178,False,3.2858e-05,R195W,2,11,8,0.195640457,3
R231S,missense,False,1.0,1.0,0.0,P/LP,0.9944,1,19618328,,1.0,1.0,1.0,0.4660320468865184,0.4586636513552953,0.4735056258854289,0.5168102296343341,0.5169834326978336,0.2396627188845232,0.7876823431953858,0.1427596983534921,0.4345665635492754,0.4269981647986583,0.4420221135622757,0.4804064335262027,0.4802146742904331,0.2130337480239683,0.7609514944158711,0.1440155381322601,0.8030456057196333,0.7939875788645088,0.8119438139113265,0.8200554545818163,0.8418547753228245,0.5646758524144635,0.9770988549431108,0.1119379927682085,0.7792544201988235,0.7699309991995018,0.7889288465974044,0.799954489838666,0.8184195040021147,0.5306428034124627,0.9678325142426772,0.1156165515787494,0.7953726562330006,0.7860324681535577,0.8043938286170051,0.8152407184479689,0.8354522381199467,0.5401698498359203,0.9735395733366424,0.1127550731454589,False,,R231S,1,1,0,0.557803629,1
R360T,missense,False,1.0,1.0,0.0,VUS,0.9993,1,16414944,,1.0,1.0,1.0,0.4660320468865184,0.4586636513552953,0.4735056258854289,0.5198309564209115,0.5213502240396501,0.2349548571331463,0.7924716750228677,0.1449312221121244,0.4345665635492754,0.4269981647986583,0.4420221135622757,0.4869928941674785,0.4885257926942956,0.203351574440989,0.7729735522727539,0.146720683953973,0.8068254640217859,0.7978568433651888,0.8156233544177196,0.8240410851970449,0.8458285683463644,0.5730475121648055,0.976467218595948,0.1099633703100241,0.3428525058506431,0.3159906754333733,0.3704809453083615,0.4003826940159861,0.3980666810814116,0.1455216802657908,0.687263161120611,0.1424647615048775,0.5362801683381789,0.4917215087024209,0.5786524372151092,0.5792710560973984,0.584339716663693,0.2950918006944429,0.835996030586521,0.1411567906896775,False,,R360T,0,0,0,0.75137921,0
R380G,missense,False,1.0,1.0,0.0,VUS,0.9942,1,26496715,,1.0,1.0,1.0,0.4660320468865184,0.4586636513552953,0.4735056258854289,0.515767836617023,0.5168088759535681,0.2328641689606286,0.7826620242814365,0.1439668022481413,0.4345665635492754,0.4269981647986583,0.4420221135622757,0.4844680524569283,0.4854830859243992,0.209157171403991,0.7663251914733759,0.1445700568145443,0.8028901461500394,0.7938301917263603,0.8117917324228234,0.8197612917833562,0.8371325659559358,0.5498624224785126,0.9764712163427236,0.1109021788352801,0.3428525058506431,0.3159906754333733,0.3704809453083615,0.4037431621278213,0.3970609794460901,0.1459710457083088,0.6875268606732219,0.1422626230548797,0.5342406447654844,0.4901503582362114,0.5763800208521035,0.5719598543805883,0.575657064241496,0.2865851228705764,0.8335471203243627,0.1446582706632743,False,,R380G,1,1,0,0.736903806,1
R451W,missense,False,1.0,1.0,1.0,VUS,0.1109,1,32893267,,2.0,0.5,1.0,0.4660320468865184,0.4586636513552953,0.4735056258854289,0.4728459038477977,0.4726562882007277,0.2127549275548801,0.7439611606949463,0.1388788315003745,0.4345665635492754,0.4269981647986583,0.4420221135622757,0.4433399455338822,0.4416611024800196,0.1839452871396535,0.7150403844865983,0.1387287950942821,0.0504617086093453,0.045279593869117,0.0556666572650582,0.1249139745102195,0.103783414727607,0.0103290420356611,0.351948359323159,0.0921355171013376,0.3428525058506431,0.3159906754333733,0.3704809453083615,0.3697652901079251,0.3644975826134563,0.1314385114988079,0.6412832467398721,0.1337336350997612,0.2168986822068768,0.1894849116733647,0.24578410979666,0.263020717496764,0.2501254793734192,0.0692988039966436,0.5260351466369936,0.1224113443722247,False,6.57186e-06,R451W,1,1,0,0.316628233,1
R518P,missense,False,1.0,1.0,0.0,VUS,0.9983,1,16414944,,1.0,1.0,1.0,0.4660320468865184,0.4586636513552953,0.4735056258854289,0.5132308847158057,0.5161657175127556,0.232858799684708,0.7856424909537228,0.1455624997188011,0.4345665635492754,0.4269981647986583,0.4420221135622757,0.4879267505899081,0.4891103863857866,0.2117207486090131,0.7689243574640158,0.1463708067678988,0.8060585719047402,0.7970596963812828,0.8148805954973788,0.8266229057710122,0.8441108809544193,0.5782878205571302,0.9756071760471988,0.1068023312349639,0.3428525058506431,0.3159906754333733,0.3704809453083615,0.4035700860934936,0.3988871174807863,0.1496869877138842,0.6803891645640079,0.1403981730949511,0.5358803624858952,0.4914147660392646,0.5782363718561601,0.5771691073545777,0.5817855644498865,0.290868474802292,0.836554122569673,0.1433406072592356,False,,R518P,0,0,0,0.559764752,0
R519C,missense,False,1.0,1.0,11.0,VUS,0.6866,1,35091851,,12.0,0.0833333333333333,1.0,0.4660320468865184,0.4586636513552953,0.4735056258854289,0.2560962612497016,0.2489168763620261,0.0995800846916943,0.4516809529715502,0.0910485978127002,0.4345665635492754,0.4269981647986583,0.4420221135622757,0.2408127714434264,0.2316302902071487,0.0912112845733362,0.4327907806722434,0.0884955310865045,0.4732947777130391,0.4604082552671803,0.48600282524866,0.2610381080775442,0.2523208797824172,0.108816471901637,0.4597950997877035,0.09045793178854,0.3428525058506431,0.3159906754333733,0.3704809453083615,0.2027546125987119,0.1947205677049054,0.0661470172306158,0.3838602044080499,0.084154470878174,0.4114882590484602,0.3798124696134211,0.4432294611638736,0.2339421747064273,0.225672028284254,0.0869932413268857,0.426199982697558,0.0888680332689827,False,4.37539e-05,R519C,0,11,11,0.091376368,0
R539Q,missense,False,1.0,1.0,0.0,P/LP,0.8706,1,32893267,,1.0,1.0,1.0,0.4660320468865184,0.4586636513552953,0.4735056258854289,0.5143812306361224,0.5142006269242767,0.2412679565056964,0.7870127150981902,0.1430224749824148,0.4345665635492754,0.4269981647986583,0.4420221135622757,0.4861632768195796,0.4856772232789885,0.2124300327405588,0.769466096076108,0.145534275129069,0.6893693625841328,0.6787139872142217,0.7001998166175053,0.7176833463840478,0.7295398849587684,0.43808641198363,0.9214052145955938,0.1273820161144674,0.7792544201988235,0.7699309991995018,0.7889288465974044,0.7989765645961788,0.8177272440474745,0.5249300634110259,0.966904653376718,0.1150744630482322,0.7609975574179956,0.7504180153307597,0.7711054003852357,0.7810341711808891,0.797626386632162,0.5048032890630009,0.9599302392929716,0.1187556107085651,False,,R539Q,1,1,0,0.669209038,1
R583G,missense,False,1.0,1.0,0.0,VUS,0.6056,1,24606995,,1.0,1.0,1.0,0.4660320468865184,0.4586636513552953,0.4735056258854289,0.5154708070221488,0.516155899181248,0.2361986182011578,0.781677417798264,0.1417395505784273,0.4345665635492754,0.4269981647986583,0.4420221135622757,0.4814421823369468,0.4817836153164113,0.2072921439991006,0.7635277042620846,0.144127681962055,0.3763893484633366,0.3631134557653043,0.3892026000895303,0.4383846124292147,0.435035171189932,0.1738841908353702,0.7153921736778956,0.141822017160116,0.3428525058506431,0.3159906754333733,0.3704809453083615,0.4024580151568862,0.3964979018784575,0.1487802800246254,0.6980846826120535,0.1422957451594751,0.3803087781539278,0.3510529247921148,0.4098128912637347,0.437269092195156,0.4351873880748905,0.1768830836522766,0.7252908115021997,0.1423740733716585,False,,R583G,1,1,0,0.48473017,1
R591L,missense,False,1.0,1.0,0.0,P/LP,0.9731,1,32893267,,1.0,1.0,1.0,0.4660320468865184,0.4586636513552953,0.4735056258854289,0.5150286610334384,0.5134596209703957,0.2322884006105993,0.7979192784580184,0.1462698713695785,0.4345665635492754,0.4269981647986583,0.4420221135622757,0.4859746361201179,0.4845847804580564,0.2123510944571461,0.7625560846597288,0.1441353429210708,0.7859679258596887,0.7765745756435737,0.7951779129400758,0.8038672078870145,0.8249611331113087,0.5377895659212933,0.9678852930507336,0.1142869700346889,0.7792544201988235,0.7699309991995018,0.7889288465974044,0.8026127693861969,0.8194223191176764,0.5344526401812877,0.9689581462679848,0.1137081266858255,0.789732396446938,0.7804179923986978,0.7986567746168747,0.8090320259291262,0.827422156447263,0.5352492639155978,0.9738137336553038,0.1141552087058392,False,,R591L,1,1,0,0.689334993,1
R632S,missense,False,1.0,1.0,0.0,none,0.144,1,34546463,,1.0,1.0,1.0,0.4660320468865184,0.4586636513552953,0.4735056258854289,0.5142034381892414,0.5135790720062308,0.2345334597136772,0.7919134936907551,0.1448505659398147,0.4345665635492754,0.4269981647986583,0.4420221135622757,0.4842601241818888,0.484736553500849,0.2062644523753828,0.760061556330437,0.1459416180782364,0.0588438190710723,0.0530611497458478,0.0646354433106576,0.1438279310293243,0.1229528597344279,0.0120935495374804,0.3806839275478159,0.100066539857417,0.8944681765282527,0.8771645775405831,0.9105815351595038,0.9036758592009454,0.9297170001267524,0.6795282811667013,0.9964415001398084,0.0862380482648506,0.7809699907822238,0.735595783459421,0.8228439635265373,0.8019594019946291,0.8217207969375708,0.5316880235134169,0.970654095319252,0.1165185305091045,False,,R632S,0,0,0,0.124405276,0
S140R,missense,False,1.0,1.0,0.0,VUS,0.9993,1,26496715,,1.0,1.0,1.0,0.4660320468865184,0.4586636513552953,0.4735056258854289,0.5161064552749608,0.5167618042761191,0.2312313929887931,0.790169966772418,0.1449509446866075,0.4345665635492754,0.4269981647986583,0.4420221135622757,0.4861504899716634,0.4851393995827963,0.2097987581359782,0.7657155732618579,0.1452892473246242,0.8068254640217859,0.7978568433651888,0.8156233544177196,0.8277980171241123,0.8490981826590365,0.560497948706292,0.9760965687721038,0.1096321799647136,0.3428525058506431,0.3159906754333733,0.3704809453083615,0.4047777246152903,0.3996033920496802,0.1408898963316494,0.6954749100626646,0.1442600625262854,0.5362801683381789,0.4917215087024209,0.5786524372151092,0.5805498978105157,0.5833592123902581,0.2892025968882614,0.8407231551991431,0.1440174376460297,False,,S140R,1,1,0,0.524332756,1
S143F,missense,False,1.0,1.0,0.0,VUS,0.9529,1,32893267,,1.0,1.0,1.0,0.4660320468865184,0.4586636513552953,0.4735056258854289,0.5120971523197848,0.5100771548991205,0.2335226983507204,0.7854307047777854,0.1430480139535159,0.4345665635492754,0.4269981647986583,0.4420221135622757,0.4823539440319614,0.4781681674132678,0.2199924573323833,0.765827940405521,0.1418475280745088,0.7687992614518153,0.7592274349824443,0.778324961936989,0.7896860661344621,0.8072619245463925,0.5239266669843343,0.9636613517337944,0.1165175945982436,0.3428525058506431,0.3159906754333733,0.3704809453083615,0.4008793278233362,0.3939056077447943,0.1517203052853698,0.6847195082859816,0.1406559846188937,0.5176849559301832,0.4755075382409838,0.5580167719512586,0.5635868061571684,0.5665066312907292,0.2741091246749051,0.8269717643301823,0.1430848569393246,False,,S143F,1,1,0,0.609750804,1
S143P,missense,False,1.0,1.0,0.0,none,0.9838,1,32893267,,1.0,1.0,1.0,0.4660320468865184,0.4586636513552953,0.4735056258854289,0.5108406276504139,0.5126235185383945,0.2419074160217604,0.7869139967501642,0.1441421465069315,0.4345665635492754,0.4269981647986583,0.4420221135622757,0.4821080727402315,0.4849741746372895,0.2040493552440712,0.7624072847612574,0.1437140878812966,0.7946785026619683,0.7854434674183144,0.8037197676611066,0.8137417567347124,0.8314352405983498,0.5517214862591493,0.972275562894979,0.1122466988860565,0.8944681765282527,0.8771645775405831,0.9105815351595038,0.9036195842802424,0.9288373255763824,0.6810931101595152,0.996847150586399,0.0858765565168419,0.932443642800149,0.919115290114528,0.9443486533940302,0.9372199179399644,0.9628601501820552,0.7394188361175106,0.9997247720861528,0.0724200435927075,False,,S143P,1,1,0,0.608018643,1
S177F,missense,False,1.0,1.0,0.0,none,0.9958,1,32893267,,1.0,1.0,1.0,0.4660320468865184,0.4586636513552953,0.4735056258854289,0.5138382442780896,0.5172998821843302,0.2437544937374653,0.7904763916362397,0.1440880923756058,0.4345665635492754,0.4269981647986583,0.4420221135622757,0.484800306193106,0.4846184173151145,0.2097371417975299,0.7594950760069397,0.146055929739403,0.8041312307715136,0.7950814025716691,0.8130092182317084,0.8205525651878901,0.8409426555816161,0.5573214448936804,0.97415701779169,0.110673636855115,0.8944681765282527,0.8771645775405831,0.9105815351595038,0.9039074219404704,0.9269543547497632,0.6770854450699975,0.9971575847614432,0.0856375511024354,0.9336484002590288,0.9205097013705754,0.9454357442981118,0.939891569897922,0.9646499098460384,0.7508568289524902,0.9997003181032674,0.0693682256896304,False,,S177F,1,1,0,0.742857134,1
S209F,missense,False,1.0,1.0,0.0,none,0.9958,1,16414944,,1.0,1.0,1.0,0.4660320468865184,0.4586636513552953,0.4735056258854289,0.5175881535874486,0.5168872112342195,0.2430297994763208,0.7965249515021289,0.1457928659500491,0.4345665635492754,0.4269981647986583,0.4420221135622757,0.488321185780884,0.4865523613308181,0.2173332576543957,0.7641909920124427,0.1420520193470864,0.8041312307715136,0.7950814025716691,0.8130092182317084,0.8217063628163871,0.8420182978771855,0.552100028315481,0.9736341496939308,0.1102157483561988,0.8944681765282527,0.8771645775405831,0.9105815351595038,0.9033858117753152,0.9267842622795236,0.6818291196860153,0.9969442345482814,0.0863357832280736,0.9336484002590288,0.9205097013705754,0.9454357442981118,0.9387251495398696,0.962400638453363,0.7444449749091084,0.9996839016354088,0.0699966673091244,False,,S209F,0,0,0,0.231010237,0
S253C,missense,False,1.0,1.0,0.0,Conflicting,0.96,1,27485560,,1.0,1.0,1.0,0.4660320468865184,0.4586636513552953,0.4735056258854289,0.5181291959253558,0.5197121148592446,0.2391349836810152,0.7991556955282905,0.1451475483257115,0.4345665635492754,0.4269981647986583,0.4420221135622757,0.4826378174905783,0.4811071566279626,0.2012861053051876,0.765610411423774,0.1448955117532715,0.7749415457694087,0.7654178918424477,0.7843337707625158,0.7938820028623558,0.8140495217973571,0.5197331327713086,0.963482595130752,0.1180766030730876,0.3428525058506431,0.3159906754333733,0.3704809453083615,0.4008828626606166,0.395936167906597,0.14758674014376,0.6835484980761887,0.1416974718841684,0.5205352724554474,0.4780139928796041,0.5610298194426987,0.5717157590328354,0.5775000984920153,0.277841235633516,0.8314193886328323,0.1437143313574227,False,,S253C,0,0,0,0.194514042,0
S298I,missense,False,1.0,1.0,0.0,none,0.8996,1,32893267,,1.0,1.0,1.0,0.4660320468865184,0.4586636513552953,0.4735056258854289,0.5140328957615756,0.5189321647195857,0.2317370536231158,0.7840709361098162,0.1438590347648211,0.4345665635492754,0.4269981647986583,0.4420221135622757,0.484591114771793,0.4853599925433942,0.2083347928205064,0.7596945199425149,0.1420482337831441,0.7190315789631488,0.7087562051648928,0.729423675539683,0.7435588272532435,0.7595126448010914,0.4577782785332279,0.9405761898534384,0.1278413954469274,0.8944681765282527,0.8771645775405831,0.9105815351595038,0.9056072572000868,0.9298263359968316,0.6834783293086109,0.9971621289973576,0.0846792056748014,0.9233999439323968,0.908715762285833,0.9364561002095548,0.9306451441038815,0.9542763560978196,0.723735075040669,0.9992206409767758,0.0732807547277402,False,,S298I,1,1,0,0.405120917,1
S349P,missense,False,1.0,1.0,0.0,Conflicting,0.999,1,16414944,,1.0,1.0,1.0,0.4660320468865184,0.4586636513552953,0.4735056258854289,0.5133069568062745,0.5120082918331947,0.2285503935979491,0.7874080269308025,0.1450305370196669,0.4345665635492754,0.4269981647986583,0.4420221135622757,0.4839523101339021,0.4826237376126804,0.2097161112989285,0.7642655702509675,0.145182066790856,0.8065956389186194,0.7976179450199514,0.8154005826936724,0.8220393321800715,0.8423432402829827,0.5594536356474694,0.9751334716513882,0.1100893900377153,0.3428525058506431,0.3159906754333733,0.3704809453083615,0.4033159189733417,0.3967464174679632,0.1425837514046298,0.6986479248812834,0.1432942701582414,0.5361602318286655,0.4916294852370895,0.5785276293078913,0.5763544431463783,0.5827935765050176,0.2902899877496244,0.8372735090507613,0.1444471044542695,False,,S349P,0,0,0,0.823923443,0
S546W,missense,False,1.0,1.0,0.0,none,0.9983,1,32893267,,1.0,1.0,1.0,0.4660320468865184,0.4586636513552953,0.4735056258854289,0.5170366892369997,0.5189258701008939,0.2353280764165499,0.7881256344696985,0.1452216089120662,0.4345665635492754,0.4269981647986583,0.4420221135622757,0.4855485459986077,0.4880325001677214,0.202890645569227,0.7570430614949798,0.1452324427858979,0.8060585719047402,0.7970596963812828,0.8148805954973788,0.8245232762831427,0.845011275117036,0.5602261607568066,0.9758915491036482,0.1097901806361998,0.8944681765282527,0.8771645775405831,0.9105815351595038,0.9029440696407016,0.927688573778265,0.6750097553184877,0.9972688831109204,0.0871540271152106,0.9338968493852486,0.920788157895444,0.945628855339012,0.9407612697014124,0.9650831152266008,0.758745858633733,0.9997286919693592,0.067023664464915,False,,S546W,1,1,0,0.488236763,1
S77F,missense,False,1.0,1.0,5.0,VUS,0.1473,1,29544605,,6.0,0.1666666666666666,1.0,0.4660320468865184,0.4586636513552953,0.4735056258854289,0.3530971460715894,0.348054028120123,0.144359829800554,0.5973209078691329,0.1156278216485263,0.4345665635492754,0.4269981647986583,0.4420221135622757,0.3328472173659839,0.3267872733699918,0.1332863901893169,0.5624679505206751,0.1119763452749299,0.0597477173990422,0.0539072920878146,0.0655985947743682,0.1002866570008859,0.0839946754806039,0.0083560174329727,0.2801757122771949,0.0725985436649805,0.3428525058506431,0.3159906754333733,0.3704809453083615,0.2765664814169856,0.2643360720701912,0.0949162026853727,0.5138511381515221,0.1085691957491839,0.2269884897309034,0.1998708361573634,0.255362940040477,0.2017306916649421,0.1887843020386889,0.0505103707679019,0.4278654524334848,0.0981344824133198,False,3.2985e-05,S77F,0,3,3,0.162408124,0
T247I,missense,False,1.0,1.0,3.0,VUS,0.9977,1,32893267,,4.0,0.25,1.0,0.4660320468865184,0.4586636513552953,0.4735056258854289,0.4061260687286316,0.4003950355422401,0.1721099508870442,0.6667950453615369,0.1272672371708339,0.4345665635492754,0.4269981647986583,0.4420221135622757,0.3839818796944281,0.3755176321906533,0.1605016984466252,0.6403487385279923,0.1251880918616129,0.8055973276740587,0.7965803864566472,0.8144339918224466,0.64767699967432,0.6564536962761348,0.3846540509653376,0.8643106279568108,0.1229479978503808,0.3428525058506431,0.3159906754333733,0.3704809453083615,0.3163427437678699,0.3073508141838271,0.1092136910979082,0.5750020339110185,0.1223520963378385,0.5356404550994356,0.4912307235360147,0.5779810891352676,0.454132439117576,0.4527331737923989,0.2112300649946913,0.7101610139755354,0.1295313352678505,False,2.053986994154353e-06,T247I,1,1,0,0.799618165,1
T610N,missense,False,1.0,1.0,0.0,VUS,0.527,1,31337358,,1.0,1.0,1.0,0.4660320468865184,0.4586636513552953,0.4735056258854289,0.5134265984978281,0.5141785623229473,0.2324709030543786,0.788466900225199,0.1455303346458094,0.4345665635492754,0.4269981647986583,0.4420221135622757,0.4816576072991509,0.4806619982322987,0.2063091691398024,0.7617928880906465,0.1442251642393625,0.290890905484434,0.2778753770769187,0.3035810112818344,0.3569721153201511,0.3482559414623143,0.117226844264031,0.645347361142475,0.1398221248944418,0.3428525058506431,0.3159906754333733,0.3704809453083615,0.4035553127951281,0.3965679512170889,0.148928121645416,0.6923412219018074,0.1411301467769389,0.3509685537970742,0.3232425169886894,0.3790201779742166,0.4110252946029048,0.4059160612456848,0.1628396534606833,0.6963715614889138,0.1401919223905597,False,,T610N,0,0,0,0.29307771,0
V215L,missense,False,1.0,1.0,0.0,none,0.3086,1,32893267,,1.0,1.0,1.0,0.4660320468865184,0.4586636513552953,0.4735056258854289,0.5176191436028997,0.5174920231089681,0.2362007188793904,0.7909509714432865,0.1433309012533169,0.4345665635492754,0.4269981647986583,0.4420221135622757,0.4862583066264088,0.4856203200010499,0.2096604484795301,0.7585664607450626,0.1429513279284269,0.1230492852548601,0.1138615284813564,0.1319192817184565,0.2044915361943438,0.1869276616707552,0.0313011465238713,0.4812568176281197,0.117262863363855,0.8944681765282527,0.8771645775405831,0.9105815351595038,0.9027772473567636,0.9278858336338738,0.6738385700011728,0.996700146070712,0.0868652773215553,0.8230144495802864,0.7877623051941496,0.8551217680147343,0.8411384466099294,0.8605292003549344,0.5899771975794758,0.9846067498455088,0.1044769234756209,False,,V215L,1,1,0,0.428855786,1
V241I,missense,False,1.0,1.0,3.0,VUS,0.4432,1,35357185,,4.0,0.25,1.0,0.4660320468865184,0.4586636513552953,0.4735056258854289,0.4039796284501512,0.3999526559491012,0.1801057515113996,0.6621153628842809,0.1261022730451413,0.4345665635492754,0.4269981647986583,0.4420221135622757,0.3817140745340011,0.377755039199384,0.1524588064821008,0.6307742676603012,0.1231704695235125,0.2137060449569406,0.2019324863978469,0.225366633565494,0.2217750364586911,0.2093928959704184,0.0540229514983699,0.4634991151997585,0.1081736959540926,0.3428525058506431,0.3159906754333733,0.3704809453083615,0.3176826218790788,0.3082262943359946,0.1124964315658284,0.5818181563039216,0.121739179032615,0.3208931127520212,0.2943449284111483,0.3482796852386155,0.3009438425180498,0.2916490627658794,0.1001632537363246,0.5497636742791356,0.1186942175872668,False,1.2043e-05,V241I,0,3,3,0.3550374,0
V308D,missense,False,1.0,1.0,0.0,none,0.9979,1,16414944,,1.0,1.0,1.0,0.4660320468865184,0.4586636513552953,0.4735056258854289,0.5150676223966602,0.5178772924991573,0.2364886817309924,0.7943926352160956,0.1436026833057897,0.4345665635492754,0.4269981647986583,0.4420221135622757,0.4892242107324128,0.4872585932601374,0.2180042049896654,0.7635603325401447,0.1446769273282144,0.8057511681858784,0.796740182193948,0.8145829520842018,0.8232800289124409,0.8444996601188959,0.5574710326385935,0.9769572946287908,0.1109306088404826,0.8944681765282527,0.8771645775405831,0.9105815351595038,0.9036314698024436,0.92835379464044,0.6884876235864249,0.9966060015447116,0.0861141786605514,0.9338571561034988,0.9207477693095616,0.9455980009318335,0.9404799544765824,0.964230654538664,0.7563346031713837,0.9997169912443296,0.0673192420178587,False,,V308D,0,0,0,0.79793476,0
V308F,missense,False,1.0,1.0,0.0,none,0.9843,1,32893267,,1.0,1.0,1.0,0.4660320468865184,0.4586636513552953,0.4735056258854289,0.5128014231755027,0.5174209111246538,0.2335157235079199,0.7797350867954389,0.1435223163660002,0.4345665635492754,0.4269981647986583,0.4420221135622757,0.4873002985813772,0.4881272300335794,0.2101981017397069,0.7689653865020115,0.1452503398891859,0.7950790350451602,0.7858571799148738,0.8041071229086626,0.8114016980146206,0.8296179571865023,0.5399946035778828,0.974791472208284,0.1145285165000926,0.8944681765282527,0.8771645775405831,0.9105815351595038,0.904238756754153,0.9282896985498772,0.6741902755895292,0.99705461453517,0.0856248238780949,0.9324942464637984,0.919182747204036,0.9443904020104212,0.939367239641396,0.9635096041815524,0.7548937698102827,0.9996073184050512,0.0686928566252775,False,,V308F,1,1,0,0.810606644,1
V310I,missense,False,1.0,1.0,0.0,P/LP,0.3548,1,10973849,,1.0,1.0,1.0,0.4660320468865184,0.4586636513552953,0.4735056258854289,0.5137320661469347,0.5154904918261298,0.2304134892825309,0.7797131636644693,0.1432500911319571,0.4345665635492754,0.4269981647986583,0.4420221135622757,0.4872280990141446,0.4874382796955027,0.2102689839037269,0.7781890425289267,0.1452919795174297,0.1497007918157522,0.1395425148869915,0.159540807757256,0.2281163434455303,0.2107026525500533,0.0431476124896495,0.5079556390058918,0.1226731544608884,0.7792544201988235,0.7699309991995018,0.7889288465974044,0.8004859239406318,0.818850588857948,0.5279919716370957,0.9699795680344092,0.1134160405822863,0.5809548354255089,0.541538551425301,0.6207819711554772,0.6166121246903664,0.6204844770820039,0.3316737811864614,0.8672657150348728,0.1396034366490749,False,,V310I,1,1,0,0.733098858,1
V319L,missense,False,1.0,1.0,0.0,none,0.8996,1,32893267,,1.0,1.0,1.0,0.4660320468865184,0.4586636513552953,0.4735056258854289,0.5148968522748868,0.5179984530351756,0.2377164304065674,0.7888900075683977,0.1451911194926035,0.4345665635492754,0.4269981647986583,0.4420221135622757,0.4852518808345833,0.4847520962981684,0.2110312158609164,0.76286233436553,0.1444032791770302,0.7190315789631488,0.7087562051648928,0.729423675539683,0.7432109522041122,0.7595261370609894,0.4526664076195476,0.9425910840918108,0.1275030211176436,0.8944681765282527,0.8771645775405831,0.9105815351595038,0.9041913861558644,0.9282215797473976,0.6860857758966045,0.9971564037453932,0.0868041623892406,0.9233999439323968,0.908715762285833,0.9364561002095548,0.9296795422218518,0.9559410685436802,0.7261454054908917,0.999398412415916,0.0761612879846617,False,,V319L,1,2,1,0.749953234,1
V334A,missense,False,1.0,1.0,0.0,none,0.9464,1,32893267,,1.0,1.0,1.0,0.4660320468865184,0.4586636513552953,0.4735056258854289,0.5150051060926917,0.5142209744170685,0.2338184387248573,0.7950874867082598,0.1455568760597544,0.4345665635492754,0.4269981647986583,0.4420221135622757,0.4863136738931412,0.4833819827216314,0.2165337587216039,0.7692662450803213,0.1443560329673816,0.7630740540748644,0.7534457931748229,0.7727084203603178,0.7853222558603516,0.804883970114387,0.5154133566552238,0.9615877253436904,0.1186954808425667,0.8944681765282527,0.8771645775405831,0.9105815351595038,0.9037864216011212,0.9282996630139532,0.6844855392102596,0.997130579068376,0.0861138505381049,0.9285565971173714,0.9146118142121372,0.9409876857190668,0.9342808634028826,0.9591943190180044,0.7402944955050793,0.9995399927420752,0.0712875023856361,False,,V334A,1,1,0,0.671229448,1
V524L,missense,False,0.0,1.0,0.0,none,0.8389,1,35932045,,1.0,0.0,0.0,0.4660320468865184,0.4586636513552953,0.4735056258854289,0.4238545667459021,0.4204654654544499,0.1633139813908447,0.7083772010829321,0.1416303767791487,0.4345665635492754,0.4269981647986583,0.4420221135622757,0.4009732949810991,0.3948254255439729,0.1496533145423686,0.6868434034883243,0.1395217007990707,0.6550729779231902,0.6440786197765104,0.6664143797634684,0.5923468605110153,0.5990133809865408,0.2976705295421613,0.8479396686229345,0.1431603469183114,0.8944681765282527,0.8771645775405831,0.9105815351595038,0.8112933414551529,0.8328043097052179,0.5406819230093276,0.9751735004296812,0.114961696104444,0.9162000890952688,0.9005212489772616,0.9303782605657676,0.8317654592111682,0.8530796784432214,0.5753894977631127,0.98146136912676,0.109255385782879,False,,V524L,0,0,0,0.653558433,0
V541I,missense,False,1.0,1.0,5.0,VUS,0.8135,1,41013213,,6.0,0.1666666666666666,1.0,0.4660320468865184,0.4586636513552953,0.4735056258854289,0.3534364764905272,0.3455617036918565,0.1542099573122355,0.5862485565159342,0.1129596177966918,0.4345665635492754,0.4269981647986583,0.4420221135622757,0.3352435599487154,0.3276019907671395,0.1372087368284152,0.5807149822453601,0.114260380734731,0.6263544895397829,0.6149423279065381,0.6381681036453877,0.4545886839146553,0.4515344709645784,0.2295576575611944,0.6951788530320925,0.1189937294080859,0.3428525058506431,0.3159906754333733,0.3704809453083615,0.2769995712253144,0.265082943846171,0.0926211630000009,0.5199423357820451,0.1088265405640587,0.4616953310511582,0.426228275798872,0.4966378391196984,0.3512309625002418,0.3447588723657207,0.1487116296748546,0.5884588071394831,0.1152633886023413,False,2.71244e-05,V541I,1,6,5,0.305069016,1
V554A,missense,False,1.0,1.0,0.0,none,0.9573,1,16414944,,1.0,1.0,1.0,0.4660320468865184,0.4586636513552953,0.4735056258854289,0.5170271336925315,0.5168593041152661,0.2386775747145034,0.7913193334467126,0.1448146628581606,0.4345665635492754,0.4269981647986583,0.4420221135622757,0.4844280178335169,0.484267265545562,0.2087330886239218,0.7613735247106744,0.1429993712400065,0.7726194822706958,0.7630855016281702,0.782077536270374,0.7917165954404153,0.8102080551253761,0.5180962932288747,0.9662822921558416,0.118039726696471,0.8944681765282527,0.8771645775405831,0.9105815351595038,0.906032571012132,0.9274540672351974,0.7009546630590182,0.996699964974858,0.080477317197932,0.929710433981086,0.9159251283280944,0.9420178805629894,0.9339282137714856,0.9600846808758664,0.7330743562218247,0.999601413224458,0.0728254753897078,False,,V554A,0,0,0,0.484811873,0
V554G,missense,False,0.0,1.0,0.0,none,0.8198,1,30758498,,1.0,0.0,0.0,0.4660320468865184,0.4586636513552953,0.4735056258854289,0.4223804180480386,0.4183832671080803,0.1675319506912021,0.7099398647607531,0.1417104611923815,0.4345665635492754,0.4269981647986583,0.4420221135622757,0.3943156533124332,0.3870789995616176,0.1402446563457553,0.6841549407834018,0.1424405598408347,0.6335703673213005,0.6222587477475584,0.6452807451472975,0.5769586021703286,0.5834283774293714,0.288574505878186,0.8366402782938915,0.143773220176275,0.8944681765282527,0.8771645775405831,0.9105815351595038,0.8113796171879895,0.8316140592531368,0.5413945792855408,0.971324689651746,0.1134101784960234,0.9138094614135226,0.8978406440999571,0.9283669409424072,0.829971477800584,0.8498481254754879,0.5718532021930608,0.98101195367225,0.1080679153137542,False,,V554G,0,0,0,0.49186036,0
W392ins,inframe_indel,False,1.0,1.0,0.0,none,,1,19841300,,1.0,1.0,1.0,0.4660320468865184,0.4586636513552953,0.4735056258854289,0.5140752413773243,0.5155895998466727,0.2424465170772684,0.7827706501942613,0.143787592707035,0.4345665635492754,0.4269981647986583,0.4420221135622757,0.4823290163085937,0.4796993606853325,0.2090576160500622,0.7545274896641785,0.1443052227025902,0.2062008430240162,0.1875290169720347,0.2256830646688847,0.273647604277346,0.2588582920731056,0.0687084869574461,0.5508074620084222,0.12771422065807,0.8944681765282527,0.8771645775405831,0.9105815351595038,0.9064064145864748,0.9303146704145518,0.691888491443086,0.9968204756033416,0.0838307756912943,0.7963044171123235,0.7599667302137078,0.8305588708075249,0.8155825879544424,0.8369247204358191,0.5494618075542248,0.9754983520609274,0.1144367359257092,False,,W392ins,1,1,0,0.61346915,1
Y184C,missense,False,1.0,1.0,0.0,none,0.9982,1,26496715,,1.0,1.0,1.0,0.4660320468865184,0.4586636513552953,0.4735056258854289,0.5151300036920573,0.5161766068570739,0.2402637660375702,0.7926147201922498,0.1449535493416563,0.4345665635492754,0.4269981647986583,0.4420221135622757,0.4848814432243203,0.4848825111638624,0.2147083569448324,0.7698637347476944,0.1452923071442454,0.8059817556352673,0.7969798529480179,0.81480621927862,0.8222641601470402,0.8427331139411087,0.5565174013565243,0.9765851291336328,0.1119382934103693,0.8944681765282527,0.8771645775405831,0.9105815351595038,0.904585510930936,0.9289283101242268,0.6850041193640187,0.996995208900858,0.0857934923968967,0.9338869281549198,0.9207780625140458,0.9456211432843245,0.9393449876529572,0.9636572825946258,0.7520189805015822,0.999631213756236,0.0686121312545472,False,,Y184C,1,1,0,0.739547125,1
Y184D,missense,False,1.0,1.0,0.0,P/LP,0.9952,1,32893267,,1.0,1.0,1.0,0.4660320468865184,0.4586636513552953,0.4735056258854289,0.5169835181827238,0.5186180607901936,0.2383438901518855,0.7871198065524787,0.1445478700482454,0.4345665635492754,0.4269981647986583,0.4420221135622757,0.4862672977098198,0.4861198621144768,0.2118958604194973,0.7674469716619835,0.1448541771439756,0.8036665182279069,0.794613977712928,0.8125511653122928,0.823456977787545,0.8431988870060316,0.5672587273765912,0.976789170056836,0.1097912804064074,0.7792544201988235,0.7699309991995018,0.7889288465974044,0.8003157423054611,0.8183348516066657,0.5246528265492226,0.96749588174723,0.1159428631713798,0.7955822751185698,0.7862557209293012,0.8046150939187056,0.8125471816265138,0.8327070246025869,0.5350948672402155,0.9741317718692576,0.1142340734894741,False,,Y184D,1,1,0,0.741650291,1
Y278H,missense,False,1.0,1.0,0.0,none,0.9937,1,15466642,,1.0,1.0,1.0,0.4660320468865184,0.4586636513552953,0.4735056258854289,0.5142284845343666,0.5175087702175627,0.23728089209974,0.780493288777065,0.1426886911088022,0.4345665635492754,0.4269981647986583,0.4420221135622757,0.4836308447995484,0.4825061627507331,0.2115974869575634,0.762187594532318,0.1437723123612244,0.8025010921176224,0.7934363345282998,0.8114110196226694,0.8225858101890802,0.8411688360255267,0.5594622570734842,0.974477625795262,0.1104545006363787,0.8944681765282527,0.8771645775405831,0.9105815351595038,0.9035160074794736,0.9266915096775616,0.6842819590265964,0.9966257533864278,0.0851882275060931,0.933439028225453,0.920266393505806,0.945251888421464,0.9364800432743012,0.962709095865915,0.7347563189239479,0.9997081934797012,0.0734362675234456,False,,Y278H,2,2,0,0.742151224,2
Y315F,missense,False,1.0,1.0,1.0,P/LP,0.7814,1,22949429,,2.0,0.5,1.0,0.4660320468865184,0.4586636513552953,0.4735056258854289,0.4755474857234673,0.4723123196710634,0.2141883585269318,0.7489779082936838,0.1393853104444214,0.4345665635492754,0.4269981647986583,0.4420221135622757,0.4423997789230319,0.437654434208627,0.1888775491805334,0.7150211575455252,0.1361701250791799,0.5887698855422844,0.576942324984946,0.6008292885952761,0.5721408097131414,0.575840026157485,0.2999417937723608,0.8255568306347212,0.1372744829214799,0.7792544201988235,0.7699309991995018,0.7889288465974044,0.7298597932208247,0.7413960353983193,0.4600477640054489,0.9320788346315052,0.1250341055262755,0.7338731350765137,0.7203860913840516,0.747044852915262,0.6966999506600814,0.7075933770658944,0.4212068653817887,0.9088056805579884,0.1291117621420287,False,6.5735e-06,Y315F,1,1,0,0.844665053,1
