{
  "schema_version": 2,
  "profiles": {
    "APOE,BRCA1,BRCA2,KCNH2,KCNQ1,MYBPC3,RYR2,SCN5A": {
      "genes": [
        "APOE",
        "BRCA1",
        "BRCA2",
        "KCNH2",
        "KCNQ1",
        "MYBPC3",
        "RYR2",
        "SCN5A"
      ],
      "recall": {
        "pmids": {
          "matched": 104,
          "gold": 105,
          "recall": 0.9904761904761905
        },
        "variant_rows": {
          "matched": 2752,
          "gold": 3059,
          "recall": 0.8996404053612291
        },
        "unique_variants": {
          "matched": 1888,
          "gold": 2050,
          "recall": 0.9209756097560976
        },
        "patients": {
          "matched": 8363,
          "gold": 8964,
          "recall": 0.9329540383757251
        },
        "affected": {
          "matched": 6412,
          "gold": 6969,
          "recall": 0.9200746161572679
        },
        "unaffected": {
          "matched": 753,
          "gold": 765,
          "recall": 0.984313725490196
        }
      },
      "mae": {
        "carriers": 0.48773006134969327,
        "affected": 0.3375757575757576,
        "unaffected": 0.2608695652173913
      },
      "count_error_end_to_end": {
        "carriers": 1.5304899541769474,
        "affected": 1.4781285659946748,
        "unaffected": 3.295698924731183
      },
      "fixture_sha256": "3aea898aa02c12479da94e04189ae6896744fabe9642be9d93c2d0ea4da5237f"
    },
    "KCNH2,KCNQ1,RYR2,SCN5A": {
      "genes": [
        "KCNH2",
        "KCNQ1",
        "RYR2",
        "SCN5A"
      ],
      "fixture_sha256": "5e309f822b1b0ee72cc3f6b3131c2572819e6d64058cbb8071dd997f5df6ad55",
      "recall": {
        "pmids": {
          "matched": 72,
          "gold": 73,
          "recall": 0.9863013698630136
        },
        "variant_rows": {
          "matched": 2436,
          "gold": 2714,
          "recall": 0.8975681650700074
        },
        "unique_variants": {
          "matched": 1584,
          "gold": 1721,
          "recall": 0.9203951191167926
        },
        "patients": {
          "matched": 6275,
          "gold": 6686,
          "recall": 0.938528268022734
        },
        "affected": {
          "matched": 5233,
          "gold": 5615,
          "recall": 0.9319679430097952
        },
        "unaffected": {
          "matched": 435,
          "gold": 444,
          "recall": 0.9797297297297297
        }
      },
      "mae": {
        "carriers": 0.3388235294117647,
        "affected": 0.2863013698630137,
        "unaffected": 0.3
      },
      "count_error_end_to_end": {
        "carriers": 1.3554578168732507,
        "affected": 1.3345959595959596,
        "unaffected": 2.025
      }
    }
  }
}
