{
  "recall": {
    "pmids": {
      "matched": 100,
      "gold": 101,
      "recall": 0.9900990099009901
    },
    "variant_rows": {
      "matched": 2728,
      "gold": 3029,
      "recall": 0.9006272697259822
    },
    "unique_variants": {
      "matched": 1863,
      "gold": 2019,
      "recall": 0.9227340267459139
    },
    "patients": {
      "matched": 7947,
      "gold": 8398,
      "recall": 0.9462967373184091
    },
    "affected": {
      "matched": 6238,
      "gold": 6644,
      "recall": 0.9388922335942204
    },
    "unaffected": {
      "matched": 511,
      "gold": 523,
      "recall": 0.9770554493307839
    }
  },
  "mae": {
    "carriers": 0.300462249614792,
    "affected": 0.25808419768151314,
    "unaffected": 0.2608695652173913
  }
}
