key,vclass,is_truncating,affected,literature_n,gnomad_added,clinvar_simple,alphamissense,n_papers,pmids,class_source,n,observed,literature_fraction,base_prior_mean,base_prior_q025,base_prior_q975,base_post_mean,base_post_median,base_post_q025,base_post_q975,base_post_sd,class_prior_mean,class_prior_q025,class_prior_q975,class_post_mean,class_post_median,class_post_q025,class_post_q975,class_post_sd,insilico_prior_mean,insilico_prior_q025,insilico_prior_q975,insilico_post_mean,insilico_post_median,insilico_post_q025,insilico_post_q975,insilico_post_sd,clinvar_prior_mean,clinvar_prior_q025,clinvar_prior_q975,clinvar_post_mean,clinvar_post_median,clinvar_post_q025,clinvar_post_q975,clinvar_post_sd,insilico_clinvar_prior_mean,insilico_clinvar_prior_q025,insilico_clinvar_prior_q975,insilico_clinvar_post_mean,insilico_clinvar_post_median,insilico_clinvar_post_q025,insilico_clinvar_post_q975,insilico_clinvar_post_sd,is_common,gnomad_af_max
V455E,missense,False,3.0,28.0,7.0,P/LP,0.9382,1,36208030,,35.0,0.08571428571428572,0.10714285714285714,0.4452625924774054,0.42315589290052424,0.4666141642499242,0.1644276371575178,0.1595063408138237,0.07276990316146774,0.28317948130599296,0.05519483147237254,0.4029176893742007,0.380638028617251,0.42538404506438215,0.1552888928955874,0.1501754991743936,0.0663902481016759,0.2712683404768835,0.05271034930031312,0.9066510356612412,0.8841266091021638,0.9267214380577443,0.2682392241512192,0.2639012350524318,0.1533984325221876,0.4052262148342752,0.06480121893669369,0.8443465877443089,0.8128049982394322,0.8732698395207323,0.25439818703180084,0.25059780106219465,0.1403744559750242,0.39189485542904734,0.06332368063554443,0.8711425454746117,0.8424270890871954,0.8972177441611797,0.25949900800581743,0.25687317874574644,0.145481470779343,0.3915445997667259,0.06366517986439117,False,2.93807e-05
G261R,missense,False,22.0,24.0,1.0,P/LP,0.99,16,1464666;21518409;22761713;25015100;25174781;28012402;29329106;30259503;30592380;32741144;33242514;33324081;33450726;34496959;38565685;8325443,,25.0,0.88,0.9166666666666666,0.4452625924774054,0.42315589290052424,0.4666141642499242,0.756644836103683,0.7613112764260537,0.6065377905439883,0.8817804505319212,0.0712806072821009,0.4029176893742007,0.380638028617251,0.42538404506438215,0.7425821876636892,0.7473731860427382,0.5842541163027831,0.8730513344283788,0.0748247983846684,0.9293088062173535,0.9103201379927183,0.9458480886881374,0.8948287573645097,0.902410864277855,0.7770121942719165,0.9698159783482863,0.050243960090290904,0.8443465877443089,0.8128049982394322,0.8732698395207323,0.8689915789053584,0.875901682917372,0.7408344651319323,0.9579950058581311,0.056527556699736074,0.879822008977817,0.8503215211815891,0.9056918103619772,0.8796235427668424,0.8859997501948123,0.7575815902701475,0.9654285424736445,0.054146338917695054,False,3.98318e-06
G318R,missense,False,21.0,21.0,0.0,P/LP,0.7562,8,22493702;23433541;30245511;31595705;35737141;37812285;41409604;42468610,,21.0,1.0,1.0,0.4452625924774054,0.42315589290052424,0.4666141642499242,0.8210718194858703,0.8262070648003662,0.6756694653537811,0.9317724268956981,0.06611584307796664,0.4029176893742007,0.380638028617251,0.42538404506438215,0.8087479381262499,0.8159141684385431,0.6565707380877671,0.927380468679721,0.07024274782679853,0.770092097230203,0.734464859063599,0.8040212971718872,0.9248361562408959,0.9337463630217758,0.8131008492162338,0.9876573349231643,0.046578206395663,0.8443465877443089,0.8128049982394322,0.8732698395207323,0.9497717906913861,0.959346297315509,0.8515442826673104,0.9958570089520911,0.03841268265550262,0.836083026916069,0.805640190475615,0.8659172586636599,0.9478951498425301,0.9578212466076972,0.8475288497576252,0.9955475180494806,0.039714715448063355,False,
R191W,missense,False,17.0,20.0,2.0,P/LP,0.8654,10,31576961;32531870;33450726;34393998;35822264;36208030;36584766;37875989;39089324;39504571,,22.0,0.7727272727272727,0.85,0.4452625924774054,0.42315589290052424,0.4666141642499242,0.6698679502684067,0.6737930855647534,0.49637594123114204,0.8174090214437301,0.08325243489933215,0.4029176893742007,0.380638028617251,0.42538404506438215,0.658145473653231,0.6626073031548281,0.4879270992867385,0.8071709305825177,0.08268780652686122,0.8638657921402911,0.8352823686614754,0.8894948526849988,0.8002212656917519,0.807067869037794,0.6496019971196094,0.9160593314374914,0.0688863116615477,0.8443465877443089,0.8128049982394322,0.8732698395207323,0.7945944036937764,0.80072292641135,0.6377090740154097,0.9115969635408667,0.07103688833821623,0.85799571322381,0.829412010899992,0.8850448001483112,0.7990451087189622,0.805186773104646,0.6461547841910289,0.9194734567141343,0.07008427092325674,False,7.96464e-06
R36W,missense,False,15.0,16.0,4.0,P/LP,0.387,8,22493702;23433541;33477506;34496959;36178555;36208030;38928025;39504571,,20.0,0.75,0.9375,0.4452625924774054,0.42315589290052424,0.4666141642499242,0.6477305436767974,0.6497537492311202,0.4700135869641793,0.8086822060686082,0.08678592758379054,0.4029176893742007,0.380638028617251,0.42538404506438215,0.6344998666421724,0.6371319724351434,0.45799788593916774,0.7917728018315323,0.08637810591757057,0.2778978482610557,0.24643611174073785,0.31077254979140534,0.5936493363252371,0.5965841313355409,0.41500644097377576,0.7604283891950588,0.0878283162202212,0.8443465877443089,0.8128049982394322,0.8732698395207323,0.7803499493356411,0.7862616462323613,0.6169834923757762,0.9077385731668922,0.07573088129488814,0.7411141836415096,0.6746496222660876,0.8020426495269071,0.74638532007402,0.7525263332600467,0.5774278470004379,0.885487016982875,0.07936734466051691,False,2.62971e-05
E221K,missense,False,14.0,14.0,0.0,P/LP,0.7699,8,23295292;28012402;30592380;31092478;35592779;37838154;39504571;41112090,,14.0,1.0,1.0,0.4452625924774054,0.42315589290052424,0.4666141642499242,0.7683024797836375,0.7765465094836385,0.5810891051910327,0.9103626675436207,0.08427597045757651,0.4029176893742007,0.380638028617251,0.42538404506438215,0.7515395374631577,0.7594366460654388,0.5652820821198172,0.900357219109854,0.08630104663080963,0.7839821704996845,0.749150508016211,0.8168816620298132,0.9104246841277948,0.92144657663385,0.7746393080465312,0.9873896938288105,0.05727366731719898,0.8443465877443089,0.8128049982394322,0.8732698395207323,0.9354549649249436,0.9465949140791079,0.8151181801051914,0.9941215024396635,0.048368068159215176,0.8389812916551364,0.8089967286748182,0.8682110106165198,0.9333553915066926,0.9447784518025797,0.8103850957053884,0.9942563500871081,0.04983466665736231,False,
G72R,missense,False,12.0,12.0,1.0,P/LP,0.9941,8,12442280;22493702;25015100;30259503;32710514;33242514;36761491;37008541,,13.0,0.9230769230769231,1.0,0.4452625924774054,0.42315589290052424,0.4666141642499242,0.7145187771999127,0.7215407948408794,0.5147871775255314,0.8746845952471224,0.09249223805247264,0.4029176893742007,0.380638028617251,0.42538404506438215,0.6991488128351002,0.7040772474166987,0.5049232272699025,0.863657006632437,0.09327567751623646,0.9308663673651456,0.9121325896977657,0.9471402486067255,0.9263180683111836,0.9379174957449622,0.7926859866214506,0.9928693122328649,0.0534237330160819,0.8443465877443089,0.8128049982394322,0.8732698395207323,0.8882858825670703,0.8990204939393402,0.735727720590922,0.9797021476666895,0.06347619897892162,0.880485813533731,0.8508528414241194,0.9064262584233855,0.905433749256093,0.9180273569103472,0.7590069077889972,0.9862012851589229,0.06056460031141498,False,3.97829e-06
K32del,inframe_indel,False,12.0,12.0,0.0,none,,2,23433541;28012402,,12.0,1.0,1.0,0.4452625924774054,0.42315589290052424,0.4666141642499242,0.7489729612031795,0.7570663388176171,0.5466627592166879,0.9030351278391668,0.0912610030024495,0.4029176893742007,0.380638028617251,0.42538404506438215,0.7268551005578127,0.7331794855390024,0.5301469991050439,0.8918393707228903,0.09284705265705133,0.961710047716498,0.9163514237072201,0.9899559996207018,0.9832177603945416,0.9950359848988902,0.9006136024037235,0.999999995085883,0.027358387938236608,0.9265167756874353,0.8924345272530286,0.9539340386654185,0.9665955341225418,0.9798561012420111,0.8576203099765787,0.999854831148324,0.038947463683477415,0.9636958237749773,0.922971040837327,0.9895773917585774,0.9836452791014216,0.9956229935729022,0.9022284979577911,0.9999999984008815,0.027319162888799785,False,
V182M,missense,False,11.0,12.0,0.0,P/LP,0.9336,9,23771172;25494859;29207974;29510678;31595705;32792356;34496959;35737141;39504571,,12.0,0.9166666666666666,0.9166666666666666,0.4452625924774054,0.42315589290052424,0.4666141642499242,0.7008268294365771,0.7069137913688309,0.5073088581493639,0.8710893522592565,0.09359646147064099,0.4029176893742007,0.380638028617251,0.42538404506438215,0.6815158391881272,0.6867892260969125,0.4773500446452921,0.854735416743815,0.09741553559340736,0.9043504200164608,0.8815036849951687,0.9247433896262892,0.9130082637359008,0.924689476367965,0.7721601025485342,0.9892455634579844,0.05899389797303703,0.8443465877443089,0.8128049982394322,0.8732698395207323,0.8838617269831647,0.8944702459249749,0.7301476691785529,0.9790226643671441,0.06615749930425707,0.8703451145861891,0.8417653225035654,0.8964564962060986,0.8969018804800326,0.9089544336384792,0.7405201104957615,0.9835304411572079,0.06402722397560726,False,
E40K,missense,False,11.0,11.0,0.0,P/LP,0.971,3,25015100;29207974;35737141,,11.0,1.0,1.0,0.4452625924774054,0.42315589290052424,0.4666141642499242,0.7380519945710197,0.7471112917056222,0.5325131460199909,0.8965870415635206,0.09464389717558898,0.4029176893742007,0.380638028617251,0.42538404506438215,0.7157246869828747,0.7225932494125831,0.5130761123660484,0.8804938182674844,0.09603145526291978,0.921658878293855,0.901501311035507,0.9394909115127095,0.9630125451368304,0.9765956923787829,0.8537170235038455,0.9995736837413497,0.039989832210751544,0.8443465877443089,0.8128049982394322,0.8732698395207323,0.9267193247790212,0.9395143944772273,0.7861894140043746,0.9948821066888885,0.05572207255247535,0.8767018479962022,0.8478193971935133,0.9024120171433307,0.9414316134290258,0.9544090364734124,0.8142568024707595,0.9972824600568595,0.049511308629662056,False,
F419fs,frameshift,True,7.0,11.0,0.0,none,,3,25015100;33414663;42470517,,11.0,0.6363636363636364,0.6363636363636364,0.4452625924774054,0.42315589290052424,0.4666141642499242,0.5468382016654862,0.5485229643773484,0.33560721015870304,0.7576013500921687,0.1079836953148146,0.9411156004189359,0.9010740930793922,0.970634631718583,0.7814745303075746,0.7903651590413739,0.5893211097068359,0.9277887984097635,0.0887654178888679,0.9437991436509519,0.9042636937518541,0.9738801614839877,0.7835792656169798,0.7930167246299191,0.5900613211538918,0.927627465763918,0.0882008279990752,0.9578898865717683,0.9264000040317821,0.9805284109802209,0.7898211410700323,0.7998129113661789,0.6001373889925198,0.931356928414536,0.08691067593698414,0.9554340649172374,0.9220425334925565,0.979383153378201,0.7878095721360696,0.7976268967264034,0.5896555500838756,0.9305514978428508,0.087623153595248,False,
R186X,nonsense,True,11.0,11.0,0.0,P/LP,,4,1360036;15841481;36584766;39420902,,11.0,1.0,1.0,0.4452625924774054,0.42315589290052424,0.4666141642499242,0.7359944766593156,0.7432630516955248,0.5348508206217872,0.89339968772524,0.09327018840150103,0.9411156004189359,0.9010740930793922,0.970634631718583,0.9710949392957806,0.9848021417805793,0.8707618053146976,0.9999763102025258,0.03638105575782865,0.9437991436509519,0.9042636937518541,0.9738801614839877,0.9728053723633392,0.9870038682075477,0.8658413378907569,0.9999844806590658,0.03634895938714949,0.9060990411502131,0.8348103483688831,0.9560504177835257,0.9549786227881509,0.9704010946286339,0.8253094668119181,0.9996269440137021,0.04679405703344208,0.9156418519913224,0.8515201010669611,0.9620121554245736,0.959125915220165,0.9741548790824918,0.8390201793545431,0.9997751096798302,0.04410685811735988,False,0.0
T228M,missense,False,10.0,11.0,1.0,P/LP,0.9649,7,22493702;32792356;34746319;36584766;36723869;37008541;37875989,,12.0,0.8333333333333334,0.9090909090909091,0.4452625924774054,0.42315589290052424,0.4666141642499242,0.6564157613401791,0.661932788859668,0.453837513256006,0.8354051515229576,0.09856959464937701,0.4029176893742007,0.380638028617251,0.42538404506438215,0.6389689472232757,0.642904204264205,0.4381975211670291,0.8191141023946151,0.09874383231641065,0.9190461142617051,0.8984656774029823,0.9373232026032442,0.8738436271675128,0.8855124589854293,0.7099851522553574,0.9725027655084327,0.06865228143110284,0.8443465877443089,0.8128049982394322,0.8732698395207323,0.8379609018886703,0.8481944808154211,0.6637055746132516,0.9559586633688741,0.07588556156064359,0.8756846411672735,0.8468425816727421,0.901537950417168,0.8521699604116425,0.8645002008528204,0.6775056397406168,0.9651943357002547,0.0750967193788343,False,3.99946e-06
G223S,missense,False,9.0,10.0,0.0,P/LP,0.9203,8,22291974;22761713;33294763;34746319;36584766;37875989;38565685;39504571,,10.0,0.9,0.9,0.4452625924774054,0.42315589290052424,0.4666141642499242,0.6721787146533932,0.6764628376760522,0.45738718261011135,0.8577661960285038,0.10185587382344242,0.4029176893742007,0.380638028617251,0.42538404506438215,0.653965870519119,0.6594008744137927,0.4313675134658416,0.8431563479741441,0.10465129890840569,0.8974107847709041,0.8734363801273205,0.918785663708214,0.8983116522910599,0.9116251470410071,0.7386058896704711,0.9873590682855337,0.06649933213985747,0.8443465877443089,0.8128049982394322,0.8732698395207323,0.8714840074717245,0.8853954682622457,0.7006763884931906,0.9768050750889549,0.0739615904337752,0.8680145839363583,0.8392867565102098,0.8945251756978086,0.8844580809429168,0.8969410760404803,0.7180322761556671,0.9816519710855758,0.06990263142275366,False,
T168A,missense,False,8.0,10.0,0.0,P/LP,0.9288,6,18382660;18571549;23155716;30592380;36584766;37875989,,10.0,0.8,0.8,0.4452625924774054,0.42315589290052424,0.4666141642499242,0.6211547152124237,0.6255225662016599,0.4081286408166166,0.8101233375687998,0.10465829038361996,0.4029176893742007,0.380638028617251,0.42538404506438215,0.5992351982637661,0.6011125052319928,0.38603887588624414,0.7983622777527642,0.10738703434423054,0.9018957562087031,0.8786670225988512,0.9226270221502356,0.8520700785917712,0.8637402913147747,0.6724249119182946,0.9675086277735662,0.07724412368050985,0.8443465877443089,0.8128049982394322,0.8732698395207323,0.8229429086139826,0.835358813299339,0.6402010669228028,0.9534073189808467,0.08406980293476392,0.869508300833934,0.8409732751952481,0.8957595316793708,0.836580042559835,0.8486681158039204,0.6502572102947852,0.9575357461972095,0.08104626191630139,False,
T209M,missense,False,9.0,10.0,0.0,P/LP,0.8357,6,25174781;25555642;28012402;28371533;34023340;35737141,,10.0,0.9,0.9,0.4452625924774054,0.42315589290052424,0.4666141642499242,0.6746171796736632,0.6797449048422917,0.4648195175438176,0.8565098555593476,0.1025199461467726,0.4029176893742007,0.380638028617251,0.42538404506438215,0.6522683415742658,0.6566447368493376,0.43870767375027586,0.8415822824668462,0.10334458446104229,0.8421159554365812,0.811198315693351,0.86996601294075,0.8717750086062238,0.8846842467632946,0.6945690806528514,0.9760100399579004,0.07408403310422074,0.8443465877443089,0.8128049982394322,0.8732698395207323,0.8722208560500367,0.8852754587954121,0.6998556470457273,0.977267178721666,0.07332116035175644,0.8523019264366563,0.8232646844570256,0.8799250976388077,0.8780420977489548,0.8898256730529818,0.7081753415468419,0.9790296988955989,0.0716955903793633,False,
A259T,missense,False,9.0,9.0,1.0,P/LP,0.7521,5,26287533;34101350;36178555;41112090;9713013,,10.0,0.9,1.0,0.4452625924774054,0.42315589290052424,0.4666141642499242,0.6740082284650428,0.681369322414997,0.4522968635666164,0.8545766485564794,0.10395495214021332,0.4029176893742007,0.380638028617251,0.42538404506438215,0.6511601967128582,0.6588494809411585,0.4311080143607969,0.8378452859151223,0.10437551655606371,0.7658150965492335,0.7298653769647176,0.8000089791060192,0.831648994499975,0.8436826640284194,0.6406905506117867,0.9564461010939882,0.0812190039541802,0.8443465877443089,0.8128049982394322,0.8732698395207323,0.8717946809700269,0.8835577512187592,0.696822086783479,0.976161309780044,0.07362292207671098,0.8352071856815572,0.8044566017280921,0.8651116619700223,0.8677879372253853,0.8809349072428945,0.6932893757617583,0.9755799762107292,0.07480658117653367,False,3.98318e-06
A449T,missense,False,8.0,9.0,0.0,P/LP,0.8803,6,22291974;22761713;25015100;32710514;33242514;36723869,,9.0,0.8888888888888888,0.8888888888888888,0.4452625924774054,0.42315589290052424,0.4666141642499242,0.6562046946960907,0.6623283855002058,0.44021684153776475,0.8460242773439367,0.10684500271225224,0.4029176893742007,0.380638028617251,0.42538404506438215,0.6339841725073202,0.6388804806584469,0.41429576084634756,0.829389168914221,0.10748543273540695,0.8737921082942484,0.8466061187222648,0.898315580848407,0.881915322427735,0.8961024389944212,0.70443097587967,0.9824966579038684,0.07311003044410659,0.8443465877443089,0.8128049982394322,0.8732698395207323,0.8658127948943984,0.8776912734146642,0.6880485152524235,0.9729873387162091,0.0756629869093043,0.8607791509456357,0.8324722434234763,0.8876981242295822,0.8735501854170317,0.8851486056771971,0.6987320967011852,0.9785336417629106,0.07408398008420798,False,
D160N,missense,False,9.0,9.0,0.0,P/LP,0.5632,2,25015100;42468610,,9.0,1.0,1.0,0.4452625924774054,0.42315589290052424,0.4666141642499242,0.7047372280548612,0.7121582078747237,0.48310122355460217,0.8849591070433299,0.10256844834457175,0.4029176893742007,0.380638028617251,0.42538404506438215,0.6838207293162011,0.690323570856725,0.46045048666309907,0.8619406264291286,0.10498593294993347,0.5195269423160119,0.48055120994263967,0.5595876537789077,0.7496013003752663,0.7568777564472327,0.5444385887350419,0.9060430132065764,0.09451053918800698,0.8443465877443089,0.8128049982394322,0.8732698395207323,0.9176650057300366,0.9323591709346768,0.758796137508946,0.9932503221165541,0.061564716235318395,0.7905203930369336,0.7471825530643826,0.8317529454547037,0.888838744187734,0.9035202344936935,0.713753963377547,0.9858621449818563,0.07225447937390311,False,
P59S,missense,False,9.0,9.0,1.0,P/LP,0.9695,2,22335469;26287533,,10.0,0.9,1.0,0.4452625924774054,0.42315589290052424,0.4666141642499242,0.6734000990055989,0.6800084584850785,0.46409882149257653,0.8534945985879457,0.10113260571423627,0.4029176893742007,0.380638028617251,0.42538404506438215,0.6515732839199129,0.6562623443632138,0.4358165583132415,0.8397788625268359,0.10517535426989075,0.9210236516165639,0.900763581062515,0.9389547927786032,0.9102596796634104,0.9257038292215832,0.7587637678781627,0.9910566560282643,0.06237569073036706,0.8443465877443089,0.8128049982394322,0.8732698395207323,0.8725106429496546,0.8848256267263714,0.7000919124710149,0.9751114489617929,0.07275109199735895,0.8764524162738159,0.8475919950850789,0.9021984543117169,0.8898365479797721,0.9035873145929428,0.7196216030199053,0.983950450451247,0.06816081473653045,False,3.97845e-06
V62M,missense,False,9.0,9.0,0.0,P/LP,0.9644,2,15677479;36880032,,9.0,1.0,1.0,0.4452625924774054,0.42315589290052424,0.4666141642499242,0.7093401980202028,0.715547367438602,0.5011600208716225,0.8818354576526338,0.10058194308502526,0.4029176893742007,0.380638028617251,0.42538404506438215,0.6862435609771969,0.6928731170522662,0.47689490695624687,0.8670657667861964,0.10116320383546398,0.9188284597416118,0.8982049037367411,0.9371441322485703,0.9557691200885131,0.9707336153872259,0.8277533418679858,0.9995757352078477,0.04684038528459146,0.8443465877443089,0.8128049982394322,0.8732698395207323,0.9179126727978679,0.9326480588457429,0.7619228126982274,0.9936395811677335,0.06138486835734154,0.8756009277865676,0.8467655547917124,0.9014656367253323,0.9333751810270642,0.9482343211705835,0.7862690156637548,0.9973296139334521,0.05692691201012068,False,
R397L,missense,False,6.0,8.0,0.0,P/LP,0.5726,2,15644838;25015100,,8.0,0.75,0.75,0.4452625924774054,0.42315589290052424,0.4666141642499242,0.5821116678836973,0.5861829020497678,0.3556357068702706,0.7925096116207853,0.11133932728532396,0.4029176893742007,0.380638028617251,0.42538404506438215,0.5560256768151278,0.5579606023747363,0.32549310518358926,0.7713233119819994,0.11435310155771396,0.5332635001581736,0.4943413536665554,0.5734572555116373,0.6274067041199394,0.6352429649268947,0.39767182213503394,0.8271218034686628,0.11226717034822264,0.8443465877443089,0.8128049982394322,0.8732698395207323,0.8038627163674282,0.8150342617606297,0.599235520363214,0.94746538576489,0.09119028133238026,0.7929473015629726,0.7505708434964078,0.8335349867258643,0.7727924772307232,0.782746038351088,0.552812812501415,0.9303293067589539,0.09654793874817115,False,
R43H,missense,False,8.0,8.0,1.0,P/LP,0.1563,5,22493702;22611063;30245511;35737141;38881977,,9.0,0.8888888888888888,1.0,0.4452625924774054,0.42315589290052424,0.4666141642499242,0.6559226020605164,0.661240482207047,0.4370181193217481,0.8476035373179528,0.10671368462941058,0.4029176893742007,0.380638028617251,0.42538404506438215,0.6343447500661562,0.6384222282258791,0.4234154851688738,0.8269590503840046,0.10602184538679847,0.09058811034416117,0.07486167551113798,0.10846887851395665,0.47017180979211554,0.4679037170697222,0.25804626322773727,0.6874048588276966,0.11140121079016979,0.8443465877443089,0.8128049982394322,0.8732698395207323,0.8668266366392948,0.879991209158028,0.693110695128683,0.9731987285210331,0.07508212057847512,0.6660692274782156,0.561764224483027,0.7609911333010537,0.7730913864825442,0.7832954752684043,0.5626007393305319,0.931082289151277,0.0968741609784232,False,3.97703e-06
V427_S453del,inframe_indel,False,8.0,8.0,0.0,none,,1,36835446,,8.0,1.0,1.0,0.4452625924774054,0.42315589290052424,0.4666141642499242,0.6920772160233682,0.6995545656031075,0.4602434166020833,0.8772490419585757,0.10664461529511263,0.4029176893742007,0.380638028617251,0.42538404506438215,0.6687099019521563,0.6748233971885949,0.4322096264512953,0.8588094684379871,0.11046423547807643,0.961710047716498,0.9163514237072201,0.9899559996207018,0.9780611473720161,0.9935576229076772,0.8727094962417595,0.9999999949317674,0.0356051958734395,0.9265167756874353,0.8924345272530286,0.9539340386654185,0.9594253510603649,0.9755616626368762,0.8278183408985285,0.9997543382563727,0.04618157333107087,0.9636958237749773,0.922971040837327,0.9895773917585774,0.9801610182374714,0.9941845259675226,0.8867545534421165,0.999999997028462,0.03288609611538264,False,
I225M,missense,False,3.0,7.0,0.0,Conflicting,0.9639,1,39191897,,7.0,0.42857142857142855,0.42857142857142855,0.4452625924774054,0.42315589290052424,0.4666141642499242,0.4391334892236869,0.43705811155051,0.21816730533278605,0.6689974342256292,0.11665636426735632,0.4029176893742007,0.380638028617251,0.42538404506438215,0.41536798168872296,0.4124955180855988,0.19828573630961957,0.6427662443971998,0.11636219060537115,0.9186102710103141,0.8979435363818578,0.9369646447269468,0.7169359835237807,0.7275539597336573,0.4851293109153383,0.8957372209470515,0.10612799806200711,0.44728059487000266,0.36899570891380024,0.5297373565300053,0.440647704924599,0.43816431514369414,0.21977041674928366,0.6733678379258844,0.11688209772833176,0.6251191560253361,0.5155314462239676,0.7242975399118438,0.5391958418559616,0.540736523649876,0.30277375000759654,0.760414648562868,0.12012518632569802,False,
N254H,missense,False,7.0,7.0,0.0,P/LP,0.9902,3,26587058;28012402;34023340,,7.0,1.0,1.0,0.4452625924774054,0.42315589290052424,0.4666141642499242,0.6742731614180935,0.6821536305006588,0.4448045373441561,0.8656964103163692,0.11025158120426304,0.4029176893742007,0.380638028617251,0.42538404506438215,0.6468796324153779,0.6553270024748605,0.39801925294685403,0.8513211871881051,0.11529429408802015,0.9293855324289059,0.9104093268028557,0.9459093375360992,0.9590239256920379,0.9756211394806873,0.8331127600887356,0.9997323861778113,0.046618270407832084,0.8443465877443089,0.8128049982394322,0.8732698395207323,0.9071264893030299,0.9231876741769738,0.7277265028618309,0.9935953466311348,0.07134858992507878,0.879854467454914,0.8503523118846629,0.905728503924922,0.929513410049117,0.9458318868128048,0.7747427392895909,0.9972225319522035,0.060384063058778636,False,
T206M,missense,False,7.0,7.0,1.0,P/LP,0.9681,5,15841481;24606082;37838154;38928025;39504571,,8.0,0.875,1.0,0.4452625924774054,0.42315589290052424,0.4666141642499242,0.6363458001799093,0.6414532552324665,0.40856171994015295,0.8366689909629118,0.11075228561333185,0.4029176893742007,0.380638028617251,0.42538404506438215,0.6120254831480377,0.6176517550622169,0.383308332779984,0.8168027165916812,0.1117289965003977,0.9204265215901454,0.900056221637913,0.9384580223092129,0.9018267680359395,0.9168310842658769,0.7356663803696947,0.9903069527079779,0.06789074946713565,0.8443465877443089,0.8128049982394322,0.8732698395207323,0.8579923300183352,0.8736995951270767,0.6675760739658775,0.9744738105452402,0.08190924616882612,0.8762192011551896,0.8473529951663707,0.9019987529956263,0.8753317883610028,0.8892211393436501,0.6918256283073777,0.9802885964545517,0.07539725417584041,False,3.97716e-06
V33A,missense,False,7.0,7.0,0.0,P/LP,0.8011,1,35737141,,7.0,1.0,1.0,0.4452625924774054,0.42315589290052424,0.4666141642499242,0.6738853374967294,0.6817438292019028,0.4443082326698403,0.8628795729010057,0.10914615253146834,0.4029176893742007,0.380638028617251,0.42538404506438215,0.6487709006288938,0.6549381891606482,0.42160862173483105,0.8481346221769062,0.11106647050072989,0.8133036435487869,0.7801911461139541,0.8439888305146179,0.8897073212332797,0.9058474981494818,0.71411324276142,0.9871968139856149,0.07446109187382972,0.8443465877443089,0.8128049982394322,0.8732698395207323,0.9087576832536276,0.9247709195843863,0.7349295427354259,0.9927907895807507,0.06891911471318908,0.8454202317794114,0.8163624217032343,0.8739576473652584,0.9071044611100104,0.9224049485569712,0.7335499531045739,0.9937093462911861,0.06963398799542482,False,
V389L,missense,False,7.0,7.0,0.0,P/LP,0.5366,2,21454522;24890200,,7.0,1.0,1.0,0.4452625924774054,0.42315589290052424,0.4666141642499242,0.6746460542169482,0.6834722653338396,0.4375954508424375,0.8674019009065819,0.11224723544664819,0.4029176893742007,0.380638028617251,0.42538404506438215,0.6488999852132549,0.6569916587865823,0.41987919359145615,0.8509125774283876,0.11340291053405135,0.4805611373279792,0.44202928546721926,0.5205218948966842,0.6940703213329084,0.7031069800078679,0.4573102402543611,0.8811641981326513,0.11005576175296457,0.8443465877443089,0.8128049982394322,0.8732698395207323,0.907456590003276,0.9239958727842719,0.7287899877926555,0.993363942484869,0.06993434001180959,0.7835368820312527,0.7377494381151322,0.8271170939588941,0.872967992520451,0.8884758220171116,0.6787724272183833,0.9820948039161347,0.07940588192760863,False,
W99R,missense,False,7.0,7.0,0.0,P/LP,0.7083,3,30352420;34635134;34680961,,7.0,1.0,1.0,0.4452625924774054,0.42315589290052424,0.4666141642499242,0.6740017471519736,0.6807441782889436,0.44493985804344754,0.8694259381090281,0.10954603248388535,0.4029176893742007,0.380638028617251,0.42538404506438215,0.6502966709997166,0.653641484963673,0.41620942190630744,0.8547862623351642,0.11324126138208339,0.7167443884025337,0.6788595436323167,0.7532907368057091,0.8317867399610949,0.845155252182628,0.6239831135676052,0.964994583162487,0.08955978196756109,0.8443465877443089,0.8128049982394322,0.8732698395207323,0.9091533653773752,0.9266203165901474,0.7335685732912302,0.992738329567344,0.06925128809837662,0.8256048245502184,0.7934963882312169,0.8578846550940554,0.8976163418899068,0.9143857751659961,0.71824948449781,0.98906871182862,0.0722379128207723,False,
C220Y,missense,False,6.0,6.0,0.0,P/LP,0.9972,5,22341299;31092478;36342518;37008541;42468610,,6.0,1.0,1.0,0.4452625924774054,0.42315589290052424,0.4666141642499242,0.6558471705795798,0.6644002100425748,0.4034601394892102,0.8537012333283139,0.11447796942010191,0.4029176893742007,0.380638028617251,0.42538404506438215,0.6285827163836051,0.6327479204150462,0.39418163427904596,0.8363219990361287,0.11619371616129735,0.9320228489372961,0.9134681962989182,0.9481011846335474,0.9568984171326366,0.9755196629967566,0.8171582767081725,0.99982092580634,0.05133290725763121,0.8443465877443089,0.8128049982394322,0.8732698395207323,0.9044710833493033,0.9212788218467864,0.7248143405952537,0.9924997870484528,0.0703643130034245,0.8809854935773875,0.8512822110923636,0.9069748935267189,0.926128505224397,0.9432577880902453,0.7641822645771083,0.997199269633721,0.06261872217841062,False,
F150del,inframe_indel,False,6.0,6.0,0.0,none,,4,22493702;31576961;39411314;39504571,,6.0,1.0,1.0,0.4452625924774054,0.42315589290052424,0.4666141642499242,0.6540535179473056,0.6583220468792279,0.4116252071754819,0.8576131716674669,0.11615786194295828,0.4029176893742007,0.380638028617251,0.42538404506438215,0.6287307064839063,0.6332138743610725,0.38983460995786534,0.8368411849173502,0.11658535870096116,0.961710047716498,0.9163514237072201,0.9899559996207018,0.9767055295585646,0.9933475261526108,0.863025565335894,0.9999999946763626,0.037788031296209036,0.9265167756874353,0.8924345272530286,0.9539340386654185,0.9541590319737877,0.9712178752503093,0.8141116827146017,0.9998221333441236,0.05174117656638369,0.9636958237749773,0.922971040837327,0.9895773917585774,0.9767553844315422,0.9934235701841243,0.8587635742693976,0.9999999953076392,0.03873759873337688,False,
S383L,missense,False,6.0,6.0,0.0,P/LP,0.9259,5,15841481;30259503;33242514;35737141;41409604,,6.0,1.0,1.0,0.4452625924774054,0.42315589290052424,0.4666141642499242,0.6521089824121712,0.6589738236677884,0.4087424027676281,0.8569057682651068,0.11667039694534483,0.4029176893742007,0.380638028617251,0.42538404506438215,0.6272263663570188,0.6344224284188091,0.3833820515338229,0.8422674070706558,0.11831778116199454,0.9003856120508876,0.8769027904140069,0.9213229203325651,0.9386168015169386,0.956788090407396,0.7858780483577108,0.9986068876537378,0.05811718386566818,0.8443465877443089,0.8128049982394322,0.8732698395207323,0.9028440793603165,0.9203702848080169,0.7164551930353399,0.9918701005816353,0.07345688864809491,0.8690003866645852,0.8403756599272338,0.895371638309302,0.9175955855250683,0.9345219349684722,0.7482644827423102,0.9955201179949417,0.0660739258232608,False,0.0
S69X,nonsense,True,6.0,6.0,0.0,none,,3,23295287;23433541;28012402,,6.0,1.0,1.0,0.4452625924774054,0.42315589290052424,0.4666141642499242,0.6521948880810894,0.6600974015395631,0.41271498520957556,0.8583322935130285,0.11625402546370596,0.9411156004189359,0.9010740930793922,0.970634631718583,0.9634776721145604,0.980861445388076,0.8333973477158959,0.9999706960216632,0.04702011323605306,0.9437991436509519,0.9042636937518541,0.9738801614839877,0.9653315540706802,0.982654358675239,0.8329570586798272,0.9999860589423063,0.04640124286669495,0.9578898865717683,0.9264000040317821,0.9805284109802209,0.9733169488009402,0.9896908092467493,0.8606499922424824,0.999998113162988,0.04002559925632505,0.9554340649172374,0.9220425334925565,0.979383153378201,0.972362091077719,0.9885929052764673,0.858530083230712,0.9999981099376392,0.03970758248654793,False,
V199M,missense,False,6.0,6.0,0.0,Conflicting,0.842,2,30362177;40554608,,6.0,1.0,1.0,0.4452625924774054,0.42315589290052424,0.4666141642499242,0.655784034440152,0.6615669689762338,0.41771812413067033,0.8589396306046554,0.11419153637082642,0.4029176893742007,0.380638028617251,0.42538404506438215,0.6260100421510856,0.6289326574754361,0.38325339445526,0.8358666512171041,0.11744820017437398,0.8469542871193274,0.8166103816661735,0.8742961052641504,0.9034598330711516,0.9199854819978917,0.719664080023185,0.9927701443372438,0.07215007549624591,0.44728059487000266,0.36899570891380024,0.5297373565300053,0.6574956292719188,0.6625867653459225,0.42300028541120743,0.8673371717746741,0.1157293276158198,0.580460769253375,0.48250282045232357,0.6752131435455594,0.7354879537553694,0.7462854608946909,0.507499834531547,0.917215489762096,0.10863329963426319,False,
c.208+3A>T,splice,True,6.0,6.0,0.0,none,,2,27256595;38565685,,6.0,1.0,1.0,0.4452625924774054,0.42315589290052424,0.4666141642499242,0.6521361717064563,0.6605716281780187,0.40450701566054137,0.8575446424144975,0.11533706653599572,0.9411156004189359,0.9010740930793922,0.970634631718583,0.9631155132996494,0.9805325616236877,0.829852860730008,0.9999743492599645,0.04700734425256873,0.9437991436509519,0.9042636937518541,0.9738801614839877,0.9640146374371911,0.9819458549043132,0.8246773038874503,0.9999827121801237,0.04791664900946682,0.9578898865717683,0.9264000040317821,0.9805284109802209,0.9735918384712164,0.9901078368097689,0.8615055723270884,0.9999987506054039,0.039914307343408124,0.9554340649172374,0.9220425334925565,0.979383153378201,0.9730255463959836,0.9896431413117288,0.8616601155545586,0.9999987679350775,0.04023584782490845,False,
A188T,missense,False,4.0,5.0,1.0,P/LP,0.9354,4,22493702;22761713;29207974;35592779,,6.0,0.6666666666666666,0.8,0.4452625924774054,0.42315589290052424,0.4666141642499242,0.5278178645921623,0.5283693535045565,0.290751873616647,0.7579746932442197,0.12040148134276107,0.4029176893742007,0.380638028617251,0.42538404506438215,0.5011678645691239,0.5009961524154458,0.26609581320049064,0.7377952555389686,0.12085333824245321,0.9052566488252618,0.8825453157334237,0.9255231838899549,0.814078231528545,0.827191236161568,0.5925706516799597,0.9590639833136471,0.0950874912947558,0.8443465877443089,0.8128049982394322,0.8732698395207323,0.7793328025215732,0.7910239147589855,0.557279517742981,0.9380854926298594,0.09890103984182518,0.8706576782165177,0.8420447243143465,0.8967212001293174,0.7939299741681768,0.8042848174498165,0.5793687079356789,0.9471678606628069,0.09722114382686509,False,3.98213e-06
E98X,nonsense,True,5.0,5.0,0.0,none,,1,29329106,,5.0,1.0,1.0,0.4452625924774054,0.42315589290052424,0.4666141642499242,0.6316055332080888,0.6367550699990856,0.38807170427964416,0.8463257769313131,0.11911976163922151,0.9411156004189359,0.9010740930793922,0.970634631718583,0.9597258715800577,0.9790106539698831,0.8154286460423461,0.9999720646732383,0.051673012050754065,0.9437991436509519,0.9042636937518541,0.9738801614839877,0.9627440089324258,0.9820951644993168,0.8239207246628741,0.9999874773072253,0.048400437671015664,0.9578898865717683,0.9264000040317821,0.9805284109802209,0.9723631565986655,0.989314870706069,0.8512659086406846,0.9999988677449095,0.041678227401615336,0.9554340649172374,0.9220425334925565,0.979383153378201,0.9687207071269294,0.9876507561867243,0.8315302720857299,0.9999970240974859,0.04555484973956288,False,
F195S,missense,False,5.0,5.0,0.0,none,0.9662,2,33450726;36584766,,5.0,1.0,1.0,0.4452625924774054,0.42315589290052424,0.4666141642499242,0.6318462562660976,0.6376971424610847,0.38063245223858705,0.8467516294994799,0.12078930300957001,0.4029176893742007,0.380638028617251,0.42538404506438215,0.6035492034216461,0.6067923019250163,0.3592771769506912,0.8313861695395597,0.1224433650266458,0.919609523325043,0.8991164114017144,0.9377865596238378,0.9473347651797205,0.965736076465474,0.7980577032577084,0.9994817406064521,0.05525804088503182,0.9265167756874353,0.8924345272530286,0.9539340386654185,0.9522233399160709,0.9710043342730039,0.8009192611689084,0.9997705867868901,0.053940206766073674,0.9314914815817207,0.8917481048422122,0.9606077653888877,0.9533184778395541,0.9715473044006498,0.8043841250006574,0.9998824882679268,0.05358362930836301,False,
G246A,missense,False,4.0,5.0,0.0,P/LP,0.4385,3,27256595;36398453;37008541,,5.0,0.8,0.8,0.4452625924774054,0.42315589290052424,0.4666141642499242,0.5630133976923519,0.5649879155268871,0.3193704551487118,0.7994501472659041,0.12305997982934291,0.4029176893742007,0.380638028617251,0.42538404506438215,0.5343002781016488,0.5359384693724447,0.29248753796584015,0.7751977615678071,0.12511423986152959,0.3423191985884098,0.3074271206883714,0.3780668431718807,0.4955968204583196,0.49448112133170186,0.2477005019300656,0.7348704825086896,0.12535436423684118,0.8443465877443089,0.8128049982394322,0.8732698395207323,0.8283464302634373,0.8447845692578109,0.6000454417558145,0.9685141690280369,0.0959917728008007,0.7563130115722234,0.6980706474127711,0.8104389515602262,0.7709478526760533,0.7835837688815557,0.5260336260936397,0.9423356564667652,0.10883045602834325,False,
K458_C461del,inframe_indel,False,5.0,5.0,0.0,none,,2,30105470;36178555,,5.0,1.0,1.0,0.4452625924774054,0.42315589290052424,0.4666141642499242,0.6300532222348488,0.6364464001708081,0.39152358915104046,0.8447904674518931,0.11824353156990175,0.4029176893742007,0.380638028617251,0.42538404506438215,0.6032643216630394,0.6080076848035559,0.3551137686839332,0.8235789054086581,0.12113677868718564,0.961710047716498,0.9163514237072201,0.9899559996207018,0.9733511073508426,0.9919920217782376,0.8374637803379438,0.9999999966511572,0.044295414055956564,0.9265167756874353,0.8924345272530286,0.9539340386654185,0.951440179594747,0.9696739525709952,0.8019866958523081,0.9997581934337123,0.05426114837201396,0.9636958237749773,0.922971040837327,0.9895773917585774,0.9763703202396253,0.9930885088634809,0.8561815094561669,0.9999999939256579,0.039555494428970765,False,
M235T,missense,False,5.0,5.0,0.0,P/LP,0.952,2,30592380;31704690,,5.0,1.0,1.0,0.4452625924774054,0.42315589290052424,0.4666141642499242,0.6284551497285846,0.6324487764983225,0.38104963925100505,0.848147092266266,0.12210261699805518,0.4029176893742007,0.380638028617251,0.42538404506438215,0.6025686403863664,0.6075030866447235,0.35404241071447135,0.823950273420906,0.12316980570221782,0.9132570902138168,0.8916211346233477,0.9324380669447826,0.9425072919897379,0.9615930191581588,0.7865690360761445,0.9993187402714189,0.05853246519795165,0.8443465877443089,0.8128049982394322,0.8732698395207323,0.8952622317461496,0.913344652457524,0.701001661603398,0.991698573537701,0.07906565862974291,0.8735084772752724,0.8448718953293243,0.8994551328514198,0.9136115148610076,0.9321711126554848,0.7261947310732749,0.9957939787086804,0.07192400384413086,False,
Q239R,missense,False,4.0,5.0,10.0,VUS,0.0683,1,34630320,,15.0,0.26666666666666666,0.8,0.4452625924774054,0.42315589290052424,0.4666141642499242,0.3384307326596068,0.3338204029190186,0.17666876686265626,0.5291285329346539,0.09192735269477845,0.4029176893742007,0.380638028617251,0.42538404506438215,0.31793262592096055,0.31251226455433617,0.15464627391352478,0.5063287890611755,0.09179993029142423,0.05617680243921222,0.04476451862402347,0.06936997437744863,0.18273118879669076,0.17507996070440504,0.059755806529266584,0.35834223902622037,0.07679907472267931,0.44728059487000266,0.36899570891380024,0.5297373565300053,0.338074390445471,0.3335282897882945,0.16866778827558976,0.5352942116198702,0.09425518575993003,0.2959706500935125,0.21007192509196448,0.39270067510800766,0.2792163182693936,0.27218024452870043,0.12361983752371955,0.4703940019286015,0.0907353924371184,False,3.98375e-05
R36P,missense,False,5.0,5.0,0.0,P/LP,0.9831,2,32710514;38565685,,5.0,1.0,1.0,0.4452625924774054,0.42315589290052424,0.4666141642499242,0.6299777076983247,0.6375201556072645,0.38414279361922105,0.8424556773119268,0.1194748352142524,0.4029176893742007,0.380638028617251,0.42538404506438215,0.601185634218212,0.6066673337769302,0.352470305596597,0.8294089055523315,0.1232486756468558,0.9266140778558407,0.9071957291831474,0.9436509082072846,0.9513214350547952,0.9705604397272631,0.7943163772575422,0.999618342387586,0.05537695455367191,0.8443465877443089,0.8128049982394322,0.8732698395207323,0.8953513784629482,0.9130462635488646,0.7039257135786973,0.9912038085039607,0.07697481569841372,0.878697292109903,0.8493825172650079,0.9044983202641583,0.9191936207100314,0.9370714868701313,0.752323530872227,0.9958897087525942,0.06715803574058628,False,
S340R,missense,False,5.0,5.0,0.0,none,0.6035,1,36342518,,5.0,1.0,1.0,0.4452625924774054,0.42315589290052424,0.4666141642499242,0.6291732234418145,0.635650089838065,0.3774409670702899,0.8477722824309665,0.12008891930299545,0.4029176893742007,0.380638028617251,0.42538404506438215,0.6053851680370324,0.6089531931912243,0.3600388293825925,0.8299896390909691,0.12192212320927316,0.5779514990658121,0.5390399826736926,0.6183930238751143,0.7199314112512807,0.7301970914669276,0.4761751563652013,0.9093823682670711,0.11251328633296571,0.9265167756874353,0.8924345272530286,0.9539340386654185,0.9511002563117955,0.9691766753823297,0.8045850164243722,0.9997971706421579,0.05376540914451664,0.8860567790040125,0.828747835406113,0.9322301342249555,0.9227631435740877,0.9423781906047937,0.7364510810660159,0.9977564051263323,0.07021251361212441,False,
V455L,missense,False,5.0,5.0,0.0,none,0.8248,2,32928245;34532767,,5.0,1.0,1.0,0.4452625924774054,0.42315589290052424,0.4666141642499242,0.6299620578864066,0.6339383072857598,0.3915760220929536,0.8470944347220836,0.11883582207528647,0.4029176893742007,0.380638028617251,0.42538404506438215,0.6032481415991295,0.6062629140241125,0.3541373773294005,0.8284252963761393,0.12250410829183406,0.8334516776906687,0.8017305649606199,0.8621951099679032,0.8900370373116635,0.9082470842213641,0.6873878912436518,0.9899170129192116,0.07890013165798228,0.9265167756874353,0.8924345272530286,0.9539340386654185,0.9492718545173239,0.9686891051405738,0.7908085302892484,0.9996716706707258,0.056447828932743464,0.9163190560148347,0.8714237659296158,0.9505606293752393,0.9419773428904656,0.9616805329401752,0.7761855742420427,0.9995820940712195,0.06135864509559558,False,
A387V,missense,False,4.0,4.0,1.0,P/LP,0.6817,1,34421822,,5.0,0.8,1.0,0.4452625924774054,0.42315589290052424,0.4666141642499242,0.5643547424664441,0.5662088548077371,0.31970767978397396,0.7959076849372777,0.12402081790113308,0.4029176893742007,0.380638028617251,0.42538404506438215,0.5343271582780313,0.5381960412149478,0.28766996142182727,0.7689646573086446,0.125340426266074,0.6840772416039295,0.6457141866539745,0.7220748849448084,0.7222277180387684,0.735686280561485,0.47052281590613687,0.9084919841495636,0.11332906628451467,0.8443465877443089,0.8128049982394322,0.8732698395207323,0.8261138225558741,0.8391648834255884,0.614162874096259,0.9668561340916061,0.09341953989084074,0.8195518198759386,0.7857139935626961,0.8527024103248516,0.8122090042850465,0.826580946361775,0.5854426506078984,0.9579541599558142,0.09821918797134713,False,4.35794e-06
A456V,missense,False,3.0,4.0,0.0,P/LP,0.5477,3,11916951;28458896;38963811,,4.0,0.75,0.75,0.4452625924774054,0.42315589290052424,0.4666141642499242,0.5315720440874236,0.5321736674682951,0.28312138774684803,0.7808052093862434,0.1288012183776452,0.4029176893742007,0.380638028617251,0.42538404506438215,0.5003197604620072,0.5003111373191338,0.2537705623015381,0.752887409590742,0.12942168987967065,0.49682025327945584,0.4578804437969713,0.5367621135158839,0.5664209121619935,0.5696716088151375,0.31296301653529346,0.7986292161526735,0.1274216178099932,0.8443465877443089,0.8128049982394322,0.8732698395207323,0.8181336899821398,0.8355527447201023,0.5885681390708482,0.9662624771071704,0.10026036784144277,0.7864718588174294,0.741620505745601,0.8291550132764631,0.7745632654283903,0.788142517389105,0.5394592966900221,0.9457000285188965,0.10814758431734516,False,
C233Y,missense,False,4.0,4.0,0.0,none,0.9988,2,24355479;31905448,,4.0,1.0,1.0,0.4452625924774054,0.42315589290052424,0.4666141642499242,0.6053400145522921,0.6121675386052049,0.3499870947795327,0.8258433905625866,0.12402714116491302,0.4029176893742007,0.380638028617251,0.42538404506438215,0.5699533466732102,0.5714451530330346,0.31243336279413597,0.8049868139546844,0.12871220499881814,0.9326126917390853,0.914142405298579,0.9485906686175679,0.9528229468208251,0.9713403277615158,0.8043188999053804,0.9997819797121181,0.0542993436656078,0.9265167756874353,0.8924345272530286,0.9539340386654185,0.9474717461250526,0.9673713807761148,0.7913536275208275,0.9997468699285387,0.05817108701011505,0.9345918900587168,0.8956314989250702,0.9627761459005675,0.9539051477405461,0.9740696652970389,0.7985773737028076,0.9998909577567431,0.05482118044583093,False,
C252Y,missense,False,4.0,4.0,0.0,none,0.9937,2,33450726;36584766,,4.0,1.0,1.0,0.4452625924774054,0.42315589290052424,0.4666141642499242,0.6059705354109522,0.6112729737666026,0.3535690807597211,0.8388659040121061,0.12553081001611088,0.4029176893742007,0.380638028617251,0.42538404506438215,0.5742962542180674,0.5783036217765454,0.3105120544690828,0.816682218718055,0.12955746987949213,0.9307158218718043,0.9119572326944335,0.9470150398274737,0.9511679967763526,0.9712796491416533,0.7944541180571641,0.999683130291273,0.056766555614042306,0.9265167756874353,0.8924345272530286,0.9539340386654185,0.9476747415044665,0.9680453576379804,0.7821505279494777,0.9997609544381006,0.0602440552860418,0.934116046084413,0.8950612731568269,0.9624628823131101,0.9533877916065435,0.9736038974928323,0.7937509272581056,0.9998484409745662,0.05601913285005792,False,
C434Y,missense,False,4.0,4.0,0.0,none,0.8613,2,32710514;35737141,,4.0,1.0,1.0,0.4452625924774054,0.42315589290052424,0.4666141642499242,0.601821670171314,0.6098653150346065,0.3375494097486107,0.8332529583728366,0.1286968891270434,0.4029176893742007,0.380638028617251,0.42538404506438215,0.5730641291130386,0.5749330838643927,0.31958600092376604,0.8032979311270497,0.1285172260870803,0.8610211535609904,0.8321390959237329,0.8869091699846808,0.9017786401555083,0.9207600755037085,0.712224550238777,0.9936189585372089,0.07547634875812514,0.9265167756874353,0.8924345272530286,0.9539340386654185,0.9476948768376082,0.9669613066875828,0.7868374393636389,0.9997821364720463,0.058353443944924144,0.9205184588298487,0.8768107656412253,0.9533322213615819,0.9421842521281227,0.9630499083952064,0.7700782291851095,0.9995544805096194,0.06214516875125709,False,
D205Y,missense,False,2.0,4.0,0.0,P/LP,0.9989,1,41020216,,4.0,0.5,0.5,0.4452625924774054,0.42315589290052424,0.4666141642499242,0.46027993029097636,0.4581118279638039,0.2178559562929239,0.713728326985567,0.12912931379482478,0.4029176893742007,0.380638028617251,0.42538404506438215,0.4339403058975793,0.4303038628697319,0.2019475917869315,0.6892328289197422,0.1282266651841225,0.9326493985894889,0.9141849768449261,0.9486211159580615,0.8071456789894873,0.8203850144723889,0.5673252159074343,0.9592623897874113,0.10139494096919693,0.8443465877443089,0.8128049982394322,0.8732698395207323,0.7459454141165541,0.7578932129253264,0.4935997228056157,0.9304071540520469,0.11499964850077803,0.8812587017367244,0.851600547095296,0.9072557796254895,0.7718002849394251,0.784513176202613,0.5277552218336413,0.9425433201391067,0.1089910153857466,False,
D278E,missense,False,3.0,4.0,0.0,P/LP,0.9744,3,21348868;22761713;37838154,,4.0,0.75,0.75,0.4452625924774054,0.42315589290052424,0.4666141642499242,0.5324447060095151,0.5325171089877734,0.28269044551164213,0.7815732184843577,0.13059300704675966,0.4029176893742007,0.380638028617251,0.42538404506438215,0.5033282646718237,0.5078094249860261,0.24794588239478868,0.7522585205268694,0.1297115558107295,0.9230814221688773,0.9031116651796471,0.9406886271541045,0.873583478402631,0.892345039301611,0.6639618228705951,0.9880039941401826,0.08664636845713795,0.8443465877443089,0.8128049982394322,0.8732698395207323,0.8168138875417548,0.8334964714328382,0.5811617394895705,0.963962498070323,0.10060339729619315,0.8772655381005813,0.8482975630013234,0.9030062147791859,0.842509444923355,0.8582975248365001,0.6287098527632129,0.9745566636834537,0.09311496599493573,False,
E256K,missense,False,4.0,4.0,1.0,P/LP,0.9941,4,23778137;28331372;39504571;41694565,,5.0,0.8,1.0,0.4452625924774054,0.42315589290052424,0.4666141642499242,0.5639583008064627,0.5640089143733594,0.32184571993209005,0.796414890830545,0.12407817633640954,0.4029176893742007,0.380638028617251,0.42538404506438215,0.5354455084097424,0.5377092008738746,0.2886935970359994,0.7753736946130102,0.12576293037613848,0.9308663673651456,0.9121325896977657,0.9471402486067255,0.8866793503964833,0.9034460415156806,0.6879098998019392,0.9894650601215425,0.07918021033821346,0.8443465877443089,0.8128049982394322,0.8732698395207323,0.8275421407631821,0.8401165343969417,0.618690902771728,0.9679617023128184,0.09276678858349516,0.880485813533731,0.8508528414241194,0.9064262584233855,0.8522815378863778,0.8686357826608715,0.6415361598780595,0.9770322995880255,0.0907935299302488,False,3.98181e-06
E290X,nonsense,True,4.0,4.0,0.0,none,,2,18382660;34202200,,4.0,1.0,1.0,0.4452625924774054,0.42315589290052424,0.4666141642499242,0.5995025963019527,0.6064226820917962,0.33244745421903316,0.8361635239323691,0.12898687044975796,0.9411156004189359,0.9010740930793922,0.970634631718583,0.9587431588715951,0.9792901507790435,0.811539993010551,0.9999644725562978,0.05336677570802602,0.9437991436509519,0.9042636937518541,0.9738801614839877,0.9606145626314545,0.9797662437172543,0.8151938498558635,0.9999843502943296,0.05042016471328405,0.9578898865717683,0.9264000040317821,0.9805284109802209,0.9685522004448911,0.9875969888862656,0.8331477126213104,0.9999993286427026,0.04607538232647959,0.9554340649172374,0.9220425334925565,0.979383153378201,0.9679419276083073,0.9876335412653525,0.8343034614150702,0.9999975990754236,0.04619659722592428,False,
F330S,missense,False,4.0,4.0,0.0,P/LP,0.9961,1,22389783,,4.0,1.0,1.0,0.4452625924774054,0.42315589290052424,0.4666141642499242,0.6065887588200749,0.6130783804833486,0.3525427146567113,0.8281518800691611,0.12503148729471752,0.4029176893742007,0.380638028617251,0.42538404506438215,0.5709377715935267,0.5746110132173787,0.31605717871598826,0.8078420016815929,0.1293214872222959,0.931614555082119,0.9130019010356105,0.947762112335628,0.9499277168621072,0.9706795649404313,0.7851361914513866,0.9997142564154616,0.057297494979775966,0.8443465877443089,0.8128049982394322,0.8732698395207323,0.891253248192618,0.9090089552566921,0.6947315766103904,0.9904450701200062,0.07913949504187869,0.8808084062915322,0.8511199744501825,0.9067553857524142,0.9167061579495366,0.9358639678003988,0.7292130518700916,0.9969059785595406,0.07195994263167554,False,
G44S,missense,False,4.0,4.0,0.0,P/LP,0.9729,3,36208030;36584766;39504571,,4.0,1.0,1.0,0.4452625924774054,0.42315589290052424,0.4666141642499242,0.6045305996612799,0.6061297249157246,0.3579251472985358,0.8302161895528385,0.12493265185030032,0.4029176893742007,0.380638028617251,0.42538404506438215,0.5777162950373445,0.583820812128829,0.3251615231448969,0.8088187098396094,0.12585460426296408,0.9224567760715541,0.9024132949496337,0.9401629859440296,0.9449608951618371,0.9644678081405984,0.7849507233076197,0.9994865436434619,0.05936693090728805,0.8443465877443089,0.8128049982394322,0.8732698395207323,0.8894697667414497,0.9079391703492634,0.6796636836759429,0.9904893591396902,0.08191447929187053,0.8770171398666042,0.8481441936529043,0.9027202022595635,0.9105211234652674,0.9295726335535952,0.7235307488874376,0.9962900944341224,0.07391131814866679,False,
K169R,missense,False,4.0,4.0,0.0,none,0.9394,2,25015100;27256595,,4.0,1.0,1.0,0.4452625924774054,0.42315589290052424,0.4666141642499242,0.6013682775491668,0.6054494147199202,0.3410675433361588,0.8282452622344468,0.12559770227654454,0.4029176893742007,0.380638028617251,0.42538404506438215,0.573316558287772,0.5769991440551561,0.31317592421123064,0.8004218307304234,0.12701448863604559,0.9072429661130428,0.8847959479341851,0.9272295210664213,0.9352073621712139,0.955421039992089,0.7641394743519371,0.9989854320345057,0.06375115692939458,0.9265167756874353,0.8924345272530286,0.9539340386654185,0.9481296436692888,0.9681433890447044,0.7935142641262818,0.9996793844354503,0.057826649538468534,0.9288360707624671,0.8881845032984732,0.9588065466173297,0.9482563922195998,0.9678774784353772,0.7885814086633637,0.999775419102319,0.057535735513172946,False,
K420E,missense,False,2.0,4.0,0.0,none,0.4121,1,22761713,,4.0,0.5,0.5,0.4452625924774054,0.42315589290052424,0.4666141642499242,0.4586410133663651,0.4554711936395226,0.21732889935457914,0.7143753942739983,0.1276482670926802,0.4029176893742007,0.380638028617251,0.42538404506438215,0.4335810031599433,0.4294392183470582,0.19609096104499854,0.6823891377131232,0.12726581202750556,0.3083678894568768,0.27519864757746554,0.3427380354257821,0.36306106767676677,0.3565058772586074,0.14017502143392443,0.6122078333552184,0.123724633218661,0.9265167756874353,0.8924345272530286,0.9539340386654185,0.8049538556106798,0.8187524717920327,0.5736201709372087,0.960162270032554,0.10165752670803845,0.8522598947376726,0.7782313038422372,0.9127733634604771,0.7519415793499256,0.7658425166216978,0.49908738993044477,0.9365966850278608,0.11517381059571638,False,
L301P,missense,False,4.0,4.0,0.0,none,0.9802,1,36483860,,4.0,1.0,1.0,0.4452625924774054,0.42315589290052424,0.4666141642499242,0.6029068108486528,0.6105242357793349,0.33914786426318944,0.8321402541289331,0.12945422470306867,0.4029176893742007,0.380638028617251,0.42538404506438215,0.5751042142826965,0.5798852631333442,0.3123918833558342,0.8050692877689978,0.12866886191844518,0.9254534734146237,0.9058541500199759,0.9426796369428909,0.9475029045181887,0.9672391836042055,0.7873309221861521,0.999543597703041,0.057893825284729306,0.9265167756874353,0.8924345272530286,0.9539340386654185,0.9473471151949959,0.9667317249711851,0.7879589056846097,0.9996769393507287,0.05663405349160858,0.9328401000453798,0.8936527105230735,0.9616252317919582,0.9527102445020327,0.9721931779336196,0.7954750050596245,0.9999013803404619,0.055791384591940676,False,
L315H,missense,False,4.0,4.0,0.0,P/LP,0.9921,2,35737141;41409604,,4.0,1.0,1.0,0.4452625924774054,0.42315589290052424,0.4666141642499242,0.5994950379877916,0.6038850717774932,0.3367464305490442,0.8273924026882349,0.12591481419269113,0.4029176893742007,0.380638028617251,0.42538404506438215,0.5733483585511916,0.5793668864110875,0.3137118539000162,0.8112208711270072,0.12873823683702174,0.9301105964928946,0.9112526392021798,0.946511399725159,0.9489384581701452,0.9683018193946692,0.7863108471424409,0.9997296248566773,0.05816803547897416,0.8443465877443089,0.8128049982394322,0.8732698395207323,0.8888807584536594,0.9065812642265054,0.6831912790513199,0.9906734349195829,0.08166831759185882,0.8801624249558558,0.8506031802262544,0.9060757848722465,0.9157357923735109,0.935862474270035,0.731464669807498,0.996981299373729,0.07245736130360388,False,
M115V,missense,False,2.0,4.0,3.0,VUS,0.3151,1,35592779,,7.0,0.2857142857142857,0.5,0.4452625924774054,0.42315589290052424,0.4666141642499242,0.38238016422272625,0.37601682255143654,0.1762518094064633,0.6218335247738066,0.1162877211782868,0.4029176893742007,0.380638028617251,0.42538404506438215,0.35451287252360364,0.3490479312670574,0.1554201385310677,0.5849845533857947,0.11227534518470919,0.20159574458818735,0.1754580847487567,0.23029133114837536,0.23684164358905535,0.22630648375182322,0.06816250163812361,0.4533554225154662,0.10046831622785492,0.44728059487000266,0.36899570891380024,0.5297373565300053,0.3832436526844511,0.3793956911850732,0.16816631184451133,0.6271818425712671,0.11984033490882026,0.38022783668187676,0.30040765848810347,0.46573946960910834,0.339880865829241,0.3324002758306976,0.1393600095086231,0.5826612723915898,0.11551357221617106,False,1.97055e-05
Q26X,nonsense,True,4.0,4.0,0.0,P/LP,,2,33242514;36208030,,4.0,1.0,1.0,0.4452625924774054,0.42315589290052424,0.4666141642499242,0.6010103302399642,0.6043280849334924,0.34566709410999186,0.8277742929174831,0.12494825027010523,0.9411156004189359,0.9010740930793922,0.970634631718583,0.9574085109785019,0.9787118663370673,0.7996128301906443,0.9999571110767952,0.05498864133712661,0.9437991436509519,0.9042636937518541,0.9738801614839877,0.9596238236552576,0.9807596972327226,0.8120732323223835,0.9999773614482323,0.05245730210540881,0.9060990411502131,0.8348103483688831,0.9560504177835257,0.9333854545822706,0.9543749406042348,0.7448616038415783,0.999497534981277,0.06807936296848209,0.9156418519913224,0.8515201010669611,0.9620121554245736,0.9401464240671988,0.9612315562474063,0.7657686165360311,0.9997026448511853,0.06417041730997389,False,
R191Q,missense,False,4.0,4.0,0.0,P/LP,0.5434,3,27256595;34373539;38565685,,4.0,1.0,1.0,0.4452625924774054,0.42315589290052424,0.4666141642499242,0.6049101598575404,0.6093856757936085,0.34328433488806065,0.8354857467428807,0.12748983101340947,0.4029176893742007,0.380638028617251,0.42538404506438215,0.5742527661333535,0.5767838136537833,0.3161473267329832,0.8133242829447885,0.12784094897305037,0.4905190633307769,0.4517357311888535,0.5305184558766407,0.6339481681414831,0.6414276695873173,0.3690232746217472,0.8564020784763804,0.12499669012198726,0.8443465877443089,0.8128049982394322,0.8732698395207323,0.8881260363666974,0.9067067824037133,0.6786064542909049,0.991120327564567,0.08305960400581028,0.7853384191569883,0.7401912237813184,0.8282141046697546,0.8456988416011636,0.8609616682289458,0.6277067721158981,0.9798097118591241,0.0932918649351704,False,
R192W,missense,False,3.0,4.0,0.0,none,,2,37082200;37812285,,4.0,0.75,0.75,0.4452625924774054,0.42315589290052424,0.4666141642499242,0.5303696918869383,0.5316681016437899,0.27935870497968385,0.7763205958325186,0.1290430960146289,0.4029176893742007,0.380638028617251,0.42538404506438215,0.4965727268039881,0.4965334600887328,0.2465083340951053,0.7416257840016856,0.12912866649723367,0.961710047716498,0.9163514237072201,0.9899559996207018,0.9012682233793712,0.9206253587597599,0.7085421169348463,0.9937196780959002,0.07749315779583614,0.9265167756874353,0.8924345272530286,0.9539340386654185,0.8757374649237077,0.8934212665821636,0.671468232530586,0.9881175791904933,0.08589205035070147,0.9636958237749773,0.922971040837327,0.9895773917585774,0.9058187856982142,0.9222777367679271,0.7172520071093161,0.9951039179481433,0.07461462015774661,False,
R392C,missense,False,2.0,4.0,0.0,P/LP,0.4084,2,31092478;36208030,,4.0,0.5,0.5,0.4452625924774054,0.42315589290052424,0.4666141642499242,0.4581217802727036,0.45666783249752396,0.21605178009093057,0.7103415455604624,0.12928455624567672,0.4029176893742007,0.380638028617251,0.42538404506438215,0.4300495504316959,0.42733187550175994,0.19502996649212745,0.6817366285770797,0.12636643253495292,0.3037607065634909,0.2708167189443754,0.33783306352560916,0.3595941741847571,0.35160171439845245,0.13564138488642602,0.6270148071633279,0.1271348627608737,0.8443465877443089,0.8128049982394322,0.8732698395207323,0.7457230630342851,0.7587719313326324,0.5002115737662437,0.927553342999898,0.11206509856379754,0.7475040823804525,0.6845547668908952,0.805639252456551,0.6744938466974819,0.685443951494519,0.4172766365868669,0.8837184970632024,0.1231362724427629,False,0.0
R447Q,missense,False,4.0,4.0,0.0,P/LP,0.5289,3,34023340;35737141;36723869,,4.0,1.0,1.0,0.4452625924774054,0.42315589290052424,0.4666141642499242,0.6055249876756542,0.6103716627695384,0.3486004199290226,0.8287285643906337,0.12551035634208915,0.4029176893742007,0.380638028617251,0.42538404506438215,0.5751620587261134,0.578994321908028,0.3209260646013023,0.8121071309805693,0.12803179381632546,0.46930402921080555,0.43120233874615116,0.5090141823829387,0.6229338057977242,0.6299433783927355,0.36316067397062907,0.8509473776766945,0.12710469312739406,0.8443465877443089,0.8128049982394322,0.8732698395207323,0.8894194188678275,0.9082187860513717,0.6849035175322756,0.9918996426778693,0.08194175802825134,0.7814834258127721,0.7347724243752745,0.8257620882863463,0.8470012319945576,0.8623878421348607,0.6226682436872477,0.9793027546752604,0.09346940082231757,False,0.0
S263P,missense,False,4.0,4.0,1.0,P/LP,0.5986,2,12442280;31092478,,5.0,0.8,1.0,0.4452625924774054,0.42315589290052424,0.4666141642499242,0.5635587042389694,0.5693577608886116,0.3098291020515187,0.7903705942213166,0.12432565433951424,0.4029176893742007,0.380638028617251,0.42538404506438215,0.5360373896945723,0.5395169986345535,0.28463127047957376,0.768597297500082,0.1254649438123027,0.5709310129827317,0.53207940818642,0.6114540604052627,0.6470267118966868,0.6515617089252068,0.3974010094791761,0.8615571815237054,0.12128730009569685,0.8443465877443089,0.8128049982394322,0.8732698395207323,0.830516873442672,0.8453845502218624,0.6196543913056427,0.9640751100181993,0.0924684153583249,0.7995485520495687,0.7595900941009424,0.8381253508625679,0.8010950465387396,0.8135344905737001,0.5772286108599751,0.9522977454334746,0.09841186078043883,False,6.56953e-06
S441X,nonsense,True,4.0,4.0,0.0,P/LP,,2,32710514;42468610,,4.0,1.0,1.0,0.4452625924774054,0.42315589290052424,0.4666141642499242,0.6017323928449444,0.6051749841509129,0.345914069188088,0.8287404479263168,0.12643017732238993,0.9411156004189359,0.9010740930793922,0.970634631718583,0.9589126966195092,0.978158355199163,0.8102927020969124,0.9999475310014526,0.05143694075572965,0.9437991436509519,0.9042636937518541,0.9738801614839877,0.9593324993598629,0.9788531504071809,0.8125058018707387,0.9999782491906523,0.05320715271276024,0.9060990411502131,0.8348103483688831,0.9560504177835257,0.9335767615890886,0.9548123680838423,0.750171725227808,0.9992464271679156,0.06695482593075033,0.9156418519913224,0.8515201010669611,0.9620121554245736,0.9384132878506182,0.959993201853395,0.755933056464464,0.9996616651908804,0.0656439004941053,False,
S453L,missense,False,3.0,4.0,0.0,P/LP,0.7575,3,36208030;37152879;39504571,,4.0,0.75,0.75,0.4452625924774054,0.42315589290052424,0.4666141642499242,0.5305137039290828,0.5330841548695746,0.2773654426660612,0.7759410808720297,0.13001277952224113,0.4029176893742007,0.380638028617251,0.42538404506438215,0.5053615045585579,0.5052240191772535,0.25281204867085016,0.7476008585300397,0.12975897667119754,0.7714366911692817,0.7358824831538471,0.8052809736210503,0.7672241916077419,0.7781911947246267,0.5341698916294979,0.9436881781358148,0.10664663696429831,0.8443465877443089,0.8128049982394322,0.8732698395207323,0.8148416713512893,0.8303437469292637,0.5863013306374433,0.9658015709013792,0.10152229378187588,0.836359915730308,0.8060023174654598,0.8660995335281781,0.8085550749035764,0.8234641525299868,0.5719673118580606,0.9594441679859984,0.10277830490491069,False,0.0
V226M,missense,False,3.0,4.0,2.0,P/LP,0.7922,3,25015100;27404933;35737141,,6.0,0.5,0.75,0.4452625924774054,0.42315589290052424,0.4666141642499242,0.46638525583190693,0.46536683168586745,0.24077097087572333,0.7019622420184388,0.11985868511061863,0.4029176893742007,0.380638028617251,0.42538404506438215,0.4395456747936962,0.4362983444433241,0.21352574990134257,0.6820416490896153,0.11870857392031044,0.8052662137846383,0.7715900600356953,0.8365534478649681,0.6884645055223788,0.6956700913398635,0.45102585973094783,0.8788320367478389,0.11227312316120736,0.8443465877443089,0.8128049982394322,0.8732698395207323,0.7137351007179863,0.7233295457209378,0.47642396586668895,0.9005300984892592,0.11073026577145015,0.8436062277287837,0.8141020733271676,0.872292650509136,0.7158334883109693,0.7240836302913911,0.49017141103352907,0.8995636145512842,0.10703800379383463,False,1.31422e-05
W167X,nonsense,True,4.0,4.0,0.0,P/LP,,1,36178555,,4.0,1.0,1.0,0.4452625924774054,0.42315589290052424,0.4666141642499242,0.6040414400574456,0.6099018901059605,0.3359956969128525,0.8379887788164201,0.13040741594953498,0.9411156004189359,0.9010740930793922,0.970634631718583,0.9568492259853684,0.9769254536666712,0.8076233893562633,0.999968908109298,0.053142430376816305,0.9437991436509519,0.9042636937518541,0.9738801614839877,0.9584889494691886,0.9794561099617228,0.8064024683679889,0.9999835051840158,0.05444301072159474,0.9060990411502131,0.8348103483688831,0.9560504177835257,0.9348999148739401,0.9548794003201697,0.7513120721235611,0.9994700104611935,0.06655060440785224,0.9156418519913224,0.8515201010669611,0.9620121554245736,0.9407743550212739,0.9610853224559447,0.7672664376867541,0.9997062112554347,0.06334773100014583,False,0.0
A11T,missense,False,3.0,3.0,936.0,B/LB,0.0933,2,8150222;8454109,,939.0,0.003194888178913738,1.0,0.4452625924774054,0.42315589290052424,0.4666141642499242,0.00786205575984963,0.007564450123194576,0.003284540936240642,0.014369483208051915,0.0028620218968141227,0.4029176893742007,0.380638028617251,0.42538404506438215,0.007402935047661682,0.0070806507047923,0.0029876852642224255,0.013625016589301334,0.0027746635823704424,0.0644541906685686,0.051828158725453155,0.07896900222694958,0.0037817860645411256,0.0034348177691760524,0.0008769125657399584,0.008450068258131542,0.0020024235986471784,0.003191464636591484,0.0006551274835057684,0.007621003096594019,0.0031430486720372248,0.002816593640522928,0.0006940571196150761,0.007422391002385892,0.0017851612375808358,0.003109503539884862,0.0006797492193759368,0.0072626309075048716,0.003194996516217954,0.0028489923790452915,0.0006695392825123818,0.007567675655954474,0.0018244849392203889,True,0.00615126
A454dup,inframe_indel,False,3.0,3.0,0.0,none,,1,42184599,,3.0,1.0,1.0,0.4452625924774054,0.42315589290052424,0.4666141642499242,0.5737038033191205,0.5791799352360179,0.3039207294371452,0.8139395835916668,0.13176229856810498,0.4029176893742007,0.380638028617251,0.42538404506438215,0.5418088565023556,0.5443203738259863,0.28203044521119286,0.7949449243130462,0.13438148802434885,0.961710047716498,0.9163514237072201,0.9899559996207018,0.9707425270559352,0.991118388778433,0.8370056456033395,0.9999999916780992,0.046366813568383514,0.9265167756874353,0.8924345272530286,0.9539340386654185,0.9429525255926509,0.9649266803416303,0.7743022077755021,0.9996918746400436,0.06279100258172113,0.9636958237749773,0.922971040837327,0.9895773917585774,0.9726777808173007,0.9923202111244926,0.8417353299176785,0.999999997390296,0.04413318253646329,False,
C220X,nonsense,True,3.0,3.0,0.0,P/LP,,1,35737141,,3.0,1.0,1.0,0.4452625924774054,0.42315589290052424,0.4666141642499242,0.570623886987963,0.5747765425057404,0.3084302687202509,0.8068223489679937,0.13116834990240628,0.9411156004189359,0.9010740930793922,0.970634631718583,0.9537839060012681,0.9752563935740031,0.790135758193545,0.9999508070958344,0.057916166210770045,0.9437991436509519,0.9042636937518541,0.9738801614839877,0.9564970981179832,0.9776989120063945,0.8019675345616705,0.9999792101595708,0.05514716422456588,0.9060990411502131,0.8348103483688831,0.9560504177835257,0.9284086501640932,0.9503037639565141,0.738426546203834,0.9992962070042014,0.0709626708778675,0.9156418519913224,0.8515201010669611,0.9620121554245736,0.9353898542989075,0.9569800276763134,0.7576359947803363,0.9997006369653822,0.06791902616173451,False,
C230Y,missense,False,3.0,3.0,0.0,P/LP,0.981,1,37838154,,3.0,1.0,1.0,0.4452625924774054,0.42315589290052424,0.4666141642499242,0.5709779356220052,0.573744376897145,0.3093484041023191,0.8117574902697902,0.132619588196258,0.4029176893742007,0.380638028617251,0.42538404506438215,0.5401730263514463,0.5427165101949754,0.2812589879650378,0.7868628301603068,0.13293211526781182,0.9257753178818398,0.9062290957164749,0.9429491335341785,0.9419469086574831,0.96250567425825,0.7671797492535727,0.9995957105343304,0.06298708229015051,0.8443465877443089,0.8128049982394322,0.8732698395207323,0.8812498523425427,0.90134388245611,0.6567546730195339,0.9917682146562441,0.08895793797168235,0.8783530919786452,0.8491887290813941,0.9041226028295019,0.9080217207570533,0.9288156467139088,0.7046274325157208,0.9966777475285848,0.07698631006237866,False,
D124N,missense,False,3.0,3.0,2.0,P/LP,0.7282,3,35737141;36400171;41409604,,5.0,0.6,1.0,0.4452625924774054,0.42315589290052424,0.4666141642499242,0.49659823551822746,0.49404124852440534,0.2595150958483596,0.7418981263335965,0.12625827471306955,0.4029176893742007,0.380638028617251,0.42538404506438215,0.4687339438960194,0.46790339967518146,0.23145474795690427,0.7165554225067685,0.12407564434039094,0.7397945882388273,0.7028020962422873,0.7753009643492655,0.6965129345919346,0.7031352612972592,0.4449474553117956,0.8975730074876627,0.11654566608943391,0.8443465877443089,0.8128049982394322,0.8732698395207323,0.7652159728263863,0.7768614530235756,0.5255227336575631,0.9343296088341394,0.1059787873166766,0.8300234720466708,0.7984861483436501,0.8609983964628187,0.753659239712451,0.7670394370406106,0.5129666347066973,0.9269448533964235,0.10751916754300996,False,7.96261e-06
D132N,missense,False,3.0,3.0,2.0,VUS,0.1762,2,18382660;29207974,,5.0,0.6,1.0,0.4452625924774054,0.42315589290052424,0.4666141642499242,0.4991746786939161,0.50238950776747,0.2536608768429006,0.7349690068034429,0.12634017392247965,0.4029176893742007,0.380638028617251,0.42538404506438215,0.4692166378014601,0.4695892445389782,0.23397508933841762,0.7189169665689736,0.12567227645173246,0.1006543098699756,0.08389213769467944,0.11972136012766006,0.26597151881265546,0.255183333889516,0.08271340771504994,0.5067372280530378,0.11030883553240654,0.44728059487000266,0.36899570891380024,0.5297373565300053,0.5014121042407184,0.4995968743168502,0.262172370045176,0.747080987810767,0.12619011298230187,0.33139340107437193,0.2467268391762056,0.42226447767667485,0.42020404369065156,0.41469371701811564,0.19225419859285603,0.6696246311338456,0.12419795073181078,False,1.31416e-05
E157K,missense,False,3.0,3.0,0.0,P/LP,0.2909,1,35737141,,3.0,1.0,1.0,0.4452625924774054,0.42315589290052424,0.4666141642499242,0.575532591701133,0.579671419165014,0.3116136881104808,0.8173325450905972,0.1303689039891728,0.4029176893742007,0.380638028617251,0.42538404506438215,0.5417830640281244,0.5454045428117198,0.2766559607107866,0.7953308623107622,0.13592560310854288,0.1797325627381261,0.15553686371612402,0.2067188661205844,0.36826203039751454,0.3611517838726154,0.14020114927042251,0.6324169076763684,0.12885813052391412,0.8443465877443089,0.8128049982394322,0.8732698395207323,0.8791645285254454,0.8975801633374072,0.6594412945058628,0.9899330254272162,0.08761121557011795,0.7111643160613378,0.6304308443467901,0.7853689539970183,0.7780480056683218,0.792471149238342,0.5190957643545616,0.9567091072135459,0.11550599634125508,False,
E236K,missense,False,1.0,3.0,0.0,P/LP,0.9875,1,25306193,,3.0,0.3333333333333333,0.3333333333333333,0.4452625924774054,0.42315589290052424,0.4666141642499242,0.41892259485478395,0.4156108136562517,0.17527841092272392,0.6894612478485297,0.13326667856071622,0.4029176893742007,0.380638028617251,0.42538404506438215,0.38609819171141324,0.3811968925902283,0.15518835227770655,0.6551308359110103,0.1293262745700111,0.9283431995648239,0.9091985074106423,0.9450769417128286,0.7947889247436856,0.8105275702226455,0.5436636604375343,0.9533703352610658,0.10725639387120765,0.8443465877443089,0.8128049982394322,0.8732698395207323,0.7245036684896141,0.7346449124887249,0.4703819399329604,0.9228055999476547,0.11860364310997087,0.8794156037856857,0.8499361967329033,0.9052991950502572,0.7523829446731626,0.7632005894202397,0.493301462092055,0.938876330988173,0.11685470021342231,False,
E265K,missense,False,3.0,3.0,0.0,P/LP,0.7229,2,18382660;23295287,,3.0,1.0,1.0,0.4452625924774054,0.42315589290052424,0.4666141642499242,0.5754991609520437,0.5791283027558504,0.3169012030509468,0.8219398278214425,0.13220992393184539,0.4029176893742007,0.380638028617251,0.42538404506438215,0.5419859838365018,0.5419719433083243,0.28015623788121874,0.7952622359249572,0.1339133460715669,0.7337762609598015,0.696518093140961,0.7695905496139038,0.794456778165171,0.8085898317489294,0.5464502513538939,0.960246784965706,0.109859201672793,0.8443465877443089,0.8128049982394322,0.8732698395207323,0.8788683301469841,0.8995678139279148,0.6618810935588895,0.9901226625380014,0.08768635994426231,0.8288557795738165,0.7972751309761461,0.8600647450898076,0.8667567048681288,0.8848879834941157,0.6509438090113568,0.98604986253734,0.090551096085642,False,
F423Y,missense,False,3.0,3.0,0.0,P/LP,0.6059,1,35592779,,3.0,1.0,1.0,0.4452625924774054,0.42315589290052424,0.4666141642499242,0.5719698997173124,0.5768505184048841,0.3130757963068554,0.819218323955436,0.13202286015590106,0.4029176893742007,0.380638028617251,0.42538404506438215,0.5387737037297091,0.5428964757959513,0.27493173022259515,0.7889322880753609,0.13466811473351564,0.5813787535462149,0.5424516655185496,0.6217381639985512,0.6767456054837152,0.6860542259872462,0.40180214654289087,0.8901537653278051,0.12641516302270656,0.8443465877443089,0.8128049982394322,0.8732698395207323,0.8814032732818204,0.8997160385188533,0.6628418126716523,0.9899718691731142,0.08706894381854197,0.8013725416424108,0.7619194989839233,0.8395084985719867,0.8479058841578186,0.8656484108956243,0.6148178383749165,0.9817095256162925,0.09625343332435762,False,
G175V,missense,False,3.0,3.0,0.0,VUS,0.9315,1,28012402,,3.0,1.0,1.0,0.4452625924774054,0.42315589290052424,0.4666141642499242,0.5707233072492656,0.5736851963350507,0.30814803921533895,0.8141384049364941,0.13093608395135622,0.4029176893742007,0.380638028617251,0.42538404506438215,0.5382675081742796,0.5411037238997224,0.28228339106171657,0.7844747412633368,0.13172786899975583,0.9032833461684869,0.8802783525577872,0.9238241542047463,0.9254078372861553,0.9473037291705195,0.7340961480559279,0.998537615536659,0.07109212218768732,0.44728059487000266,0.36899570891380024,0.5297373565300053,0.5755287540950095,0.5800832395489872,0.3064825083541737,0.8184823102919391,0.13336353194228623,0.6134499977438863,0.5067824834048329,0.7118506916531671,0.7035586501492741,0.7146433590541879,0.4286035773289128,0.9160604697667337,0.12860639503041227,False,
G178A,missense,False,3.0,3.0,0.0,none,0.8331,1,28012402,,3.0,1.0,1.0,0.4452625924774054,0.42315589290052424,0.4666141642499242,0.5761135021727026,0.5790834060321624,0.3184379205900333,0.8195111160279809,0.1315027323093392,0.4029176893742007,0.380638028617251,0.42538404506438215,0.5393946408418484,0.5408178982188427,0.28109972013807605,0.7873828000072938,0.13297708826023613,0.8400831667375376,0.8089288496635775,0.8681430264503655,0.8782427310346664,0.8995851812300181,0.6447778891698808,0.9897277975045946,0.09041323359068439,0.9265167756874353,0.8924345272530286,0.9539340386654185,0.9432288355897769,0.9656223962738194,0.7703181215645625,0.9997251597493514,0.06320235348027621,0.9172921562732786,0.8726057081997339,0.9512855751646824,0.9370653312438849,0.9584427069682936,0.756920888824635,0.9995070067046413,0.06618927119944867,False,
G258R,missense,False,3.0,3.0,0.0,none,0.9966,2,22493702;35737141,,3.0,1.0,1.0,0.4452625924774054,0.42315589290052424,0.4666141642499242,0.5739864384646639,0.5735421160555336,0.3127066976669993,0.8176296463075908,0.13287015757549756,0.4029176893742007,0.380638028617251,0.42538404506438215,0.5440795375436692,0.546505346733776,0.28048681987181046,0.7925485156193165,0.1326731612843585,0.9318004245623082,0.9132141345902033,0.9479164948203961,0.9473898560210805,0.9687975319842191,0.7880162008108048,0.999806939539623,0.05958986220551879,0.9265167756874353,0.8924345272530286,0.9539340386654185,0.9425539431639207,0.9632984121468455,0.7719215144033568,0.9996394830734452,0.062046096034618005,0.9343870369256285,0.8954645377724593,0.9626124762218539,0.9496062341887449,0.9711786784837959,0.7863149549864118,0.9998809187265487,0.060153781669151155,False,
G299R,missense,False,3.0,3.0,0.0,P/LP,0.997,3,22432108;23778137;27289208,,3.0,1.0,1.0,0.4452625924774054,0.42315589290052424,0.4666141642499242,0.5713183098611774,0.5742184779995692,0.3084774433374417,0.8106388659162402,0.1312708739800362,0.4029176893742007,0.380638028617251,0.42538404506438215,0.5391434839548915,0.5415240952425996,0.274918230641123,0.7896325222156644,0.13448811492157428,0.9319487824148261,0.9133835839628879,0.9480396902511046,0.9472113940584926,0.9684832604844569,0.7817699677333365,0.9997581601144537,0.05940672801597111,0.8443465877443089,0.8128049982394322,0.8732698395207323,0.8800018440335788,0.9005038494946447,0.6636979391833286,0.9901633662368042,0.08680112059164129,0.8809533137546375,0.8512461338827921,0.9069350960867679,0.9106790260378043,0.9307359600038148,0.7055372236366051,0.9962990364034798,0.07619025397637752,False,
G448D,missense,False,3.0,3.0,0.0,none,0.9969,2,30534894;36520489,,3.0,1.0,1.0,0.4452625924774054,0.42315589290052424,0.4666141642499242,0.5720661233468259,0.5744956268516396,0.3074082411987236,0.8116824950068168,0.13220482192389685,0.4029176893742007,0.380638028617251,0.42538404506438215,0.5402618935672677,0.5414968774257114,0.28012161858716006,0.7866886541735194,0.13248915724570007,0.9319117210644653,0.9133412497168406,0.9480089172393374,0.9483864642824129,0.9687123394050627,0.7895350579546004,0.9997319614480755,0.05884115810591775,0.9265167756874353,0.8924345272530286,0.9539340386654185,0.9424815248706452,0.9644823436686417,0.7681535519915768,0.9997570125495233,0.06335069908966295,0.9344150082845576,0.8955061765473542,0.9626300531367785,0.949090188372047,0.9713588656618715,0.7871622107149246,0.9998944739400926,0.05969812111057314,False,
G81D,missense,False,3.0,3.0,0.0,P/LP,0.9958,2,20132997;25174781,,3.0,1.0,1.0,0.4452625924774054,0.42315589290052424,0.4666141642499242,0.5749655579847613,0.5820141887835264,0.31082112087195174,0.8122111639610419,0.13086463727823722,0.4029176893742007,0.380638028617251,0.42538404506438215,0.5369426934906417,0.5360351799200074,0.28171943514583475,0.789197711642058,0.13417739130485012,0.931502807860946,0.9128743356166577,0.9476692754001481,0.9476968718565946,0.9676518247067403,0.782817292042962,0.9996504245367309,0.05898291866364345,0.8443465877443089,0.8128049982394322,0.8732698395207323,0.8802674766718211,0.8997576110538184,0.666843530342066,0.9889007815432331,0.08648282241905388,0.8807600680585258,0.8510781624765026,0.9066999591112457,0.9086701199477791,0.9297234509813586,0.7107349099007957,0.9962427960399998,0.07765610056451003,False,
H424Y,missense,False,1.0,3.0,0.0,P/LP,0.2342,1,39610513,,3.0,0.3333333333333333,0.3333333333333333,0.4452625924774054,0.42315589290052424,0.4666141642499242,0.4185425836456106,0.41390339371038265,0.1783563814111885,0.685349809913464,0.13127101326302176,0.4029176893742007,0.380638028617251,0.42538404506438215,0.3869233507948103,0.3800294923613352,0.1570822911787512,0.6539846177848493,0.12975672096795163,0.1358342067900363,0.115368945271137,0.15885664746753703,0.18268673289005363,0.16387831074120635,0.03365005043091741,0.4265710521951008,0.10465425688780751,0.8443465877443089,0.8128049982394322,0.8732698395207323,0.7258749084640381,0.7367615354950765,0.4731192679216876,0.9173417976196799,0.11810651075147748,0.6925849379680813,0.6020055217774066,0.7749287307349659,0.6107041337685937,0.615746428825719,0.3339484742801415,0.8531247521766062,0.13286190279091387,False,
I211F,missense,False,3.0,3.0,0.0,none,0.7857,2,23274908;38033998,,3.0,1.0,1.0,0.4452625924774054,0.42315589290052424,0.4666141642499242,0.5749553608931504,0.5752644006467817,0.3167807518621054,0.818140692321584,0.13109514974956935,0.4029176893742007,0.380638028617251,0.42538404506438215,0.5387346639427376,0.5427907428791159,0.2761028107745907,0.7816308195146712,0.13202793566207566,0.7992317806279915,0.7652285182303497,0.8310375157953367,0.844536161466641,0.8624554202441227,0.6100281398614658,0.9803956703793021,0.09823250460159065,0.9265167756874353,0.8924345272530286,0.9539340386654185,0.9451435001671151,0.965256997204668,0.783539888840741,0.9997333758576168,0.05946801586634016,0.9115870953627623,0.8648021212371524,0.9477284063300195,0.9321814624347895,0.9537154326201079,0.7477731788090539,0.9992915494371887,0.06841764098535993,False,
L146P,missense,False,3.0,3.0,0.0,P/LP,0.9975,2,25015100;32971462,,3.0,1.0,1.0,0.4452625924774054,0.42315589290052424,0.4666141642499242,0.5700111237971301,0.5736366608812922,0.3066898577010899,0.812800939380152,0.13211622296256562,0.4029176893742007,0.380638028617251,0.42538404506438215,0.5424460786380866,0.5474731836085203,0.27370399658867883,0.785388748943925,0.1337944427419854,0.9321338083934969,0.9135949745082528,0.9481932972312095,0.9470469117950036,0.9679256289081826,0.7864261577324431,0.9997790303049336,0.059932345204275504,0.8443465877443089,0.8128049982394322,0.8732698395207323,0.882675435857503,0.9025897161456069,0.6639447594863532,0.9911011113167395,0.08726617214561332,0.8810337484294235,0.8513384290250658,0.9070344738251421,0.9101664030222074,0.9301053059411761,0.7118049434483295,0.9962801171540612,0.07645764271275221,False,
M197T,missense,False,3.0,3.0,0.0,P/LP,0.8333,1,28163940,,3.0,1.0,1.0,0.4452625924774054,0.42315589290052424,0.4666141642499242,0.5708941099820897,0.572502783526285,0.30623708754872747,0.8186445605816504,0.13424944688498971,0.4029176893742007,0.380638028617251,0.42538404506438215,0.5429841478727362,0.5425080282094413,0.2822822220487014,0.7949466131094137,0.13223957787600693,0.8402402860275364,0.809095748459327,0.8682830852613774,0.8768531840535394,0.8973154104856329,0.6622757741585158,0.989250339018456,0.08788152229806485,0.8443465877443089,0.8128049982394322,0.8732698395207323,0.878716698975297,0.8979575632221587,0.6606219221658057,0.9891915944171923,0.08867290867339657,0.8518332711091904,0.8229004651218675,0.8794742745205708,0.8880951153691907,0.9080806524743302,0.6740028267620446,0.9924529658446419,0.08512030990455188,False,
M224T,missense,False,3.0,3.0,0.0,P/LP,0.9503,1,42468610,,3.0,1.0,1.0,0.4452625924774054,0.42315589290052424,0.4666141642499242,0.5800023601109718,0.582446954539769,0.31798376184428684,0.8233582845750034,0.13191073056435704,0.4029176893742007,0.380638028617251,0.42538404506438215,0.5410550412025297,0.5435629478096138,0.27896250266180667,0.7885957198867632,0.1317808123720944,0.9124667835590228,0.8907327440133939,0.9317476769550342,0.9337241807012784,0.9549775749489102,0.7590113061006339,0.999031450266266,0.06712394615932345,0.8443465877443089,0.8128049982394322,0.8732698395207323,0.879552632517951,0.8989729570652043,0.660190301016291,0.9904574156609067,0.08767600931338386,0.8732191482175997,0.8445902999422067,0.8991760553984264,0.9012342147039931,0.9217603396773075,0.6959025682129831,0.9950060456012212,0.08082459391271045,False,
M251L,missense,False,2.0,3.0,0.0,none,0.7985,2,32531870;41146706,,3.0,0.6666666666666666,0.6666666666666666,0.4452625924774054,0.42315589290052424,0.4666141642499242,0.4955456042228544,0.49508973245317744,0.24009114459906522,0.7581751653126552,0.13427929784828027,0.4029176893742007,0.380638028617251,0.42538404506438215,0.4619003118880785,0.4628771728743908,0.20457242423302494,0.7179106820822097,0.13396328343178554,0.8109824568289582,0.7777664778295416,0.8418460915189568,0.7779396401906558,0.7904023738411795,0.5311296437752665,0.9504906001739908,0.11004069269156858,0.9265167756874353,0.8924345272530286,0.9539340386654185,0.8657117873188392,0.8871146876514264,0.6416956788209798,0.9863298423465949,0.09191842108921194,0.9131633623970628,0.8669610691840921,0.9486474276946081,0.8547505251835752,0.8738750712949062,0.6173236757433737,0.9848099807815675,0.09738043510498617,False,
Q98X,nonsense,True,3.0,3.0,0.0,P/LP,,1,21518409,,3.0,1.0,1.0,0.4452625924774054,0.42315589290052424,0.4666141642499242,0.5748809175884061,0.5782048196138052,0.3126455842375928,0.8167331645132259,0.13180363869690248,0.9411156004189359,0.9010740930793922,0.970634631718583,0.953897088143238,0.9756837927476618,0.7923760082487642,0.9999647807885256,0.05890081001172929,0.9437991436509519,0.9042636937518541,0.9738801614839877,0.9565283270423087,0.9789386863376497,0.792256648713465,0.9999773551998999,0.057965932828676604,0.9060990411502131,0.8348103483688831,0.9560504177835257,0.9279511937749559,0.9495957787849136,0.7355369434071618,0.9994659986606236,0.07156531846912416,0.9156418519913224,0.8515201010669611,0.9620121554245736,0.9346293140066055,0.9591961350334276,0.7469085498678574,0.9996233182473638,0.07015684656439218,False,
S360W,missense,False,3.0,3.0,0.0,VUS,0.7175,2,35737141;38565685,,3.0,1.0,1.0,0.4452625924774054,0.42315589290052424,0.4666141642499242,0.5737676732985275,0.5798116500184891,0.3075304164903012,0.8147521912040175,0.13205302302933802,0.4029176893742007,0.380638028617251,0.42538404506438215,0.5384308160574149,0.5415580653193968,0.27686932160282135,0.7858529503993922,0.13202507991795237,0.7275536357581373,0.6899772669824573,0.7637238696683927,0.7923467708610361,0.8059685247357928,0.5366524946316775,0.9578272371407753,0.10901730973928024,0.44728059487000266,0.36899570891380024,0.5297373565300053,0.5725846703520905,0.5725113943710367,0.3052414249288936,0.8226153116375758,0.13340321882389378,0.5331952031348324,0.44280638958878515,0.6214347103055128,0.6420082896559273,0.6472281638935007,0.3668956360530542,0.8700555345127085,0.13172857069721794,False,
T103S,missense,False,3.0,3.0,0.0,P/LP,0.3881,1,21454522,,3.0,1.0,1.0,0.4452625924774054,0.42315589290052424,0.4666141642499242,0.5762821472502104,0.5807346900683092,0.3107735957715677,0.8087095287680302,0.1309953503176928,0.4029176893742007,0.380638028617251,0.42538404506438215,0.5371696092257194,0.538036348018966,0.2783812191317089,0.7952503408138195,0.13511387255000218,0.2791937536860484,0.24764162332511608,0.31200973441597707,0.444238435364239,0.43921176848518717,0.19201374089150416,0.7188867222274934,0.13567627458399434,0.8443465877443089,0.8128049982394322,0.8732698395207323,0.8793178115879874,0.8999697583042845,0.6689815582887699,0.9892107004845012,0.08601325561451768,0.7414451835423953,0.6751868858422162,0.8021807661555752,0.7997870349159651,0.8150486131159059,0.5473030699906432,0.9643282697781036,0.11096938835171873,False,
V16E,missense,False,3.0,3.0,0.0,VUS,0.711,2,25174781;34023340,,3.0,1.0,1.0,0.4452625924774054,0.42315589290052424,0.4666141642499242,0.5759128117920176,0.5808820325408495,0.31823358179541217,0.8124562694504699,0.12878211541074797,0.4029176893742007,0.380638028617251,0.42538404506438215,0.5446112431069078,0.5478812423876882,0.2789822855357449,0.7985637578084877,0.13568622211003573,0.719943537013514,0.6821432553905902,0.7562827472221062,0.7833967570747439,0.7984115700777377,0.5376348821523598,0.952871762049889,0.11098273204353529,0.44728059487000266,0.36899570891380024,0.5297373565300053,0.5760057517550555,0.579649948602915,0.3064944276113828,0.8196404961192503,0.13387414783797996,0.5306981698617012,0.44057102123600433,0.6189918245974959,0.6419720830710872,0.6479976767338855,0.36001376152635306,0.8757000421107751,0.13465294363269828,False,
V199A,missense,False,2.0,3.0,0.0,none,0.8815,2,30259503;33242514,,3.0,0.6666666666666666,0.6666666666666666,0.4452625924774054,0.42315589290052424,0.4666141642499242,0.49484656216122547,0.49653671280063894,0.23928530577729581,0.7545535300672169,0.13166614476933142,0.4029176893742007,0.380638028617251,0.42538404506438215,0.46458960023417506,0.4625373704895679,0.20711323537790546,0.7208198057830897,0.13329821843465323,0.8745639314293224,0.8474536112778326,0.8989975766389695,0.8276064937657346,0.8445791956846445,0.5768492091857308,0.9717486458378848,0.10290552020950058,0.9265167756874353,0.8924345272530286,0.9539340386654185,0.8638573248649157,0.8833522324997756,0.6390906805196908,0.9856320267205164,0.09344607472545108,0.9227551779688048,0.8796940068206739,0.9548083416773364,0.8638579459959264,0.8841778429357903,0.6347044779866999,0.9864439191978398,0.09325738731225167,False,
V244fs,frameshift,True,3.0,3.0,0.0,none,,1,20132997,,3.0,1.0,1.0,0.4452625924774054,0.42315589290052424,0.4666141642499242,0.5729994869538613,0.576179751081761,0.30429512600719727,0.8126063614370023,0.13136871163136465,0.9411156004189359,0.9010740930793922,0.970634631718583,0.9553242422168313,0.9763278042575521,0.8013542561180454,0.9999624904763039,0.055972092355739356,0.9437991436509519,0.9042636937518541,0.9738801614839877,0.9564256036499609,0.977878616168733,0.7960123983074916,0.9999778361236679,0.05612795512827052,0.9578898865717683,0.9264000040317821,0.9805284109802209,0.9674752263743503,0.9877526548454552,0.8272765455710537,0.9999987368839219,0.04889686841000662,0.9554340649172374,0.9220425334925565,0.979383153378201,0.9656002792091416,0.987222907467288,0.8147250153985879,0.9999961801765018,0.05059198883879314,False,
V253L,missense,False,3.0,3.0,0.0,P/LP,0.7927,1,25174781,,3.0,1.0,1.0,0.4452625924774054,0.42315589290052424,0.4666141642499242,0.573133593549432,0.5764228915022656,0.3096347690914104,0.8145507058837655,0.1326905217861405,0.4029176893742007,0.380638028617251,0.42538404506438215,0.5448877539394711,0.5447913168031796,0.282558662566243,0.7936815502380823,0.13372224007241662,0.8057246428148881,0.77208073840702,0.83697047608851,0.8518482934184547,0.8700815706681879,0.6311209173352156,0.9803552760308767,0.095049028799275,0.8443465877443089,0.8128049982394322,0.8732698395207323,0.8815651729326616,0.9004345434482677,0.6613290475797844,0.9903257415340952,0.08653342535294263,0.8437086175396883,0.8142072907711222,0.872386296516929,0.8811465397865975,0.8993557666132894,0.6686702495337529,0.9895306880674489,0.08668709393317311,False,
V302E,missense,False,3.0,3.0,0.0,P/LP,0.9795,1,29704611,,3.0,1.0,1.0,0.4452625924774054,0.42315589290052424,0.4666141642499242,0.5710836408964162,0.5772539578529956,0.2977368773478806,0.8164424142393555,0.13413108865297255,0.4029176893742007,0.380638028617251,0.42538404506438215,0.5415754950891758,0.5455538044586303,0.28188183252062937,0.7851752530390603,0.13106296685790653,0.9251708058219931,0.9055234750194165,0.9424428470186346,0.9408017734528883,0.96246423182144,0.7604028690937281,0.9996000977454587,0.06532053608517953,0.8443465877443089,0.8128049982394322,0.8732698395207323,0.8811486722931814,0.8986511470102634,0.6652321969681838,0.9903922573711791,0.0871574622670046,0.8781066917392665,0.8490230446678256,0.9039063648156395,0.9049235623780796,0.9244785424588375,0.7074875370256548,0.9956678795111494,0.0779343911428047,False,
V62A,missense,False,3.0,3.0,1.0,P/LP,0.9814,1,23306198,,4.0,0.75,1.0,0.4452625924774054,0.42315589290052424,0.4666141642499242,0.5307076553862826,0.5316593990559442,0.2762480375021448,0.7727544318557404,0.12899217456551557,0.4029176893742007,0.380638028617251,0.42538404506438215,0.5022770492424173,0.5016329350672588,0.2569670125713077,0.7538222890061053,0.1291560010737171,0.9259357596640971,0.90641390964559,0.9430834349966319,0.8757835893263064,0.8927940813916662,0.6624396058434663,0.9865147048611305,0.08563314902588724,0.8443465877443089,0.8128049982394322,0.8732698395207323,0.8142809262994799,0.8300077895071778,0.5768902743112587,0.9694130570135892,0.10299607730561265,0.8784187222507076,0.849225657032236,0.9041870900320664,0.8423341067507137,0.8585331959751571,0.614282458375638,0.976641903613664,0.09572459121970908,False,3.9795e-06
W289C,missense,False,3.0,3.0,0.0,P/LP,0.8133,1,23433541,,3.0,1.0,1.0,0.4452625924774054,0.42315589290052424,0.4666141642499242,0.573588128159409,0.574508313384186,0.3118695776620724,0.8157389444324006,0.13210237411579978,0.4029176893742007,0.380638028617251,0.42538404506438215,0.5402209742160471,0.5433557735589856,0.27312721079646557,0.789605334428242,0.1346482051311123,0.8239014340400451,0.7915590454068921,0.8536361349541723,0.864615866727018,0.8842181824797425,0.6364687474976506,0.9857690624382189,0.0922929874253798,0.8443465877443089,0.8128049982394322,0.8732698395207323,0.8833650997887623,0.9012035122100368,0.6805942309673375,0.9912845552895478,0.08553223737430608,0.8478775634742652,0.8188276590056827,0.8759253782999017,0.8822374990655816,0.9013462319165773,0.6663543731606681,0.9913008683079957,0.08668271655116515,False,
Y234H,missense,False,3.0,3.0,0.0,none,0.9858,1,36837511,,3.0,1.0,1.0,0.4452625924774054,0.42315589290052424,0.4666141642499242,0.5729486515326814,0.5790741195935616,0.30044057531964924,0.815132600893936,0.13427649018886834,0.4029176893742007,0.380638028617251,0.42538404506438215,0.5435478261754242,0.5439060584884594,0.2812921649308142,0.7934871082527413,0.13120443102595528,0.9276796388797416,0.9084286013762923,0.9445412650596178,0.9454170929464857,0.9668237167806755,0.780844649114754,0.999548041416563,0.06006427911433353,0.9265167756874353,0.8924345272530286,0.9539340386654185,0.9440897203642781,0.9652536808007374,0.7742014745289971,0.9997304934436247,0.06217803006587684,0.9333722787727653,0.8942085333350964,0.9620060509166808,0.9488935905836651,0.9708505762402537,0.781647527974036,0.9999155510161266,0.060641470471953327,False,
Y289C,missense,False,2.0,3.0,0.0,P/LP,0.8133,2,22761713;34023340,,3.0,0.6666666666666666,0.6666666666666666,0.4452625924774054,0.42315589290052424,0.4666141642499242,0.4991431216316475,0.4988748643307801,0.23908697812745866,0.7566629111096141,0.13501958765471325,0.4029176893742007,0.380638028617251,0.42538404506438215,0.46238062615917425,0.45951145212666167,0.20706811651207796,0.7270532540289397,0.13418749908537458,0.8239014340400451,0.7915590454068921,0.8536361349541723,0.7868388031950596,0.8031345255767057,0.5431312215569556,0.9549328847118792,0.10852685037147242,0.8443465877443089,0.8128049982394322,0.8732698395207323,0.8028094404965593,0.8174173279135256,0.5628732521835769,0.9605298185214334,0.1059668149814487,0.8478775634742652,0.8188276590056827,0.8759253782999017,0.8063829115886274,0.8234758557737429,0.5558417355589854,0.9645360308225019,0.10682716832213804,False,
c.364-8T>G,splice,True,3.0,3.0,0.0,none,,1,31276222,,3.0,1.0,1.0,0.4452625924774054,0.42315589290052424,0.4666141642499242,0.5705510189253097,0.5743677001355618,0.2987478719095992,0.8112046317668523,0.13143655995468476,0.9411156004189359,0.9010740930793922,0.970634631718583,0.9558164528896442,0.9774334183389225,0.8043106875116814,0.999963867292068,0.054758098248638865,0.9437991436509519,0.9042636937518541,0.9738801614839877,0.9570576678783175,0.9775246189616249,0.8025108272197304,0.9999829713047945,0.05449910153498918,0.9578898865717683,0.9264000040317821,0.9805284109802209,0.9676139565961386,0.9880636659617036,0.8332323028378431,0.9999985489176132,0.04754772730266733,0.9554340649172374,0.9220425334925565,0.979383153378201,0.9656430008827483,0.9861260677539885,0.8247348070252909,0.9999981139764713,0.049067445983214,False,
c.483+2T>A,splice,True,3.0,3.0,0.0,none,,1,29510678,,3.0,1.0,1.0,0.4452625924774054,0.42315589290052424,0.4666141642499242,0.5725407283724991,0.5780580843362748,0.30828950371648545,0.8102840535986757,0.13148840198217046,0.9411156004189359,0.9010740930793922,0.970634631718583,0.9542722955608758,0.9764319118305349,0.787259452584506,0.999967655114535,0.05858762114655243,0.9437991436509519,0.9042636937518541,0.9738801614839877,0.9590105326643095,0.979956761553819,0.8017104007473987,0.9999775714590353,0.053973912371303376,0.9578898865717683,0.9264000040317821,0.9805284109802209,0.9681836816692272,0.9883080692367492,0.8266876122949554,0.9999993684734286,0.048935906733381114,0.9554340649172374,0.9220425334925565,0.979383153378201,0.9641487792654223,0.9862899521042654,0.8105684173081732,0.9999985446120294,0.05220674016556548,False,
c.863+1G>A,splice,True,3.0,3.0,0.0,none,,2,31092478;36418577,,3.0,1.0,1.0,0.4452625924774054,0.42315589290052424,0.4666141642499242,0.571001862429402,0.5754442780106777,0.3066030502037856,0.8139869819085931,0.1325829031148919,0.9411156004189359,0.9010740930793922,0.970634631718583,0.9562134556913927,0.977315007969503,0.7961136850162704,0.9999623499026798,0.05668384072779111,0.9437991436509519,0.9042636937518541,0.9738801614839877,0.9558639558798302,0.9782651845759807,0.8002669549532401,0.9999796342079972,0.05616896762952518,0.9578898865717683,0.9264000040317821,0.9805284109802209,0.9689164757799237,0.9883607150697757,0.8344050118584799,0.99999865046688,0.045977646784111155,0.9554340649172374,0.9220425334925565,0.979383153378201,0.9663434092456163,0.9857444366131886,0.828301849760282,0.999996770119737,0.04859285356299632,False,
A173S,missense,False,2.0,2.0,0.0,none,0.4792,1,36178555,,2.0,1.0,1.0,0.4452625924774054,0.42315589290052424,0.4666141642499242,0.5354372794042122,0.537411322188935,0.2645109096960166,0.7899039257632501,0.1378650073332147,0.4029176893742007,0.380638028617251,0.42538404506438215,0.500192567336784,0.4977214560147642,0.2371294490182403,0.7686449253874882,0.1396074994598644,0.3978721796667884,0.36096586962969823,0.43558002895873366,0.49629132302622236,0.49668593872815797,0.22791008342058208,0.7654975681382543,0.1400088612541182,0.9265167756874353,0.8924345272530286,0.9539340386654185,0.9393580108802208,0.9618939972810825,0.7427052424978465,0.9996469364580336,0.06754061571593444,0.864986805807244,0.7980735470655588,0.9199889679623691,0.8841127635114076,0.9077829192042914,0.650164545988595,0.9944125977064171,0.09423156684860522,False,
A208T,missense,False,2.0,2.0,1.0,P/LP,0.9782,1,25015100,,3.0,0.6666666666666666,1.0,0.4452625924774054,0.42315589290052424,0.4666141642499242,0.4978576602205069,0.49678414778473634,0.23527195684294394,0.75704759738733,0.13314630618500103,0.4029176893742007,0.380638028617251,0.42538404506438215,0.4625818802372914,0.46182803821339075,0.20758661361547692,0.7231487856258216,0.13276509968874162,0.9246432327479525,0.9049131291557637,0.9420006558043523,0.8647818200157469,0.8827449744109852,0.6493926341545782,0.986632371126566,0.09121105764031583,0.8443465877443089,0.8128049982394322,0.8732698395207323,0.8034304733188312,0.8182995648505547,0.5544935169572299,0.9633452030345236,0.10642952623201538,0.8778927783468584,0.8488473754177073,0.9036863197062072,0.830552978123648,0.8457336668140765,0.5812776450676513,0.9735074544748901,0.09992050791183511,False,6.57168e-06
A378fs,frameshift,True,2.0,2.0,0.0,none,,1,36342518,,2.0,1.0,1.0,0.4452625924774054,0.42315589290052424,0.4666141642499242,0.5354160349122358,0.5365434492847345,0.269498406817776,0.7919127570224809,0.1368846129418163,0.9411156004189359,0.9010740930793922,0.970634631718583,0.9513694326302721,0.974947486633184,0.7804153977844503,0.9999650059288694,0.06148531242973341,0.9437991436509519,0.9042636937518541,0.9738801614839877,0.9537792526691761,0.9766503759293064,0.7791627148817775,0.9999800518485903,0.05999057523595792,0.9578898865717683,0.9264000040317821,0.9805284109802209,0.965458269804566,0.9868612307976454,0.8144382004808853,0.9999989255316891,0.051598988482131423,0.9554340649172374,0.9220425334925565,0.979383153378201,0.962871648071965,0.9855844309123414,0.8065674513540989,0.9999963448851749,0.054423570505998366,False,
A379T,missense,False,2.0,2.0,0.0,none,0.861,1,36732323,,2.0,1.0,1.0,0.4452625924774054,0.42315589290052424,0.4666141642499242,0.5375024051145685,0.5384701626167978,0.27364326240152936,0.8010371122551094,0.13826949833181462,0.4029176893742007,0.380638028617251,0.42538404506438215,0.5046672032851994,0.5080896698023571,0.23140263053980648,0.772696309259248,0.141331598850125,0.8608110605183021,0.8319000411119881,0.8867162601133012,0.8870330695580999,0.9087908508795215,0.6725525797015421,0.9926399050832112,0.086769183864595,0.9265167756874353,0.8924345272530286,0.9539340386654185,0.9390977050282837,0.9622904968650949,0.7440917091940973,0.9997295809185907,0.06793827404033291,0.9204847775601656,0.876773032890636,0.9533121358384042,0.9343863498075041,0.9579797712903335,0.7445290864699052,0.9995881120641379,0.06927594339136922,False,
A379V,missense,False,2.0,2.0,0.0,P/LP,0.9253,1,25174781,,2.0,1.0,1.0,0.4452625924774054,0.42315589290052424,0.4666141642499242,0.5378805061473012,0.5417779140937219,0.26233134413104836,0.794100858415588,0.13797805856995288,0.4029176893742007,0.380638028617251,0.42538404506438215,0.5049173262475103,0.5058167336900687,0.23951073844495607,0.7721657066149269,0.13879483778616664,0.9000705938855762,0.8765350348709698,0.9210545781575992,0.9144352498978596,0.9368159514765932,0.7073638404318037,0.9976604184273187,0.07775054651592,0.8443465877443089,0.8128049982394322,0.8732698395207323,0.8717939657602528,0.8935641834710338,0.639109998215212,0.9891579209901222,0.09344575827872746,0.8688950805301683,0.8402474469971994,0.8952912253866103,0.8912383262893683,0.9125072473457561,0.6733771689744777,0.9940282063240992,0.0864028204113926,False,
A384V,missense,False,2.0,2.0,0.0,VUS,0.575,2,31576961;36504295,,2.0,1.0,1.0,0.4452625924774054,0.42315589290052424,0.4666141642499242,0.5387659272832317,0.5409241632573667,0.261907294345808,0.8031627303079126,0.1400354177522328,0.4029176893742007,0.380638028617251,0.42538404506438215,0.5021976279387418,0.50141998457805,0.22953132553511832,0.7731316449030191,0.14210776808841022,0.5367633729572383,0.49787302993827004,0.5769384393054365,0.6158789801748974,0.6231235879701367,0.3389197839876358,0.8551884326570711,0.13434654292872242,0.44728059487000266,0.36899570891380024,0.5297373565300053,0.5403760980918937,0.5412356155987494,0.26905439543846776,0.8031293777368941,0.14029614241357624,0.47821961197248597,0.39473654609946285,0.5603941960366151,0.5644500158252902,0.568580341519612,0.28202402754164657,0.8216555043551995,0.14269079393371908,False,
A449V,missense,False,1.0,2.0,2.0,none,0.8601,1,36208030,,4.0,0.25,0.5,0.4452625924774054,0.42315589290052424,0.4666141642499242,0.3899305960927414,0.3840106643874494,0.1594276378937471,0.6440882400187946,0.1256911692819257,0.4029176893742007,0.380638028617251,0.42538404506438215,0.36086467419484364,0.35097019684502095,0.1403954677412944,0.6182206748575702,0.12494987228177803,0.860179180410113,0.8311754515598788,0.8861358075657224,0.6849672492420018,0.6958289278390272,0.4171457484153568,0.8943676144965994,0.12339033644494815,0.9265167756874353,0.8924345272530286,0.9539340386654185,0.7334434821768676,0.7447001656381073,0.4866101303160993,0.9216765426510601,0.11504213465085561,0.9203836518520216,0.8766604191894399,0.9532518297540918,0.7289760127205779,0.7396485617962706,0.47829031313462733,0.9171740601991072,0.1152260592318131,False,8.33271e-06
C253Y,missense,False,1.0,2.0,0.0,none,,1,37082200,,2.0,0.5,0.5,0.4452625924774054,0.42315589290052424,0.4666141642499242,0.4518469323491416,0.4500957029588549,0.18812514566244598,0.7290257647342162,0.14026866949977154,0.4029176893742007,0.380638028617251,0.42538404506438215,0.4199445099371737,0.4116885281173164,0.17233179787296338,0.6994237164939153,0.1373156158087465,0.961710047716498,0.9163514237072201,0.9899559996207018,0.8855154134541641,0.9071145221963255,0.6586508254974699,0.9936685525589909,0.09109266836215274,0.9265167756874353,0.8924345272530286,0.9539340386654185,0.8532036908648492,0.8726518920912327,0.6252111877620623,0.9829677621331342,0.09642111278202167,0.9636958237749773,0.922971040837327,0.9895773917585774,0.88390488761298,0.9046014263166758,0.6617562274953561,0.9931319295911603,0.0896156238424743,False,
C382Y,missense,False,2.0,2.0,0.0,P/LP,0.9832,1,38970407,,2.0,1.0,1.0,0.4452625924774054,0.42315589290052424,0.4666141642499242,0.5348442634535681,0.5379177717530557,0.2671618854742719,0.7869358221439331,0.13615408940090587,0.4029176893742007,0.380638028617251,0.42538404506438215,0.5022581900838523,0.5030849088600126,0.24167851244781177,0.7683609867976092,0.13911831492546978,0.9266537999951467,0.9072415354984781,0.9436841227788202,0.9393699079621203,0.9608486457951708,0.7564256676874379,0.9995700837270617,0.06574354650514093,0.8443465877443089,0.8128049982394322,0.8732698395207323,0.8717323036981748,0.8928279554642609,0.6402743795820734,0.9896536103638239,0.09478079978573332,0.878713660492588,0.8493917401252531,0.9045165997361517,0.8989618605666541,0.9197633569536416,0.68580301044883,0.9963749405914664,0.08420209086631139,False,
D160H,missense,False,2.0,2.0,0.0,VUS,0.9119,1,38970407,,2.0,1.0,1.0,0.4452625924774054,0.42315589290052424,0.4666141642499242,0.539329748559727,0.5436467211337843,0.2671767199276698,0.7973508517228437,0.13884661522936836,0.4029176893742007,0.380638028617251,0.42538404506438215,0.5020573368936696,0.5044243386241283,0.22953473479882838,0.7682535563837358,0.14083992378581262,0.8928008017055351,0.868258101813616,0.9148393439251964,0.91384653505598,0.934064515227522,0.7130718462225727,0.9969698650352815,0.076581914652152,0.44728059487000266,0.36899570891380024,0.5297373565300053,0.540685399937427,0.5414533877779761,0.26877898390092303,0.808017615883832,0.14130826685233283,0.6063156702392996,0.5015400462257893,0.7037929036247628,0.6735751608409601,0.6852029898972913,0.38550887519224253,0.9033560696762694,0.13611751421556423,False,
D274E,missense,False,2.0,2.0,1.0,VUS,0.9859,1,36178555,,3.0,0.6666666666666666,1.0,0.4452625924774054,0.42315589290052424,0.4666141642499242,0.4979432946811374,0.49834930537614885,0.242503637024363,0.754720694433303,0.13570622190095366,0.4029176893742007,0.380638028617251,0.42538404506438215,0.46159670777394735,0.4596654204148933,0.21001871931405577,0.7185335756141973,0.13248094029069116,0.9277188284393107,0.9084740519926762,0.9445739856180914,0.8672278100769868,0.8865954969283867,0.6441570366113111,0.9859117203683082,0.09076576572409144,0.44728059487000266,0.36899570891380024,0.5297373565300053,0.4986594551788494,0.497684029578246,0.2372963351410464,0.766173496434449,0.13735918397575356,0.6329489485641535,0.5222679340909867,0.7328101031072114,0.6414418779526371,0.6487380251127048,0.3628706758427115,0.8741366644572625,0.13416209372984944,False,3.99173e-06
D363G,missense,False,2.0,2.0,0.0,P/LP,0.9158,1,37045781,,2.0,1.0,1.0,0.4452625924774054,0.42315589290052424,0.4666141642499242,0.5345605168447458,0.5363333836189826,0.25562625712098763,0.7986558860380709,0.14152961139138895,0.4029176893742007,0.380638028617251,0.42538404506438215,0.5008911056276513,0.5013986118184782,0.2317795190326192,0.7637179208087557,0.13937386477287234,0.8949634438020021,0.8706627469372727,0.9166929772981279,0.9119370430184459,0.9336419364213715,0.7109291558940806,0.9971263610340745,0.07824795300951151,0.8443465877443089,0.8128049982394322,0.8732698395207323,0.8701363377097414,0.8913525507639454,0.6389129462471159,0.9899846028720204,0.09432266267567495,0.8672176286635024,0.8386575223004125,0.8938237451569154,0.889304385172735,0.9107647053608185,0.675439896123115,0.9932343869778923,0.08727704007702765,False,
E157del,inframe_indel,False,2.0,2.0,0.0,none,,1,41625734,,2.0,1.0,1.0,0.4452625924774054,0.42315589290052424,0.4666141642499242,0.538707300864846,0.5402092912520314,0.26662525600351333,0.7938908045645872,0.13865650641822216,0.4029176893742007,0.380638028617251,0.42538404506438215,0.5007997378583757,0.4991123502229253,0.22157283847408674,0.7707991759823238,0.14184278188990043,0.961710047716498,0.9163514237072201,0.9899559996207018,0.9675374623439047,0.9898535701408866,0.8121568712996137,0.999999991533859,0.05102503793985275,0.9265167756874353,0.8924345272530286,0.9539340386654185,0.9385715279478782,0.9611310257133379,0.7483531813575022,0.999651345774676,0.06853548145167851,0.9636958237749773,0.922971040837327,0.9895773917585774,0.9693714114853027,0.9911046878180786,0.8186963744863645,0.9999999942639889,0.04937325610529556,False,
E17del,inframe_indel,False,2.0,2.0,0.0,none,,1,36178555,,2.0,1.0,1.0,0.4452625924774054,0.42315589290052424,0.4666141642499242,0.5386954226635073,0.5419361566792256,0.26839536430268235,0.7924335170044711,0.1361604279902392,0.4029176893742007,0.380638028617251,0.42538404506438215,0.5007164872152485,0.5018471314840589,0.23136883256888377,0.7676419503964305,0.13909294726318647,0.961710047716498,0.9163514237072201,0.9899559996207018,0.9688343989020536,0.9901839177030722,0.821420528488671,0.9999999962361212,0.04885431847174238,0.9265167756874353,0.8924345272530286,0.9539340386654185,0.9405086711005107,0.9622863795851535,0.7684083457834764,0.999716468412759,0.06517022845024588,0.9636958237749773,0.922971040837327,0.9895773917585774,0.9693961877053527,0.9907775379836166,0.8239054687052273,0.9999999982561948,0.04919815885242892,False,
E256fs,frameshift,True,2.0,2.0,0.0,none,,2,23771172;25015100,,2.0,1.0,1.0,0.4452625924774054,0.42315589290052424,0.4666141642499242,0.5364483655442478,0.5396185081821381,0.25755125437482557,0.7974699062215561,0.13904532939345357,0.9411156004189359,0.9010740930793922,0.970634631718583,0.9525858507350932,0.9750044770796773,0.7837191174435014,0.9999509665085797,0.059558549858431564,0.9437991436509519,0.9042636937518541,0.9738801614839877,0.9534992652197471,0.9773363353857325,0.7834561747278297,0.9999682452357426,0.060547305806740344,0.9578898865717683,0.9264000040317821,0.9805284109802209,0.9653852744378496,0.9871218071057322,0.8156027262110807,0.9999997083272595,0.05225344610561386,0.9554340649172374,0.9220425334925565,0.979383153378201,0.9624249995750676,0.984750166774979,0.8005213444809984,0.9999948685113278,0.0551561909986221,False,
E300K,missense,False,2.0,2.0,0.0,P/LP,0.9771,2,36584766;37875989,,2.0,1.0,1.0,0.4452625924774054,0.42315589290052424,0.4666141642499242,0.5395168660443211,0.5403877303761508,0.2667936466552411,0.8005818577143414,0.13918731761798322,0.4029176893742007,0.380638028617251,0.42538404506438215,0.509066997985977,0.5127215819499364,0.22965465946127905,0.7804759303441223,0.1416783372708516,0.9241941544060176,0.9043939288367209,0.941623893369075,0.9366681335416974,0.9594756498521415,0.7565581304440376,0.9995628834997767,0.06815373632145902,0.8443465877443089,0.8128049982394322,0.8732698395207323,0.8713744443229862,0.8915351651786578,0.6383074815550759,0.9905572921440073,0.09394255585833988,0.8777115085957531,0.8486834101132987,0.903490548894524,0.895952127033196,0.9177116988634737,0.6766062137653315,0.995026778643399,0.08625724552353735,False,0.0
E440X,nonsense,True,2.0,2.0,0.0,P/LP,,1,23890519,,2.0,1.0,1.0,0.4452625924774054,0.42315589290052424,0.4666141642499242,0.5393876878381059,0.5414294266409607,0.24954535007112794,0.8051455142231378,0.14199134817990078,0.9411156004189359,0.9010740930793922,0.970634631718583,0.9506158175494428,0.9742146864068437,0.7670761022393592,0.9999677114051716,0.06285686198159506,0.9437991436509519,0.9042636937518541,0.9738801614839877,0.9540623243142239,0.9769472119174473,0.7791359058690833,0.9999797954395623,0.06023174488269011,0.9060990411502131,0.8348103483688831,0.9560504177835257,0.919713334432775,0.9454990239314078,0.6938784490953974,0.9991607586350857,0.08210403375600187,0.9156418519913224,0.8515201010669611,0.9620121554245736,0.9286949651788918,0.9525521108268789,0.7312233344685093,0.9995843123096827,0.0742168778504373,False,
E67V,missense,False,2.0,2.0,0.0,none,0.2879,1,37725835,,2.0,1.0,1.0,0.4452625924774054,0.42315589290052424,0.4666141642499242,0.5421873940400194,0.5476247222322488,0.2734444381728447,0.793362529605155,0.13745223988713237,0.4029176893742007,0.380638028617251,0.42538404506438215,0.5032480405703835,0.5017419925296929,0.23830234197061115,0.7693314158963387,0.1396729415071164,0.17715559825973917,0.15312300368616322,0.20391478722114503,0.3162914562233466,0.30599063892650535,0.0964541478784501,0.5958049787921851,0.13102118705088311,0.9265167756874353,0.8924345272530286,0.9539340386654185,0.9391829280510975,0.9623088728959037,0.7608010376434297,0.9997722841919983,0.06693473849312065,0.8260511719970371,0.7361388849508103,0.8990791141861518,0.8581419897140959,0.8809665485724669,0.609131381337034,0.9889062971248654,0.10144121384620991,False,
F123S,missense,False,2.0,2.0,0.0,VUS,0.9968,2,27256595;37838154,,2.0,1.0,1.0,0.4452625924774054,0.42315589290052424,0.4666141642499242,0.5381750274059631,0.5417368196583217,0.2652502588577613,0.8010697766359968,0.13844384496385534,0.4029176893742007,0.380638028617251,0.42538404506438215,0.5020084491426128,0.49987635110314627,0.2376916173513605,0.7733473350835856,0.13980970985075525,0.9318746409775114,0.9132988967436202,0.9479781270026019,0.9445682587568972,0.9678083366015131,0.7571449225734947,0.9997216105010488,0.06489020613457355,0.44728059487000266,0.36899570891380024,0.5297373565300053,0.5378375327678068,0.5388095688900993,0.26018604510932525,0.8015236502241211,0.1410719808477586,0.6367988165964198,0.5251634628955341,0.7372283517584798,0.6933371662474723,0.7042338694807107,0.4081209748610611,0.916813079300158,0.13288941131243004,False,
F152L,missense,False,2.0,2.0,0.0,P/LP,0.9997,2,38565685;41112090,,2.0,1.0,1.0,0.4452625924774054,0.42315589290052424,0.4666141642499242,0.534903265472263,0.5353313144265479,0.2596441298828795,0.7989689403638381,0.14045113058444694,0.4029176893742007,0.380638028617251,0.42538404506438215,0.5028777118100961,0.5029161960775117,0.23610427612424467,0.7614274690702449,0.13737078298753624,0.9329423851967468,0.9145257157993967,0.9488640813563733,0.9443635472280333,0.9660528063765277,0.7674924760260938,0.9997160167448845,0.06338746115798141,0.8443465877443089,0.8128049982394322,0.8732698395207323,0.8701758187062671,0.8919122023373385,0.636939365602754,0.9876484111911984,0.09423056290777923,0.881387072084719,0.8517501571507994,0.9073929513965702,0.8995908352298323,0.9214227664905483,0.6883666059276162,0.9957124534721541,0.08343514294383719,False,
F171L,missense,False,2.0,2.0,0.0,none,0.9992,2,32531870;41625734,,2.0,1.0,1.0,0.4452625924774054,0.42315589290052424,0.4666141642499242,0.5355498799509784,0.5384500471163529,0.2648616689164669,0.7956530505030223,0.13879938789311053,0.4029176893742007,0.380638028617251,0.42538404506438215,0.5010890907327721,0.5014377022045068,0.23066391727118202,0.7696310468141631,0.14187961766612356,0.9327594076962603,0.9143128979542056,0.9487123556746692,0.9430123624813646,0.9654908536186313,0.7669944501784591,0.9997046196495095,0.06504597630899156,0.9265167756874353,0.8924345272530286,0.9539340386654185,0.9385520266796148,0.9618578347260773,0.7576319103735163,0.9997326641015151,0.06927916536801537,0.9346290689274909,0.8956781641407652,0.9627974530127572,0.94548824902123,0.9694940926726671,0.7617493368268644,0.9999044635021594,0.06648802089281668,False,
F438del,inframe_indel,False,2.0,2.0,0.0,none,,1,36178555,,2.0,1.0,1.0,0.4452625924774054,0.42315589290052424,0.4666141642499242,0.5387776770140115,0.5426354054516551,0.2641338397964599,0.797249787040855,0.13758602311503454,0.4029176893742007,0.380638028617251,0.42538404506438215,0.5024165505886843,0.49945590090681696,0.23139807282131666,0.772039579827921,0.13881159044446903,0.961710047716498,0.9163514237072201,0.9899559996207018,0.9681925798319224,0.9910185600152168,0.8153446069906818,0.9999999948263057,0.05169424692960957,0.9265167756874353,0.8924345272530286,0.9539340386654185,0.937607293117447,0.9622968644488362,0.7443789225279998,0.9996898876520467,0.07055931682068199,0.9636958237749773,0.922971040837327,0.9895773917585774,0.9693589677140017,0.9913660045213293,0.8187526387011841,0.9999999913105009,0.05071353989764906,False,
G117S,missense,False,2.0,2.0,5.0,VUS,0.6786,2,28012402;37838154,,7.0,0.2857142857142857,1.0,0.4452625924774054,0.42315589290052424,0.4666141642499242,0.38379813945130814,0.3794587959052589,0.17060675811698037,0.6273030900230996,0.11766184427610916,0.4029176893742007,0.380638028617251,0.42538404506438215,0.3586624304017633,0.35454133994921877,0.15655039642311916,0.594908397955507,0.11512955400472819,0.6801397563480635,0.641747231375846,0.7183931264454104,0.5175496539987849,0.5167160116347081,0.2894842250190165,0.7485710414425107,0.11866723475465572,0.44728059487000266,0.36899570891380024,0.5297373565300053,0.3815895835304505,0.3779200720375274,0.17397277293086583,0.6189958868455896,0.11509314472274587,0.5182250390754274,0.4298290665687155,0.6034076007260136,0.4212747490435923,0.4159513347559507,0.20145545280019425,0.6641098656928464,0.12019618230244719,False,1.98959e-05
G193E,missense,False,2.0,2.0,0.0,none,0.5666,1,23926378,,2.0,1.0,1.0,0.4452625924774054,0.42315589290052424,0.4666141642499242,0.5379885775250103,0.5400288400382418,0.26412993133599116,0.7954423180864415,0.1401372505013764,0.4029176893742007,0.380638028617251,0.42538404506438215,0.4983432205517964,0.4979574379141301,0.22869138122020358,0.7682886560246962,0.140811329524582,0.5245000557945421,0.485534628258199,0.5645873019134746,0.6050259706751625,0.6087718883394713,0.3255101901974,0.8500879346124927,0.13627349562598984,0.9265167756874353,0.8924345272530286,0.9539340386654185,0.9393266684822545,0.962286028147052,0.7534819636331658,0.9996902818118109,0.06700756812062837,0.8801298797730701,0.820496023355515,0.9286161826397843,0.8995153209674979,0.9243503880295147,0.6741527392547586,0.9974456086139675,0.08786091046329632,False,
G193_D194ins,inframe_indel,False,2.0,2.0,0.0,none,,2,15841481;36208030,,2.0,1.0,1.0,0.4452625924774054,0.42315589290052424,0.4666141642499242,0.5381395421674251,0.5398031445809743,0.2596466583994082,0.804041185397523,0.13934128772716603,0.4029176893742007,0.380638028617251,0.42538404506438215,0.4990569987852882,0.5021443190766335,0.23661685386858541,0.7675621029887986,0.13786046007299707,0.961710047716498,0.9163514237072201,0.9899559996207018,0.968943289594891,0.990712858358966,0.8270218144737486,0.9999999954826364,0.04804166077544763,0.9265167756874353,0.8924345272530286,0.9539340386654185,0.9404412267540644,0.9631089338866596,0.7604385424757804,0.9997210989143811,0.06696030988325422,0.9636958237749773,0.922971040837327,0.9895773917585774,0.9692937865199677,0.9910520409166337,0.8212443671776983,0.9999999887360497,0.049460003486015466,False,
G227S,missense,False,2.0,2.0,0.0,VUS,0.9801,2,37838154;38565685,,2.0,1.0,1.0,0.4452625924774054,0.42315589290052424,0.4666141642499242,0.5404872804254707,0.5388710646141026,0.2696140091513871,0.8008732710355325,0.1379995785850553,0.4029176893742007,0.380638028617251,0.42538404506438215,0.5006456233857438,0.5020218081561867,0.24110534585905502,0.7681786180066918,0.13931356927653352,0.9254131526134861,0.9058053414236814,0.9426458659142802,0.9382807363002554,0.9601872809847267,0.7599065987477436,0.9993906084191163,0.06540134785538483,0.44728059487000266,0.36899570891380024,0.5297373565300053,0.5400662362325769,0.5432497873250826,0.2594157911829489,0.8075466525838528,0.14256823024507345,0.6308923553058695,0.5209551025881599,0.7305365347842766,0.6928297294213092,0.7047498565064239,0.40950439981660375,0.9192116879648287,0.13269398787329195,False,
G258C,missense,False,2.0,2.0,0.0,VUS,0.9869,1,33477506,,2.0,1.0,1.0,0.4452625924774054,0.42315589290052424,0.4666141642499242,0.5380884735531126,0.5386328133947954,0.2608496425426681,0.8019340682376629,0.14093315797761566,0.4029176893742007,0.380638028617251,0.42538404506438215,0.5044225082917443,0.5046410651518158,0.23165993994786682,0.781280741688186,0.14025627152335485,0.9281096466770935,0.9089274434788385,0.9448903330570203,0.9380799800000544,0.9611751760822935,0.7559705085884967,0.9995989804979257,0.06734029012552911,0.44728059487000266,0.36899570891380024,0.5297373565300053,0.5391973889795296,0.5419154167545694,0.25813477587329475,0.8031981870429117,0.14056843857816695,0.6333029729290579,0.5224942536951444,0.7331915079978933,0.6923390694205962,0.7020253919295785,0.40679673507105485,0.9198585888155677,0.13679314763763428,False,
G264S,missense,False,2.0,2.0,0.0,P/LP,0.2496,2,14578306;41112090,,2.0,1.0,1.0,0.4452625924774054,0.42315589290052424,0.4666141642499242,0.536479077207147,0.5377573554061994,0.27048527433589725,0.7887201446421067,0.13717938671762134,0.4029176893742007,0.380638028617251,0.42538404506438215,0.5026572250337401,0.5033144286525756,0.23616887205581244,0.7701679848413465,0.13784365766315457,0.1467748609916939,0.12525227245093343,0.1708977640465448,0.2893193714090104,0.27756665202556174,0.08252574041823932,0.5716582565719688,0.12690485750630748,0.8443465877443089,0.8128049982394322,0.8732698395207323,0.8710107354829452,0.8890052016185226,0.6402340590884961,0.9899934350677243,0.09234128669727802,0.6976942181636914,0.6094476828905289,0.7776753459258202,0.7482505823008978,0.7608861454317974,0.4675759156989398,0.943331114396504,0.12494491692052412,False,
G73E,missense,False,1.0,2.0,0.0,none,,1,29264522,,2.0,0.5,0.5,0.4452625924774054,0.42315589290052424,0.4666141642499242,0.45692035577430956,0.45457072434108525,0.2014613469276106,0.7234035447825057,0.1360326294247692,0.4029176893742007,0.380638028617251,0.42538404506438215,0.4213837340592622,0.42029245454845576,0.1688469713859831,0.6975362034380613,0.1391473906199401,0.961710047716498,0.9163514237072201,0.9899559996207018,0.8852509477302626,0.9053534309191922,0.6696439809606791,0.9939918370822257,0.08836834696140407,0.9265167756874353,0.8924345272530286,0.9539340386654185,0.8551245629733958,0.8744668612673405,0.6174363780869456,0.9855184796794912,0.09824573133793461,0.9636958237749773,0.922971040837327,0.9895773917585774,0.8860037088943727,0.9088680512758236,0.6653810524888223,0.9937121543073688,0.0895369204079382,False,
H317Q,missense,False,2.0,2.0,1.0,Conflicting,0.1142,1,31063852,,3.0,0.6666666666666666,1.0,0.4452625924774054,0.42315589290052424,0.4666141642499242,0.49532136741885313,0.49601126147130287,0.2425363729244856,0.7585465902494914,0.1325278296435739,0.4029176893742007,0.380638028617251,0.42538404506438215,0.46745299226943,0.4675720402235938,0.21160916450464423,0.7240975901017569,0.13399053709382713,0.07223321024280424,0.058660577964816864,0.08779753350948473,0.20909078491002964,0.19323870648522062,0.04440743105588499,0.4590022187183751,0.1089427001725681,0.44728059487000266,0.36899570891380024,0.5297373565300053,0.49745694206037033,0.4997206858247488,0.2374053874656642,0.7676423252635604,0.13659512559981837,0.3107455245040206,0.2248650864992913,0.4041634731332648,0.39328102637261825,0.3883342900463788,0.14768467462862991,0.6745170905497848,0.13502438856063087,False,6.56944e-06
H50D,missense,False,2.0,2.0,0.0,none,0.8797,1,25015100,,2.0,1.0,1.0,0.4452625924774054,0.42315589290052424,0.4666141642499242,0.536650810862975,0.5377995547641873,0.2713838604279505,0.7967763008473445,0.1381690633640975,0.4029176893742007,0.380638028617251,0.42538404506438215,0.5041645054238753,0.5043284533637676,0.24088001367712455,0.767905200311059,0.13814675724380301,0.8734046723088529,0.8461773760894993,0.897972674248017,0.8959682009008436,0.9186360261397823,0.6807471457612236,0.99449748695509,0.08451860768229019,0.9265167756874353,0.8924345272530286,0.9539340386654185,0.938208789191304,0.9615216460148963,0.7580194555972133,0.9997273434943742,0.06811146447385351,0.9225583406140903,0.8792968787720362,0.9546855250164196,0.9364828428565142,0.958937518179316,0.7490975625674531,0.9996324326664279,0.06918451241850829,False,
I130T,missense,False,2.0,2.0,1.0,P/LP,0.9482,2,22291974;38970407,,3.0,0.6666666666666666,1.0,0.4452625924774054,0.42315589290052424,0.4666141642499242,0.49434263935561124,0.49606005025826644,0.24441320741219713,0.751070580103581,0.1332944394013107,0.4029176893742007,0.380638028617251,0.42538404506438215,0.4631168414196923,0.46330660786496547,0.20970094045242743,0.7267104384559809,0.1344082707252499,0.9114815237328224,0.889626505125836,0.9308858167288677,0.856055900770764,0.8757517386881293,0.6303402431794977,0.9827595125284233,0.0931265180703505,0.8443465877443089,0.8128049982394322,0.8732698395207323,0.8054190099069561,0.8220646472293451,0.5545312015922871,0.9652449785471094,0.10744350860699826,0.8728609189875446,0.8442046072325499,0.8987863784623749,0.8238394573125631,0.8412297169715098,0.589860709287682,0.9697434135236771,0.10116088506950732,False,3.97883e-06
I159N,missense,False,2.0,2.0,0.0,P/LP,0.9663,1,33450726,,2.0,1.0,1.0,0.4452625924774054,0.42315589290052424,0.4666141642499242,0.5378220465340505,0.5410001281732608,0.26822699659293453,0.7995601099874339,0.13863105397877787,0.4029176893742007,0.380638028617251,0.42538404506438215,0.5009306053149606,0.49848121273692825,0.22381890479919953,0.77057142707879,0.14055271000115363,0.9196527137150108,0.899166070113963,0.9378220696781648,0.9352234851412432,0.958646667967298,0.7474634548022213,0.9993621367107736,0.06857061271214643,0.8443465877443089,0.8128049982394322,0.8732698395207323,0.8693407194956749,0.8900658207637928,0.633928369323913,0.9894327117307598,0.0944062123047469,0.8759187676386737,0.8470962397868488,0.9017401770440441,0.8937447269079265,0.9173326742410371,0.6665480307713278,0.9955888861792699,0.08797991217837126,False,
I160M,missense,False,2.0,2.0,0.0,none,,1,36178555,,2.0,1.0,1.0,0.4452625924774054,0.42315589290052424,0.4666141642499242,0.5362740823431326,0.5401149398483036,0.2696747401195448,0.7905468418761505,0.13624710794172742,0.4029176893742007,0.380638028617251,0.42538404506438215,0.5034122272509332,0.5026529918961846,0.23673621562170777,0.769755121375204,0.13709901503872246,0.961710047716498,0.9163514237072201,0.9899559996207018,0.9681418451108682,0.9903611880892939,0.8137370298940927,0.9999999960912181,0.05020912032354753,0.9265167756874353,0.8924345272530286,0.9539340386654185,0.9378593848773968,0.9623654671025532,0.7426588350997153,0.9996897522276744,0.07008658583771536,0.9636958237749773,0.922971040837327,0.9895773917585774,0.9700575029997619,0.9912960755734878,0.8222845280800133,0.9999999896651116,0.04988333232095501,False,
I348F,missense,False,2.0,2.0,1.0,P/LP,0.7653,1,28095440,,3.0,0.6666666666666666,1.0,0.4452625924774054,0.42315589290052424,0.4666141642499242,0.4936055803835292,0.49215188925335784,0.25091264458745616,0.7575664171878894,0.13376525206991782,0.4029176893742007,0.380638028617251,0.42538404506438215,0.4666793958307086,0.46513856043413915,0.22134592222654212,0.7209575611452239,0.13165133823947675,0.7793873899899975,0.7442828585008024,0.8126384542150319,0.7527731619340731,0.7655361516797016,0.4958609021447856,0.9350377148519072,0.11582143780613488,0.8443465877443089,0.8128049982394322,0.8732698395207323,0.8033800002592134,0.8186125630723311,0.5649444597790725,0.9632711235843546,0.1062627210337455,0.8380130045009762,0.807943981279893,0.867465537137802,0.7985301283084975,0.8138728876257388,0.5490693208241004,0.9619898506309923,0.10766574793640257,False,6.57047e-06
K39del,inframe_indel,False,2.0,2.0,0.0,none,,2,30229274;35592779,,2.0,1.0,1.0,0.4452625924774054,0.42315589290052424,0.4666141642499242,0.5332555515987011,0.5347359035846744,0.265385279141099,0.7948067036431427,0.138365096813201,0.4029176893742007,0.380638028617251,0.42538404506438215,0.4998900732278221,0.49872690391785973,0.23567898034119358,0.7716486265190469,0.13923010630376295,0.961710047716498,0.9163514237072201,0.9899559996207018,0.9678438484782026,0.9911829761921075,0.8106879904264315,0.9999999954179989,0.05277022124732034,0.9265167756874353,0.8924345272530286,0.9539340386654185,0.9390988457716652,0.9617409595166336,0.7524309791723184,0.9997285661051243,0.06907144732035986,0.9636958237749773,0.922971040837327,0.9895773917585774,0.9702357148048831,0.991318213970898,0.8278323730065029,0.9999999977235648,0.04870176038487938,False,
L185P,missense,False,2.0,2.0,0.0,P/LP,0.9982,1,37812285,,2.0,1.0,1.0,0.4452625924774054,0.42315589290052424,0.4666141642499242,0.5374308290535089,0.5390156524776158,0.26797904753167145,0.79346138876399,0.14009708538256654,0.4029176893742007,0.380638028617251,0.42538404506438215,0.5046344473914259,0.5005928170035404,0.24117661223674539,0.775287248857471,0.14008311921136243,0.932392060031583,0.9138901365121184,0.9484076259192853,0.9450706966597013,0.9682699576232032,0.7649543659445487,0.9996816301632779,0.06427097077768933,0.8443465877443089,0.8128049982394322,0.8732698395207323,0.871697160639964,0.8922265288419984,0.6429662585939617,0.9896433177451439,0.09215801681037084,0.8811462736580012,0.8514695358749087,0.9071506831200881,0.9010458897012598,0.9228173663970667,0.6867460088015106,0.9956088118231429,0.08480455498606128,False,
L315F,missense,False,2.0,2.0,0.0,VUS,0.8794,1,37838154,,2.0,1.0,1.0,0.4452625924774054,0.42315589290052424,0.4666141642499242,0.5376115754734732,0.5412871574705698,0.2729978589424862,0.7932301039342105,0.1400605994346415,0.4029176893742007,0.380638028617251,0.42538404506438215,0.4989686938286745,0.49903693723267994,0.22913235071772686,0.7687989835936013,0.13992355372632673,0.8732105724998456,0.8459545095787244,0.897800774531414,0.8942763284311764,0.918074869674125,0.6565065096386627,0.9947275821127424,0.08845144636017968,0.44728059487000266,0.36899570891380024,0.5297373565300053,0.5386323488596086,0.5396473724161401,0.25701980830695864,0.8140945906085705,0.14477589012306055,0.5943700715525848,0.49309515615223626,0.6909320255648623,0.6643415485664561,0.6756330097494416,0.3755493694190976,0.893109666576148,0.13520413634294465,False,
L430_P431del,inframe_indel,False,2.0,2.0,0.0,none,,1,33450726,,2.0,1.0,1.0,0.4452625924774054,0.42315589290052424,0.4666141642499242,0.5395906393000094,0.5445599289768546,0.2746433246401503,0.7961241515634007,0.1389760585124101,0.4029176893742007,0.380638028617251,0.42538404506438215,0.5015497585219391,0.5007295173532669,0.23317420345976017,0.7610406676601771,0.1369479465967612,0.961710047716498,0.9163514237072201,0.9899559996207018,0.9679136484587253,0.9897509135359395,0.8188846942246696,0.9999999899301435,0.050028556777263845,0.9265167756874353,0.8924345272530286,0.9539340386654185,0.9379588158350228,0.9609918229035244,0.7521795382134712,0.9996593977144481,0.0671786491717492,0.9636958237749773,0.922971040837327,0.9895773917585774,0.970821787846046,0.9905726518340785,0.8307000462182303,0.9999999963876701,0.046217682910267975,False,
M210K,missense,False,2.0,2.0,0.0,P/LP,0.9915,1,33324081,,2.0,1.0,1.0,0.4452625924774054,0.42315589290052424,0.4666141642499242,0.5402420393090446,0.5411251889835088,0.2725537656029537,0.8010882000342414,0.13766931037861396,0.4029176893742007,0.380638028617251,0.42538404506438215,0.5050742122296914,0.5024219882989711,0.23252255995995602,0.7669569621471402,0.13931241095864455,0.9298823770282776,0.9109871069967869,0.9463213727307335,0.9419453778090467,0.9646236832910433,0.7621662143040315,0.9996484042523263,0.06471013382382437,0.8443465877443089,0.8128049982394322,0.8732698395207323,0.8690716540335047,0.8894688216980593,0.6416424376131249,0.9891942621823466,0.09370216019378595,0.8800652529966865,0.8505282146914134,0.9059663151798355,0.8980073798018581,0.9212628461635342,0.6778521860968323,0.9959384460864005,0.08648052618759215,False,
M224K,missense,False,2.0,2.0,0.0,none,0.9905,1,36178555,,2.0,1.0,1.0,0.4452625924774054,0.42315589290052424,0.4666141642499242,0.5356708126642207,0.5377817043385272,0.2658009978615942,0.8005721409984409,0.13937200216961262,0.4029176893742007,0.380638028617251,0.42538404506438215,0.5007664373231829,0.5019493217748641,0.23075500964464327,0.7687884542188435,0.14030426639650426,0.9295004772564044,0.9105429600733687,0.9460032453115665,0.942484638385562,0.9636875104472362,0.7628278416604328,0.9995344918159401,0.06331153311719855,0.9265167756874353,0.8924345272530286,0.9539340386654185,0.9384565725686703,0.9615940837205079,0.7446276736917129,0.9995808452302807,0.06906998923165848,0.9338157541654293,0.8946729742436184,0.9622971456439376,0.944154887809949,0.9677201495759429,0.7679696122260246,0.9998389548481519,0.06507017448385294,False,
M235L,missense,False,2.0,2.0,0.0,none,0.6351,2,36208030;39504571,,2.0,1.0,1.0,0.4452625924774054,0.42315589290052424,0.4666141642499242,0.5350386459043712,0.5380420630676939,0.26918360814028025,0.7971893169309854,0.13881539377972732,0.4029176893742007,0.380638028617251,0.42538404506438215,0.4987460740644069,0.49673116553838154,0.23835841140132,0.7698321147135513,0.13803016667060647,0.622355196223812,0.583394890270604,0.6617875769108368,0.6864313322336233,0.697090634531891,0.4031779009271868,0.905364529280081,0.12966534319337542,0.9265167756874353,0.8924345272530286,0.9539340386654185,0.9384772672346513,0.9615381154256619,0.7535107901732142,0.9996420030659081,0.06858575490338026,0.8909209176210353,0.8358000343490616,0.9351519402459804,0.9072972228607895,0.9303704372982566,0.7001118552365684,0.9973759960710559,0.08235129135089832,False,
M381R,missense,False,2.0,2.0,0.0,P/LP,0.9599,1,38524932,,2.0,1.0,1.0,0.4452625924774054,0.42315589290052424,0.4666141642499242,0.5357953845648808,0.5381900947123002,0.2645762291851786,0.7938762657416075,0.13873534302748505,0.4029176893742007,0.380638028617251,0.42538404506438215,0.5016242790620468,0.4996156936694549,0.24025748228056934,0.7722298685404368,0.1405699028421955,0.9168454052961764,0.8958337840915616,0.9355142430569777,0.9304500200834945,0.9533342315441821,0.7389183679993268,0.9991697351966433,0.07236456690939297,0.8443465877443089,0.8128049982394322,0.8732698395207323,0.868556721916516,0.8880071287249892,0.6457195220598131,0.9887861154801714,0.09415768855005319,0.8748452111820532,0.8461596511477413,0.9007594404551309,0.8971508412883284,0.9188523734552891,0.6834540302234734,0.9950214099471458,0.08510922803204353,False,
M381T,missense,False,2.0,2.0,0.0,P/LP,0.8388,2,39504571;41112090,,2.0,1.0,1.0,0.4452625924774054,0.42315589290052424,0.4666141642499242,0.5417049702253524,0.5432281745317951,0.27124282707260317,0.8082039261741386,0.13860173254518596,0.4029176893742007,0.380638028617251,0.42538404506438215,0.5020813102248088,0.5000391168106786,0.22895365518896674,0.7677240195751664,0.14070484193371915,0.8445121095562884,0.8138949082453942,0.8721135777682196,0.8694246550280317,0.8899941387655211,0.6260464813002392,0.9891417018674844,0.09595654601244333,0.8443465877443089,0.8128049982394322,0.8732698395207323,0.872063436678307,0.8929224084039217,0.6389228982704455,0.988641056969666,0.09324464543926551,0.8529053701288164,0.8238591913522374,0.8804883021078385,0.8765571839487666,0.8974926292351308,0.64560249728887,0.9920867576264534,0.09236409086899382,False,
Q287X,nonsense,True,2.0,2.0,0.0,none,,2,35737141;41751604,,2.0,1.0,1.0,0.4452625924774054,0.42315589290052424,0.4666141642499242,0.5371175824408388,0.5415909099940572,0.2534740258336349,0.8036274730149163,0.14175782215057925,0.9411156004189359,0.9010740930793922,0.970634631718583,0.9512586541378655,0.9740806428378069,0.7784225058717803,0.9999540245911709,0.061035542756523405,0.9437991436509519,0.9042636937518541,0.9738801614839877,0.9525463330259215,0.9757235592029567,0.7794029014364364,0.9999778039685356,0.060774927398969496,0.9578898865717683,0.9264000040317821,0.9805284109802209,0.9639661747429793,0.9858275509137447,0.8105660438998775,0.9999989751621242,0.053581482877805904,0.9554340649172374,0.9220425334925565,0.979383153378201,0.9624487864301544,0.9848693579471346,0.8108620592573073,0.9999954209971286,0.05307350092125859,False,
R377S,missense,False,2.0,2.0,0.0,P/LP,0.9972,1,34746319,,2.0,1.0,1.0,0.4452625924774054,0.42315589290052424,0.4666141642499242,0.5342312700392735,0.5372441193932858,0.2639383098034036,0.7991981806062284,0.13838463644840499,0.4029176893742007,0.380638028617251,0.42538404506438215,0.5028704159006984,0.5036277419348834,0.23834867030091775,0.7648106207597606,0.1397807391666182,0.9320228489372961,0.9134681962989182,0.9481011846335474,0.944291086890552,0.9658668767947254,0.7735293455271547,0.9997718525677117,0.06270269816864288,0.8443465877443089,0.8128049982394322,0.8732698395207323,0.8721799827385622,0.8941002023192968,0.6469097456361788,0.9897296812537587,0.09261588181808614,0.8809854935773875,0.8512822110923636,0.9069748935267189,0.9012975740641925,0.9249125164080051,0.6838064408848255,0.995323412947772,0.08314379364458484,False,
R43C,missense,False,2.0,2.0,0.0,P/LP,0.2302,2,23771172;30592380,,2.0,1.0,1.0,0.4452625924774054,0.42315589290052424,0.4666141642499242,0.5386597104203136,0.5388215551207609,0.25980711429303494,0.8038303933488344,0.13982209529071107,0.4029176893742007,0.380638028617251,0.42538404506438215,0.5030404895234812,0.5012889245393839,0.22938690336837847,0.7701616025150433,0.1396284134190815,0.1331074811263707,0.11280460886090403,0.15584165716522294,0.27732094667465745,0.2634307704592075,0.07319630300806806,0.5512711367492231,0.12480580611893337,0.8443465877443089,0.8128049982394322,0.8732698395207323,0.8699307887169924,0.8926963734096546,0.635034298724648,0.9886100009937423,0.09597258368923171,0.6912503880371147,0.5998046001528404,0.7742130651357731,0.7453659766322017,0.7592444955955384,0.47034800651151915,0.9433773521360911,0.1268605717078328,False,
S151del,inframe_indel,False,2.0,2.0,0.0,none,,2,22493702;37875989,,2.0,1.0,1.0,0.4452625924774054,0.42315589290052424,0.4666141642499242,0.5420225750185353,0.541550317213459,0.26125517021889344,0.8014878708410303,0.1396990099604894,0.4029176893742007,0.380638028617251,0.42538404506438215,0.5070587734719918,0.5085379958392476,0.23613577716414827,0.7647902965830535,0.1389713839533577,0.961710047716498,0.9163514237072201,0.9899559996207018,0.9676043810315149,0.9898866972436431,0.8216891714734825,0.9999999862710593,0.050637245156488014,0.9265167756874353,0.8924345272530286,0.9539340386654185,0.9386137616742333,0.960376220556781,0.7645859940775007,0.9997109768691305,0.06597570668580315,0.9636958237749773,0.922971040837327,0.9895773917585774,0.9698545105721808,0.9912382992822344,0.8215669898823282,0.9999999971324027,0.049535896864913595,False,
S336X,nonsense,True,2.0,2.0,0.0,P/LP,,1,40554443,,2.0,1.0,1.0,0.4452625924774054,0.42315589290052424,0.4666141642499242,0.5374163897889543,0.5393407686758983,0.26966926500963456,0.8027291924557755,0.13937140350976418,0.9411156004189359,0.9010740930793922,0.970634631718583,0.9517724615235396,0.9745047737841823,0.7800413127303375,0.9999548328211579,0.06159425271585306,0.9437991436509519,0.9042636937518541,0.9738801614839877,0.9536287821059584,0.9766996891089696,0.7871129915985162,0.9999719261691569,0.05794509139701456,0.9060990411502131,0.8348103483688831,0.9560504177835257,0.9215322993132874,0.9452725783326146,0.710649691515593,0.9993279437378514,0.07796065230358605,0.9156418519913224,0.8515201010669611,0.9620121554245736,0.9306599754638398,0.9550116714596993,0.7276890123539245,0.9995946234870359,0.07457474312281233,False,
S383fs,frameshift,True,2.0,2.0,0.0,none,,2,33242514;39825658,,2.0,1.0,1.0,0.4452625924774054,0.42315589290052424,0.4666141642499242,0.5361746150974218,0.5372625258026174,0.26177410741589124,0.7921373720711304,0.13888468719472205,0.9411156004189359,0.9010740930793922,0.970634631718583,0.9498557100643754,0.9736191270541257,0.7745454025239883,0.9999622866693042,0.06314655700705271,0.9437991436509519,0.9042636937518541,0.9738801614839877,0.9518567042896917,0.9757590162386501,0.7777447753657054,0.9999696140609323,0.06171639820979992,0.9578898865717683,0.9264000040317821,0.9805284109802209,0.9655230746907618,0.9869071637532951,0.8124264822226744,0.999999233113483,0.051849758837969814,0.9554340649172374,0.9220425334925565,0.979383153378201,0.962093997608948,0.9848188867432575,0.7979898942584911,0.9999979930014423,0.05600217327734894,False,
S76P,missense,False,2.0,2.0,0.0,none,0.9954,1,36178555,,2.0,1.0,1.0,0.4452625924774054,0.42315589290052424,0.4666141642499242,0.5406399766123317,0.541755340166465,0.27030858340029135,0.8115716974266584,0.139429573084815,0.4029176893742007,0.380638028617251,0.42538404506438215,0.5008016875322286,0.5009721632002622,0.23245697252195544,0.7666262663749691,0.13967429945981844,0.9313535480020634,0.9127003220544616,0.9475452503258657,0.94326300546053,0.9645265682874944,0.771184168789323,0.999539880928857,0.06361084604966151,0.9265167756874353,0.8924345272530286,0.9539340386654185,0.9386212470116074,0.9623565758782332,0.7497281380117701,0.9996137977880156,0.06849536080439636,0.9342750349897345,0.895297836014386,0.9625506449183221,0.9462656339711384,0.9696631092802346,0.7693112770458399,0.9998905281503718,0.06373221316030815,False,
T206P,missense,False,2.0,2.0,0.0,P/LP,0.9793,2,22065275;22493702,,2.0,1.0,1.0,0.4452625924774054,0.42315589290052424,0.4666141642499242,0.5390584443269444,0.5430964903680304,0.26272321115213,0.7957483106195964,0.13877648957303562,0.4029176893742007,0.380638028617251,0.42538404506438215,0.5045832960828579,0.5061706864720164,0.24398992615991003,0.7672262028479859,0.1363267841790332,0.9250898626072364,0.9054298045903902,0.9423750242302198,0.9356622242904736,0.9596845524272907,0.7551162067690338,0.9995253473710772,0.06910571539499642,0.8443465877443089,0.8128049982394322,0.8732698395207323,0.8707947957038473,0.8912486604807992,0.6331532121233816,0.9887235579299873,0.09447190441173868,0.8780738041491484,0.8489980464533968,0.9038668930360345,0.899424108174866,0.9235084195214938,0.6741929063561601,0.9957432036603378,0.08631567159144912,False,
T206R,missense,False,2.0,2.0,0.0,none,0.9906,1,12442280,,2.0,1.0,1.0,0.4452625924774054,0.42315589290052424,0.4666141642499242,0.5353977829488382,0.5389582452253903,0.2649288406133812,0.7963865383695619,0.1399700738989777,0.4029176893742007,0.380638028617251,0.42538404506438215,0.5018867327183743,0.5021577634231393,0.23136076497588035,0.7773345107579354,0.13995418350139743,0.9295387537001986,0.910587464538811,0.9460351378838309,0.94062469598732,0.9640131642696821,0.7538065780865443,0.9996941371961318,0.06605618067146346,0.9265167756874353,0.8924345272530286,0.9539340386654185,0.9401885776152108,0.9635654778659948,0.7473443559590346,0.9997054764475405,0.06752555780888315,0.9338251584669545,0.8946828787396317,0.9623023355416708,0.9447086332071539,0.9688168766041474,0.7598802951769573,0.9998812614332072,0.06623255557213478,False,
V244G,missense,False,2.0,2.0,0.0,P/LP,0.588,1,22493702,,2.0,1.0,1.0,0.4452625924774054,0.42315589290052424,0.4666141642499242,0.5349368291682896,0.5371193608827812,0.2669023035640068,0.7947882087134707,0.13788593738076593,0.4029176893742007,0.380638028617251,0.42538404506438215,0.5039560196093243,0.5037808174946343,0.22963673926335348,0.7706308007796616,0.13905812711044618,0.5556487466297766,0.5166710353125453,0.5958409056566436,0.6288410017898772,0.6368432443512164,0.3533020922326441,0.8665031850113274,0.13309926126247565,0.8443465877443089,0.8128049982394322,0.8732698395207323,0.8689317206999174,0.8896576965045908,0.636539469732383,0.9894831984529286,0.09555073279686079,0.7968770447238089,0.7561982915880181,0.836089507621107,0.8305396714781265,0.8492232919924803,0.5801516995675441,0.9775228993417103,0.10483887905089902,False,
V374fs,frameshift,True,2.0,2.0,0.0,none,,1,30229274,,2.0,1.0,1.0,0.4452625924774054,0.42315589290052424,0.4666141642499242,0.5341772031450998,0.5348574085279083,0.26451411983456996,0.7905347533857288,0.13490858876961073,0.9411156004189359,0.9010740930793922,0.970634631718583,0.9508045818669811,0.9737409555067592,0.774179602277201,0.9999465098582655,0.060772883372951544,0.9437991436509519,0.9042636937518541,0.9738801614839877,0.9545021929876758,0.9770716986620782,0.7899174536205904,0.9999793078579443,0.05798596622704392,0.9578898865717683,0.9264000040317821,0.9805284109802209,0.9644416923378092,0.986010191809118,0.8167184702782505,0.9999988809706984,0.05218567958981334,0.9554340649172374,0.9220425334925565,0.979383153378201,0.9636503602542801,0.986123624671678,0.8053016276149554,0.9999982444283927,0.053287585286229504,False,
V408L,missense,False,2.0,2.0,0.0,none,0.8104,2,37838154;42470517,,2.0,1.0,1.0,0.4452625924774054,0.42315589290052424,0.4666141642499242,0.5346684653513483,0.5347055136039391,0.2675117479936362,0.7939057000648694,0.1391487332081036,0.4029176893742007,0.380638028617251,0.42538404506438215,0.5013398545741203,0.4991287462063104,0.23186354273417822,0.7757318507818797,0.14021978971314383,0.8214260193313419,0.7889357301028994,0.8514047210140482,0.8491379110746585,0.8694553059264112,0.6140320351359925,0.9821477590037024,0.10002569685044664,0.9265167756874353,0.8924345272530286,0.9539340386654185,0.9384192751553649,0.9604541502549859,0.7562204002399927,0.9996471488711004,0.06741119189508002,0.9146049411231362,0.8689741294809754,0.9496456930308129,0.9279179779616101,0.9505898359859265,0.7235228807529015,0.9993080902831415,0.07439992280397163,False,
V452L,missense,False,2.0,2.0,0.0,P/LP,0.7086,2,19053014;27802864,,2.0,1.0,1.0,0.4452625924774054,0.42315589290052424,0.4666141642499242,0.5368171830690524,0.5411913746810174,0.26359973080699944,0.8019076022790169,0.1389181047432424,0.4029176893742007,0.380638028617251,0.42538404506438215,0.5029385434415359,0.5012656384058163,0.24101189995833658,0.7636499006001208,0.13816523842780576,0.7171009427515123,0.6792252831765697,0.7536243990548835,0.7634846351932768,0.7807412183533864,0.49829870808920784,0.9510387002269367,0.11878021937841556,0.8443465877443089,0.8128049982394322,0.8732698395207323,0.8718882906935043,0.8926473228727029,0.6377078125917593,0.9909335453100786,0.0935327763883025,0.8256721325191037,0.7935836216254968,0.8579310620730919,0.8539580101498966,0.8742296819500088,0.6200370298259296,0.9844463287328202,0.09892288621803497,False,
V455M,missense,False,2.0,2.0,0.0,P/LP,0.7397,2,26399329;34635134,,2.0,1.0,1.0,0.4452625924774054,0.42315589290052424,0.4666141642499242,0.5383799279186003,0.5405398539870461,0.2653022598883467,0.7967093447225125,0.1385114098230267,0.4029176893742007,0.380638028617251,0.42538404506438215,0.49862416620636574,0.4998707662876189,0.23666967951152462,0.7628462567866735,0.13904768316618651,0.7525454532035567,0.7159665766629093,0.7875248077555439,0.7950302401013638,0.8100410469542634,0.533851932361719,0.9633032223264341,0.11367877008352764,0.8443465877443089,0.8128049982394322,0.8732698395207323,0.868791795228721,0.892505766656015,0.6343309328545419,0.9894953435687858,0.09615076570358164,0.8325344291724853,0.8012851656722645,0.8628224740781215,0.8619806560567599,0.8830087202576617,0.6240261863176348,0.988242456628405,0.09723876931929232,False,
V61G,missense,False,2.0,2.0,0.0,none,,1,41409604,,2.0,1.0,1.0,0.4452625924774054,0.42315589290052424,0.4666141642499242,0.5392456650779046,0.542110634606755,0.2622533746055077,0.8014543733879412,0.140248294409634,0.4029176893742007,0.380638028617251,0.42538404506438215,0.5026866954251045,0.49905287570847845,0.24295289047409482,0.7671080147091265,0.13756895274305547,0.961710047716498,0.9163514237072201,0.9899559996207018,0.9696311046238472,0.9907650380070834,0.818353708952141,0.9999999928079426,0.05042235247457581,0.9265167756874353,0.8924345272530286,0.9539340386654185,0.9376475370753028,0.9614248638860796,0.7537047097732638,0.9996627797698906,0.06781001565085026,0.9636958237749773,0.922971040837327,0.9895773917585774,0.9705595708774954,0.9915831190425717,0.82984645414302,0.9999999902900687,0.04775127565053565,False,
V91L,missense,False,2.0,2.0,0.0,none,0.708,1,37725835,,2.0,1.0,1.0,0.4452625924774054,0.42315589290052424,0.4666141642499242,0.5346224829870312,0.533329641169195,0.2764216995586239,0.8014171474498784,0.1382630690343837,0.4029176893742007,0.380638028617251,0.42538404506438215,0.5012198732049472,0.5019130007329404,0.2381215043629326,0.7639701271288983,0.13752555203231684,0.716387561491226,0.67848750481024,0.7529567772113281,0.7617059559853026,0.7776667204676639,0.4848493166754468,0.9471815213735318,0.12080431033067202,0.9265167756874353,0.8924345272530286,0.9539340386654185,0.9398277027385434,0.9613962066123352,0.7558855734664239,0.9997370759028332,0.06647488549843467,0.9014273335490882,0.8503063027304703,0.9417530894593784,0.9188790990254928,0.9420520156379988,0.7186459980105644,0.998826659463155,0.0778124839665065,False,
W99C,missense,False,2.0,2.0,0.0,none,0.7385,2,28247534;37725835,,2.0,1.0,1.0,0.4452625924774054,0.42315589290052424,0.4666141642499242,0.5387154928512534,0.5416436968972735,0.27597823545583755,0.7998904875541378,0.1378554355983401,0.4029176893742007,0.380638028617251,0.42538404506438215,0.5038473568148719,0.5023766697692162,0.2342684386426373,0.7701458466127307,0.14014211001090646,0.7512347891427094,0.7146428950033589,0.7862714811518247,0.7930482407344502,0.8067642770386279,0.5407664883430742,0.9617697030038707,0.11202393989255606,0.9265167756874353,0.8924345272530286,0.9539340386654185,0.9373084068778277,0.9611265030047214,0.7435024095768086,0.9996791395766677,0.06905590817584563,0.9055389283638704,0.8559185064332665,0.9439355754192075,0.9191726150415113,0.9422145313110273,0.7139687814622081,0.9987731051937158,0.07657044694787385,False,
Y214C,missense,False,2.0,2.0,0.0,P/LP,0.26,2,15277402;42184599,,2.0,1.0,1.0,0.4452625924774054,0.42315589290052424,0.4666141642499242,0.538961792263601,0.5431993550059244,0.2616495865246038,0.8058746030724134,0.14242040113777074,0.4029176893742007,0.380638028617251,0.42538404506438215,0.49996456260469807,0.498928237386668,0.2335471357318212,0.7708077523991096,0.13936470547199,0.15456980889313415,0.13246253634461225,0.17945544797255253,0.3011124553310571,0.2882583534856883,0.08908236842539452,0.5815598494924529,0.1288323139160022,0.8443465877443089,0.8128049982394322,0.8732698395207323,0.8720445192130685,0.8931931195659621,0.6370770303207983,0.9891429790811902,0.0942729569105408,0.7011184393278778,0.6143217640172456,0.7796290474300355,0.7510263155542833,0.7659626536401218,0.4687954750248978,0.9483168333051971,0.12348067733839278,False,
Y215C,missense,False,2.0,2.0,0.0,none,0.5185,1,37725835,,2.0,1.0,1.0,0.4452625924774054,0.42315589290052424,0.4666141642499242,0.5369437294974019,0.5425409575725242,0.26368449420745554,0.7968896720932378,0.13884121579536834,0.4029176893742007,0.380638028617251,0.42538404506438215,0.5050624921862389,0.5078519038154242,0.23460563096381104,0.7726919792102254,0.1416165064144668,0.4541507904268948,0.41624323817635284,0.4935158197586309,0.5438299504274388,0.5431251822964172,0.2632476514021283,0.8083187619614796,0.14121148038794645,0.9265167756874353,0.8924345272530286,0.9539340386654185,0.9389559247342297,0.9621630150790035,0.7624603384455502,0.9996763407345745,0.06724150907548693,0.8719922038460155,0.8085238145842397,0.9237637341930862,0.8938948313347495,0.9160964739963726,0.6716756294360228,0.9958990135609783,0.0888665002724881,False,
Y215X,nonsense,True,2.0,2.0,0.0,P/LP,,2,30592380;41401108,,2.0,1.0,1.0,0.4452625924774054,0.42315589290052424,0.4666141642499242,0.5344293515707086,0.534236639216882,0.2638782490021527,0.8003075684344468,0.140244093495791,0.9411156004189359,0.9010740930793922,0.970634631718583,0.9508083953624603,0.9750555934494367,0.776866771951516,0.9999450759504293,0.06161282572468354,0.9437991436509519,0.9042636937518541,0.9738801614839877,0.9541246646719963,0.977232438765214,0.79070702074721,0.9999804031359771,0.05947925679238535,0.9060990411502131,0.8348103483688831,0.9560504177835257,0.9212747774586147,0.945543525258536,0.7054740890082436,0.9993034445687891,0.07822197534094646,0.9156418519913224,0.8515201010669611,0.9620121554245736,0.9294448517327923,0.9515933058187218,0.7428399141373779,0.9996630472004511,0.07147244186254487,False,
Y413F,missense,False,2.0,2.0,0.0,none,0.3023,1,36178555,,2.0,1.0,1.0,0.4452625924774054,0.42315589290052424,0.4666141642499242,0.5353069837200234,0.539548250046783,0.268876842910155,0.7978953892694115,0.13878174585273167,0.4029176893742007,0.380638028617251,0.42538404506438215,0.5029873543453094,0.507113816952888,0.22981593026580677,0.7713442406798628,0.14095116028509347,0.1897923343921753,0.1647071868696427,0.21767944059243352,0.3278626752065852,0.3167591293472648,0.11138544091787854,0.6111539902050779,0.1296182183531184,0.9265167756874353,0.8924345272530286,0.9539340386654185,0.9382476617045612,0.9600317492649693,0.7476856381943966,0.9995686035841496,0.0672226744877739,0.8292704925081127,0.7412779635630848,0.9006736065242268,0.8566595514165365,0.8784833284923059,0.6061993389180563,0.9903792788250285,0.10274265601641211,False,
Y61X,nonsense,True,2.0,2.0,0.0,P/LP,,2,18298419;33242514,,2.0,1.0,1.0,0.4452625924774054,0.42315589290052424,0.4666141642499242,0.5352051347696651,0.5365866046563457,0.2672678515016841,0.7909851642674071,0.13739449419871191,0.9411156004189359,0.9010740930793922,0.970634631718583,0.951391215060504,0.974310917931746,0.7827777023465439,0.9999492250888026,0.060324747798506204,0.9437991436509519,0.9042636937518541,0.9738801614839877,0.9538334281909071,0.976465911316416,0.7869268346736719,0.9999821633830255,0.058534383654167174,0.9060990411502131,0.8348103483688831,0.9560504177835257,0.923258213678593,0.9468323475004596,0.728401456262567,0.9992423958307484,0.07558299331595149,0.9156418519913224,0.8515201010669611,0.9620121554245736,0.9286001736838481,0.9530575735813485,0.7267453879286,0.9997072786287695,0.07510335195082028,False,
c.1019+18G>A,splice,True,1.0,2.0,0.0,none,,1,19515026,,2.0,0.5,0.5,0.4452625924774054,0.42315589290052424,0.4666141642499242,0.45227218470438685,0.4507482647556728,0.19685779594312314,0.7241260065949162,0.137171670286485,0.9411156004189359,0.9010740930793922,0.970634631718583,0.8679244562481587,0.8893831941391583,0.631447517936595,0.9879032530782745,0.09448242222683315,0.9437991436509519,0.9042636937518541,0.9738801614839877,0.8712642848066071,0.8920506180255063,0.6393743303763073,0.9889708283874513,0.09265076667546195,0.9578898865717683,0.9264000040317821,0.9805284109802209,0.8822159450099134,0.9032883451897531,0.6530715601392072,0.9917865465946835,0.09056640129464784,0.9554340649172374,0.9220425334925565,0.979383153378201,0.8831386641727549,0.9043966018009353,0.6534376247621344,0.9931077093932847,0.09060276730780109,False,
c.1019+1G>A,splice,True,2.0,2.0,0.0,none,,2,38928025;40657236,,2.0,1.0,1.0,0.4452625924774054,0.42315589290052424,0.4666141642499242,0.5407244968729331,0.5438487349366061,0.2647958694002766,0.7993142561745344,0.1387758213873168,0.9411156004189359,0.9010740930793922,0.970634631718583,0.9519980342092392,0.9746423372480864,0.7862716564246219,0.9999577673249763,0.06108208014483596,0.9437991436509519,0.9042636937518541,0.9738801614839877,0.9544653011044906,0.9774627592843352,0.7893864037228824,0.99997747165486,0.05875118941875763,0.9578898865717683,0.9264000040317821,0.9805284109802209,0.9650555399049815,0.9869791628933877,0.8153919210346044,0.9999991976450373,0.05114662268171132,0.9554340649172374,0.9220425334925565,0.979383153378201,0.9645690895871998,0.9853810688544116,0.8161368808234399,0.9999982214619806,0.05178495210820363,False,
c.1019+5G>A,splice,True,1.0,2.0,0.0,none,,1,22761713,,2.0,0.5,0.5,0.4452625924774054,0.42315589290052424,0.4666141642499242,0.45515075483682155,0.4523824236890593,0.20020908231843818,0.7274422525579367,0.13704250407492818,0.9411156004189359,0.9010740930793922,0.970634631718583,0.8687461363678493,0.8890100510115402,0.6384908384030655,0.9898465891489922,0.0944384189933113,0.9437991436509519,0.9042636937518541,0.9738801614839877,0.8698135789046174,0.8913874252550187,0.6361747293449379,0.9893338544457883,0.09442283169161375,0.9578898865717683,0.9264000040317821,0.9805284109802209,0.8823731582119343,0.9025165828084302,0.6539380082891375,0.992767268145902,0.08957936411296022,0.9554340649172374,0.9220425334925565,0.979383153378201,0.8775982735697055,0.8984998265841013,0.6421778905725197,0.992485038600286,0.0922227137491079,False,
c.121G>A,substitution_cdna,False,2.0,2.0,0.0,none,,2,36584766;37875989,,2.0,1.0,1.0,0.4452625924774054,0.42315589290052424,0.4666141642499242,0.5358995124814928,0.5365136345991116,0.2720910196728172,0.8018343544498021,0.13878728759861395,0.4029176893742007,0.380638028617251,0.42538404506438215,0.5035956265482837,0.5048090012852025,0.2331270926375629,0.7735950580926244,0.14028816637448258,0.961710047716498,0.9163514237072201,0.9899559996207018,0.96824072995221,0.9904448394064034,0.8290977359705051,0.9999999931450401,0.05021260364075104,0.9265167756874353,0.8924345272530286,0.9539340386654185,0.936218262454296,0.960673675827628,0.7433666213974855,0.9996622439809026,0.07080732338820356,0.9636958237749773,0.922971040837327,0.9895773917585774,0.9694025886717298,0.9912478647868926,0.8243963782464102,0.9999999912478925,0.049064027641959745,False,
c.1223G>T,substitution_cdna,False,2.0,2.0,0.0,none,,2,36584766;37875989,,2.0,1.0,1.0,0.4452625924774054,0.42315589290052424,0.4666141642499242,0.5374943396288226,0.5414147599023144,0.2623464639574974,0.7939889140296118,0.13745804011019452,0.4029176893742007,0.380638028617251,0.42538404506438215,0.5028070114905898,0.5030186599277267,0.23791819433584446,0.7668414545549903,0.13754201029519109,0.961710047716498,0.9163514237072201,0.9899559996207018,0.9670909172631622,0.9892497679181995,0.8151894928219959,0.9999999936944184,0.05230102473265526,0.9265167756874353,0.8924345272530286,0.9539340386654185,0.9381843230145256,0.9605923820456176,0.7562937230492187,0.9997064849325115,0.06752243863916992,0.9636958237749773,0.922971040837327,0.9895773917585774,0.969737105725136,0.9912824966565472,0.825193456602577,0.9999999964011718,0.049189002984548376,False,
c.263T>G,substitution_cdna,False,2.0,2.0,0.0,none,0.5296,1,36584766,,2.0,1.0,1.0,0.4452625924774054,0.42315589290052424,0.4666141642499242,0.5399647908426626,0.5419006648261085,0.2663084601412297,0.8007382603152731,0.1395481788677451,0.4029176893742007,0.380638028617251,0.42538404506438215,0.4998025624983948,0.5021665443687104,0.22608502298706773,0.767411119036032,0.14018265735511015,0.4703262961451085,0.43218963407422906,0.5100528961105573,0.5588530345149563,0.5610560046558105,0.27484758367628365,0.8153333808701205,0.1407569678045588,0.9265167756874353,0.8924345272530286,0.9539340386654185,0.936786669160222,0.9591240459963626,0.751511832112108,0.9996479695677882,0.06718482073093911,0.8739122621444876,0.8116621910007653,0.9248918425164667,0.8932099342219145,0.9184117486314951,0.6617741475548464,0.9967256016327308,0.0916775931277072,False,
c.370G>C,substitution_cdna,False,2.0,2.0,0.0,P/LP,0.9792,1,36584766,,2.0,1.0,1.0,0.4452625924774054,0.42315589290052424,0.4666141642499242,0.536262432234581,0.5394170163463876,0.2681351719214422,0.7969164130151926,0.1386623992210006,0.4029176893742007,0.380638028617251,0.42538404506438215,0.5044523392418683,0.5041378932111205,0.2357416123627651,0.7736218937884822,0.13984579361996866,0.9250493607850108,0.9053829381916356,0.9423410847039969,0.9356430369384554,0.958967717783533,0.7440292135795209,0.9994103485355794,0.06956474708718652,0.8443465877443089,0.8128049982394322,0.8732698395207323,0.8677159121725979,0.8884598912304025,0.6362722489122695,0.9897680979758048,0.09435401599784313,0.8780573573327518,0.8489855460688759,0.9038471517119381,0.8959832494387576,0.9180784495258206,0.676689308212774,0.995043313111519,0.08638009188194175,False,
c.45+1G>A,splice,True,2.0,2.0,0.0,none,,1,28575730,,2.0,1.0,1.0,0.4452625924774054,0.42315589290052424,0.4666141642499242,0.5376232927607264,0.5392811294737171,0.26864255455025626,0.7889567870908948,0.13758114466151045,0.9411156004189359,0.9010740930793922,0.970634631718583,0.9516467579518522,0.9744490598180551,0.7763073382318046,0.9999514321773385,0.06034010713485913,0.9437991436509519,0.9042636937518541,0.9738801614839877,0.9535508893062005,0.9765516666010584,0.7858251246082353,0.9999725715694562,0.05952271908805672,0.9578898865717683,0.9264000040317821,0.9805284109802209,0.964699344036141,0.9875115975615059,0.8123999560160597,0.9999991249265573,0.05360717184846292,0.9554340649172374,0.9220425334925565,0.979383153378201,0.9627899143966085,0.9850888526809088,0.8076285940415169,0.9999986476451129,0.05491742815156319,False,
c.553C>T,substitution_cdna,False,2.0,2.0,0.0,none,,2,36584766;37875989,,2.0,1.0,1.0,0.4452625924774054,0.42315589290052424,0.4666141642499242,0.5379838077016841,0.539180727488215,0.2615582910535039,0.8016457646258393,0.13911358214652983,0.4029176893742007,0.380638028617251,0.42538404506438215,0.5019196601250525,0.5039666669912148,0.23125602257623862,0.7704205380174508,0.14142595413742218,0.961710047716498,0.9163514237072201,0.9899559996207018,0.9692846344731824,0.9906949588062357,0.8168908061670159,0.9999999839552585,0.049090057509115034,0.9265167756874353,0.8924345272530286,0.9539340386654185,0.9384197321939546,0.9620237457398211,0.7503537571124826,0.9997496880109591,0.06731032127226218,0.9636958237749773,0.922971040837327,0.9895773917585774,0.9698804443500304,0.9911992635751771,0.8233432581836588,0.9999999961147888,0.048707006242195997,False,
c.679+1G>A,splice,True,1.0,2.0,0.0,none,,1,29510678,,2.0,0.5,0.5,0.4452625924774054,0.42315589290052424,0.4666141642499242,0.4566607419409047,0.45505928698721476,0.19648419249251203,0.7282469474565066,0.13911947352731655,0.9411156004189359,0.9010740930793922,0.970634631718583,0.869728944498884,0.8902644797778857,0.6436137379687811,0.988960708778714,0.09323314592924568,0.9437991436509519,0.9042636937518541,0.9738801614839877,0.869702432872353,0.8915262943872306,0.622731451674077,0.9893877237129642,0.09629400676835073,0.9578898865717683,0.9264000040317821,0.9805284109802209,0.8821994247622488,0.902923172879182,0.6662277848974794,0.9918628584705375,0.08912819247725151,0.9554340649172374,0.9220425334925565,0.979383153378201,0.8787326009633366,0.8985422500039641,0.654020631419038,0.9907774926370548,0.08985000482101918,False,
c.686C>T,substitution_cdna,False,2.0,2.0,0.0,none,,1,36584766,,2.0,1.0,1.0,0.4452625924774054,0.42315589290052424,0.4666141642499242,0.5366547169421292,0.5428111799552724,0.26768333755242607,0.7959158336087853,0.1384373184340732,0.4029176893742007,0.380638028617251,0.42538404506438215,0.503240449169942,0.5057761459292858,0.23690265263067437,0.7701304939499505,0.14024261226348247,0.961710047716498,0.9163514237072201,0.9899559996207018,0.9688419008969396,0.9900957492976434,0.8178622427326114,0.99999999379819,0.049012082457717376,0.9265167756874353,0.8924345272530286,0.9539340386654185,0.9380605329670917,0.9618340222592213,0.7468450356914972,0.9996330114379661,0.06874125152141848,0.9636958237749773,0.922971040837327,0.9895773917585774,0.9691570241882032,0.9911068162617054,0.8233876565252293,0.9999999947811185,0.049680596608845794,False,
c.864-1G>A,splice,True,1.0,2.0,0.0,none,,1,22761713,,2.0,0.5,0.5,0.4452625924774054,0.42315589290052424,0.4666141642499242,0.4532263911747668,0.4495025275929273,0.19782021949432543,0.7278994778568618,0.1391894920579707,0.9411156004189359,0.9010740930793922,0.970634631718583,0.8640944009571417,0.8863744325854173,0.6180784043251031,0.9886404982307951,0.09925947866843053,0.9437991436509519,0.9042636937518541,0.9738801614839877,0.8673684609392999,0.890422738581196,0.6313528136751587,0.9901569683325419,0.09615490659321123,0.9578898865717683,0.9264000040317821,0.9805284109802209,0.8797950173897321,0.9028021989806819,0.6360981175589822,0.991690263991762,0.09292664678082316,0.9554340649172374,0.9220425334925565,0.979383153378201,0.8797154803728381,0.902603843945943,0.6541577183826064,0.9914675994140068,0.09174072671082924,False,
A173fs,frameshift,True,1.0,1.0,0.0,none,,1,33477506,,1.0,1.0,1.0,0.4452625924774054,0.42315589290052424,0.4666141642499242,0.49106971907696656,0.49340424046107745,0.20881563676538215,0.7719191809504494,0.14501650247076664,0.9411156004189359,0.9010740930793922,0.970634631718583,0.946901857549169,0.9709348542424379,0.7646548807325358,0.9999644279785684,0.06585393006666863,0.9437991436509519,0.9042636937518541,0.9738801614839877,0.9494092559016577,0.9743715673000267,0.7678318915627552,0.9999739097786557,0.06406728335616992,0.9578898865717683,0.9264000040317821,0.9805284109802209,0.9612111498199325,0.985786478802068,0.7982591782423683,0.9999975182422538,0.05765260838691483,0.9554340649172374,0.9220425334925565,0.979383153378201,0.9603109070343102,0.9827876995233675,0.7928831358192426,0.999998873145752,0.057062040561522184,False,
A188V,missense,False,1.0,1.0,0.0,P/LP,0.9817,1,39504571,,1.0,1.0,1.0,0.4452625924774054,0.42315589290052424,0.4666141642499242,0.4944103419522351,0.4931049139665328,0.21410434100724898,0.774474136069604,0.1467092472689514,0.4029176893742007,0.380638028617251,0.42538404506438215,0.45853504361694725,0.4569585440460345,0.18362130977527022,0.7392254259138255,0.14423165418480444,0.9260558812287243,0.9065523056657601,0.9431839660704622,0.9329833294786455,0.957186947436742,0.7314516958085007,0.999476693999313,0.07215313235860563,0.8443465877443089,0.8128049982394322,0.8732698395207323,0.8555599066185922,0.8794790837507802,0.5984814011645417,0.986953527587085,0.10311403684853677,0.8784679238408918,0.8492533480796141,0.9042420788292884,0.8878268913568221,0.9127330317974096,0.6442595036571881,0.9942306543240003,0.09354763606412808,False,
A208P,missense,False,1.0,1.0,0.0,P/LP,0.9931,1,31595705,,1.0,1.0,1.0,0.4452625924774054,0.42315589290052424,0.4666141642499242,0.49590633104897397,0.493364947023035,0.2192391358406646,0.7763953436225521,0.14463029704775945,0.4029176893742007,0.380638028617251,0.42538404506438215,0.45788238274895304,0.4552399385574031,0.18294463538757144,0.7443985240366547,0.14537430004651306,0.9304894337868427,0.9116936043413841,0.9468267015793446,0.936883614635321,0.9612827740953724,0.7325047324215158,0.9995900220252111,0.07146385859751382,0.8443465877443089,0.8128049982394322,0.8732698395207323,0.8579700325548549,0.8793409205317471,0.6152033337394659,0.9878007812226073,0.10096226541979833,0.880324218806313,0.8507280538787312,0.9062579804428855,0.8913595929398133,0.9156201984584535,0.6547665174908044,0.9950724787972217,0.09182131315492409,False,
A209V,missense,False,1.0,1.0,0.0,P/LP,0.8357,1,29264522,,1.0,1.0,1.0,0.4452625924774054,0.42315589290052424,0.4666141642499242,0.4960880166503267,0.4975642302508934,0.22848921728883495,0.7685202506387527,0.1424251052068368,0.4029176893742007,0.380638028617251,0.42538404506438215,0.45691156474270844,0.4551092786875539,0.18881445045816106,0.7476652141272491,0.14463830976582026,0.8421159554365812,0.811198315693351,0.86996601294075,0.8573559302794139,0.8794820373245567,0.598816619313156,0.9875859983983953,0.10254422181622157,0.8443465877443089,0.8128049982394322,0.8732698395207323,0.8589850611535623,0.8815381164695538,0.603466142386008,0.988417108331218,0.10257596562626084,0.8523019264366563,0.8232646844570256,0.8799250976388077,0.8643215885035709,0.8863548391017761,0.624424443056995,0.9910850044616201,0.09814691500366775,False,
A370fs,frameshift,True,1.0,1.0,0.0,none,,1,22493702,,1.0,1.0,1.0,0.4452625924774054,0.42315589290052424,0.4666141642499242,0.49444849448917144,0.49259968631706785,0.2194630099323908,0.7678144748610799,0.14284873156415054,0.9411156004189359,0.9010740930793922,0.970634631718583,0.9461629102548972,0.9712906015675495,0.7523885740802709,0.9999508815083148,0.0678896114701839,0.9437991436509519,0.9042636937518541,0.9738801614839877,0.9506792416809885,0.9748897076001342,0.7715059862828259,0.9999715551442159,0.06354214816492744,0.9578898865717683,0.9264000040317821,0.9805284109802209,0.9623717707439006,0.985326535834241,0.8001523300251756,0.9999985811213613,0.05550778912589018,0.9554340649172374,0.9220425334925565,0.979383153378201,0.9592396142814651,0.9835276212745114,0.790460245681339,0.9999980910257021,0.05918451871357441,False,
A378D,missense,False,1.0,1.0,0.0,P/LP,0.9946,1,37812285,,1.0,1.0,1.0,0.4452625924774054,0.42315589290052424,0.4666141642499242,0.49457065068947575,0.49307383477354144,0.21301294934899276,0.7781603237634265,0.1472468585886144,0.4029176893742007,0.380638028617251,0.42538404506438215,0.45635810853801606,0.4521698156822019,0.19169447939871945,0.7327398930397457,0.14181940599885817,0.9310541227398279,0.9123513420798975,0.947296366731874,0.9380414526033497,0.9624315369466194,0.742348331632747,0.9996673091798963,0.07058103831203547,0.8443465877443089,0.8128049982394322,0.8732698395207323,0.8571110124347183,0.8797166515773673,0.6090501964867384,0.9872670792919718,0.10237277331778659,0.880566536278794,0.8509152029156448,0.9065068333162561,0.8909545244566379,0.9143222576060768,0.6651984587658795,0.99567094335926,0.09068244991361585,False,
A378V,missense,False,1.0,1.0,0.0,P/LP,0.9223,1,14578306,,1.0,1.0,1.0,0.4452625924774054,0.42315589290052424,0.4666141642499242,0.49962870431492074,0.4991283112847911,0.23417179560328852,0.7702735452460842,0.14049517535867204,0.4029176893742007,0.380638028617251,0.42538404506438215,0.45353487524883446,0.45240787507925806,0.1807858793599304,0.7321907513106548,0.14476339760281115,0.8984821650269245,0.8746836223416884,0.9197002775571367,0.9086166699859204,0.93174208330839,0.6983828560307874,0.9974199681652635,0.08207535667618665,0.8443465877443089,0.8128049982394322,0.8732698395207323,0.8596733127134663,0.8816739068881769,0.6113257887564768,0.9886673759891647,0.10167299437636046,0.8683674143098948,0.8396051291984947,0.8948488686115204,0.8789123369849219,0.899955837649161,0.6340941087306872,0.9927461083711128,0.09529947819969255,False,
A379E,missense,False,1.0,1.0,0.0,P/LP,0.9918,1,33450726,,1.0,1.0,1.0,0.4452625924774054,0.42315589290052424,0.4666141642499242,0.4983927663581549,0.49751622223793907,0.22527656085859857,0.7779005596578599,0.14561999336998838,0.4029176893742007,0.380638028617251,0.42538404506438215,0.4520381430923025,0.4492661607801498,0.1852322158358888,0.7350903971071222,0.1468832805134191,0.929996572892686,0.9111199625871537,0.9464164656967905,0.9357996993576048,0.9609932497464736,0.7447056285051793,0.999642472261638,0.07163778187131468,0.8443465877443089,0.8128049982394322,0.8732698395207323,0.8599791203620961,0.8815372942523212,0.6136336788659695,0.98870243404595,0.1002729155582948,0.8801138479466257,0.8505657013353332,0.906021064316854,0.8914699786354653,0.914583715291656,0.6569316506119929,0.9957395932246815,0.09013483827308987,False,
A450V,missense,False,1.0,1.0,0.0,VUS,0.9615,1,29207974,,1.0,1.0,1.0,0.4452625924774054,0.42315589290052424,0.4666141642499242,0.49976108797258145,0.4995710582611791,0.23512026473597253,0.7830327052626473,0.14327717440531168,0.4029176893742007,0.380638028617251,0.42538404506438215,0.4568064855377721,0.45461269453512404,0.18292978731566917,0.7402498752700846,0.14703916989406296,0.9175554962199862,0.8966817571223235,0.9360981781836096,0.9232092103665488,0.946937030520622,0.706874149441537,0.9990153858790171,0.07825930608571036,0.44728059487000266,0.36899570891380024,0.5297373565300053,0.49915573302722505,0.4983514559195278,0.21927133900552956,0.7823254935801301,0.14793629052123144,0.6242603074567261,0.5148832796306458,0.7233550228688282,0.6610460096670141,0.671174686719871,0.3605241696249459,0.9057727577688058,0.14293039534753815,False,
A454V,missense,False,1.0,1.0,1.0,P/LP,0.9056,1,14517956,,2.0,0.5,1.0,0.4452625924774054,0.42315589290052424,0.4666141642499242,0.4562071052237949,0.45307444316982426,0.1894014218889943,0.7326460101662078,0.14046800863296197,0.4029176893742007,0.380638028617251,0.42538404506438215,0.41830587364861366,0.4123470254152155,0.17226318182581346,0.6950721982806386,0.13659261297914643,0.8892243820875179,0.8642466169652286,0.9117220457758549,0.824654470774247,0.8447843805504117,0.5683616827986224,0.9748774832423089,0.10782628694753793,0.8443465877443089,0.8128049982394322,0.8732698395207323,0.7881080240655927,0.8042199098687853,0.5287995149424477,0.9580943540398525,0.1138894163618332,0.8653953080064356,0.8368648577026468,0.8921631621489289,0.8050528980100647,0.8226264236091774,0.5497386515764865,0.9699028663634567,0.11132256064639175,False,4.17195e-06
A454fs,frameshift,True,1.0,1.0,0.0,none,,1,36208030,,1.0,1.0,1.0,0.4452625924774054,0.42315589290052424,0.4666141642499242,0.49439077749223614,0.4935131316285697,0.21833322912854444,0.7837387665659431,0.14595710710730522,0.9411156004189359,0.9010740930793922,0.970634631718583,0.9448730054372397,0.9697254761782266,0.7583560043106845,0.9999479412184653,0.06659726374066946,0.9437991436509519,0.9042636937518541,0.9738801614839877,0.9488751613100713,0.9733927337306365,0.7627643980152345,0.9999713644132231,0.06569603912672267,0.9578898865717683,0.9264000040317821,0.9805284109802209,0.9617759565025323,0.985809323173145,0.782736864349026,0.999997101756574,0.05793956946017634,0.9554340649172374,0.9220425334925565,0.979383153378201,0.9594284239123694,0.9841651185469587,0.7935907264062754,0.9999965195786805,0.058656887083582875,False,
C233R,missense,False,1.0,1.0,0.0,none,0.9973,1,22065275,,1.0,1.0,1.0,0.4452625924774054,0.42315589290052424,0.4666141642499242,0.49576248661549244,0.49452463175566075,0.22316780915842094,0.7782246469312454,0.14513072199439958,0.4029176893742007,0.380638028617251,0.42538404506438215,0.4593960036272457,0.45900318608973634,0.17913963477107342,0.7450882777250966,0.14565964296426281,0.9320598541251531,0.9135104744016281,0.9481319060211226,0.9370127665949584,0.9615737712391517,0.7451027040063455,0.9997222871520258,0.07063551692563136,0.9265167756874353,0.8924345272530286,0.9539340386654185,0.9323963026575715,0.9578400120201691,0.7251227746191931,0.999667709156052,0.07480163240947911,0.9344522853215314,0.8955616721122212,0.9626625195485329,0.9422373155388261,0.9667183572669974,0.7588945390818321,0.9998612372463207,0.0667376385547274,False,
C364F,missense,False,1.0,1.0,0.0,VUS,0.7649,1,33450726,,1.0,1.0,1.0,0.4452625924774054,0.42315589290052424,0.4666141642499242,0.49519018355397276,0.49306185552152804,0.2270009611082285,0.7692643425308175,0.14251606731469765,0.4029176893742007,0.380638028617251,0.42538404506438215,0.45950664654858453,0.46041868163533534,0.18557003728385715,0.7372442029458428,0.14443744039015446,0.7789845419086838,0.7438561797431681,0.812265927481375,0.8022099665106195,0.8189714847477995,0.5360857552922926,0.9678908552616934,0.11509994930239925,0.44728059487000266,0.36899570891380024,0.5297373565300053,0.4971037855199503,0.4949429935408841,0.2107693043616685,0.7841116423147648,0.15066151969429378,0.5513323113093267,0.4588747327706481,0.641859319464428,0.5884704970281937,0.5943828318691076,0.2950728361882106,0.8517217866794463,0.14686869937192829,False,
C371X,nonsense,True,1.0,1.0,0.0,P/LP,,1,33477506,,1.0,1.0,1.0,0.4452625924774054,0.42315589290052424,0.4666141642499242,0.49865763857404244,0.5012655092849616,0.22059331661830184,0.7721758750903382,0.14455602543265716,0.9411156004189359,0.9010740930793922,0.970634631718583,0.9465341157882851,0.9705530276393843,0.7580598952083749,0.999956610410873,0.06646371903811485,0.9437991436509519,0.9042636937518541,0.9738801614839877,0.9493682895988265,0.9736408579755507,0.7683571118154721,0.9999781085001924,0.06479392279176098,0.9060990411502131,0.8348103483688831,0.9560504177835257,0.9161628260376965,0.9426090183596256,0.6958647630870406,0.999324948580711,0.08407678032376402,0.9156418519913224,0.8515201010669611,0.9620121554245736,0.9224217451981159,0.9488607445607493,0.6976168370853801,0.9996485918011854,0.08157662844325052,False,
C382R,missense,False,1.0,1.0,0.0,P/LP,0.9942,1,31704690,,1.0,1.0,1.0,0.4452625924774054,0.42315589290052424,0.4666141642499242,0.49406297854016573,0.49384288596886217,0.22072010339896156,0.7617591866056028,0.14241394426169432,0.4029176893742007,0.380638028617251,0.42538404506438215,0.45753986208606734,0.45381613212462363,0.18855305085663104,0.7333841349392783,0.14359068817226037,0.9309039563240701,0.9121763796068488,0.9471715071232237,0.9376240744211493,0.9623873801412157,0.7391377851079055,0.9996589850517874,0.0713120072983535,0.8443465877443089,0.8128049982394322,0.8732698395207323,0.8598684700090485,0.8823628482574849,0.6097867170694176,0.9870805726502064,0.10071337950035032,0.8805019620611755,0.8508653154438758,0.9064423783843853,0.8923981643055617,0.9151412569075771,0.6592625427571611,0.9951030030459079,0.09091256675103894,False,
D187Y,missense,False,1.0,1.0,0.0,P/LP,0.711,1,29207974,,1.0,1.0,1.0,0.4452625924774054,0.42315589290052424,0.4666141642499242,0.49634311532417036,0.4932399698393012,0.21694771648720917,0.781040459977883,0.14512962081977723,0.4029176893742007,0.380638028617251,0.42538404506438215,0.45728406281057543,0.454620350109361,0.183251792217907,0.7343245917719716,0.1440256866906217,0.719943537013514,0.6821432553905902,0.7562827472221062,0.7447742207362759,0.7614297675527382,0.44764585336026497,0.9439754381870745,0.12766441157966715,0.8443465877443089,0.8128049982394322,0.8732698395207323,0.8578973849438147,0.8795246783468638,0.6122591069356608,0.9879146848177739,0.10063385548330062,0.8262098286170995,0.7942345282489763,0.8582529411585027,0.8424253385620507,0.8643695901635455,0.5914847384734974,0.9837026394656309,0.10562895358189793,False,
D198V,missense,False,1.0,1.0,0.0,P/LP,0.836,1,32266039,,1.0,1.0,1.0,0.4452625924774054,0.42315589290052424,0.4666141642499242,0.49833552535868536,0.49766448050435186,0.22225997091715438,0.7693477670884726,0.14393019861153883,0.4029176893742007,0.380638028617251,0.42538404506438215,0.4577503284720989,0.4567017811480082,0.18332654912810273,0.7369401962003125,0.14522133944149226,0.8423491490322156,0.8114656181347851,0.870180279550746,0.8569531353646996,0.8792929872868384,0.6078221992965885,0.9874703530107107,0.10244447055952198,0.8443465877443089,0.8128049982394322,0.8732698395207323,0.8597016523478804,0.8814985097385355,0.6153000285216024,0.9878003126237345,0.10039978169399738,0.8523604179066073,0.8233221103081891,0.8799811698902222,0.8667264244407914,0.8899306173126716,0.62017239678512,0.9908946400898905,0.09926008730616455,False,
D205H,missense,False,1.0,1.0,0.0,P/LP,0.9997,1,22291974,,1.0,1.0,1.0,0.4452625924774054,0.42315589290052424,0.4666141642499242,0.49806555740225994,0.5003628158969651,0.21945827920681935,0.7690606629988817,0.14420211679716552,0.4029176893742007,0.380638028617251,0.42538404506438215,0.45566319862356314,0.4511711572421519,0.1920277487653724,0.7341667778981306,0.1436356685678783,0.9329423851967468,0.9145257157993967,0.9488640813563733,0.9398265856416939,0.9641864335398516,0.7412378147242547,0.9997162749009806,0.06948315196515677,0.8443465877443089,0.8128049982394322,0.8732698395207323,0.8583005129260267,0.8794991693955324,0.6128921592621117,0.9874691613914618,0.10027128971093895,0.881387072084719,0.8517501571507994,0.9073929513965702,0.8928491470513276,0.9160905187857347,0.6690351375317718,0.9956630762422042,0.0903394144956065,False,
D274G,missense,False,1.0,1.0,0.0,P/LP,0.9923,1,36178555,,1.0,1.0,1.0,0.4452625924774054,0.42315589290052424,0.4666141642499242,0.4952759781932738,0.4952292365534473,0.22446811894199142,0.7728761696607966,0.1430066803780655,0.4029176893742007,0.380638028617251,0.42538404506438215,0.45942642243449733,0.45686986652697426,0.19487400278028646,0.7413983214604081,0.1433739263207098,0.9301865166301088,0.9113409909387188,0.9465746008932324,0.935464306909069,0.959659197186048,0.7412039560806158,0.9996417225618351,0.07044800456687467,0.8443465877443089,0.8128049982394322,0.8732698395207323,0.8581040594972,0.8794970536190339,0.6042286977442869,0.9880191641621843,0.10133110717986994,0.8801947996638502,0.8506281618466963,0.9061122493692955,0.8894432200413437,0.9133414350947461,0.6598196455812554,0.9953028829065173,0.09045479705663498,False,
D364fs,frameshift,True,1.0,1.0,0.0,none,,1,38054414,,1.0,1.0,1.0,0.4452625924774054,0.42315589290052424,0.4666141642499242,0.4922873330127825,0.49218646167346025,0.2185663651248494,0.7631604863891792,0.14472603304663004,0.9411156004189359,0.9010740930793922,0.970634631718583,0.946177466703148,0.9715653106448806,0.7548772031951791,0.9999481655350709,0.06758078662839694,0.9437991436509519,0.9042636937518541,0.9738801614839877,0.9500893849889412,0.9744669783855167,0.7724063773942627,0.999978643127069,0.06325039453210089,0.9578898865717683,0.9264000040317821,0.9805284109802209,0.9617611738797636,0.9855856409653126,0.8001993731355107,0.999998813239627,0.05686310729695343,0.9554340649172374,0.9220425334925565,0.979383153378201,0.961195589634374,0.9847585541804079,0.7970166712623431,0.9999966455038501,0.056504806708857915,False,
D365N,missense,False,1.0,1.0,0.0,VUS,0.1666,1,25174781,,1.0,1.0,1.0,0.4452625924774054,0.42315589290052424,0.4666141642499242,0.49682816905496613,0.4944171831571466,0.22188120462279007,0.7731652617513085,0.14337756472767346,0.4029176893742007,0.380638028617251,0.42538404506438215,0.4601415879308883,0.4575461201587794,0.1954756360813352,0.7351291792315224,0.1414724188188417,0.09567960553538589,0.07938447793030165,0.11415421782101699,0.1783204601083371,0.1593471846402258,0.026023952718062383,0.4356439260205784,0.10967895959403662,0.44728059487000266,0.36899570891380024,0.5297373565300053,0.4951401103554724,0.49446753749771744,0.20521650472111314,0.7842233997546878,0.15009537407957585,0.32814629121314215,0.24324106709496598,0.41905452919255093,0.38918615761411135,0.38039246678931415,0.13249882586680123,0.6821884415200519,0.14408492876016704,False,
D365fs,frameshift,True,1.0,1.0,0.0,none,,1,35592779,,1.0,1.0,1.0,0.4452625924774054,0.42315589290052424,0.4666141642499242,0.4968325531622227,0.49762104644881067,0.22426471860633682,0.7745524448321801,0.1467190150517945,0.9411156004189359,0.9010740930793922,0.970634631718583,0.9459976288076848,0.9714716712862077,0.7534887864810678,0.999952763645886,0.06716669566217552,0.9437991436509519,0.9042636937518541,0.9738801614839877,0.9484248517758169,0.9736802867502906,0.7555652404807928,0.9999827149798463,0.0668881652036495,0.9578898865717683,0.9264000040317821,0.9805284109802209,0.9618040401436642,0.9855785944876627,0.7970944782752268,0.9999976920014422,0.0558408074260812,0.9554340649172374,0.9220425334925565,0.979383153378201,0.9610104476835094,0.9842774163380928,0.7920902132582907,0.9999967038880295,0.057227920633816425,False,
D4N,missense,False,0.0,1.0,7.0,B/LB,0.1383,1,37008541,,8.0,0.0,0.0,0.4452625924774054,0.42315589290052424,0.4666141642499242,0.24638404668396993,0.23620189086049784,0.08151660790116264,0.4659047489328396,0.09950845570389347,0.4029176893742007,0.380638028617251,0.42538404506438215,0.2236824039244231,0.21382680565206874,0.07002046123284503,0.4359550045584402,0.09600750922655982,0.08227455388401207,0.06750466667636322,0.09912483644335819,0.044611518329851045,0.02912422642024575,0.0005931591045997344,0.1704920903632664,0.04664980164410687,0.003191464636591484,0.0006551274835057684,0.007621003096594019,0.0018782754264034492,4.0117189696945054e-13,1.5758021161252294e-103,0.021617943290416202,0.010748298911390192,0.0033349827977247567,0.0007223452494161048,0.007825343977323984,0.0018058266205882932,3.93971238244098e-12,2.3129007247723255e-88,0.020835954170603438,0.00896034484896311,False,2.78944e-05
E120K,missense,False,1.0,1.0,1.0,VUS,0.5416,1,37008541,,2.0,0.5,1.0,0.4452625924774054,0.42315589290052424,0.4666141642499242,0.4552166393999096,0.45374802098980527,0.1958741895092659,0.7297751163343427,0.13603277952752163,0.4029176893742007,0.380638028617251,0.42538404506438215,0.4154714934376188,0.4068879459588889,0.17093917605481668,0.7010393949848551,0.1367446507501147,0.48788210667156434,0.4490899694063328,0.5278794768969801,0.4913726949850683,0.4914916446651068,0.2234058183528531,0.762343259509935,0.13844076847659492,0.44728059487000266,0.36899570891380024,0.5297373565300053,0.4602159618435778,0.4559528984246448,0.19660115544545606,0.7401770675383869,0.14136301518434644,0.4653496486942404,0.3829511583451953,0.5466080053656355,0.4671485543972115,0.46644234504974164,0.1946112312823146,0.7427516441018869,0.1424845361664569,False,3.97994e-06
E236A,missense,False,1.0,1.0,0.0,none,0.9547,1,36504295,,1.0,1.0,1.0,0.4452625924774054,0.42315589290052424,0.4666141642499242,0.501724886084289,0.5038783078965559,0.2350272673217232,0.7770989169463461,0.14356503649133628,0.4029176893742007,0.380638028617251,0.42538404506438215,0.45922006736752935,0.456577182015911,0.18771538675489935,0.7434853128138693,0.1440616129373139,0.9144989941556065,0.8930352729273575,0.9335209896437429,0.9213440119440598,0.9455016593624086,0.7097601033401273,0.998964431955886,0.07806680283614335,0.9265167756874353,0.8924345272530286,0.9539340386654185,0.9327416940680326,0.9589295719294735,0.7264261324700869,0.9996907297754005,0.07363130344499746,0.9303640242243404,0.890268999998746,0.959928339804217,0.9361718670819186,0.9616168716089015,0.7359061578555053,0.9997589240990262,0.07239278540081868,False,
E268K,missense,False,1.0,1.0,0.0,P/LP,0.233,1,42468610,,1.0,1.0,1.0,0.4452625924774054,0.42315589290052424,0.4666141642499242,0.49758498299430176,0.4963963658397583,0.22547945916044138,0.7745713663036304,0.14325883343537243,0.4029176893742007,0.380638028617251,0.42538404506438215,0.45621213990891757,0.45420707620718814,0.18740319291529678,0.7373783406113799,0.14137326695458804,0.13501127391905499,0.11462608991289705,0.1579485284880597,0.21009997401741687,0.19311741750786388,0.03814190846859709,0.48075729364146697,0.11763667418299123,0.8443465877443089,0.8128049982394322,0.8732698395207323,0.8597949107538336,0.8825021773961819,0.6137222486829862,0.9886568858835993,0.10057638433839068,0.6921848933847341,0.6013446150826316,0.7747143029766943,0.7177429884462909,0.72977153163749,0.42097228859946006,0.9359383129402288,0.1334546751517319,False,
E275V,missense,False,1.0,1.0,0.0,none,,1,41409604,,1.0,1.0,1.0,0.4452625924774054,0.42315589290052424,0.4666141642499242,0.4991827730349605,0.5008783105814574,0.22444233394410526,0.7808811270012055,0.14394610803881525,0.4029176893742007,0.380638028617251,0.42538404506438215,0.457180189408179,0.45768031844130713,0.18528924045823494,0.7322473350805089,0.1421402922919203,0.961710047716498,0.9163514237072201,0.9899559996207018,0.9650541185501427,0.9891593456490123,0.7968078164877648,0.999999975575221,0.05550513007049946,0.9265167756874353,0.8924345272530286,0.9539340386654185,0.9349402349163989,0.9596093809705604,0.7367596332513356,0.9995262631351151,0.07085719407493056,0.9636958237749773,0.922971040837327,0.9895773917585774,0.965595123889608,0.9912250698365246,0.7955192165332061,0.9999999962921974,0.0564536339666395,False,
E279G,missense,False,1.0,1.0,14.0,VUS,0.1434,1,36178555,,15.0,0.06666666666666667,1.0,0.4452625924774054,0.42315589290052424,0.4666141642499242,0.21786406871283975,0.21038681792770275,0.08068605301769236,0.39860695532900153,0.08208555697847257,0.4029176893742007,0.380638028617251,0.42538404506438215,0.2023003930899954,0.19311307673651557,0.07197209585333479,0.3784041799985951,0.08008822692927567,0.08455674577312434,0.06952215843318058,0.10172402280060998,0.07246267053267766,0.061288456497222074,0.007715229505184094,0.19859164146753897,0.050807650250620826,0.44728059487000266,0.36899570891380024,0.5297373565300053,0.2195480450962761,0.21138536041374056,0.08117773472234299,0.39891991202075394,0.08223189768181513,0.3203738550950246,0.23576995037302134,0.41275941125990545,0.16854004103632547,0.15840140561680793,0.049047534509219975,0.3431289447200639,0.07589169734380427,False,5.60969e-05
E339X,nonsense,True,1.0,1.0,0.0,none,,1,15841481,,1.0,1.0,1.0,0.4452625924774054,0.42315589290052424,0.4666141642499242,0.4960927504860385,0.49481885899785977,0.22600990519797334,0.7786560362421956,0.14421613845220924,0.9411156004189359,0.9010740930793922,0.970634631718583,0.946122530170571,0.9714206091095552,0.7518162021625331,0.9999544969085729,0.06893195839886453,0.9437991436509519,0.9042636937518541,0.9738801614839877,0.948812107253601,0.9740858167970794,0.760959788140843,0.9999842367322633,0.06539806951884526,0.9578898865717683,0.9264000040317821,0.9805284109802209,0.9610803087931397,0.9852851683001056,0.7969881731068518,0.9999989992075717,0.05610964872519492,0.9554340649172374,0.9220425334925565,0.979383153378201,0.9598550662595524,0.983511162253313,0.7910650714709192,0.9999973346067461,0.05805954003069649,False,
E395fs,frameshift,True,1.0,1.0,0.0,none,,1,37838154,,1.0,1.0,1.0,0.4452625924774054,0.42315589290052424,0.4666141642499242,0.49623335461294105,0.49644558849076664,0.21871027230661083,0.7730435758235773,0.144560114959181,0.9411156004189359,0.9010740930793922,0.970634631718583,0.9462667122770514,0.9725728530462926,0.7612595143374664,0.9999435799987864,0.06657092830443011,0.9437991436509519,0.9042636937518541,0.9738801614839877,0.9478246555572231,0.9743620666819086,0.7633083548386261,0.9999779325480451,0.06839235112504136,0.9578898865717683,0.9264000040317821,0.9805284109802209,0.9604133888827342,0.9838138825504326,0.7995111061827707,0.9999951939690702,0.05655459439818433,0.9554340649172374,0.9220425334925565,0.979383153378201,0.9584481879171853,0.9846290379898526,0.7874510820676305,0.9999985209447568,0.06014828118898674,False,
E421X,nonsense,True,1.0,1.0,0.0,P/LP,,1,33242514,,1.0,1.0,1.0,0.4452625924774054,0.42315589290052424,0.4666141642499242,0.497715809278479,0.4982550356941846,0.2300346000393318,0.7731320225412525,0.14140296205711858,0.9411156004189359,0.9010740930793922,0.970634631718583,0.9448034136127468,0.9720093064409929,0.7454066063651221,0.9999410704340447,0.06998036513641777,0.9437991436509519,0.9042636937518541,0.9738801614839877,0.950175785475643,0.9747125679619137,0.7603937987578302,0.9999645901715761,0.06520612065153543,0.9060990411502131,0.8348103483688831,0.9560504177835257,0.9155809710725916,0.9414077831787891,0.69156673826701,0.9992704737286436,0.08396280110061957,0.9156418519913224,0.8515201010669611,0.9620121554245736,0.9254999703306067,0.9520300415944358,0.7220150225803776,0.9996793485221038,0.07777209878923873,False,
E442X,nonsense,True,1.0,1.0,0.0,P/LP,,1,32901087,,1.0,1.0,1.0,0.4452625924774054,0.42315589290052424,0.4666141642499242,0.4940424991749713,0.49167061081423014,0.2194667828173544,0.7665308586013438,0.14262089111286913,0.9411156004189359,0.9010740930793922,0.970634631718583,0.9474084992250832,0.9716068797625923,0.7625200193913362,0.9999491873609853,0.06553436387651619,0.9437991436509519,0.9042636937518541,0.9738801614839877,0.9501284264888185,0.9745089516632561,0.7708476751749741,0.9999715464733302,0.06338976960414647,0.9060990411502131,0.8348103483688831,0.9560504177835257,0.9139273784940602,0.9406564424617914,0.6871060075861464,0.9992289886847172,0.08609277450807512,0.9156418519913224,0.8515201010669611,0.9620121554245736,0.9218859890651583,0.947682996789439,0.701216577626488,0.9995465326585535,0.0809845402453801,False,
E443K,missense,False,1.0,1.0,0.0,VUS,0.923,1,33477506,,1.0,1.0,1.0,0.4452625924774054,0.42315589290052424,0.4666141642499242,0.4967969665101524,0.498090265458771,0.21337698129776478,0.7670814422046014,0.14594883896985378,0.4029176893742007,0.380638028617251,0.42538404506438215,0.45710344701264594,0.45502183500196325,0.19169406680974438,0.7363271089085046,0.1431774661576287,0.8988547932601664,0.8751176629305383,0.9200181652995141,0.9081860028492894,0.9318421277726644,0.6857449556833342,0.9975015151406484,0.08389148308568874,0.44728059487000266,0.36899570891380024,0.5297373565300053,0.4973787705393414,0.4968299533614885,0.2095208824395555,0.7817950527344599,0.14995113100206645,0.6103627479285284,0.5046105476106945,0.70837227813356,0.6479266010358231,0.6570855263561199,0.352143404959296,0.8903090452142071,0.1435056624906414,False,
E70D,missense,False,1.0,1.0,0.0,none,0.9735,1,18382660,,1.0,1.0,1.0,0.4452625924774054,0.42315589290052424,0.4666141642499242,0.49594595506895417,0.4958543923873319,0.2072225597213947,0.7641669327451678,0.14426965784438542,0.4029176893742007,0.380638028617251,0.42538404506438215,0.46022141207954503,0.4578179032536026,0.18858656796228626,0.739619330618772,0.14361684791354118,0.9227071910053473,0.9026879307653657,0.9403737638446779,0.928729293199327,0.9538783876061321,0.7209470994253756,0.9993120666052219,0.07548641390763651,0.9265167756874353,0.8924345272530286,0.9539340386654185,0.9320488975486013,0.9558865548852322,0.7307840594087274,0.9996612838235237,0.07376377429045484,0.932197944783705,0.8927025671339579,0.9611921915383933,0.9389522653566074,0.9648417464943746,0.7447695755062053,0.999853832974112,0.07147770894494383,False,
F123L,missense,False,1.0,1.0,0.0,none,0.9993,1,18382660,,1.0,1.0,1.0,0.4452625924774054,0.42315589290052424,0.4666141642499242,0.49745759437663983,0.4958163613886175,0.2213628334204066,0.7757283441995688,0.14392975347896264,0.4029176893742007,0.380638028617251,0.42538404506438215,0.45858038235538695,0.4551710439039418,0.19397303608539435,0.7365980080292919,0.1428837995907874,0.9327960402765286,0.9143554999057915,0.948742734839901,0.937244505455033,0.9623769085996959,0.736585814067082,0.9997003421395563,0.07222538907919757,0.9265167756874353,0.8924345272530286,0.9539340386654185,0.9327249765413953,0.9586189076889288,0.732125644995112,0.99958213379262,0.07330583001969743,0.9346383604196062,0.895689827522645,0.9628027779452151,0.9398599796685575,0.9646321640190997,0.7502252159651932,0.9998679816276437,0.06943859590060045,False,
F133fs,frameshift,True,1.0,1.0,0.0,none,,1,40303645,,1.0,1.0,1.0,0.4452625924774054,0.42315589290052424,0.4666141642499242,0.49238820624141266,0.4950546726824234,0.2177046206011229,0.7679497449813586,0.1449826732713337,0.9411156004189359,0.9010740930793922,0.970634631718583,0.9469884739339945,0.9731248696044038,0.7587541145336899,0.9999489236593971,0.06726437979900649,0.9437991436509519,0.9042636937518541,0.9738801614839877,0.9481135436462202,0.9734666369061865,0.7650879869991066,0.9999691298682297,0.06580226461337292,0.9578898865717683,0.9264000040317821,0.9805284109802209,0.9630695395619016,0.9855043779594026,0.8028033928706518,0.9999989343050517,0.05448713262320055,0.9554340649172374,0.9220425334925565,0.979383153378201,0.9603201314304378,0.983274025746512,0.8000525028655313,0.9999976372296467,0.05659234251655887,False,
F150S,missense,False,1.0,1.0,0.0,P/LP,0.9978,1,30229274,,1.0,1.0,1.0,0.4452625924774054,0.42315589290052424,0.4666141642499242,0.4962903129979908,0.49855505636537434,0.22265876594392642,0.7734775390350916,0.14404340676752247,0.4029176893742007,0.380638028617251,0.42538404506438215,0.45270706251051074,0.45454780027476627,0.17996096056846086,0.735238585471949,0.1445311635498465,0.9322445996456433,0.9137215845166385,0.9482852552602851,0.9384346857982802,0.9619152870000465,0.7571622332630282,0.9997319874803701,0.06826418616592268,0.8443465877443089,0.8128049982394322,0.8732698395207323,0.8580815175588226,0.8806897218172174,0.6163790474906095,0.9867736300825877,0.09951439032597634,0.8810819854269962,0.8513946293869146,0.9070901935505475,0.89136887385711,0.9165427224761189,0.6551246038927272,0.9952081293545687,0.09245149536588289,False,
F419C,missense,False,1.0,1.0,0.0,none,0.9892,1,27256595,,1.0,1.0,1.0,0.4452625924774054,0.42315589290052424,0.4666141642499242,0.49755806147764087,0.5010790808807459,0.2195778342381503,0.779258820484109,0.14632934995905625,0.4029176893742007,0.380638028617251,0.42538404506438215,0.45987495594087846,0.459308880233268,0.19136175369171315,0.7449211601288206,0.14571376361238023,0.9290011293748637,0.9099625818688515,0.9456024388591425,0.9347503488642077,0.9591543325215277,0.7377295438154868,0.9996344152342418,0.07260894293587274,0.9265167756874353,0.8924345272530286,0.9539340386654185,0.9329240837398761,0.9583412973930652,0.7331752531826253,0.999644154082134,0.07409803512979092,0.9336933795588452,0.8945441409098138,0.9622296144703057,0.9409947429767656,0.9663670970579017,0.7451574480234285,0.9998481350357216,0.06944061434948817,False,
F419S,missense,False,1.0,1.0,0.0,P/LP,0.9959,1,22493702,,1.0,1.0,1.0,0.4452625924774054,0.42315589290052424,0.4666141642499242,0.49585965346036376,0.49650490365620104,0.22622885840199855,0.7689015758952162,0.14226407175912398,0.4029176893742007,0.380638028617251,0.42538404506438215,0.45819127764261436,0.45433187890462434,0.19397864912701215,0.7420601185230837,0.1421629978065612,0.931540075747507,0.9129168762116792,0.94770023835214,0.9373235159791048,0.9615622958183967,0.7411085596089085,0.9997060405395903,0.06978053846529149,0.8443465877443089,0.8128049982394322,0.8732698395207323,0.8563427141854427,0.8795906555359829,0.6045453606135254,0.9887664661078566,0.10287397941840061,0.8807761827893291,0.8510921008777161,0.9067160367557107,0.8934660349483996,0.9190297501772883,0.6711807035345183,0.9959590796512031,0.08935959850531323,False,
F423fs,frameshift,True,1.0,1.0,0.0,none,,1,41625734,,1.0,1.0,1.0,0.4452625924774054,0.42315589290052424,0.4666141642499242,0.49707430791618556,0.4985064630219094,0.2163188254467946,0.7772332655101513,0.14497757316060572,0.9411156004189359,0.9010740930793922,0.970634631718583,0.9475915477197193,0.972077030799257,0.7562042751201938,0.999945815165303,0.06628303574363256,0.9437991436509519,0.9042636937518541,0.9738801614839877,0.948196399928936,0.9742523185634947,0.7641588447274138,0.9999693180052253,0.06599061107860939,0.9578898865717683,0.9264000040317821,0.9805284109802209,0.9614174287280587,0.9845810614589525,0.7973278673010397,0.99999837803289,0.05618277563796031,0.9554340649172374,0.9220425334925565,0.979383153378201,0.9603380742408659,0.9836159048431892,0.7992185597723254,0.9999963274316889,0.05620742563241208,False,
G147D,missense,False,1.0,1.0,1.0,VUS,0.9977,1,34746319,,2.0,0.5,1.0,0.4452625924774054,0.42315589290052424,0.4666141642499242,0.4541790517788848,0.44799677814445005,0.1939824095016154,0.7386730697565389,0.1393917880630015,0.4029176893742007,0.380638028617251,0.42538404506438215,0.4243111500482513,0.4192287883239316,0.1755038772906341,0.6940837439932338,0.13579049583940375,0.9322076879044853,0.9136793998589007,0.9482546197441514,0.8594262687291407,0.8793998140678082,0.6195436626689176,0.9853824044267572,0.0969091198886831,0.44728059487000266,0.36899570891380024,0.5297373565300053,0.4589127685756421,0.455074914734888,0.1863900223003987,0.7447970865899729,0.1446813602061623,0.6371158038155051,0.5254363248116446,0.7376420199024964,0.6130867329829826,0.6214866308629488,0.32110125745769647,0.8653810233691187,0.1418125752789193,False,3.97687e-06
G162D,missense,False,1.0,1.0,0.0,P/LP,0.9972,1,18382660,,1.0,1.0,1.0,0.4452625924774054,0.42315589290052424,0.4666141642499242,0.49500843673662054,0.492787198583569,0.22729510993713054,0.7694256668996386,0.14410964722136388,0.4029176893742007,0.380638028617251,0.42538404506438215,0.45440084945133097,0.4479495457697308,0.1955484534330855,0.7363045221285894,0.143741685503746,0.9320228489372961,0.9134681962989182,0.9481011846335474,0.9386908066846701,0.9647014103245442,0.7386075460493391,0.9997282608234097,0.07176773288707038,0.8443465877443089,0.8128049982394322,0.8732698395207323,0.8592416487898993,0.8818582486811704,0.6071518226594987,0.9879552498962171,0.10171584012618878,0.8809854935773875,0.8512822110923636,0.9069748935267189,0.8935803387993713,0.9179027455667517,0.6623512901718218,0.9957813761819581,0.09040390378753456,False,0.0
G170D,missense,False,1.0,1.0,0.0,none,0.9333,1,31569857,,1.0,1.0,1.0,0.4452625924774054,0.42315589290052424,0.4666141642499242,0.49596859296811296,0.4984258638584767,0.2205419682933991,0.7671059646681949,0.14557771938510977,0.4029176893742007,0.380638028617251,0.42538404506438215,0.4600011119580408,0.45642823338287936,0.1845187009786662,0.7403929546535064,0.14552575109342264,0.9041986290860444,0.881329304479328,0.9246126969102406,0.912798428956477,0.9387140443768873,0.6985518368951017,0.998061823772493,0.08167174691187445,0.9265167756874353,0.8924345272530286,0.9539340386654185,0.931538740741136,0.9563003680987361,0.7355333638584737,0.999633548077493,0.07326773474363892,0.928217873827782,0.8873577265116548,0.9583770042791522,0.9348762933676005,0.9592693543784014,0.7308203361928097,0.9998613357773253,0.07243854559778429,False,
G170V,missense,False,1.0,1.0,0.0,P/LP,0.9665,1,25372588,,1.0,1.0,1.0,0.4452625924774054,0.42315589290052424,0.4666141642499242,0.49580404285542434,0.49511367816911467,0.2132149048017336,0.7815519678266315,0.14920118774113403,0.4029176893742007,0.380638028617251,0.42538404506438215,0.4561088052638558,0.4514144903095728,0.19264235699593754,0.739215033400183,0.14596241990364608,0.919739030869106,0.8992653224245533,0.9378930330123911,0.9287337562011495,0.9529705306646105,0.723659681899355,0.9993468821829802,0.07413865014894562,0.8443465877443089,0.8128049982394322,0.8732698395207323,0.8590907311804729,0.8815513186295234,0.6147174057074201,0.9882627869807162,0.09993819320324854,0.8759521816949657,0.8471144051600662,0.9017690363013826,0.8873510696971328,0.9099831635807238,0.651402288330965,0.9948499406220378,0.09226438515855094,False,
G229fs,frameshift,True,1.0,1.0,0.0,none,,1,37838154,,1.0,1.0,1.0,0.4452625924774054,0.42315589290052424,0.4666141642499242,0.4921148954874251,0.49171164608968665,0.21335124865838093,0.7767510694506098,0.14538666797846325,0.9411156004189359,0.9010740930793922,0.970634631718583,0.948617077794638,0.9733764817736279,0.7664244571123559,0.9999636465193621,0.06546339569689284,0.9437991436509519,0.9042636937518541,0.9738801614839877,0.9492517464468951,0.9746777586940674,0.766871247609288,0.999977098384993,0.0660931145128783,0.9578898865717683,0.9264000040317821,0.9805284109802209,0.9625506093062174,0.9852142223824417,0.7976424648510514,0.9999991679056188,0.05554306541886497,0.9554340649172374,0.9220425334925565,0.979383153378201,0.9602601096482934,0.9843372419704078,0.8002631961158173,0.9999976802855908,0.056647561760373784,False,
G246R,missense,False,1.0,1.0,0.0,P/LP,0.8194,1,34469064,,1.0,1.0,1.0,0.4452625924774054,0.42315589290052424,0.4666141642499242,0.4958821543178472,0.49704453452951086,0.22060843398256963,0.7739629564597627,0.1429643770585386,0.4029176893742007,0.380638028617251,0.42538404506438215,0.4546314033498235,0.45319321788863026,0.1843042240121029,0.7307643651212143,0.14478591851655018,0.8290199328456275,0.7969521668465747,0.8582107319448533,0.8460092958683139,0.8676809916633275,0.5843506456343174,0.98564107721663,0.10608236798263075,0.8443465877443089,0.8128049982394322,0.8732698395207323,0.8610974571284664,0.8814075001516419,0.6145594009648849,0.9879159801684814,0.09884936445621355,0.8490935940031799,0.8200257715130438,0.8768964316589287,0.8635382023593168,0.8842502748446166,0.6205530708084811,0.9899698704736488,0.1002170239543745,False,
G249R,missense,False,1.0,1.0,0.0,none,0.9702,1,30259503,,1.0,1.0,1.0,0.4452625924774054,0.42315589290052424,0.4666141642499242,0.4991466147396215,0.49787845271604747,0.2212320844266963,0.7751484168189817,0.14511910008250703,0.4029176893742007,0.380638028617251,0.42538404506438215,0.4561462670753206,0.45390298068477064,0.1883515509137126,0.7380324011272996,0.14380578288502932,0.921320675574266,0.9011140546839757,0.9392055452752329,0.9291515695224277,0.9528938732334333,0.7259475435706392,0.9993603707233676,0.07376663075385077,0.9265167756874353,0.8924345272530286,0.9539340386654185,0.9325423296085347,0.9562519346430076,0.7358945378223003,0.9996025589374072,0.07289349296635894,0.9318794667026512,0.8922722837287529,0.9609290383561568,0.938894435464056,0.9644637496281614,0.7400982130388468,0.9998081309476117,0.07074742576556844,False,
G258D,missense,False,1.0,1.0,1.0,VUS,0.994,1,41409604,,2.0,0.5,1.0,0.4452625924774054,0.42315589290052424,0.4666141642499242,0.4543032379741597,0.45297966985339677,0.1958142912542479,0.719955195544546,0.13795005350480832,0.4029176893742007,0.380638028617251,0.42538404506438215,0.4188297733247359,0.41498347417455095,0.16810491138854827,0.6887218477465186,0.13830278630027384,0.9308287594483787,0.9120887800587735,0.947108972627436,0.8583979171039627,0.8781627077869891,0.6183124538859649,0.9861975509688976,0.09659670675897199,0.44728059487000266,0.36899570891380024,0.5297373565300053,0.4541880427774096,0.4525804505919152,0.1924241375306202,0.7360248818047789,0.1424102045152347,0.635811759591942,0.5243213241031401,0.7359094375806562,0.6133839013366416,0.6229370181428933,0.32008791449611407,0.8640061846857503,0.14144716545490263,False,3.98264e-06
G261A,missense,False,1.0,1.0,0.0,none,0.9124,1,33477506,,1.0,1.0,1.0,0.4452625924774054,0.42315589290052424,0.4666141642499242,0.49421857258742347,0.4980621871948365,0.22261297336456268,0.7617426484943123,0.13970225032614167,0.4029176893742007,0.380638028617251,0.42538404506438215,0.4593618154362461,0.4594735481904798,0.18683209540730486,0.7331187243815417,0.14469747026998983,0.8930802413854451,0.8685684959598235,0.9150791019133899,0.9058111253335471,0.9299982910673587,0.6867745072231313,0.9975744142155736,0.08474121879885575,0.9265167756874353,0.8924345272530286,0.9539340386654185,0.9345104373176515,0.9586152882939423,0.7344386523145646,0.9996883864169733,0.07183570171735404,0.926060176948281,0.88428980087107,0.9569028540644313,0.9315023507770389,0.9561046724833536,0.7304075579956395,0.9996341600504288,0.07362619270222776,False,
G262R,missense,False,1.0,1.0,3.0,VUS,0.2444,1,34496959,,4.0,0.25,1.0,0.4452625924774054,0.42315589290052424,0.4666141642499242,0.3908271051446837,0.3837541116512889,0.1655952034305415,0.6403486638958356,0.12470918288291237,0.4029176893742007,0.380638028617251,0.42538404506438215,0.35843544216722784,0.3533031354463954,0.14314623631293896,0.618619309576637,0.12322486191003414,0.1430011562762711,0.12180280462268955,0.16671737010978852,0.17092910153436014,0.15528317006948072,0.02906268453112813,0.3940261427546908,0.09594185067863696,0.44728059487000266,0.36899570891380024,0.5297373565300053,0.392323050618711,0.3858634526903422,0.16561989819918643,0.6522671802224672,0.1284344744755926,0.3549577846739366,0.27243711248186614,0.4441665454533674,0.32465063651703246,0.31768149552627994,0.11513102920379802,0.5887213560539843,0.12427683890439936,False,1.97034e-05
G448S,missense,False,1.0,1.0,0.0,none,0.9898,1,38565685,,1.0,1.0,1.0,0.4452625924774054,0.42315589290052424,0.4666141642499242,0.49534839014232385,0.494628803414336,0.22302759332421582,0.7716688202691651,0.144526924342983,0.4029176893742007,0.380638028617251,0.42538404506438215,0.45761243801279816,0.45381672302557297,0.1883120675176774,0.7428895845032182,0.14366572723789886,0.9292320028700641,0.9102308691486335,0.945786774457272,0.9363478551881271,0.9602533049619115,0.7415767683060926,0.9995880896916015,0.07101178719660046,0.9265167756874353,0.8924345272530286,0.9539340386654185,0.9323163506991525,0.9562056203944838,0.7379163257174797,0.9996703032815529,0.07445677709761357,0.93374988754462,0.8946036197324656,0.9622607971327382,0.9410782480131841,0.9656725990639299,0.7497866346940891,0.9998503243174729,0.069706382057162,False,
G448V,missense,False,1.0,1.0,0.0,none,0.9895,1,32531870,,1.0,1.0,1.0,0.4452625924774054,0.42315589290052424,0.4666141642499242,0.4939321824716316,0.49634380438798803,0.2193677305996215,0.7680459726231368,0.14426493417616984,0.4029176893742007,0.380638028617251,0.42538404506438215,0.4561099899712629,0.45277400944820884,0.18865661702817488,0.741596576507378,0.1443862481505637,0.9291166530798808,0.9100968156998905,0.9456946803850345,0.9342719160496145,0.9592762089785531,0.738461056416963,0.9996256545220203,0.07319808888527157,0.9265167756874353,0.8924345272530286,0.9539340386654185,0.933884537886758,0.9595556591402092,0.7354189821801705,0.9996720557496439,0.07259853558707662,0.9337216394251356,0.894573884025564,0.9622452088945797,0.9417270946397992,0.9669144207086886,0.739499561865822,0.9998377742186013,0.0700241626879439,False,
G68D,missense,False,0.0,1.0,5.0,B/LB,0.918,1,22611063,,6.0,0.0,0.0,0.4452625924774054,0.42315589290052424,0.4666141642499242,0.27906406620165775,0.27009369005989825,0.09438676508026514,0.519786810833395,0.11137698947788578,0.4029176893742007,0.380638028617251,0.42538404506438215,0.2548709458316564,0.24388510825623916,0.08073115211401087,0.49353013833705084,0.10658440052546388,0.896166306562468,0.8720026589015342,0.9177221244206856,0.55978139120822,0.5647261390353702,0.316507407094793,0.7859373163456643,0.12075471689384235,0.003191464636591484,0.0006551274835057684,0.007621003096594019,0.0020445777233732624,8.928371741446949e-13,1.3479786973301972e-100,0.0230168836047144,0.01085307125228451,0.011549047126293356,0.00220727549336274,0.030017751320551834,0.007333428246953456,5.2001472909125894e-05,4.314155049673284e-32,0.07185159875511157,0.020093888211748713,False,3.28567e-05
G72E,missense,False,1.0,1.0,0.0,Conflicting,0.9961,1,31092478,,1.0,1.0,1.0,0.4452625924774054,0.42315589290052424,0.4666141642499242,0.4973345945858699,0.49374635885279045,0.22346341520172017,0.7794347724512042,0.14665086979573655,0.4029176893742007,0.380638028617251,0.42538404506438215,0.4567507862390799,0.4571977223937275,0.18980642964708974,0.7379589202653678,0.14459834085748222,0.931614555082119,0.9130019010356105,0.947762112335628,0.9372675172540508,0.961963654724165,0.7454404118866096,0.9996602947565602,0.07088857912068662,0.44728059487000266,0.36899570891380024,0.5297373565300053,0.49769406887585266,0.49695086547462,0.20759415583886054,0.7812043404461961,0.14793006610045095,0.6365521763085,0.5249512265437025,0.7368990210728142,0.6671864294063453,0.6808161929535302,0.36227095100677653,0.9069568391030906,0.14262251650062857,False,
G73R,missense,False,1.0,1.0,0.0,none,0.3791,1,29264522,,1.0,1.0,1.0,0.4452625924774054,0.42315589290052424,0.4666141642499242,0.49705623727550446,0.4960189112015005,0.2224408934430944,0.7830050917471363,0.14676197307593494,0.4029176893742007,0.380638028617251,0.42538404506438215,0.45658774292252224,0.4541979318774696,0.19874666442421973,0.7468496420832972,0.14402134903934707,0.26870059498279103,0.23782895990590286,0.3010114178403011,0.3372053336655862,0.323720991891418,0.10895191130511363,0.6218932149380002,0.13635572125071183,0.9265167756874353,0.8924345272530286,0.9539340386654185,0.933346765552334,0.959482382953259,0.7285666933594428,0.9996578777247536,0.07372250449057803,0.8456370359070342,0.7678544460447384,0.9095733348675105,0.8612711332415002,0.8814533687279577,0.6039529951997841,0.990915031019256,0.1022430684880844,False,
G80S,missense,False,1.0,1.0,0.0,P/LP,0.9912,1,39504571,,1.0,1.0,1.0,0.4452625924774054,0.42315589290052424,0.4666141642499242,0.49537432517833396,0.4968695535704223,0.2171091933620338,0.7743133674650315,0.14565473756987138,0.4029176893742007,0.380638028617251,0.42538404506438215,0.45802525776356606,0.4554664393670426,0.18969118125069204,0.7408428697039332,0.14458356323507843,0.9297680086847652,0.9108540722476024,0.9462261205948369,0.9375052065407165,0.959898349391797,0.7539226488715186,0.9996907436091762,0.06836688679095164,0.8443465877443089,0.8128049982394322,0.8732698395207323,0.8564177322464729,0.8781092997247788,0.6132435353650763,0.9864251020301791,0.10036952226205004,0.880016640101502,0.8504907202937206,0.905911537450117,0.8883617721347702,0.9125632072448774,0.6493619151620914,0.9951196906011587,0.09329990457146324,False,
H105fs,frameshift,True,1.0,1.0,0.0,none,,1,37838154,,1.0,1.0,1.0,0.4452625924774054,0.42315589290052424,0.4666141642499242,0.4991034317743242,0.5008458694000957,0.22217562509326522,0.7742868699858483,0.1459998874665403,0.9411156004189359,0.9010740930793922,0.970634631718583,0.9467293704438553,0.9718458995085257,0.7684337545156046,0.99995879147378,0.06502666122043468,0.9437991436509519,0.9042636937518541,0.9738801614839877,0.9494794058622191,0.975312956682876,0.7653873709950577,0.9999786793274004,0.06643818121962158,0.9578898865717683,0.9264000040317821,0.9805284109802209,0.9610985474306006,0.9850463224276707,0.7911233310661415,0.9999982350255264,0.0576717211273672,0.9554340649172374,0.9220425334925565,0.979383153378201,0.9600082694754891,0.9840800895775847,0.7929719532163285,0.9999981005741228,0.056388772972219836,False,
H141fs,frameshift,True,1.0,1.0,0.0,none,,1,25174781,,1.0,1.0,1.0,0.4452625924774054,0.42315589290052424,0.4666141642499242,0.49646680823603834,0.49660943592190276,0.22184715839902108,0.7753510114476235,0.14485129136402933,0.9411156004189359,0.9010740930793922,0.970634631718583,0.9471726162015607,0.9719572986821248,0.7731761195538867,0.9999519407666092,0.0651336628291514,0.9437991436509519,0.9042636937518541,0.9738801614839877,0.9485372825383185,0.9737307099458508,0.7649777828810399,0.9999695746965234,0.0649507675918481,0.9578898865717683,0.9264000040317821,0.9805284109802209,0.9619185684954673,0.9863283270569132,0.7918239524841514,0.9999988456608652,0.05775952296470241,0.9554340649172374,0.9220425334925565,0.979383153378201,0.9599992389685695,0.9841918567685696,0.7842330173232303,0.999997539176884,0.05853711071869786,False,
H147fs,frameshift,True,1.0,1.0,0.0,none,,1,34496959,,1.0,1.0,1.0,0.4452625924774054,0.42315589290052424,0.4666141642499242,0.49445617919060914,0.49400439572695654,0.21653942047567415,0.7673211913622628,0.14498736675881221,0.9411156004189359,0.9010740930793922,0.970634631718583,0.9453776992495969,0.9717435718251636,0.749092998061038,0.9999636020764441,0.06963817312273743,0.9437991436509519,0.9042636937518541,0.9738801614839877,0.9490510413664109,0.9744758284571526,0.7639019205746512,0.999980134161847,0.06512275410570807,0.9578898865717683,0.9264000040317821,0.9805284109802209,0.9627740050039743,0.9860376744058168,0.7998024297201567,0.9999983209109664,0.055735294996702,0.9554340649172374,0.9220425334925565,0.979383153378201,0.9612244356523413,0.983972434301883,0.8059340895884731,0.9999989700909393,0.05477205849391996,False,
H317P,missense,False,1.0,1.0,0.0,VUS,0.2725,1,33242514,,1.0,1.0,1.0,0.4452625924774054,0.42315589290052424,0.4666141642499242,0.49338184266150664,0.49310480010236346,0.22388769353945195,0.7654065244034916,0.14430693357449698,0.4029176893742007,0.380638028617251,0.42538404506438215,0.45466711499883566,0.4531704986994731,0.17936716917071768,0.7357098509193241,0.14473736698559392,0.16438341636162515,0.1414393103600354,0.19006471734340186,0.24461027891757975,0.22832006022265713,0.051718292179001014,0.5364946026179348,0.1265046227377836,0.44728059487000266,0.36899570891380024,0.5297373565300053,0.49619570460825907,0.4950759824136157,0.21622262829855549,0.7728777814981527,0.14686074369379712,0.3649053641061184,0.2834968024687297,0.45302516403161003,0.42994667278043536,0.4228170452593146,0.15906421005421975,0.7245090809511298,0.1481853291992722,False,
H416R,missense,False,1.0,1.0,0.0,P/LP,0.993,1,22291974,,1.0,1.0,1.0,0.4452625924774054,0.42315589290052424,0.4666141642499242,0.49359899153561343,0.49589446943863585,0.21403475608050435,0.7702835036065522,0.14588838382156,0.4029176893742007,0.380638028617251,0.42538404506438215,0.45975075720744507,0.4584104866325124,0.1898544188382472,0.7398604418567152,0.1454313699874195,0.9304516358556393,0.9116495970297723,0.946795250502367,0.9377746073815072,0.9627708147002454,0.7540325377752123,0.9997036931803165,0.06923060549874975,0.8443465877443089,0.8128049982394322,0.8732698395207323,0.8582643245884047,0.8814157037914078,0.6156969220665003,0.9879049406740282,0.10128047519141778,0.8803080483845763,0.8507155703887769,0.9062397751594081,0.8927535683974738,0.9162032620090773,0.6552504781547448,0.9956099909657294,0.09036655261662042,False,
H50Y,missense,False,1.0,1.0,0.0,P/LP,0.4993,1,29424410,,1.0,1.0,1.0,0.4452625924774054,0.42315589290052424,0.4666141642499242,0.4949531419266674,0.49482307272942405,0.211895818875328,0.7772337533176039,0.14634171295622206,0.4029176893742007,0.380638028617251,0.42538404506438215,0.4540217441751309,0.4495291074559818,0.18712214923000714,0.7409277355537424,0.1449678882383648,0.4264166687183794,0.3888641203293225,0.46495828962863717,0.47483311628984215,0.47091080961319143,0.20348213100277024,0.754194452243723,0.14520143283740655,0.8443465877443089,0.8128049982394322,0.8732698395207323,0.8625500907934899,0.88377983116636,0.6058370506827151,0.9897766189447054,0.10015843430022708,0.773456656123833,0.723311207061862,0.8207132965165886,0.796635796469661,0.8158332626983408,0.5268467240228133,0.9652663207932728,0.11761498675483564,False,
I110N,missense,False,1.0,1.0,0.0,none,0.99,1,22493702,,1.0,1.0,1.0,0.4452625924774054,0.42315589290052424,0.4666141642499242,0.49464000963496146,0.492882552202767,0.22391357386207672,0.7733154570010301,0.14487653925563698,0.4029176893742007,0.380638028617251,0.42538404506438215,0.45719236221280674,0.4546818063753407,0.19182365422396117,0.7377898752277394,0.14287071924854255,0.9293088062173535,0.9103201379927183,0.9458480886881374,0.9365336795938881,0.9610467874899594,0.7433313097672599,0.9994502727630128,0.06968557256554984,0.9265167756874353,0.8924345272530286,0.9539340386654185,0.9304432145618728,0.9562889153478327,0.7302952716142589,0.9996620378955897,0.07519463669506013,0.9337687131003893,0.894623439421676,0.9622711858558886,0.9405330932061163,0.9665926823980666,0.7499327791838732,0.9998475359816245,0.07005650911789149,False,
I130V,missense,False,1.0,1.0,0.0,none,0.2374,1,39420902,,1.0,1.0,1.0,0.4452625924774054,0.42315589290052424,0.4666141642499242,0.49355754533517726,0.49361033631487156,0.22122063885766033,0.7789386417520868,0.144269936349662,0.4029176893742007,0.380638028617251,0.42538404506438215,0.457892111944123,0.45266365673967884,0.18315805127768778,0.7452288005127132,0.14580325627885626,0.13804941048670336,0.11736305028397587,0.16125568685844394,0.21464469441384892,0.19658411665425513,0.04334732287165496,0.4824677274765525,0.11636476162725048,0.9265167756874353,0.8924345272530286,0.9539340386654185,0.9325405621857507,0.9579506970717574,0.7234519415579707,0.9996202115566706,0.07436333076256083,0.8143811055535255,0.7179308417930997,0.8937854002871293,0.8319766856488373,0.8508951657417207,0.552438573188057,0.9861999314076489,0.11346600112670241,False,
I405fs,frameshift,True,1.0,1.0,0.0,none,,1,29264522,,1.0,1.0,1.0,0.4452625924774054,0.42315589290052424,0.4666141642499242,0.4988780123414244,0.49518897858869465,0.23400454223469025,0.7742417825898622,0.1424368386673397,0.9411156004189359,0.9010740930793922,0.970634631718583,0.9456334689306546,0.9718779910817883,0.7516509749387313,0.9999640293438466,0.06877277685200492,0.9437991436509519,0.9042636937518541,0.9738801614839877,0.9488348505304097,0.9737973660755483,0.7725747116855697,0.9999751877683263,0.06494447453147444,0.9578898865717683,0.9264000040317821,0.9805284109802209,0.9619193352402311,0.9855869782815498,0.7974867388059478,0.9999975254138431,0.05598047242200924,0.9554340649172374,0.9220425334925565,0.979383153378201,0.959113009679279,0.9829924197002714,0.7929651992095513,0.9999975180297652,0.06004933977564676,False,
K13del,inframe_indel,False,1.0,1.0,0.0,none,,1,26740944,,1.0,1.0,1.0,0.4452625924774054,0.42315589290052424,0.4666141642499242,0.4950387980575765,0.4964513725869537,0.21046433416430152,0.769201948413344,0.14646384051354452,0.4029176893742007,0.380638028617251,0.42538404506438215,0.45781071808313123,0.4563682218484472,0.19136023477161837,0.7491298573668911,0.14574943941965535,0.961710047716498,0.9163514237072201,0.9899559996207018,0.9662021913319577,0.989939349801036,0.8104932907275159,0.9999999775109649,0.05395891757501141,0.9265167756874353,0.8924345272530286,0.9539340386654185,0.932879790183659,0.959281537189445,0.723627385188594,0.9996079770072964,0.07448771830755431,0.9636958237749773,0.922971040837327,0.9895773917585774,0.9663062184136703,0.9902598906477776,0.8093540015352347,0.9999999874006231,0.05457373585663229,False,
K169E,missense,False,1.0,1.0,0.0,none,0.997,1,31571622,,1.0,1.0,1.0,0.4452625924774054,0.42315589290052424,0.4666141642499242,0.4946263790803807,0.4937781485091402,0.21717508051416692,0.7728177294192337,0.1455237454863271,0.4029176893742007,0.380638028617251,0.42538404506438215,0.4609831501601891,0.4598481353126861,0.19190011967287002,0.7427894367250315,0.14420083686926796,0.9319487824148261,0.9133835839628879,0.9480396902511046,0.9376131175571394,0.961072176661499,0.7451835179737543,0.9997621512647441,0.06947088305960086,0.9265167756874353,0.8924345272530286,0.9539340386654185,0.9328190271982233,0.9587484721574611,0.729969816898715,0.999693946920855,0.07380782106866825,0.9344243294836589,0.8955200528813378,0.9626381722907068,0.9421970084632021,0.966407629545341,0.7566791102506835,0.9998813173566142,0.06690917417806103,False,
K291X,nonsense,True,1.0,1.0,0.0,P/LP,,1,29207974,,1.0,1.0,1.0,0.4452625924774054,0.42315589290052424,0.4666141642499242,0.49097482922575303,0.49056319930461056,0.21320472884043806,0.7732503209520947,0.14472538194441262,0.9411156004189359,0.9010740930793922,0.970634631718583,0.9451801027282128,0.9714601696408645,0.7582947251088886,0.9999625315695675,0.0680583868557158,0.9437991436509519,0.9042636937518541,0.9738801614839877,0.9491223307336213,0.9737234315772098,0.7644368796372693,0.9999690397930867,0.06441311759421682,0.9060990411502131,0.8348103483688831,0.9560504177835257,0.9144111023791853,0.9418751265292771,0.691661057644963,0.9992975787943322,0.0853707730912206,0.9156418519913224,0.8515201010669611,0.9620121554245736,0.9221886023923258,0.9476825210841745,0.701141034610244,0.9997024201810587,0.08194640686665959,False,
K39fs,frameshift,True,1.0,1.0,0.0,none,,1,18382660,,1.0,1.0,1.0,0.4452625924774054,0.42315589290052424,0.4666141642499242,0.4904066916249646,0.4864694213402042,0.2162506386229899,0.7717439780976237,0.14732157840349383,0.9411156004189359,0.9010740930793922,0.970634631718583,0.9467253458261726,0.9721375506025824,0.7669610206939852,0.9999478690263731,0.06607733259979479,0.9437991436509519,0.9042636937518541,0.9738801614839877,0.9481008198305608,0.972129454009723,0.7719462469936175,0.9999655083805181,0.06417327892466414,0.9578898865717683,0.9264000040317821,0.9805284109802209,0.9618769421609293,0.9857209553660784,0.7969318498858065,0.9999981665397678,0.05672238286745211,0.9554340649172374,0.9220425334925565,0.979383153378201,0.9598524451622872,0.983712396594725,0.7991774644653515,0.9999978958365743,0.055858475033792446,False,
K459fs,frameshift,True,1.0,1.0,0.0,none,,1,15841481,,1.0,1.0,1.0,0.4452625924774054,0.42315589290052424,0.4666141642499242,0.49673707305107523,0.4956863954788826,0.2303171044061512,0.7724447747938903,0.14217397775278692,0.9411156004189359,0.9010740930793922,0.970634631718583,0.9464702958446198,0.970927419839657,0.7602129258252808,0.999960503178426,0.06604322247956715,0.9437991436509519,0.9042636937518541,0.9738801614839877,0.9496006729285369,0.9744764271573243,0.7626911486889991,0.9999867692976725,0.06511935269185491,0.9578898865717683,0.9264000040317821,0.9805284109802209,0.9620615396654756,0.9859442933485614,0.7929744547327086,0.9999985235469079,0.0567955295523682,0.9554340649172374,0.9220425334925565,0.979383153378201,0.9587026586932824,0.9826248488858953,0.7977056872966993,0.9999971666956049,0.057989337661131825,False,
L144P,missense,False,1.0,1.0,0.0,VUS,0.9814,1,15841481,,1.0,1.0,1.0,0.4452625924774054,0.42315589290052424,0.4666141642499242,0.4996332249517983,0.5008322837388974,0.22253241846954835,0.7821294043039876,0.14497270920699168,0.4029176893742007,0.380638028617251,0.42538404506438215,0.4578657970611047,0.4532889749417552,0.19446768540328388,0.7429846187709083,0.14314232444371905,0.9259357596640971,0.90641390964559,0.9430834349966319,0.9340444622691831,0.9594834785826634,0.7400581168429814,0.999531690922218,0.07125775156531731,0.44728059487000266,0.36899570891380024,0.5297373565300053,0.4945306418490262,0.4951706699061979,0.20592640504069015,0.7834741483713102,0.15104015016624497,0.6313537964091842,0.521249383796117,0.7310796289002627,0.670487203601696,0.6856750234702205,0.3551729076846182,0.9118656606069623,0.14456306414200723,False,
L164P,missense,False,1.0,1.0,0.0,P/LP,0.9975,1,41409604,,1.0,1.0,1.0,0.4452625924774054,0.42315589290052424,0.4666141642499242,0.49738976961337883,0.4935447413745162,0.22472448734246325,0.7818814601932258,0.14428034531222161,0.4029176893742007,0.380638028617251,0.42538404506438215,0.4588051235350669,0.45428556260632263,0.195632933856782,0.744986608926363,0.14409125135014825,0.9321338083934969,0.9135949745082528,0.9481932972312095,0.9385940355381415,0.9627441364541771,0.7423362901698526,0.999704543159768,0.06962627126120458,0.8443465877443089,0.8128049982394322,0.8732698395207323,0.8583404764880683,0.8800319756847215,0.6088694783488998,0.9888488067455005,0.10091352717525616,0.8810337484294235,0.8513384290250658,0.9070344738251421,0.8912905492317492,0.914958418019903,0.6534542951140192,0.9964031758157725,0.09131676308856583,False,
L164V,missense,False,1.0,1.0,0.0,none,0.8872,1,41409604,,1.0,1.0,1.0,0.4452625924774054,0.42315589290052424,0.4666141642499242,0.4974032509570078,0.5004769001884684,0.21342669888954924,0.7671643821410686,0.14190108030093174,0.4029176893742007,0.380638028617251,0.42538404506438215,0.4637316963171066,0.46049546607793035,0.18449420505877523,0.7479025316138544,0.14668406054998487,0.878174950297707,0.8514272365107244,0.9021825851046105,0.889776286202727,0.912212512624963,0.6555777598960809,0.9947352576403743,0.0901172866018121,0.9265167756874353,0.8924345272530286,0.9539340386654185,0.934591358597244,0.9599789357830227,0.7418968409495065,0.9996238603566452,0.07255925162715901,0.9233753336027669,0.8807842775670124,0.9551821702803643,0.92959084947085,0.9540998326634016,0.732748669814533,0.9995604980946832,0.07562769061535665,False,
L185Q,missense,False,1.0,1.0,0.0,none,0.9941,1,31595705,,1.0,1.0,1.0,0.4452625924774054,0.42315589290052424,0.4666141642499242,0.4955673788897465,0.4956329365055898,0.22341821985963928,0.7788208848708355,0.14537724656346973,0.4029176893742007,0.380638028617251,0.42538404506438215,0.4556065470827394,0.4553283314392995,0.1914886479917069,0.734790736081083,0.14323715166669665,0.9308663673651456,0.9121325896977657,0.9471402486067255,0.9367199438064638,0.9615940084014922,0.7424429894773559,0.999628726944437,0.07093274494641774,0.9265167756874353,0.8924345272530286,0.9539340386654185,0.9345916189765676,0.9585097628169383,0.7332766485640957,0.9996518977424969,0.07204793485204627,0.9341534889722191,0.8951169774398574,0.9624835501031456,0.9399306901695947,0.9655352020585096,0.7480266427044386,0.9998234347722986,0.07009370106503737,False,
L304F,missense,False,1.0,1.0,0.0,none,0.4266,1,36208030,,1.0,1.0,1.0,0.4452625924774054,0.42315589290052424,0.4666141642499242,0.49640668125686854,0.4952845164631987,0.22020821171505267,0.7753858476320848,0.14398569280209234,0.4029176893742007,0.380638028617251,0.42538404506438215,0.46428834786831474,0.46377261859410324,0.1930697022679729,0.7448925132509713,0.14443669952423807,0.3267882532836296,0.2923682654596685,0.3618750291732578,0.38979159133603036,0.3824076395114596,0.13692186720956795,0.6834978233877335,0.14096490150436994,0.9265167756874353,0.8924345272530286,0.9539340386654185,0.9340927529314995,0.9576125977909842,0.7451224029732286,0.999707488560561,0.07208167625133854,0.8550934199499501,0.7825841331891091,0.914235539194939,0.8654335498728333,0.8892600687727232,0.6118534217155503,0.9920799977820898,0.10293979203853772,False,
L304P,missense,False,1.0,1.0,1.0,P/LP,0.981,1,29207974,,2.0,0.5,1.0,0.4452625924774054,0.42315589290052424,0.4666141642499242,0.45793503073552416,0.4568862004837342,0.1975910902151524,0.7284276291878466,0.13826220278873036,0.4029176893742007,0.380638028617251,0.42538404506438215,0.42097565570572754,0.4147585635961862,0.17086181701572348,0.6908340956724964,0.1352763032292532,0.9257753178818398,0.9062290957164749,0.9429491335341785,0.854603792763085,0.8740165136733008,0.6146972056387273,0.9824920825910494,0.097461878081069,0.8443465877443089,0.8128049982394322,0.8732698395207323,0.7890825735320927,0.8051004255567127,0.5369041339174087,0.9587880599655924,0.11157905936185802,0.8783530919786452,0.8491887290813941,0.9041226028295019,0.8177977796304899,0.8379383057469252,0.5663162404498636,0.972195322055609,0.10775419343921419,False,3.99783e-06
L30P,missense,False,1.0,1.0,0.0,P/LP,0.9942,1,28555465,,1.0,1.0,1.0,0.4452625924774054,0.42315589290052424,0.4666141642499242,0.4945924357048671,0.4933918013654299,0.22408283445046367,0.7784627360795557,0.1435753208703668,0.4029176893742007,0.380638028617251,0.42538404506438215,0.4576298063095295,0.4558386862854374,0.1853901830986418,0.7400538778766762,0.14491940705973505,0.9309039563240701,0.9121763796068488,0.9471715071232237,0.937427710351525,0.9609178330881605,0.7510314321229561,0.999633380565546,0.06907034617123325,0.8443465877443089,0.8128049982394322,0.8732698395207323,0.8585407476050889,0.8807202780241996,0.610745819949892,0.9872532459977663,0.1017637757754471,0.8805019620611755,0.8508653154438758,0.9064423783843853,0.8911972740514439,0.9147204881570082,0.6543925435197542,0.9947959645954436,0.09065001829579761,False,
L324P,missense,False,1.0,1.0,0.0,P/LP,0.9898,1,41112090,,1.0,1.0,1.0,0.4452625924774054,0.42315589290052424,0.4666141642499242,0.4937417141820836,0.4927967468619706,0.21726609718527007,0.7737295964318304,0.14320519664844686,0.4029176893742007,0.380638028617251,0.42538404506438215,0.4588038332278867,0.46151838215648255,0.18923187624795496,0.7425624220056544,0.14327026034656407,0.9292320028700641,0.9102308691486335,0.945786774457272,0.9359356329205112,0.9602050580219783,0.7445763798661841,0.9996753771460168,0.07084880748664604,0.8443465877443089,0.8128049982394322,0.8732698395207323,0.8607676651364916,0.8836359229777242,0.6098645365189749,0.9879650392016076,0.10131460477274758,0.8797895425150007,0.8502907252575074,0.9056551040043436,0.8929201781860634,0.9170749597967971,0.6591374193376419,0.996228662495499,0.09111801067122964,False,
L415fs,frameshift,True,1.0,1.0,0.0,none,,1,32741144,,1.0,1.0,1.0,0.4452625924774054,0.42315589290052424,0.4666141642499242,0.49307165544645604,0.494775468434416,0.2145698230692427,0.7722717152929689,0.14542498824488187,0.9411156004189359,0.9010740930793922,0.970634631718583,0.9478016578775231,0.9728767020855553,0.7606325712927616,0.9999737536411595,0.06677529405312141,0.9437991436509519,0.9042636937518541,0.9738801614839877,0.9473460542375537,0.9740586446786303,0.7641968893429122,0.9999790995796006,0.06742779679923439,0.9578898865717683,0.9264000040317821,0.9805284109802209,0.9613344021574401,0.9849476512515518,0.7964914656901786,0.9999987649917857,0.05707960036396854,0.9554340649172374,0.9220425334925565,0.979383153378201,0.9607955820549431,0.9833045870271622,0.8078030875579083,0.9999973615561883,0.05540208917652006,False,
L58P,missense,False,1.0,1.0,0.0,none,0.9973,1,27256595,,1.0,1.0,1.0,0.4452625924774054,0.42315589290052424,0.4666141642499242,0.49624405931888105,0.49532010242542845,0.21688721075869166,0.7717571356737822,0.14482791136645665,0.4029176893742007,0.380638028617251,0.42538404506438215,0.45664781486074296,0.4558678703710243,0.19204440070085085,0.7383725871440331,0.14354334147530773,0.9320598541251531,0.9135104744016281,0.9481319060211226,0.9403085035180303,0.9624721763538988,0.7547240493954686,0.9997307364441272,0.06690785873511798,0.9265167756874353,0.8924345272530286,0.9539340386654185,0.9328657207836578,0.9577680362007008,0.7239164875243773,0.9997182498103613,0.07443091163847783,0.9344522853215314,0.8955616721122212,0.9626625195485329,0.9417615487886251,0.9654995479460737,0.746990218507232,0.9998175080793396,0.06892346930633683,False,
L77R,missense,False,1.0,1.0,0.0,none,0.9944,1,27185633,,1.0,1.0,1.0,0.4452625924774054,0.42315589290052424,0.4666141642499242,0.49579387803894126,0.49608027184634473,0.21872521197140046,0.7787939316424739,0.14511313217070718,0.4029176893742007,0.380638028617251,0.42538404506438215,0.4565952120898155,0.4561442079932382,0.182005598654647,0.7375284236326844,0.14375618064994772,0.9309790774000997,0.9122639002624496,0.947233971801966,0.9383145177151291,0.9622957325874264,0.7552630009781937,0.9996539102871048,0.0678271483586811,0.9265167756874353,0.8924345272530286,0.9539340386654185,0.9319577525032746,0.9576589080034574,0.7289053555241394,0.9994460905234339,0.07406707068354106,0.9341815575093496,0.895158738510557,0.9624990437683345,0.9376672174292876,0.9635572659169905,0.7395713144708719,0.9998101596256161,0.07220319240009206,False,
M197I,missense,False,1.0,1.0,0.0,none,0.7231,1,19336674,,1.0,1.0,1.0,0.4452625924774054,0.42315589290052424,0.4666141642499242,0.49519433506119576,0.4921664393193429,0.21573411827787767,0.7682641863168193,0.14578692995318646,0.4029176893742007,0.380638028617251,0.42538404506438215,0.4576040838383146,0.4548678243903495,0.184444045065882,0.7348826828424309,0.14244331661209111,0.7340049759331354,0.6967656878154606,0.7698187222049205,0.7587462387633717,0.776982083033724,0.4800728788252269,0.9495609296403328,0.12562051298310428,0.9265167756874353,0.8924345272530286,0.9539340386654185,0.9327582174832146,0.9582581473730176,0.7346726124849534,0.9996296100637425,0.07413159070211865,0.9034832790961776,0.8531588058190422,0.9427325638855468,0.9118262400108826,0.9366420201770775,0.692057228681584,0.9986812688908911,0.08397898715517103,False,
M197V,missense,False,1.0,1.0,0.0,none,0.2708,1,40302972,,1.0,1.0,1.0,0.4452625924774054,0.42315589290052424,0.4666141642499242,0.49693348980361673,0.49582407493061753,0.22043724285276106,0.771817536452401,0.1457520162129641,0.4029176893742007,0.380638028617251,0.42538404506438215,0.45744709395000344,0.4544709869222274,0.18783238017523055,0.7440355139612383,0.14587576514877704,0.16301988597153202,0.14021292109503913,0.18864059978699943,0.23794503995094093,0.22102727473244038,0.05253467101725775,0.5147981680794244,0.12276046783331107,0.9265167756874353,0.8924345272530286,0.9539340386654185,0.9367218198342954,0.9612265706904303,0.7373778935475116,0.9996664050981462,0.07094282444595634,0.8221658804865618,0.7301925811928739,0.8972643971815708,0.8369849079180701,0.8600524668376726,0.5620420342363126,0.9870336952542009,0.11376482267500808,False,
M210I,missense,False,1.0,1.0,0.0,P/LP,0.9929,1,33450726,,1.0,1.0,1.0,0.4452625924774054,0.42315589290052424,0.4666141642499242,0.4957682618947607,0.4979504025246283,0.21584283866637796,0.7788502337018552,0.14679162519902303,0.4029176893742007,0.380638028617251,0.42538404506438215,0.45780685102240226,0.4554415769586834,0.18066622772551816,0.7426209860832315,0.14547519086060073,0.930413818879352,0.9116055699135411,0.9467637818685833,0.9375599381839436,0.9624796067463042,0.739485839758113,0.9996536680177439,0.07068578934669273,0.8443465877443089,0.8128049982394322,0.8732698395207323,0.8584089343117962,0.8815907663247651,0.599148270996506,0.9874364858217918,0.10207795625267138,0.8802918759714375,0.8507030860377228,0.9062215667051163,0.8916166362109622,0.9151485775972801,0.6597556748474315,0.9953142827673377,0.08970613049184326,False,
M235V,missense,False,1.0,1.0,0.0,P/LP,0.5272,1,31595705,,1.0,1.0,1.0,0.4452625924774054,0.42315589290052424,0.4666141642499242,0.49762179670364143,0.49852059015712674,0.222053700757928,0.7724248573723043,0.14379317103862016,0.4029176893742007,0.380638028617251,0.42538404506438215,0.4576754376557293,0.4571031351145387,0.19647588411696582,0.7365938875818636,0.14067612815682523,0.46682246172840747,0.42872454468371823,0.5064307660915527,0.5126413413006548,0.5099802518328684,0.23502527823755318,0.7874028499096297,0.14569592800585848,0.8443465877443089,0.8128049982394322,0.8732698395207323,0.8585970375992159,0.8784595193517202,0.6034180978017858,0.9896206704411321,0.10110386936258538,0.7810281375296476,0.7340908319396738,0.8254166254974595,0.798717624751288,0.8191182459964259,0.5284041464113276,0.968054880790128,0.11755805307161878,False,
M251I,missense,False,1.0,1.0,0.0,P/LP,0.9719,1,22493702,,1.0,1.0,1.0,0.4452625924774054,0.42315589290052424,0.4666141642499242,0.49786594194386125,0.499939703328539,0.22063448927698745,0.7645172184731043,0.14339021856941978,0.4029176893742007,0.380638028617251,0.42538404506438215,0.4596078740429113,0.4569973698474883,0.1841648248352815,0.7454489500824298,0.14603547885132412,0.9220377635126089,0.9019353591993291,0.939810138429453,0.9297346065186126,0.9545773274803224,0.7328537813679508,0.9992657034022544,0.07237488273823314,0.8443465877443089,0.8128049982394322,0.8732698395207323,0.8589419964351714,0.880223017958536,0.6178165830768082,0.9881378341252259,0.10015623383539707,0.8768512879683426,0.8480002600725777,0.9025527637077848,0.8889857213221961,0.9131673263684241,0.6499945567260609,0.9950751219230242,0.0934941450092641,False,
M298V,missense,False,1.0,1.0,0.0,VUS,0.3199,1,39504571,,1.0,1.0,1.0,0.4452625924774054,0.42315589290052424,0.4666141642499242,0.49167328556724776,0.4922333145028837,0.21102677973249762,0.7741547072137146,0.14405498441494136,0.4029176893742007,0.380638028617251,0.42538404506438215,0.45374938482140764,0.4544679598710216,0.18241972479995636,0.7366653677582774,0.14367690765565755,0.20616143244976362,0.17960317724504654,0.23532042012089663,0.2786629436620134,0.2639322605527896,0.06721048748942646,0.5725895946529656,0.13178669211207172,0.44728059487000266,0.36899570891380024,0.5297373565300053,0.49721671653357513,0.4951647375511783,0.21685122767481937,0.7812855803168897,0.14852631523306378,0.38197152031221726,0.30229136340782825,0.46709333930345265,0.44146640038473206,0.4375937009925934,0.17825719765313294,0.7374601983823283,0.14692497749342906,False,
M35I,missense,False,1.0,1.0,0.0,none,,1,32710514,,1.0,1.0,1.0,0.4452625924774054,0.42315589290052424,0.4666141642499242,0.4928080117791602,0.4921043915502499,0.21367002971426405,0.7756368214590589,0.1458092624547925,0.4029176893742007,0.380638028617251,0.42538404506438215,0.4554244392526605,0.45084110137845157,0.1882596181333901,0.7369723833626483,0.14372707013471284,0.961710047716498,0.9163514237072201,0.9899559996207018,0.9643771382920338,0.9887295883867554,0.7968111604477668,0.9999999896072339,0.0566608644727532,0.9265167756874353,0.8924345272530286,0.9539340386654185,0.9316691828285517,0.9557497297909343,0.7248543970812259,0.9996512099567185,0.07428410351398375,0.9636958237749773,0.922971040837327,0.9895773917585774,0.9664942427609445,0.989747656330485,0.8092519162029835,0.9999999926057503,0.053280304909643174,False,
M37T,missense,False,1.0,1.0,0.0,P/LP,0.9562,1,39504571,,1.0,1.0,1.0,0.4452625924774054,0.42315589290052424,0.4666141642499242,0.4933934122135486,0.49579177659295115,0.21553529769581092,0.7667901248751365,0.1446449965868765,0.4029176893742007,0.380638028617251,0.42538404506438215,0.4562996153880555,0.4526112916456721,0.19178891754162092,0.738453021509501,0.1441103245030833,0.915181945308307,0.8938492591496009,0.9341153920179815,0.9248133229381791,0.9500240077216845,0.7138115715472192,0.9989365957474949,0.07698977065359516,0.8443465877443089,0.8128049982394322,0.8732698395207323,0.8599048769443225,0.8820755142638905,0.6081529623011477,0.9898794786452342,0.10098078413509809,0.8742207407398859,0.845524151931964,0.9001584113574648,0.8862253689972924,0.9092598747141507,0.6662028711390496,0.9935532288063057,0.0914090100430129,False,
M393T,missense,False,1.0,1.0,0.0,P/LP,0.9687,1,27256595,,1.0,1.0,1.0,0.4452625924774054,0.42315589290052424,0.4666141642499242,0.4959001134254939,0.4983821108598584,0.2176345090033253,0.7709957336050985,0.14605731677239336,0.4029176893742007,0.380638028617251,0.42538404506438215,0.457374157120939,0.4539575914407007,0.19098545700623298,0.7402003058794461,0.14229138750018785,0.9206829386484667,0.900351382765925,0.9386686523372775,0.9272337838167505,0.952099799983412,0.7178149576215496,0.9990520274913876,0.07647819529411663,0.8443465877443089,0.8128049982394322,0.8732698395207323,0.8602845205319214,0.8825475829270624,0.6141533440084805,0.988039087206496,0.10072994335715714,0.8763191992524073,0.8474554613193476,0.9020843837601582,0.8859088741011913,0.9109049642534108,0.6461525297660037,0.994247327707546,0.09277771094160546,False,
M462I,missense,False,1.0,1.0,1.0,none,0.2584,1,36723869,,2.0,0.5,1.0,0.4452625924774054,0.42315589290052424,0.4666141642499242,0.4541901338272053,0.45449551875405786,0.1996197220814052,0.7147893276538935,0.13752131119936384,0.4029176893742007,0.380638028617251,0.42538404506438215,0.41767174597086815,0.4137592285475809,0.17540938642272738,0.6874263133056926,0.13473675234807841,0.15334890238903978,0.13130217563482857,0.17814916875853065,0.21070926085453764,0.1947379836724623,0.04312320801163305,0.4607007264987046,0.1116137901668725,0.9265167756874353,0.8924345272530286,0.9539340386654185,0.856238547225212,0.8756336791797625,0.6119134749132715,0.9858463727199591,0.09792550624235853,0.8193060201512622,0.7256731752951009,0.8959865678238613,0.7677985259612988,0.7821999982455363,0.496168912960732,0.9540101994334084,0.12049813432374126,False,4.14065e-06
M462V,missense,False,0.0,1.0,1.0,none,0.0858,1,36208030,,2.0,0.0,0.0,0.4452625924774054,0.42315589290052424,0.4666141642499242,0.37290961125915817,0.3644191229642544,0.13569543034804576,0.6537664231988884,0.1366498039856676,0.4029176893742007,0.380638028617251,0.42538404506438215,0.3363766157343364,0.3243902194803837,0.11474282365579708,0.6250849272593078,0.1316312218984029,0.06185821199872848,0.04960138856337731,0.07597480058230903,0.050366135108538795,0.029009120859573287,0.00018298726199251846,0.22479058931317686,0.05979834740305153,0.9265167756874353,0.8924345272530286,0.9539340386654185,0.76972015823621,0.7858978983400755,0.504460295758313,0.9492229599763835,0.11872787431943509,0.7757835639129037,0.6527973702142218,0.8744875857662779,0.6460765766187626,0.6549465380076025,0.3443866585562214,0.888054439571184,0.14363822784949692,False,4.13695e-06
M57R,missense,False,1.0,1.0,0.0,P/LP,0.9955,1,38970407,,1.0,1.0,1.0,0.4452625924774054,0.42315589290052424,0.4666141642499242,0.4971686074008963,0.4954514422051306,0.21851853090349813,0.7772853477813139,0.145760067118758,0.4029176893742007,0.380638028617251,0.42538404506438215,0.459415118416162,0.4553459530705804,0.1896135941530064,0.7463930796052178,0.14565731060308235,0.9313908912294795,0.9127438560925808,0.9475762826013626,0.9382323287613148,0.962735313779201,0.7435098001381314,0.9997101626361853,0.07038657703213352,0.8443465877443089,0.8128049982394322,0.8732698395207323,0.8568598766416781,0.8777765240881261,0.6115022239552717,0.9885043155861672,0.10098489518677854,0.8807117119452885,0.8510363408124546,0.9066517112552053,0.8919381420277015,0.9151297209567484,0.6641757537899216,0.9953614573277608,0.08975984030075936,False,
M57T,missense,False,1.0,1.0,0.0,VUS,0.9953,1,41409604,,1.0,1.0,1.0,0.4452625924774054,0.42315589290052424,0.4666141642499242,0.4916929924391266,0.49147288735171585,0.2186169636550805,0.7632793983688654,0.14293346862614797,0.4029176893742007,0.380638028617251,0.42538404506438215,0.4541858018868337,0.4525439045151525,0.18419121925059206,0.7425523310624879,0.14564418986688968,0.9313161859196808,0.9126567683746921,0.9475142006982615,0.9389608891954935,0.9629165801371217,0.757951645208926,0.9995723083117115,0.06859396679022295,0.44728059487000266,0.36899570891380024,0.5297373565300053,0.5006878163607318,0.5000238539237081,0.2222514898326429,0.7822957658145446,0.14813296079305666,0.6362702004144811,0.5247101596612174,0.736522318245194,0.6637620515227115,0.6740630052373207,0.35984612749105277,0.9074201241903889,0.14306018853412988,False,
M57fs,frameshift,True,1.0,1.0,0.0,none,,1,36418577,,1.0,1.0,1.0,0.4452625924774054,0.42315589290052424,0.4666141642499242,0.4946519581938247,0.4961665422524255,0.21943526494885426,0.7704154995372463,0.14259874918038482,0.9411156004189359,0.9010740930793922,0.970634631718583,0.9456088968038159,0.9720592265561568,0.7520650199417834,0.9999550586492117,0.06860554542224397,0.9437991436509519,0.9042636937518541,0.9738801614839877,0.9495010432403813,0.9734930329361682,0.7685270035131438,0.9999615877134297,0.06427832563936,0.9578898865717683,0.9264000040317821,0.9805284109802209,0.9643086952774171,0.9860394969839738,0.81793555960243,0.9999983108722165,0.05207125375777143,0.9554340649172374,0.9220425334925565,0.979383153378201,0.9600251242167325,0.982755314452449,0.7987431685818059,0.9999957195419337,0.05522381622894326,False,
N180D,missense,False,1.0,1.0,0.0,VUS,0.2602,1,34496959,,1.0,1.0,1.0,0.4452625924774054,0.42315589290052424,0.4666141642499242,0.4949039831617502,0.4941463379020341,0.21788004901576222,0.773549632435872,0.14292233161187656,0.4029176893742007,0.380638028617251,0.42538404506438215,0.4566950928879333,0.45785995969536464,0.18685461219263072,0.7286015914353449,0.14201579343338994,0.15472298037258433,0.13260822754386248,0.1796131739380777,0.22722864691665054,0.21080673942029915,0.0463957044149328,0.49427055511609597,0.11926388157324477,0.44728059487000266,0.36899570891380024,0.5297373565300053,0.49668524560148025,0.49575136261107655,0.21422474254526072,0.7806601183123381,0.14927705371907737,0.36053484788048196,0.2786149738088207,0.4487408640793432,0.41911873341344064,0.41383922131395245,0.15238651070580142,0.7115489076294275,0.14734407319597007,False,
N180H,missense,False,1.0,1.0,0.0,none,0.617,1,36504295,,1.0,1.0,1.0,0.4452625924774054,0.42315589290052424,0.4666141642499242,0.49702580384177586,0.496317477360891,0.21947162762562675,0.7733511923852653,0.14446304129260068,0.4029176893742007,0.380638028617251,0.42538404506438215,0.45413844373085993,0.4501283249844828,0.1793188128047216,0.7373917625542521,0.1453042738662217,0.5971223622118528,0.558014583170736,0.6371701166545378,0.6314196679438394,0.6374982322834892,0.33636631702323777,0.8848726129902306,0.14336619915601778,0.9265167756874353,0.8924345272530286,0.9539340386654185,0.9328861101586797,0.9575135063297059,0.7324067697460209,0.9996794832617627,0.07355985818394858,0.888158355963224,0.831882759270489,0.9336544981531826,0.8984690594638954,0.9238508832237216,0.6681043934318193,0.997042068496928,0.09064601166827278,False,
N204K,missense,False,1.0,1.0,0.0,P/LP,0.9995,1,39504571,,1.0,1.0,1.0,0.4452625924774054,0.42315589290052424,0.4666141642499242,0.496166941214438,0.497095547311439,0.2197299457511554,0.7718791961352547,0.142838221946722,0.4029176893742007,0.380638028617251,0.42538404506438215,0.46351148414497145,0.4618540187685448,0.19096762507053597,0.7432901076295743,0.14445824241480482,0.9328692498011212,0.9144406462217828,0.9488034421102566,0.9404862381539244,0.964947387490198,0.7524581178109121,0.9997810435815938,0.06930978073272975,0.8443465877443089,0.8128049982394322,0.8732698395207323,0.8610830752183471,0.8841017617503191,0.6158495396086772,0.9875694429729289,0.09965786533728556,0.8813549913818203,0.8517127663396845,0.9073630148031188,0.8904178799129442,0.9124966587683352,0.6628658995493617,0.9947756447524021,0.08937887384164953,False,
N231fs,frameshift,True,1.0,1.0,0.0,none,,1,39971752,,1.0,1.0,1.0,0.4452625924774054,0.42315589290052424,0.4666141642499242,0.4925328097941302,0.49285274494380515,0.2132180955554882,0.7727617678956891,0.1457384337647416,0.9411156004189359,0.9010740930793922,0.970634631718583,0.9463709866509709,0.972252944797357,0.7621802062592087,0.9999548215015014,0.06591041149777484,0.9437991436509519,0.9042636937518541,0.9738801614839877,0.9489648383335829,0.9732394667923894,0.7661801114786406,0.9999737877717824,0.06501619925050377,0.9578898865717683,0.9264000040317821,0.9805284109802209,0.9614484382115155,0.9853604568068755,0.7944972717002383,0.9999982661551255,0.05676961498162013,0.9554340649172374,0.9220425334925565,0.979383153378201,0.9587313296025629,0.9835480422467037,0.7814838891018374,0.999997894434334,0.059654003755586514,False,
N254D,missense,False,1.0,1.0,0.0,none,0.984,1,34746319,,1.0,1.0,1.0,0.4452625924774054,0.42315589290052424,0.4666141642499242,0.494716233840468,0.49624243529389894,0.2198005164986673,0.7765989195550829,0.14425576222930325,0.4029176893742007,0.380638028617251,0.42538404506438215,0.45565214123028525,0.4505773918572277,0.19090557499728797,0.7469020425670092,0.14354824712057856,0.9269708639072322,0.9076072558390201,0.9439491772863254,0.9339100302258516,0.9565840405442119,0.7467583991878664,0.9995103883913057,0.07001331666370973,0.9265167756874353,0.8924345272530286,0.9539340386654185,0.9321961171730783,0.9567927789550459,0.7280915156862002,0.9996621713798497,0.07412501631235734,0.9332016710532133,0.8940310209409857,0.9618644611716046,0.939561308453713,0.9636976749198819,0.7407869780603733,0.9997853936813368,0.06936612772240261,False,
N257T,missense,False,1.0,1.0,0.0,none,,1,41409604,,1.0,1.0,1.0,0.4452625924774054,0.42315589290052424,0.4666141642499242,0.4944684122147202,0.49197678246584375,0.22420846657156787,0.7773876499482142,0.1455287210605948,0.4029176893742007,0.380638028617251,0.42538404506438215,0.4551195781805308,0.4550606440707117,0.1761914748932743,0.7392486133975081,0.14457763328741366,0.961710047716498,0.9163514237072201,0.9899559996207018,0.9640852789816791,0.9890034336943759,0.793789931601132,0.9999999941708172,0.056426380022622166,0.9265167756874353,0.8924345272530286,0.9539340386654185,0.9329567276403857,0.9558421076276084,0.7395115754795522,0.9996149381684649,0.07129784494850401,0.9636958237749773,0.922971040837327,0.9895773917585774,0.9669494002928847,0.9905895083136347,0.8068239323218704,0.9999999945820872,0.053536802385014175,False,
P359L,missense,False,1.0,1.0,0.0,none,0.6463,1,35592779,,1.0,1.0,1.0,0.4452625924774054,0.42315589290052424,0.4666141642499242,0.4966958360739931,0.49734457416081934,0.21674935918892946,0.7746149485827099,0.14613977349399077,0.4029176893742007,0.380638028617251,0.42538404506438215,0.4573646416159736,0.4548676532868282,0.18740332101735302,0.7404993641797523,0.14472343893377648,0.6376510004732476,0.5988664400795409,0.676856176370405,0.6710635509813526,0.6810052098008685,0.38618380511937894,0.9032447037986412,0.13472957006064984,0.9265167756874353,0.8924345272530286,0.9539340386654185,0.9321882186382584,0.9579424331980375,0.7235304052506145,0.9996120905010908,0.07553260604658166,0.8925991114690485,0.838097600641126,0.9362258153139162,0.9019122485416415,0.9266421017129599,0.664159273730593,0.997943678523887,0.08840588105984033,False,
Q106_M107del,inframe_indel,False,1.0,1.0,0.0,none,,1,18382660,,1.0,1.0,1.0,0.4452625924774054,0.42315589290052424,0.4666141642499242,0.49731930813140957,0.49892970300575534,0.22021311188042395,0.7745042878809335,0.1451234101826568,0.4029176893742007,0.380638028617251,0.42538404506438215,0.4586241632735739,0.45627461919592827,0.19467796884152122,0.7431917438837209,0.1437492588544801,0.961710047716498,0.9163514237072201,0.9899559996207018,0.964150714157328,0.9887346425571175,0.7968055947269909,0.9999999955401874,0.05683754385288906,0.9265167756874353,0.8924345272530286,0.9539340386654185,0.9327604862508456,0.9577888811584534,0.7420769205360009,0.9996957256498975,0.07314537920649317,0.9636958237749773,0.922971040837327,0.9895773917585774,0.9660547215526425,0.9907042988803323,0.8069790605288365,0.9999999984839754,0.05553986389525556,False,
Q38P,missense,False,1.0,1.0,0.0,P/LP,0.9363,1,34496959,,1.0,1.0,1.0,0.4452625924774054,0.42315589290052424,0.4666141642499242,0.49707949890217423,0.4939091276826386,0.2159360694483397,0.7689179587147833,0.14335756046444112,0.4029176893742007,0.380638028617251,0.42538404506438215,0.45917669346673023,0.45449003048328396,0.18842237083399888,0.7410488651402638,0.14571927048418162,0.9057068697607314,0.8830599123097247,0.9259102888903497,0.9152541826527466,0.938987015149987,0.7008689574634316,0.9979463113041865,0.08073321173272242,0.8443465877443089,0.8128049982394322,0.8732698395207323,0.8590344208319391,0.8815036454098609,0.6114640821692767,0.9880365402775266,0.10182185685769654,0.8708137065642736,0.8421405500533569,0.8968750905392867,0.8836539454469367,0.9062844858195471,0.6480817917011167,0.9937111719367127,0.09268425705452418,False,
Q38X,nonsense,True,1.0,1.0,0.0,P/LP,,1,38565685,,1.0,1.0,1.0,0.4452625924774054,0.42315589290052424,0.4666141642499242,0.49853819039004693,0.5004514246151044,0.20982258053785025,0.7696136163720428,0.14626631484779845,0.9411156004189359,0.9010740930793922,0.970634631718583,0.9473710860423245,0.9725834805250255,0.7600828869444011,0.9999483594478064,0.06624721723607126,0.9437991436509519,0.9042636937518541,0.9738801614839877,0.9497678481295254,0.9737634549434412,0.7658484812316809,0.9999803094268974,0.06418585158785642,0.9060990411502131,0.8348103483688831,0.9560504177835257,0.9136487164990356,0.9407547646408976,0.6864207111851136,0.9990513600684656,0.086822141443962,0.9156418519913224,0.8515201010669611,0.9620121554245736,0.9227415804680037,0.949354180907427,0.7036260948156263,0.9996664701271871,0.08094743683497987,False,
R186G,missense,False,1.0,1.0,0.0,none,0.8393,1,31092478,,1.0,1.0,1.0,0.4452625924774054,0.42315589290052424,0.4666141642499242,0.4948058558871086,0.4938941592439816,0.21817317112173165,0.771186713188144,0.14381722357466553,0.4029176893742007,0.380638028617251,0.42538404506438215,0.4635108991988658,0.4619205126325164,0.1922830677726763,0.7384968117321979,0.14406357904643458,0.8448957893061404,0.8143292189016493,0.8724515273270091,0.8575763391428072,0.8779595673154376,0.6106377394513759,0.9888834919286824,0.10232254128464771,0.9265167756874353,0.8924345272530286,0.9539340386654185,0.9322269220709921,0.9589916329004284,0.7313134762833323,0.9996749165701712,0.07528136183760477,0.9180120164140754,0.8735359569271982,0.9517844197309642,0.9249116789003682,0.9506663114918334,0.7253342893857485,0.9994332129863441,0.07800038063550976,False,
R187W,missense,False,1.0,1.0,0.0,none,,1,34496959,,1.0,1.0,1.0,0.4452625924774054,0.42315589290052424,0.4666141642499242,0.4992468975931405,0.4991232250418175,0.22000696366211153,0.7722797948441119,0.14382028784070036,0.4029176893742007,0.380638028617251,0.42538404506438215,0.4594416136329574,0.4585313314302065,0.19155120931527675,0.7354549077732214,0.14266983837105207,0.961710047716498,0.9163514237072201,0.9899559996207018,0.9651299512476114,0.9890613572406428,0.8002707215448597,0.9999999924729972,0.055493551652816046,0.9265167756874353,0.8924345272530286,0.9539340386654185,0.9333203736454949,0.9582045298866289,0.7324030984017472,0.9996219585410062,0.07250065086954265,0.9636958237749773,0.922971040837327,0.9895773917585774,0.9647897897945593,0.9897770194430173,0.7872371056218725,0.9999999881431461,0.059143371514337593,False,
R225H,missense,False,1.0,1.0,0.0,none,,1,34496959,,1.0,1.0,1.0,0.4452625924774054,0.42315589290052424,0.4666141642499242,0.49829316053276945,0.49816326276936046,0.21453344470960387,0.7725228822983372,0.1460748389385311,0.4029176893742007,0.380638028617251,0.42538404506438215,0.46001302235513,0.460311840550539,0.18600090737355768,0.7435194455617729,0.1454696668232025,0.961710047716498,0.9163514237072201,0.9899559996207018,0.9651406208257013,0.9890172580914142,0.8023814203898112,0.9999999952821046,0.054984246830934044,0.9265167756874353,0.8924345272530286,0.9539340386654185,0.9331514168241587,0.957094071550677,0.7318712083835014,0.9996218851613835,0.07247069845862311,0.9636958237749773,0.922971040837327,0.9895773917585774,0.967095762146339,0.9906730725293786,0.7977259625992605,0.9999999943580574,0.05440815226300792,False,
R250C,missense,False,1.0,1.0,0.0,P/LP,0.3665,1,19069349,,1.0,1.0,1.0,0.4452625924774054,0.42315589290052424,0.4666141642499242,0.49312349049162374,0.49385713972031087,0.21400169849888212,0.7722908015850088,0.1446144969926238,0.4029176893742007,0.380638028617251,0.42538404506438215,0.4549910644780573,0.4512502438835013,0.19237969764808557,0.7362233017661153,0.14338105894442188,0.2544368439807321,0.22467844979799245,0.28604468078929784,0.32333979683015796,0.3112415011378123,0.09690608983961764,0.6082725788373676,0.13838045762755943,0.8443465877443089,0.8128049982394322,0.8732698395207323,0.8593035696239817,0.8815602797750621,0.6074293326205207,0.9897502508592076,0.10073959499468958,0.7348955432495976,0.6656824281376278,0.7986338657247969,0.7587053595152138,0.774366004018307,0.4646008544221456,0.9534127095348262,0.12669131374233045,False,
R272C,missense,False,1.0,1.0,0.0,none,,1,41409604,,1.0,1.0,1.0,0.4452625924774054,0.42315589290052424,0.4666141642499242,0.49865138604904796,0.49744671234385396,0.22147223623123394,0.7701929626524235,0.14217040403879325,0.4029176893742007,0.380638028617251,0.42538404506438215,0.45892779363060093,0.4549445642976967,0.1880570624442421,0.7525783040187105,0.14622975317410739,0.961710047716498,0.9163514237072201,0.9899559996207018,0.96483421166604,0.9899307175922342,0.7909524439607802,0.999999995059403,0.05758151471311485,0.9265167756874353,0.8924345272530286,0.9539340386654185,0.9327045572519208,0.9586398275022429,0.7310325775941402,0.9996304067390508,0.07407914109246112,0.9636958237749773,0.922971040837327,0.9895773917585774,0.9664840626666247,0.9910825019196383,0.8041551142116729,0.9999999945218414,0.05515578174946994,False,
R275C,missense,False,1.0,1.0,2.0,P/LP,0.1845,1,27256595,,3.0,0.3333333333333333,1.0,0.4452625924774054,0.42315589290052424,0.4666141642499242,0.418839880046059,0.4128764545399718,0.18309430660435624,0.6870107839759976,0.13267765381483282,0.4029176893742007,0.380638028617251,0.42538404506438215,0.3881713658364989,0.3848856826437869,0.1546263669973143,0.6581799081962967,0.13249694322259978,0.10513948006346611,0.08775174746955561,0.12468050063070989,0.1560892107733694,0.13753535038473938,0.02282551071410778,0.38143837856493307,0.09731067847971134,0.8443465877443089,0.8128049982394322,0.8732698395207323,0.7270128303806118,0.7385967176825841,0.46603771766822416,0.9214264095962393,0.1180300546675525,0.6757923517840061,0.5765691428911228,0.7663820346623945,0.5960691940125735,0.6004449770823492,0.3221981411659365,0.8426671410123919,0.13792423622329827,False,1.31394e-05
R275H,missense,False,1.0,1.0,2.0,VUS,0.1033,1,28371533,,3.0,0.3333333333333333,1.0,0.4452625924774054,0.42315589290052424,0.4666141642499242,0.42266432436902995,0.41905055194524876,0.1810976762303505,0.6789063321418285,0.13050322133634581,0.4029176893742007,0.380638028617251,0.42538404506438215,0.382871123861023,0.37492057967792486,0.15256934482765117,0.6532329283366002,0.13061390853545066,0.06807365218382977,0.054986447973628894,0.08307298780134004,0.12880989168207765,0.11139795312289999,0.0135454390588111,0.3385095475587288,0.08785112141790248,0.44728059487000266,0.36899570891380024,0.5297373565300053,0.42055052498217477,0.41863742453830655,0.17082678642062743,0.6882793595045965,0.13615405467388303,0.30719651033595136,0.22102615529593322,0.401696489608724,0.3158443105430783,0.30754472721298765,0.09266053280577438,0.5863761755895898,0.1275447960429457,False,7.99629e-06
R303L,missense,False,1.0,1.0,0.0,P/LP,0.9821,1,30259503,,1.0,1.0,1.0,0.4452625924774054,0.42315589290052424,0.4666141642499242,0.49580776052250586,0.49430995055741517,0.21799654957221218,0.778248257678613,0.14603541484476157,0.4029176893742007,0.380638028617251,0.42538404506438215,0.45557319700490745,0.45433327412709584,0.1902333535586963,0.7448435925264493,0.14491066702803632,0.9262157640344604,0.9067365481350338,0.9433177479270722,0.9311154726736051,0.9565989227452739,0.7226383299590693,0.9994958442997475,0.07522607799106527,0.8443465877443089,0.8128049982394322,0.8732698395207323,0.8575312442720375,0.8802667312398924,0.6083439108747628,0.9880860426891556,0.10302856149784069,0.8785334978178557,0.8492902629223656,0.9043153533304539,0.8902763556153176,0.9129715499318369,0.6589626715675009,0.9950947649414185,0.09084360445520806,False,
R303T,missense,False,1.0,1.0,0.0,none,,1,23139355,,1.0,1.0,1.0,0.4452625924774054,0.42315589290052424,0.4666141642499242,0.49409945846662695,0.49324748013908376,0.21599365068927043,0.771131964387053,0.14425465925403613,0.4029176893742007,0.380638028617251,0.42538404506438215,0.45637062942941425,0.4505450281048834,0.18993707218007463,0.7504803962733557,0.14570789707373216,0.961710047716498,0.9163514237072201,0.9899559996207018,0.9654538976312247,0.989258730606865,0.7996351921157469,0.9999999941615332,0.055499080899251374,0.9265167756874353,0.8924345272530286,0.9539340386654185,0.9347399144646278,0.9588499935410093,0.7444783422294151,0.9996263074973185,0.07136178235903559,0.9636958237749773,0.922971040837327,0.9895773917585774,0.9663685992529479,0.9906264765928396,0.8069214204253389,0.9999999983268693,0.054090049559269944,False,
R308K,missense,False,1.0,1.0,0.0,none,0.0983,1,24447076,,1.0,1.0,1.0,0.4452625924774054,0.42315589290052424,0.4666141642499242,0.49543311593402134,0.4955092339069079,0.22011582184677045,0.7745675970128651,0.14510662745244754,0.4029176893742007,0.380638028617251,0.42538404506438215,0.4564742502017351,0.45287058873119335,0.1926307355986546,0.7465760824330439,0.14361698556582547,0.06624092233431719,0.053379223192303524,0.08098591448693906,0.14909088823008337,0.1291678904965648,0.01511034663604973,0.39437827909971934,0.10017236232904166,0.9265167756874353,0.8924345272530286,0.9539340386654185,0.9323543216220368,0.9571737899361852,0.7259392510440149,0.9997065443821236,0.0750133649484305,0.7791669855621046,0.6583303904649018,0.8760866062423831,0.798106908672007,0.820107253183872,0.4955985877900056,0.9774436275212485,0.12707307876756452,False,
R358X,nonsense,True,1.0,1.0,1.0,P/LP,,1,38928025,,2.0,0.5,1.0,0.4452625924774054,0.42315589290052424,0.4666141642499242,0.45642321663757474,0.4554190245137143,0.19326934751646316,0.7302264256644142,0.1396487249876657,0.9411156004189359,0.9010740930793922,0.970634631718583,0.8662546690752391,0.8862512215887575,0.6265816566369627,0.9890839344630973,0.09649788301679209,0.9437991436509519,0.9042636937518541,0.9738801614839877,0.8726255642345498,0.8942150597581431,0.6406173806282758,0.9895330439982991,0.0929980816634259,0.9060990411502131,0.8348103483688831,0.9560504177835257,0.8370271575955374,0.8591269995339328,0.5802495871882591,0.9791925222495169,0.106563100762442,0.9156418519913224,0.8515201010669611,0.9620121554245736,0.8479492811719191,0.8659848944423969,0.5989718192305534,0.9844148112234594,0.10066712764836551,False,4.3198e-06
R377L,missense,False,1.0,1.0,0.0,P/LP,0.9816,1,39504571,,1.0,1.0,1.0,0.4452625924774054,0.42315589290052424,0.4666141642499242,0.4935944242199984,0.4932330729768316,0.21204414242924152,0.7797222272039923,0.14652850475711,0.4029176893742007,0.380638028617251,0.42538404506438215,0.45844608968741823,0.45570027274875924,0.18713917494334237,0.732133730052798,0.14263319585886733,0.9260158606692764,0.906506194067198,0.9431504742683848,0.9321251881568419,0.9559765502998657,0.7266111274171776,0.9995755002207901,0.07289285960687893,0.8443465877443089,0.8128049982394322,0.8732698395207323,0.8604806912305859,0.8826233320238046,0.6165052526789627,0.9885679102658035,0.10045165946181253,0.8784515253213425,0.8492441181986322,0.904223752366238,0.8871028670012656,0.9099401576343502,0.6582572538604033,0.9954082142965212,0.09206725170337399,False,
R392G,missense,False,1.0,1.0,0.0,VUS,0.6953,1,36504295,,1.0,1.0,1.0,0.4452625924774054,0.42315589290052424,0.4666141642499242,0.49933233713080816,0.49928446252046177,0.21593709336597244,0.7745018229906285,0.14616610720223447,0.4029176893742007,0.380638028617251,0.42538404506438215,0.457966479599646,0.45177595136267734,0.1935430856428477,0.7367363069237584,0.14449357166984533,0.7010352990546466,0.6628180170048817,0.7385510799454915,0.7249203437777749,0.7399902210757475,0.43498885835305395,0.9379670162133442,0.1309380562311518,0.44728059487000266,0.36899570891380024,0.5297373565300053,0.49706255235597985,0.49381149146543735,0.21943692834647552,0.7941321143260155,0.14736817460375937,0.5246590839056449,0.435194269652274,0.6112475449649414,0.5670138221368944,0.5692198819983869,0.26889706975056216,0.838806813428947,0.14973935598662486,False,
R392S,missense,False,1.0,1.0,0.0,P/LP,0.8697,1,18382660,,1.0,1.0,1.0,0.4452625924774054,0.42315589290052424,0.4666141642499242,0.49414856660669026,0.4934972543040954,0.22454025424952953,0.7770472250615443,0.14359432316454282,0.4029176893742007,0.380638028617251,0.42538404506438215,0.4572872078967442,0.45292724919970456,0.18665093193040297,0.7350379127896929,0.144245395827059,0.8667962330177151,0.8385951890474355,0.8921080634602093,0.881260421698116,0.9031090979016324,0.6505211123884429,0.993549165127335,0.0921668168776918,0.8443465877443089,0.8128049982394322,0.8732698395207323,0.8602539081020201,0.8813573625209777,0.6114438272267557,0.988703846456007,0.10001588908245028,0.8588039604849808,0.830299434279363,0.8857648798280975,0.8667768164389419,0.8890530310716473,0.6159585124416627,0.9909995876715356,0.10028693151696051,False,
R397C,missense,False,1.0,1.0,0.0,P/LP,0.3974,1,33242514,,1.0,1.0,1.0,0.4452625924774054,0.42315589290052424,0.4666141642499242,0.49674635797758687,0.497785297252185,0.21645769868966788,0.7798761019241175,0.14581660368612276,0.4029176893742007,0.380638028617251,0.42538404506438215,0.46070274709699627,0.45711994253738,0.19343463710242725,0.7379446395326014,0.1418130775724534,0.2902968032973741,0.25806004142526295,0.3235702796060137,0.3539303847380798,0.3444167464744867,0.11558740318704543,0.636265582938177,0.13679762196184803,0.8443465877443089,0.8128049982394322,0.8732698395207323,0.8589780298116467,0.8823648453314104,0.6058820942510045,0.988385113430101,0.10202008802336793,0.7442326321311941,0.6795266523466083,0.8037741064722177,0.7668802335473784,0.7829703053924105,0.4856604596019923,0.9622877236198261,0.12651744001697496,False,0.0
R422L,missense,False,1.0,1.0,3.0,VUS,0.361,1,33218273,,4.0,0.25,1.0,0.4452625924774054,0.42315589290052424,0.4666141642499242,0.39119325682469586,0.3839573458204607,0.1639961601109797,0.6496874534787183,0.1255487283638604,0.4029176893742007,0.380638028617251,0.42538404506438215,0.36117332998800994,0.35751554821183773,0.13607516439854175,0.6188992200377222,0.12442522040703134,0.24836950478367503,0.2190077547529005,0.2797572117773751,0.2526775389847681,0.24002856619322133,0.0693249762053307,0.506918078218156,0.11501358167990494,0.44728059487000266,0.36899570891380024,0.5297373565300053,0.3936487751556726,0.3910431803748787,0.15728203360945803,0.6504953815679598,0.12765880962510645,0.39703355348221114,0.31727488344576704,0.4806554701827431,0.35497768978858585,0.34975629863371716,0.1317986259036463,0.6198599637980662,0.1271326545723835,False,1.97109e-05
R423P,missense,False,1.0,1.0,0.0,P/LP,0.9554,1,37838154,,1.0,1.0,1.0,0.4452625924774054,0.42315589290052424,0.4666141642499242,0.4967215414855929,0.49698828936706785,0.22744943535009313,0.7615289088216018,0.14145237580392345,0.4029176893742007,0.380638028617251,0.42538404506438215,0.45632952896715673,0.4539820525213809,0.18899052356589432,0.7401484930308027,0.14515130946056418,0.9148183238675224,0.8934158147407845,0.933798994780222,0.9253014242983415,0.9470492426262709,0.7265774942708535,0.9989636643982711,0.07415875916764042,0.8443465877443089,0.8128049982394322,0.8732698395207323,0.8575579389061745,0.8786157279939606,0.6097805183734507,0.9884405202445248,0.10187996079772137,0.8740853509822328,0.8453942449512525,0.9000217336825802,0.8829669453450701,0.9085817854534917,0.6450376490440735,0.9937792417689121,0.09367289963835793,False,
R447L,missense,False,1.0,1.0,0.0,none,0.7014,1,42184599,,1.0,1.0,1.0,0.4452625924774054,0.42315589290052424,0.4666141642499242,0.4934053296632896,0.4936192553120803,0.21292518696394477,0.7734118691046632,0.14687999819140812,0.4029176893742007,0.380638028617251,0.42538404506438215,0.45731048194521856,0.4536438209738962,0.19150602592107524,0.7430108007078232,0.14578605211520013,0.7084689078973303,0.6703875729588932,0.7455364311797071,0.7366562309734004,0.7505311450419448,0.4463206584911806,0.9414493726038544,0.12953474694999403,0.9265167756874353,0.8924345272530286,0.9539340386654185,0.9319465007056833,0.9576552422820128,0.7238510795847044,0.9996185955688696,0.07548575422822644,0.900516012067711,0.8488132858155895,0.941321768576914,0.9111733287234162,0.934566588838148,0.698152475089367,0.9986307382107251,0.08219620018135047,False,
R63H,missense,False,1.0,1.0,3.0,VUS,0.2782,1,38565685,,4.0,0.25,1.0,0.4452625924774054,0.42315589290052424,0.4666141642499242,0.3901880239667133,0.38725778282430345,0.1601969733613293,0.6435375745556152,0.1262189043905534,0.4029176893742007,0.380638028617251,0.42538404506438215,0.35646581673744526,0.3472692155348701,0.1384604927678665,0.6071396483818852,0.12298922828418206,0.16902224799087098,0.1456876885849781,0.1950743961976643,0.1883054514259893,0.1731951137670023,0.03776492199655583,0.4230671772720847,0.10098898487397469,0.44728059487000266,0.36899570891380024,0.5297373565300053,0.3907510079287083,0.3858392634334876,0.15417551842289812,0.6581948300811691,0.13045319255802945,0.3669390957974372,0.28564138019044316,0.45471080963778987,0.3330572944061156,0.3267332413559665,0.11481331259236113,0.5899408707361649,0.12337974836027808,False,1.19412e-05
S131P,missense,False,1.0,1.0,0.0,P/LP,0.9878,1,34496959,,1.0,1.0,1.0,0.4452625924774054,0.42315589290052424,0.4666141642499242,0.49723806012840194,0.49870162162631515,0.22325340553878384,0.7727974319809788,0.14519200171698532,0.4029176893742007,0.380638028617251,0.42538404506438215,0.4557339187991947,0.4502491112455579,0.18601565346120733,0.7452707804248874,0.14514444545646565,0.9284597128668849,0.9093337668754947,0.9451700226966371,0.9350088492422529,0.9592982979580493,0.7389099187862902,0.9996326779265093,0.07136110868489959,0.8443465877443089,0.8128049982394322,0.8732698395207323,0.8578628435675943,0.8812490433022864,0.6078237506388399,0.98789992157827,0.10285800174409485,0.8794644383774874,0.8499824787675643,0.9053533952362252,0.8915700431802742,0.9150453962732331,0.664090940763723,0.9947026391429667,0.08998396417403558,False,
S151C,missense,False,1.0,1.0,0.0,none,0.9811,1,27256595,,1.0,1.0,1.0,0.4452625924774054,0.42315589290052424,0.4666141642499242,0.49353330644627424,0.4929205920646752,0.22703791686588337,0.7650443580349213,0.14204802485063167,0.4029176893742007,0.380638028617251,0.42538404506438215,0.4585953807193658,0.4542373246941769,0.1898877570818294,0.7509242671989655,0.14608778311669599,0.9258154583191388,0.9062753298512728,0.9429827367868621,0.9353618973161247,0.9582712243011393,0.7355363192773482,0.9993990566610246,0.07011292560917404,0.9265167756874353,0.8924345272530286,0.9539340386654185,0.9329439207329479,0.9599167639410944,0.7181344801816258,0.9995971834370245,0.07572559118226553,0.9329259072165033,0.8937427666202629,0.9616779800648485,0.9385303138059878,0.9639448289689174,0.7414925579605052,0.9998140986428148,0.07129538788740325,False,
S151T,missense,False,1.0,1.0,0.0,none,0.9741,1,25015100,,1.0,1.0,1.0,0.4452625924774054,0.42315589290052424,0.4666141642499242,0.49704723868068523,0.497385045793018,0.21438253266113005,0.7801875752410424,0.14439872735500162,0.4029176893742007,0.380638028617251,0.42538404506438215,0.4620706400344221,0.4632041967146736,0.1870443780609855,0.7480664736155609,0.14587568836934997,0.9229568636512304,0.9029682740530699,0.9405838461955875,0.9318491153309018,0.9572755191673921,0.7377346882678485,0.9994759775383796,0.07326676042131258,0.9265167756874353,0.8924345272530286,0.9539340386654185,0.9354441886394821,0.9608948048433542,0.7399749296988858,0.9996896291049729,0.07136025250867462,0.9322556940295527,0.892780997207051,0.9612398541737468,0.9414414164804714,0.9643069217653879,0.758942085737777,0.9998213358025803,0.06665116505833792,False,
S151_F152del,inframe_indel,False,1.0,1.0,0.0,none,,1,41112090,,1.0,1.0,1.0,0.4452625924774054,0.42315589290052424,0.4666141642499242,0.4971968552226821,0.4956075100392105,0.21959605098089632,0.7715158555742438,0.14372515883796466,0.4029176893742007,0.380638028617251,0.42538404506438215,0.4615476938410546,0.45876996097360495,0.19726547244692935,0.7422085696438101,0.14422901992679632,0.961710047716498,0.9163514237072201,0.9899559996207018,0.965136075140887,0.9888434751437475,0.7957593535963745,0.999999992912759,0.055769695199766434,0.9265167756874353,0.8924345272530286,0.9539340386654185,0.9313288507044982,0.9562514629256018,0.7299661067828362,0.9996263808682861,0.0744699902576115,0.9636958237749773,0.922971040837327,0.9895773917585774,0.9662851851969557,0.9898747862766353,0.8073074512682067,0.999999993275211,0.054126330648782126,False,
S174X,nonsense,True,1.0,1.0,0.0,none,,1,35737141,,1.0,1.0,1.0,0.4452625924774054,0.42315589290052424,0.4666141642499242,0.49098782057708745,0.49220078770831566,0.21599767484459734,0.7665512362411149,0.14544669275985694,0.9411156004189359,0.9010740930793922,0.970634631718583,0.9474033965670772,0.9715897097924896,0.7691784266250398,0.9999647095161491,0.06665057421001701,0.9437991436509519,0.9042636937518541,0.9738801614839877,0.949781943546226,0.9745239083057988,0.7626177247880223,0.9999782064055353,0.06495772697964558,0.9578898865717683,0.9264000040317821,0.9805284109802209,0.9614329235852495,0.9848041123911027,0.7947592851685421,0.9999987681797339,0.05670785627966568,0.9554340649172374,0.9220425334925565,0.979383153378201,0.9583365155928794,0.9821368781970949,0.7909671069122277,0.9999956041103771,0.058788524858916114,False,
S375fs,frameshift,True,1.0,1.0,0.0,none,,1,25015100,,1.0,1.0,1.0,0.4452625924774054,0.42315589290052424,0.4666141642499242,0.4962314818624551,0.4987994703813748,0.21682139576743673,0.7705143315212167,0.14702604731669403,0.9411156004189359,0.9010740930793922,0.970634631718583,0.9445358564471407,0.9700127580406912,0.7514019590840886,0.99993251187055,0.06865785518471246,0.9437991436509519,0.9042636937518541,0.9738801614839877,0.9456389729253796,0.9715732931476012,0.7660165428842745,0.9999691573278928,0.06646349154371455,0.9578898865717683,0.9264000040317821,0.9805284109802209,0.9622220347488764,0.9848854792049524,0.8089447156983329,0.9999982209198355,0.05449277910304433,0.9554340649172374,0.9220425334925565,0.979383153378201,0.9608177638913843,0.9846315503441793,0.795538841125613,0.9999987370460994,0.058183888761151506,False,
S411F,missense,False,1.0,1.0,0.0,P/LP,0.9758,1,36504295,,1.0,1.0,1.0,0.4452625924774054,0.42315589290052424,0.4666141642499242,0.495903230386469,0.49521939524603004,0.21599449194237585,0.7728492683533975,0.14550704912769474,0.4029176893742007,0.380638028617251,0.42538404506438215,0.46168883708820474,0.46210187285316007,0.1811771633457157,0.7418977621328661,0.14347694140629336,0.9236602539118396,0.9037783249734366,0.9411753194817141,0.9332824814452592,0.9578570602741868,0.7364322650299011,0.9993959859060694,0.07210682440004004,0.8443465877443089,0.8128049982394322,0.8732698395207323,0.8600534988897314,0.882097164650849,0.6049623324420597,0.9882291419669762,0.10168692322507052,0.87749696589372,0.848489444030041,0.9032576212672607,0.8869669423070232,0.9101237567158438,0.6526073910487036,0.9946710569089664,0.0927335282952869,False,
S426_R428del,inframe_indel,False,1.0,1.0,0.0,none,,1,39504571,,1.0,1.0,1.0,0.4452625924774054,0.42315589290052424,0.4666141642499242,0.4942772546700268,0.4933404106309907,0.21918515595396737,0.77507793787587,0.1446512381087781,0.4029176893742007,0.380638028617251,0.42538404506438215,0.4575405125976025,0.4517194872809732,0.1939043372538951,0.7389272338287393,0.14293510140779733,0.961710047716498,0.9163514237072201,0.9899559996207018,0.9652310643724031,0.9896645750231752,0.7970911611352867,0.9999999913586071,0.056494694703121365,0.9265167756874353,0.8924345272530286,0.9539340386654185,0.9329176491307951,0.9579270575168237,0.7338847698124455,0.99962003288026,0.07305353117121056,0.9636958237749773,0.922971040837327,0.9895773917585774,0.9687204782518649,0.9895395004827501,0.8203433205766287,0.9999999913969948,0.049073146738917744,False,
S441L,missense,False,1.0,1.0,1.0,VUS,0.9233,1,25015100,,2.0,0.5,1.0,0.4452625924774054,0.42315589290052424,0.4666141642499242,0.45029002744064367,0.44910147215289287,0.1894414144419955,0.722377458748092,0.13758092617826945,0.4029176893742007,0.380638028617251,0.42538404506438215,0.4183312775872348,0.41434382950037807,0.16382816471152778,0.6920541871566617,0.13982905702017978,0.8990141185343802,0.8753032854464277,0.9201540508370831,0.8325652214352655,0.8520623828799152,0.5760671009171573,0.9750231431439166,0.10403488283160629,0.44728059487000266,0.36899570891380024,0.5297373565300053,0.459498437606631,0.4595985451887644,0.19690581910001884,0.7316179826453876,0.14142231853693282,0.6104718866717072,0.5047254027914787,0.7084954655844852,0.5903285322956897,0.595721562376573,0.3053271476489387,0.843787911107321,0.14115102772478658,False,4.10458e-06
S442P,missense,False,1.0,1.0,0.0,none,,1,29264522,,1.0,1.0,1.0,0.4452625924774054,0.42315589290052424,0.4666141642499242,0.49592682179990294,0.4962767782310388,0.22137260938767025,0.7778820602253179,0.1438063234132941,0.4029176893742007,0.380638028617251,0.42538404506438215,0.4568931488049289,0.4533895787356437,0.19329898572837248,0.7500937283771516,0.1430638343355472,0.961710047716498,0.9163514237072201,0.9899559996207018,0.9651819363114046,0.9889328194186149,0.8011864706961538,0.9999999949865274,0.05685546105865124,0.9265167756874353,0.8924345272530286,0.9539340386654185,0.9330901819552145,0.9574141551633522,0.7299875391452826,0.9996663739290967,0.07354455302666765,0.9636958237749773,0.922971040837327,0.9895773917585774,0.9684198945417284,0.9904225131411721,0.817595363024295,0.9999999946662871,0.049984500285282445,False,
S453X,nonsense,True,1.0,1.0,0.0,P/LP,,1,18382660,,1.0,1.0,1.0,0.4452625924774054,0.42315589290052424,0.4666141642499242,0.49598969461834985,0.4913304181166308,0.2219562633918398,0.7722516636090626,0.1436518921110936,0.9411156004189359,0.9010740930793922,0.970634631718583,0.945970181769622,0.9716256911097274,0.7599117265926296,0.9999590249951597,0.06690886656257398,0.9437991436509519,0.9042636937518541,0.9738801614839877,0.9475258105929297,0.9734298031004156,0.7596575489807285,0.9999722651492807,0.067486510025194,0.9060990411502131,0.8348103483688831,0.9560504177835257,0.9155055968134954,0.9407528708520847,0.6990079066175723,0.9993166587925716,0.08235549375663928,0.9156418519913224,0.8515201010669611,0.9620121554245736,0.9215433536215842,0.9475224889618619,0.7047984371886835,0.9994453465755748,0.08197003807208429,False,
S54G,missense,False,1.0,1.0,0.0,none,0.1925,1,39420902,,1.0,1.0,1.0,0.4452625924774054,0.42315589290052424,0.4666141642499242,0.49882432436538604,0.4965766110439052,0.22352740045716563,0.7775276255149994,0.1444868330972079,0.4029176893742007,0.380638028617251,0.42538404506438215,0.45698649202876235,0.44998899961898964,0.1915478687811648,0.7495088149984784,0.1446688093483016,0.10962882419955967,0.09177009879450468,0.12964787682591603,0.19310568072745124,0.1775251816064935,0.029345948833611583,0.4707521177927186,0.11432182821464085,0.9265167756874353,0.8924345272530286,0.9539340386654185,0.9325295480940662,0.9582735891578351,0.7271335494035919,0.9996308536765716,0.0755850267662174,0.8035062186345152,0.7000105742723165,0.8880214819402752,0.8189965123159382,0.8394520579750326,0.5392486076537317,0.9821587545268563,0.11776587525634724,False,
S64P,missense,False,1.0,1.0,0.0,none,0.9794,1,37725835,,1.0,1.0,1.0,0.4452625924774054,0.42315589290052424,0.4666141642499242,0.4964920573187732,0.49539171704138774,0.21860021573910193,0.7794215056330941,0.14627920039648198,0.4029176893742007,0.380638028617251,0.42538404506438215,0.4610537814466554,0.4575096865420581,0.18567167195411716,0.7404418934293862,0.1447554078226896,0.9251303442835239,0.905476650197376,0.9424089449987889,0.9323838624190542,0.9563814374854317,0.7367851041473685,0.9995126944771947,0.07252022202967813,0.9265167756874353,0.8924345272530286,0.9539340386654185,0.9321001177759326,0.9564541258143823,0.7367834569474436,0.9994119958412878,0.07276320809195057,0.9327637372489065,0.8935633454709105,0.9615782857404008,0.9397344007894886,0.9651596586499259,0.7546175477265356,0.9998621888195811,0.06878084740308983,False,
T149I,missense,False,1.0,1.0,0.0,none,0.9862,1,30259503,,1.0,1.0,1.0,0.4452625924774054,0.42315589290052424,0.4666141642499242,0.49833740640473667,0.4972058754322629,0.2243857988345343,0.7732592254858104,0.14314663575976072,0.4029176893742007,0.380638028617251,0.42538404506438215,0.4560212275338381,0.4543068447367463,0.18080311813932554,0.7424005984454747,0.1450232282386856,0.9278362794755618,0.9086102821454194,0.9446718683469746,0.9339176585378184,0.9592978834773072,0.7375079157807275,0.9994973877463591,0.07227791121318795,0.9265167756874353,0.8924345272530286,0.9539340386654185,0.9327478810946863,0.9575080724544571,0.732671782062553,0.9996688029626651,0.07439839210089748,0.933410133879504,0.8942479448950612,0.9620374464690262,0.94055633726497,0.9658529694848902,0.7468996143550544,0.9998730222333859,0.07018527691525925,False,
T209R,missense,False,1.0,1.0,0.0,none,0.9845,1,35592779,,1.0,1.0,1.0,0.4452625924774054,0.42315589290052424,0.4666141642499242,0.49744057679909276,0.49696665604578805,0.223407089895164,0.7756459413245061,0.14428123325187592,0.4029176893742007,0.380638028617251,0.42538404506438215,0.45568262889958683,0.454047740133419,0.18079892220429186,0.7383785494494011,0.14505877860855557,0.9271683862129372,0.9078358941276078,0.9441142399935187,0.9354735199375922,0.9611217799051323,0.7351221741251854,0.9994658366400244,0.07183529521749206,0.9265167756874353,0.8924345272530286,0.9539340386654185,0.9339393963100947,0.9586995073245139,0.7398789576775471,0.9996910543923146,0.07263976725249383,0.9332491047496624,0.8940803562719356,0.9619038425532657,0.9385025343960993,0.9644069476086758,0.7451405693874994,0.9998397834818852,0.07162259539629888,False,
T210M,missense,False,1.0,1.0,0.0,none,,1,31956423,,1.0,1.0,1.0,0.4452625924774054,0.42315589290052424,0.4666141642499242,0.4953186029865353,0.49621448370210863,0.21707185994429748,0.7750434569622243,0.14571461610074768,0.4029176893742007,0.380638028617251,0.42538404506438215,0.462141589160251,0.4602526738857853,0.1916008896651228,0.7503840291145037,0.14631500230259706,0.961710047716498,0.9163514237072201,0.9899559996207018,0.9657534452522373,0.9896260100661057,0.8020645877380251,0.999999997601209,0.05583633651271619,0.9265167756874353,0.8924345272530286,0.9539340386654185,0.9344275360951396,0.9589421129557518,0.739118614906534,0.9996092588245432,0.07204004113071394,0.9636958237749773,0.922971040837327,0.9895773917585774,0.9660786209094913,0.9903453764647036,0.7961954915797985,0.9999999940295189,0.055288652083251094,False,
T255A,missense,False,1.0,1.0,0.0,P/LP,0.5403,1,39504571,,1.0,1.0,1.0,0.4452625924774054,0.42315589290052424,0.4666141642499242,0.49331634707007105,0.49333959728626253,0.21388474143582795,0.7701647923791716,0.14490821086343036,0.4029176893742007,0.380638028617251,0.42538404506438215,0.45941312974835097,0.4536017666039831,0.19055230248440058,0.7491591803700656,0.14320187540977497,0.4859780388719871,0.4472584555716112,0.525934563626129,0.5341308011983572,0.5355247479163935,0.24516634854792205,0.8074905351991113,0.1450063882105596,0.8443465877443089,0.8128049982394322,0.8732698395207323,0.8567589068849354,0.8785406925090269,0.6111582432292191,0.9868146805353236,0.10034237415217152,0.7845185157694957,0.7391604726771476,0.8278188790991869,0.8037114289026233,0.8242693865600588,0.5343113291674302,0.9702522274267048,0.1177442622869458,False,
T260M,missense,False,1.0,1.0,0.0,none,,1,41409604,,1.0,1.0,1.0,0.4452625924774054,0.42315589290052424,0.4666141642499242,0.49440401933186984,0.4948006468812377,0.21505805619759136,0.7755169638422358,0.14518572964500442,0.4029176893742007,0.380638028617251,0.42538404506438215,0.4522696244363244,0.44996024449971284,0.1921496261181553,0.7335783747310977,0.14276474808805403,0.961710047716498,0.9163514237072201,0.9899559996207018,0.9652888840847799,0.9895827981605081,0.7974818299532163,0.9999999924936357,0.05610925463455824,0.9265167756874353,0.8924345272530286,0.9539340386654185,0.932943441878484,0.9572388872662599,0.7445920130491805,0.9995002220590096,0.07132135361951839,0.9636958237749773,0.922971040837327,0.9895773917585774,0.9669052210972796,0.9909763962402004,0.8094767256223119,0.9999999965186575,0.05409950702915644,False,
T326P,missense,False,1.0,1.0,0.0,P/LP,0.6167,1,31595705,,1.0,1.0,1.0,0.4452625924774054,0.42315589290052424,0.4666141642499242,0.49202699789257537,0.4931228191599687,0.2155417382889344,0.7685069277783844,0.14288003385928585,0.4029176893742007,0.380638028617251,0.42538404506438215,0.45840778029028534,0.45966769082103587,0.18616554157506776,0.7300428953082813,0.14190720392273076,0.5966993399911641,0.5575962059714882,0.6367290385426182,0.6312823355914554,0.63652670217538,0.3465501101748708,0.8773187580311844,0.13856552126975813,0.8443465877443089,0.8128049982394322,0.8732698395207323,0.8580900963443917,0.8802814040817748,0.6023778734981903,0.9881910249435835,0.1022750988560055,0.8040473906570955,0.765458173749807,0.841557557867225,0.8214716417766973,0.8414086739802401,0.5550544087974331,0.9766502613102178,0.11134220648540764,False,
T342P,missense,False,0.0,1.0,1.0,B/LB,0.0947,1,37008541,,2.0,0.0,0.0,0.4452625924774054,0.42315589290052424,0.4666141642499242,0.3729578309805776,0.3646880513090231,0.13505031118059896,0.6527147545173784,0.13521965211307485,0.4029176893742007,0.380638028617251,0.42538404506438215,0.33692756864364515,0.3261679259749749,0.11562113308563128,0.6076880525239703,0.13090852084077864,0.06494989540638957,0.052261426011406965,0.07953088041904721,0.05320839022547449,0.03196939905884924,0.00017576744837958483,0.2196112220497485,0.061985039932065104,0.003191464636591484,0.0006551274835057684,0.007621003096594019,0.0026535073978569148,1.86250347124464e-12,3.0907144154298057e-99,0.02876122372344626,0.015038937912373979,0.0031162735634304526,0.0006813695649374026,0.0072799141181707746,0.003147708311376367,2.640507697950707e-13,2.514712317232912e-99,0.03612904715996803,0.018988968184553444,False,6.59022e-06
T432K,missense,False,1.0,1.0,0.0,none,0.5025,1,30465894,,1.0,1.0,1.0,0.4452625924774054,0.42315589290052424,0.4666141642499242,0.4920967050714469,0.4935414536467082,0.22234963187077708,0.7764125010987548,0.14428551904424133,0.4029176893742007,0.380638028617251,0.42538404506438215,0.4553881956160912,0.45432978922378026,0.18589267969699422,0.7409890019214267,0.14564427979128935,0.4310118854720807,0.3933633180307266,0.4698528118203911,0.4867390136475854,0.4879973900024411,0.21298051000054788,0.7566145639736099,0.14378311277610434,0.9265167756874353,0.8924345272530286,0.9539340386654185,0.9337227401935785,0.9582054522790597,0.7329731961706165,0.9996048623011204,0.07388472372986758,0.8691793960195661,0.8043099941923436,0.9222976308638202,0.8816336145530971,0.9074378787320924,0.6407921769929147,0.9954086752836256,0.09633575813991149,False,
T49N,missense,False,1.0,1.0,0.0,P/LP,0.2836,1,32710514,,1.0,1.0,1.0,0.4452625924774054,0.42315589290052424,0.4666141642499242,0.49432311537565427,0.49342434329157714,0.21712127887968202,0.7700001141995985,0.1444886179010452,0.4029176893742007,0.380638028617251,0.42538404506438215,0.4562528608875835,0.45485198636553825,0.1889534365969992,0.7315541945655268,0.1439040772105069,0.17351272573688006,0.14987281924949847,0.20003561901151196,0.24862410240182317,0.232216675954254,0.051708113242855215,0.5320405011598913,0.12565187131732256,0.8443465877443089,0.8128049982394322,0.8732698395207323,0.8610340384096009,0.8839651301201961,0.6103725216350788,0.988409896937057,0.1009365726710622,0.7088085632431226,0.6264823319247305,0.784191766425198,0.7363660582472862,0.7526983335316246,0.43770400346896154,0.9433482427826406,0.13109219318317963,False,
T65I,missense,False,1.0,1.0,0.0,none,0.3905,1,34184638,,1.0,1.0,1.0,0.4452625924774054,0.42315589290052424,0.4666141642499242,0.4963860853590789,0.49357545470083675,0.22296598786946428,0.7737699530964764,0.1431213716937342,0.4029176893742007,0.380638028617251,0.42538404506438215,0.4535090677062439,0.4512203526379467,0.1838562067836658,0.7324092086667687,0.14271947687052036,0.2820340146550072,0.25024633963451764,0.31495582867048383,0.34678728250875585,0.33327770789665223,0.11113371336442461,0.6423212568830781,0.14184472551075097,0.9265167756874353,0.8924345272530286,0.9539340386654185,0.9322244944848364,0.9582226393226597,0.726468247387217,0.9995712938191789,0.07475753422444915,0.8479524437245846,0.771908648783529,0.9106360269235158,0.8581022627668335,0.8833473470873849,0.5909445608909913,0.9924570700569313,0.1074050005453356,False,
T67fs,frameshift,True,1.0,1.0,0.0,none,,1,41409604,,1.0,1.0,1.0,0.4452625924774054,0.42315589290052424,0.4666141642499242,0.49133308652918845,0.492676969536441,0.20853884869987224,0.7620492024150118,0.14220295793265939,0.9411156004189359,0.9010740930793922,0.970634631718583,0.9468251557759637,0.9720155307218385,0.7598181256729857,0.9999572406552307,0.06576439399811825,0.9437991436509519,0.9042636937518541,0.9738801614839877,0.9487282191842844,0.9724815631875012,0.772914009941518,0.9999804680915604,0.06334790310940562,0.9578898865717683,0.9264000040317821,0.9805284109802209,0.9617514477863703,0.9855470298310306,0.8008770934002426,0.9999991293750924,0.055699324364675014,0.9554340649172374,0.9220425334925565,0.979383153378201,0.9594346800416418,0.9831465838618115,0.7861409475408461,0.999997500971673,0.05918518058181133,False,
T82P,missense,False,1.0,1.0,0.0,none,0.9784,1,30245511,,1.0,1.0,1.0,0.4452625924774054,0.42315589290052424,0.4666141642499242,0.4953111065635434,0.4946920002120813,0.21533280213573067,0.7711129342340974,0.1429619957636731,0.4029176893742007,0.380638028617251,0.42538404506438215,0.45599976165058387,0.4547039453500967,0.18885599296984074,0.7392705191972826,0.14352693771750716,0.9247246199781155,0.9050072576791615,0.9420688921462174,0.9306408884510085,0.9558514147437043,0.7276787858102312,0.9993179436060352,0.07408269561918845,0.9265167756874353,0.8924345272530286,0.9539340386654185,0.933641623359318,0.9598050918286936,0.7336553473558604,0.9995865727940824,0.07404016569686538,0.9326681648301061,0.893437272378646,0.9615195253931436,0.9388773990446984,0.9655426762629125,0.7402732655465393,0.9998191225305926,0.07294649582646083,False,
V101M,missense,False,1.0,1.0,26.0,VUS,0.3803,1,27185633,,27.0,0.037037037037037035,1.0,0.4452625924774054,0.42315589290052424,0.4666141642499242,0.14697514588930802,0.14039609412175807,0.05367055827763576,0.27447052174511355,0.05776928822653212,0.4029176893742007,0.380638028617251,0.42538404506438215,0.13604067222002975,0.12872264686329643,0.04785226465395051,0.2608635737935057,0.05560270048665021,0.270085159708015,0.23912487731065407,0.3024290051211277,0.09899642189282598,0.09133113559400394,0.026797200349851356,0.21068531334413118,0.04858301836909205,0.44728059487000266,0.36899570891380024,0.5297373565300053,0.14766496535430362,0.13979641106600565,0.051949278890141525,0.2855169164083419,0.05926503615982928,0.404182647510767,0.32499333517818463,0.4865836547130959,0.13593607385858567,0.12949891296355298,0.0466301604699664,0.2631876898764874,0.05627435730071926,False,0.000103387
V16_E70del,inframe_indel,False,1.0,1.0,0.0,none,,1,17828387,,1.0,1.0,1.0,0.4452625924774054,0.42315589290052424,0.4666141642499242,0.4965082460935629,0.4951659916588845,0.2311525579941405,0.7764881671377724,0.1432329842299084,0.4029176893742007,0.380638028617251,0.42538404506438215,0.45966965476016347,0.4555412161169694,0.19339391653525753,0.7360152472524634,0.14419953095881843,0.961710047716498,0.9163514237072201,0.9899559996207018,0.9653618680844845,0.9888452787927979,0.8112592017776991,0.999999989998995,0.05366164842988847,0.9265167756874353,0.8924345272530286,0.9539340386654185,0.9327703933289538,0.958002206433977,0.7356777859374464,0.9996979711385903,0.07420911277938896,0.9636958237749773,0.922971040837327,0.9895773917585774,0.9682817954675083,0.990679267600271,0.8204030483938923,0.9999999868121381,0.05176364624138946,False,
V199L,missense,False,1.0,1.0,0.0,none,0.9019,1,39504571,,1.0,1.0,1.0,0.4452625924774054,0.42315589290052424,0.4666141642499242,0.49552399442688905,0.4962830979354821,0.21869644652241332,0.7739933235531127,0.14454927032410037,0.4029176893742007,0.380638028617251,0.42538404506438215,0.45713218853112075,0.45566758635121163,0.18368612498422326,0.7428031685968006,0.14461464010717173,0.8870755006614561,0.8617450129528802,0.9098500066074797,0.8998697170653994,0.9253518051667209,0.6669424281278072,0.9966903482036706,0.08965171871994378,0.9265167756874353,0.8924345272530286,0.9539340386654185,0.933858819473289,0.9589334311054281,0.7376056418161363,0.9996572382619788,0.073288483298783,0.9249526828718337,0.8826827857524029,0.9562189997721103,0.9325099293168417,0.9574320717229644,0.731119422808192,0.9996600644689878,0.07449075293080112,False,
V203A,missense,False,1.0,1.0,0.0,P/LP,0.9035,1,15841481,,1.0,1.0,1.0,0.4452625924774054,0.42315589290052424,0.4666141642499242,0.4922301114310684,0.4904723778895691,0.22088081829084777,0.7734195639079208,0.1449165324298,0.4029176893742007,0.380638028617251,0.42538404506438215,0.45999893307588063,0.45627647245163866,0.1922852882937031,0.7418286869355023,0.14518557499157572,0.8880091841626456,0.8628367753968877,0.9106489395451476,0.8979726871143858,0.9231095340993859,0.674576229790321,0.9963920940329992,0.09011430389462574,0.8443465877443089,0.8128049982394322,0.8732698395207323,0.8569157261116657,0.8784847916977864,0.6040991958481358,0.9893094388158665,0.10325737094536229,0.8650173760888104,0.8365562537263687,0.8917910992904745,0.8775699557716727,0.9029957341633211,0.6371053748404443,0.9922751125154551,0.09581965091717545,False,
V207L,missense,False,1.0,1.0,0.0,none,0.9808,1,31092478,,1.0,1.0,1.0,0.4452625924774054,0.42315589290052424,0.4666141642499242,0.4940842982077751,0.49344494103417824,0.21865823501412984,0.7792950147769802,0.144605406917282,0.4029176893742007,0.380638028617251,0.42538404506438215,0.45901749410075315,0.4544601049973469,0.19658420118893366,0.7414305131458411,0.14414167515373177,0.9256949769751418,0.906136566101566,0.942881871201355,0.9321743600212087,0.9562093127410722,0.7268731993342187,0.9995929249441701,0.07382315021217853,0.9265167756874353,0.8924345272530286,0.9539340386654185,0.9342676775144846,0.9601227758152546,0.7402235322073627,0.9996943041844248,0.07160284507796298,0.9328973166988336,0.8937127554057263,0.9616604050711611,0.9403896684934714,0.9648413450420339,0.7565614639995286,0.9998693950716033,0.06925858491956828,False,
V222F,missense,False,1.0,1.0,0.0,none,0.8802,1,35737141,,1.0,1.0,1.0,0.4452625924774054,0.42315589290052424,0.4666141642499242,0.4980783458329222,0.5001259167001508,0.21642746319310316,0.7705827596654646,0.14501960078195253,0.4029176893742007,0.380638028617251,0.42538404506438215,0.454740542046208,0.4506880640391605,0.18437208037834915,0.7444264190763877,0.14590925116834688,0.8737276062865886,0.8465353206052769,0.8982585639063525,0.8869766679719041,0.9091956829774932,0.6591886575143722,0.9947947447241189,0.09093128446218195,0.9265167756874353,0.8924345272530286,0.9539340386654185,0.932944743404891,0.9581703163430653,0.7383269332881817,0.9996326469299406,0.07236905660693048,0.9226130658714418,0.879407305986054,0.9547207945291086,0.9285266042934707,0.9530400058787305,0.7229902464556349,0.999681581272761,0.0754446516191536,False,
V253F,missense,False,1.0,1.0,0.0,P/LP,0.94,1,36418577,,1.0,1.0,1.0,0.4452625924774054,0.42315589290052424,0.4666141642499242,0.4954705719159803,0.4923306488176976,0.21753511589795702,0.7704028224303882,0.1436876275111748,0.4029176893742007,0.380638028617251,0.42538404506438215,0.4610586431547006,0.46023068858792404,0.19332202292098805,0.7358975561618106,0.1425847340878006,0.9075376638959087,0.885129354543417,0.9274823434626459,0.9140697647658976,0.9380502498338212,0.6962179548646665,0.9980456648961126,0.08164186827082372,0.8443465877443089,0.8128049982394322,0.8732698395207323,0.8596360963335288,0.8815506309644311,0.6161838473608006,0.9882978230883901,0.10024814838138532,0.8714533840095553,0.8427635495397987,0.8975403107365518,0.8832287698886145,0.908138387034271,0.645150177948449,0.9938522288894316,0.09352811367737364,False,
V253N,missense,False,1.0,1.0,0.0,none,,1,32710514,,1.0,1.0,1.0,0.4452625924774054,0.42315589290052424,0.4666141642499242,0.4947361812621339,0.49508893289949873,0.22239810402769158,0.7634435481142157,0.1424994249399244,0.4029176893742007,0.380638028617251,0.42538404506438215,0.4571761187973771,0.4515103451295688,0.18177844811076732,0.7484176303040306,0.1470399941862422,0.961710047716498,0.9163514237072201,0.9899559996207018,0.9650768377100206,0.9889588262031271,0.7992703911167345,0.9999999916702863,0.055090336764704304,0.9265167756874353,0.8924345272530286,0.9539340386654185,0.9342731948909427,0.9594846717368042,0.7354753903394777,0.9996135640682695,0.07261688413167765,0.9636958237749773,0.922971040837327,0.9895773917585774,0.9669361471354575,0.9906713377554828,0.807092055212722,0.9999999979307396,0.05367609067556204,False,
V253fs,frameshift,True,1.0,1.0,0.0,none,,1,30229274,,1.0,1.0,1.0,0.4452625924774054,0.42315589290052424,0.4666141642499242,0.5002557367743252,0.5004513519238547,0.2303888690586931,0.7698402094861936,0.14232572800374715,0.9411156004189359,0.9010740930793922,0.970634631718583,0.9480250394369447,0.971908546418788,0.7696575708871574,0.999948121990012,0.06367671506501214,0.9437991436509519,0.9042636937518541,0.9738801614839877,0.948501305848501,0.9737793592043932,0.7647983299455932,0.9999759859163576,0.06468528057228345,0.9578898865717683,0.9264000040317821,0.9805284109802209,0.9615382308651493,0.9854725909077023,0.7972222183557194,0.9999985550518834,0.05658001496565525,0.9554340649172374,0.9220425334925565,0.979383153378201,0.9589129921631826,0.983308213574756,0.7902274513626274,0.9999981400396917,0.06024313277756699,False,
V335fs,frameshift,True,1.0,1.0,0.0,none,,1,40303645,,1.0,1.0,1.0,0.4452625924774054,0.42315589290052424,0.4666141642499242,0.49807234980476983,0.4986185722076736,0.22008743695842983,0.7811637799776663,0.14652879170860744,0.9411156004189359,0.9010740930793922,0.970634631718583,0.9453546881247946,0.9716424807797779,0.7432609273426445,0.999940921491109,0.0692003745240886,0.9437991436509519,0.9042636937518541,0.9738801614839877,0.9479189661716929,0.9744925246499905,0.7598972660733051,0.9999675930578603,0.06664388544716755,0.9578898865717683,0.9264000040317821,0.9805284109802209,0.9612583442791035,0.9853683982961522,0.7977114790474481,0.999998796309694,0.05706289964273331,0.9554340649172374,0.9220425334925565,0.979383153378201,0.9586750463874616,0.983380959470838,0.7831298934704772,0.9999981179385341,0.05945910511502515,False,
V367M,missense,False,1.0,1.0,0.0,P/LP,0.7181,1,27256595,,1.0,1.0,1.0,0.4452625924774054,0.42315589290052424,0.4666141642499242,0.5003999049773264,0.500720435016818,0.23060063157095786,0.7738276568883323,0.14412765515487555,0.4029176893742007,0.380638028617251,0.42538404506438215,0.4553371423282066,0.45376039172903637,0.17925984424091781,0.7375779842190363,0.14402741206979988,0.7282495284124301,0.6906946709078368,0.7643702060161235,0.7531463924049385,0.7720265054908015,0.4681712311631092,0.9505366128343581,0.12820707522921443,0.8443465877443089,0.8128049982394322,0.8732698395207323,0.8562401890353264,0.8775721345321068,0.6047831424383775,0.988473443958564,0.10275035031978291,0.827792531330225,0.7960687628743451,0.8592542226570884,0.8457900750227755,0.8676472679243903,0.5956260851296958,0.9834626809772584,0.10466712960158303,False,
V380fs,frameshift,True,1.0,1.0,0.0,none,,1,41409604,,1.0,1.0,1.0,0.4452625924774054,0.42315589290052424,0.4666141642499242,0.4969875539583475,0.49906898172855446,0.21703033442600217,0.7707248347030714,0.14436727633326113,0.9411156004189359,0.9010740930793922,0.970634631718583,0.9476999975830007,0.9732460859081968,0.7509521675360705,0.9999656249518911,0.06749208818796665,0.9437991436509519,0.9042636937518541,0.9738801614839877,0.9489520658740953,0.9752231817461378,0.7660490709179066,0.9999828503613403,0.06605365681440187,0.9578898865717683,0.9264000040317821,0.9805284109802209,0.9630081363212248,0.9852212331272909,0.8072507070765368,0.9999986130738596,0.05462770073819981,0.9554340649172374,0.9220425334925565,0.979383153378201,0.9613780754181175,0.9837095039985622,0.8049006493046236,0.9999982613342726,0.054538031475319396,False,
V389D,missense,False,1.0,1.0,0.0,P/LP,0.9877,1,32741144,,1.0,1.0,1.0,0.4452625924774054,0.42315589290052424,0.4666141642499242,0.495246824727781,0.4928328710065275,0.226491847059244,0.7776593903080162,0.14470775653583082,0.4029176893742007,0.380638028617251,0.42538404506438215,0.4576232544040671,0.4565819977351455,0.19384001486344146,0.7379106888203255,0.14335562572249982,0.9284208945701287,0.9092887005543401,0.9451390122256319,0.9360108867079256,0.9607357055082335,0.7374624169289239,0.9996246371210933,0.07101969592081524,0.8443465877443089,0.8128049982394322,0.8732698395207323,0.8607500911791138,0.8798938384932027,0.6170978961015684,0.9885412896597197,0.09853866094688468,0.8794481621805544,0.8499670527291698,0.9053353315974811,0.8923487054132789,0.916489289119211,0.6548489449467638,0.9959130407685759,0.09234703796194288,False,
V455delinsalaval,inframe_indel,False,1.0,1.0,0.0,none,,1,40302972,,1.0,1.0,1.0,0.4452625924774054,0.42315589290052424,0.4666141642499242,0.4947195976508852,0.4955053117784063,0.21784947562569362,0.7737779898793377,0.14686693054257394,0.4029176893742007,0.380638028617251,0.42538404506438215,0.458942869025418,0.4570482012075119,0.1898324114400391,0.7460199271143338,0.1468904857099604,0.961710047716498,0.9163514237072201,0.9899559996207018,0.9650547646547741,0.9880258121227774,0.8104627794238998,0.9999999947581104,0.05538974908192491,0.9265167756874353,0.8924345272530286,0.9539340386654185,0.9339972806185572,0.9580398966386668,0.7444333607392158,0.9997137099856658,0.07141397969218283,0.9636958237749773,0.922971040837327,0.9895773917585774,0.9676426483971141,0.9907369864516902,0.8074688069016109,0.999999991856584,0.05423455365437956,False,
V86A,missense,False,1.0,1.0,0.0,none,0.9407,1,33450726,,1.0,1.0,1.0,0.4452625924774054,0.42315589290052424,0.4666141642499242,0.4947155018425157,0.4978603080817887,0.21514058464306782,0.7684159133239398,0.1465293028210307,0.4029176893742007,0.380638028617251,0.42538404506438215,0.4596663021364368,0.4535001082293554,0.18948942008110434,0.7436664021117059,0.1440802397173084,0.9078804132142774,0.8855172673316888,0.9277762794384077,0.9163343864425731,0.9410684584840681,0.7068340335536909,0.9983451940525213,0.07993654323150526,0.9265167756874353,0.8924345272530286,0.9539340386654185,0.9335353379826844,0.9581917388082626,0.7337821588632487,0.9997114892557573,0.07362178198532032,0.9289671497952734,0.8883583956938443,0.9589114670868897,0.9358007149453783,0.96055273918512,0.7399724111367675,0.9997197159965359,0.07122643920759428,False,
W257X,nonsense,True,1.0,1.0,0.0,P/LP,,1,30592380,,1.0,1.0,1.0,0.4452625924774054,0.42315589290052424,0.4666141642499242,0.4940342311786475,0.49356030097032383,0.21698079854017388,0.7758017172605215,0.14418063207009266,0.9411156004189359,0.9010740930793922,0.970634631718583,0.9439549682733966,0.9697647084298935,0.7586882070626518,0.9999587694524062,0.0682028093098495,0.9437991436509519,0.9042636937518541,0.9738801614839877,0.948195619481592,0.9748383403529823,0.7622097977131131,0.9999856323178542,0.06670363832932048,0.9060990411502131,0.8348103483688831,0.9560504177835257,0.9167142333630282,0.9407429109888479,0.6966635155771937,0.9994997004005205,0.0813624635827667,0.9156418519913224,0.8515201010669611,0.9620121554245736,0.9230772414025907,0.9483772953061245,0.7156391713436985,0.9995358660374227,0.07807315602799199,False,
W99L,missense,False,1.0,1.0,0.0,none,0.4675,1,19336674,,1.0,1.0,1.0,0.4452625924774054,0.42315589290052424,0.4666141642499242,0.495988166503259,0.495055383384211,0.220716514011345,0.7797212489340583,0.147234838778746,0.4029176893742007,0.380638028617251,0.42538404506438215,0.46118386815654017,0.45698729051930564,0.1871824798656549,0.7377935019547679,0.1438788370446317,0.3815580582546596,0.34532668456867166,0.4189493727818661,0.43732350768702916,0.43334424004382205,0.16868577116913117,0.7201785361085277,0.14366744350438682,0.9265167756874353,0.8924345272530286,0.9539340386654185,0.9342229560974235,0.9600701959282292,0.7384738296366197,0.9996599815185492,0.07317019586926264,0.8628379138274217,0.7949709607148528,0.9186160586847384,0.875367238091845,0.8991827282129005,0.6225067526832557,0.9948375855729773,0.09968036557501492,False,
Y108N,missense,False,1.0,1.0,0.0,none,0.9521,1,35737141,,1.0,1.0,1.0,0.4452625924774054,0.42315589290052424,0.4666141642499242,0.4914493985514985,0.4882557078195971,0.22448533452312264,0.7678987107849014,0.14338691177524002,0.4029176893742007,0.380638028617251,0.42538404506438215,0.4578080279979171,0.45822050819253135,0.18653805899099726,0.7359267248987513,0.1444388664164047,0.9133033768410048,0.8916731947972749,0.9324784757517534,0.9234764923735586,0.9471386016235077,0.7181246105588902,0.9989466736438912,0.07615408253945075,0.9265167756874353,0.8924345272530286,0.9539340386654185,0.9329156781231647,0.9575683439086082,0.7379530711971736,0.9996739048664528,0.07375029525788328,0.9301066349536313,0.8899025428225675,0.9597977514749998,0.9377719143373389,0.9630927201608603,0.7523840625931634,0.999763298255824,0.07054881553717528,False,
Y214D,missense,False,1.0,1.0,0.0,none,0.8393,1,29207974,,1.0,1.0,1.0,0.4452625924774054,0.42315589290052424,0.4666141642499242,0.49267499319201175,0.49331040463316395,0.22343974120295482,0.7619520448586862,0.1428879252836897,0.4029176893742007,0.380638028617251,0.42538404506438215,0.45652114893662393,0.4542703057430095,0.1848962823193587,0.742253657109997,0.14324470975377468,0.8448957893061404,0.8143292189016493,0.8724515273270091,0.8587862396818092,0.8814612825156459,0.6102549113086551,0.9892329512275776,0.10295118372786485,0.9265167756874353,0.8924345272530286,0.9539340386654185,0.9332344581737873,0.95752820914876,0.7365432066923103,0.9996771506229065,0.0728552551397572,0.9180120164140754,0.8735359569271982,0.9517844197309642,0.9276466352074769,0.9521290609049454,0.7269330749531366,0.9993114536483853,0.0750765202132324,False,
Y297X,nonsense,True,1.0,1.0,0.0,none,,1,15841481,,1.0,1.0,1.0,0.4452625924774054,0.42315589290052424,0.4666141642499242,0.4954745722751675,0.49588066252849705,0.21592196231977798,0.7747691814579717,0.14661257033388037,0.9411156004189359,0.9010740930793922,0.970634631718583,0.9458707356919944,0.9712284382932808,0.756711661248586,0.9999608112976116,0.06817882753862164,0.9437991436509519,0.9042636937518541,0.9738801614839877,0.9487839750158453,0.9735527109071512,0.7602644140435028,0.9999752066869313,0.06496169587859675,0.9578898865717683,0.9264000040317821,0.9805284109802209,0.961626986961444,0.9850814334137713,0.7996512879335625,0.9999979032450069,0.056519466594184706,0.9554340649172374,0.9220425334925565,0.979383153378201,0.9585470413475942,0.9829701209312052,0.77979966406994,0.9999976497958195,0.06096275292013536,False,
Y349X,nonsense,True,1.0,1.0,0.0,none,,1,39825658,,1.0,1.0,1.0,0.4452625924774054,0.42315589290052424,0.4666141642499242,0.48902702915877977,0.4883583081534646,0.2213045262611539,0.760023310575621,0.1418789621747642,0.9411156004189359,0.9010740930793922,0.970634631718583,0.9456135524882179,0.9717588509503527,0.7572898845332151,0.9999588784463435,0.06774321754744808,0.9437991436509519,0.9042636937518541,0.9738801614839877,0.947968423989936,0.9735682874081714,0.7678494883780566,0.9999844787438031,0.06588710804051844,0.9578898865717683,0.9264000040317821,0.9805284109802209,0.9628470074951148,0.986060344034506,0.8028951532295076,0.9999990334850617,0.056573677041239036,0.9554340649172374,0.9220425334925565,0.979383153378201,0.9601063573911103,0.9837625401448286,0.7903545069210673,0.9999972956971305,0.05817378195913637,False,
Y413X,nonsense,True,1.0,1.0,0.0,none,,1,32741144,,1.0,1.0,1.0,0.4452625924774054,0.42315589290052424,0.4666141642499242,0.49635821825511905,0.495683309054219,0.21683809481582808,0.775707586577237,0.1442725618248888,0.9411156004189359,0.9010740930793922,0.970634631718583,0.9471368942447695,0.9724742500136182,0.7631666002505921,0.9999507417413283,0.06667942873611761,0.9437991436509519,0.9042636937518541,0.9738801614839877,0.9507558153725317,0.9755685941251214,0.7715644901794169,0.9999646889031821,0.06357704858658064,0.9578898865717683,0.9264000040317821,0.9805284109802209,0.9600720919329432,0.9848303478717391,0.7939777853076757,0.9999991005473741,0.058354474447150084,0.9554340649172374,0.9220425334925565,0.979383153378201,0.9590705796836346,0.9830046971856732,0.7883841843092305,0.9999969712889153,0.05927351292981415,False,
Y62X,nonsense,True,1.0,1.0,0.0,none,,1,42470517,,1.0,1.0,1.0,0.4452625924774054,0.42315589290052424,0.4666141642499242,0.4967858137521736,0.496560215746387,0.21698570458774805,0.7812119268621253,0.14612464587300386,0.9411156004189359,0.9010740930793922,0.970634631718583,0.9463892953057351,0.970367840184662,0.7560424580408999,0.9999506525612784,0.06586369181572953,0.9437991436509519,0.9042636937518541,0.9738801614839877,0.9486791461570557,0.9743882750703547,0.764316529211956,0.9999755888386135,0.06502099958314124,0.9578898865717683,0.9264000040317821,0.9805284109802209,0.9608630222306853,0.9850323588516757,0.7974338009305956,0.9999985788902813,0.05588657112504971,0.9554340649172374,0.9220425334925565,0.979383153378201,0.9610639401549698,0.9842422555985091,0.7998815448187165,0.999997935456444,0.0555177451179768,False,
c.1182_1195del,indel_cdna,False,1.0,1.0,0.0,none,,1,39504571,,1.0,1.0,1.0,0.4452625924774054,0.42315589290052424,0.4666141642499242,0.4950900646837738,0.49393975437637555,0.21727302537646448,0.778292854833473,0.14545223152088707,0.4029176893742007,0.380638028617251,0.42538404506438215,0.45530727371315166,0.4536531569497118,0.19012977900666692,0.7370296372613437,0.14282811230927134,0.961710047716498,0.9163514237072201,0.9899559996207018,0.9655243209364233,0.9894802523763151,0.7943655041022648,0.9999999983252941,0.05542768922586372,0.9265167756874353,0.8924345272530286,0.9539340386654185,0.9309214251614839,0.9564534301955091,0.7171833937735557,0.999712863293964,0.07602605741970833,0.9636958237749773,0.922971040837327,0.9895773917585774,0.9671501482139396,0.9903662337934421,0.8083027809709579,0.9999999936687944,0.05362173283129129,False,
c.1254-1G>C,splice,True,1.0,1.0,0.0,none,,1,27256595,,1.0,1.0,1.0,0.4452625924774054,0.42315589290052424,0.4666141642499242,0.49785672721391827,0.49768349977611376,0.22984898436426407,0.7642306701659048,0.14168869097854378,0.9411156004189359,0.9010740930793922,0.970634631718583,0.9465061636990254,0.9718366144653529,0.7562866231050279,0.9999638431242026,0.06711530205637231,0.9437991436509519,0.9042636937518541,0.9738801614839877,0.9494191624370368,0.9752407811884778,0.7663306811147128,0.9999846134133826,0.06466931563636175,0.9578898865717683,0.9264000040317821,0.9805284109802209,0.9621219935229627,0.9852930231894566,0.7971306195242793,0.9999992132699881,0.05651904182077621,0.9554340649172374,0.9220425334925565,0.979383153378201,0.9593307645006885,0.9833587104642268,0.7989484778058219,0.9999965303798555,0.057312087073405654,False,
c.1254-52_1261del,splice,True,1.0,1.0,0.0,none,,1,30386132,,1.0,1.0,1.0,0.4452625924774054,0.42315589290052424,0.4666141642499242,0.49700233560412715,0.49591598965782957,0.21623885102022664,0.7744004601453776,0.14591147922046288,0.9411156004189359,0.9010740930793922,0.970634631718583,0.9455359256053268,0.9712214886484234,0.7577217720974301,0.9999628652825937,0.06852714115791471,0.9437991436509519,0.9042636937518541,0.9738801614839877,0.9489618236358114,0.9735774162489079,0.7722832477749507,0.9999749775715314,0.06491608302212627,0.9578898865717683,0.9264000040317821,0.9805284109802209,0.9617006898469328,0.9856504230304317,0.7988729606876871,0.9999974898414461,0.05647547458984903,0.9554340649172374,0.9220425334925565,0.979383153378201,0.9601613634817365,0.9843076704573703,0.7912436010110712,0.9999969471246452,0.05808002142936851,False,
c.1396T>C,substitution_cdna,False,1.0,1.0,0.0,P/LP,,1,39504571,,1.0,1.0,1.0,0.4452625924774054,0.42315589290052424,0.4666141642499242,0.49690236297959284,0.49793826087782267,0.22068450874913156,0.77531789393592,0.14652438341015023,0.4029176893742007,0.380638028617251,0.42538404506438215,0.4543107780910081,0.4545448578281688,0.1809062111071688,0.7358518016434059,0.14404020907708115,0.961710047716498,0.9163514237072201,0.9899559996207018,0.9646912732888185,0.9899282631792927,0.7941486454007449,0.9999999914295086,0.057019679339152377,0.8443465877443089,0.8128049982394322,0.8732698395207323,0.8581407579147577,0.8813474056663865,0.6111287307198292,0.9887119045906553,0.10244922341242496,0.9296320842184086,0.8410841339473238,0.9810365725007413,0.9367543039691907,0.9655189837972651,0.7238982760218582,0.9999876638311307,0.07644528947035677,False,
c.1829G>T,substitution_cdna,False,1.0,1.0,0.0,none,,1,25972930,,1.0,1.0,1.0,0.4452625924774054,0.42315589290052424,0.4666141642499242,0.4980923445741311,0.49322265034797397,0.22587997975472082,0.76988747559269,0.1420202008143421,0.4029176893742007,0.380638028617251,0.42538404506438215,0.456737195775037,0.45107248219538953,0.1950349918952379,0.7408251147599401,0.14388449693450514,0.961710047716498,0.9163514237072201,0.9899559996207018,0.9651340180447842,0.9897924726624193,0.8034461927269859,0.9999999912510298,0.055990323402776355,0.9265167756874353,0.8924345272530286,0.9539340386654185,0.9326625588878985,0.9584472961495072,0.7246419910266503,0.999647225390371,0.07467801926642345,0.9636958237749773,0.922971040837327,0.9895773917585774,0.9679542587558261,0.9913107613674819,0.8084888046993075,0.9999999948507482,0.05499301525594508,False,
c.206-130_677-705dup,splice,True,1.0,1.0,0.0,none,,1,39821340,,1.0,1.0,1.0,0.4452625924774054,0.42315589290052424,0.4666141642499242,0.49316337352776124,0.493209274114215,0.21697318818630124,0.7752955346517073,0.14495075773188326,0.9411156004189359,0.9010740930793922,0.970634631718583,0.9462780011919956,0.9719310177010367,0.759661396882113,0.9999527848980947,0.06722558533634715,0.9437991436509519,0.9042636937518541,0.9738801614839877,0.9479965775171526,0.9746024847519222,0.7574321660416664,0.9999783162483659,0.06662093878409216,0.9578898865717683,0.9264000040317821,0.9805284109802209,0.9615073546415118,0.9855866910575359,0.7991489026372829,0.9999991926150007,0.05693976986609207,0.9554340649172374,0.9220425334925565,0.979383153378201,0.9581438728444989,0.9834303080493895,0.7866444621708908,0.9999968905935349,0.06052238884568897,False,
c.208+2T>C,splice,True,1.0,1.0,0.0,none,,1,36208030,,1.0,1.0,1.0,0.4452625924774054,0.42315589290052424,0.4666141642499242,0.4990847545121923,0.5000463275711209,0.21893477069570724,0.7800406733061332,0.1474438981028141,0.9411156004189359,0.9010740930793922,0.970634631718583,0.9465376148185523,0.9721192897000861,0.7636460479566267,0.9999557118428706,0.06794731988525021,0.9437991436509519,0.9042636937518541,0.9738801614839877,0.9490905568000532,0.9739922435525674,0.7656004764360371,0.9999832396191765,0.06563378632856542,0.9578898865717683,0.9264000040317821,0.9805284109802209,0.9605752336399267,0.9846348961793049,0.8009651853134608,0.9999989272574956,0.0568219736618581,0.9554340649172374,0.9220425334925565,0.979383153378201,0.9593267210622564,0.9839436550282092,0.7880453345116232,0.9999979333038505,0.05924289013733776,False,
c.209-12_209-11dup,splice,True,1.0,1.0,0.0,none,,1,39821340,,1.0,1.0,1.0,0.4452625924774054,0.42315589290052424,0.4666141642499242,0.49612555770986955,0.49852457854109267,0.21962165025801672,0.7695851613010037,0.1442803679445417,0.9411156004189359,0.9010740930793922,0.970634631718583,0.94674650601891,0.9723114012939156,0.7635370871474644,0.9999484531942603,0.06614333930105758,0.9437991436509519,0.9042636937518541,0.9738801614839877,0.9500838382629064,0.9741718268636258,0.7654835609195788,0.9999746039329219,0.06496376826489586,0.9578898865717683,0.9264000040317821,0.9805284109802209,0.961510916879761,0.9854636665340311,0.7936864214727782,0.9999977273332452,0.05803831637366485,0.9554340649172374,0.9220425334925565,0.979383153378201,0.9593672912801483,0.9838306205279213,0.7914589179502542,0.9999973256468464,0.05924400330958885,False,
c.363+9C>T,splice,True,1.0,1.0,0.0,none,,1,41747674,,1.0,1.0,1.0,0.4452625924774054,0.42315589290052424,0.4666141642499242,0.49386345170376955,0.4961609576162459,0.21971429353268918,0.7652168729076441,0.1433633071025578,0.9411156004189359,0.9010740930793922,0.970634631718583,0.946732425936769,0.9720806241497117,0.7586873156512223,0.9999583345499324,0.06741190098987257,0.9437991436509519,0.9042636937518541,0.9738801614839877,0.9489542659336196,0.9727300042927283,0.7655008211776161,0.9999694290409521,0.06489892811406896,0.9578898865717683,0.9264000040317821,0.9805284109802209,0.9628279185918163,0.985850260371318,0.8091279055063254,0.9999992083718707,0.05406807642247342,0.9554340649172374,0.9220425334925565,0.979383153378201,0.9593367642141417,0.9817838395617057,0.7946375757316186,0.9999979104096814,0.05676178170491997,False,
c.364-2A>G,splice,True,1.0,1.0,0.0,none,,1,36418577,,1.0,1.0,1.0,0.4452625924774054,0.42315589290052424,0.4666141642499242,0.49168599234135996,0.4899925911170998,0.2220736297707686,0.7640357890190429,0.14289703152996203,0.9411156004189359,0.9010740930793922,0.970634631718583,0.9463147520285973,0.9721308049155741,0.7586393323539331,0.9999455911597004,0.06602498692916356,0.9437991436509519,0.9042636937518541,0.9738801614839877,0.950125894873233,0.9753192054236275,0.7677695533653419,0.9999749678637815,0.06419803053776296,0.9578898865717683,0.9264000040317821,0.9805284109802209,0.9616213674369212,0.9857191140424477,0.7985395562202945,0.9999987626902501,0.057450784207035796,0.9554340649172374,0.9220425334925565,0.979383153378201,0.9601248516366228,0.9835927049576976,0.7903132021510495,0.9999974400060357,0.05725983356073938,False,
c.382delG,indel_cdna,False,1.0,1.0,0.0,none,,1,21514682,,1.0,1.0,1.0,0.4452625924774054,0.42315589290052424,0.4666141642499242,0.4944670187369275,0.49360610743695044,0.22567074365877537,0.7673332442563842,0.14422301532907422,0.4029176893742007,0.380638028617251,0.42538404506438215,0.4579130156375322,0.45269824678449083,0.1929077650936828,0.7461367118220191,0.14498940846736388,0.961710047716498,0.9163514237072201,0.9899559996207018,0.9664930692460948,0.9897498050959764,0.8124419274795935,0.99999999772193,0.052940756352025393,0.9265167756874353,0.8924345272530286,0.9539340386654185,0.9339267640192931,0.9606977107215378,0.7311407428334475,0.9996548211288815,0.07466081443967042,0.9636958237749773,0.922971040837327,0.9895773917585774,0.9669713790780262,0.9910911292998621,0.806577488846508,0.9999999962173245,0.052931113532625106,False,
c.3989-9G>A,splice,True,1.0,1.0,0.0,none,,1,34496959,,1.0,1.0,1.0,0.4452625924774054,0.42315589290052424,0.4666141642499242,0.49416493220947477,0.4959969035359487,0.21618049341214213,0.7737656242539579,0.14508703350478708,0.9411156004189359,0.9010740930793922,0.970634631718583,0.9457234440914927,0.9713988851176998,0.7545101858309967,0.9999524546795149,0.067927805205042,0.9437991436509519,0.9042636937518541,0.9738801614839877,0.9487792818952779,0.9737988051604485,0.7668161116834583,0.9999675027673232,0.06563873942985785,0.9578898865717683,0.9264000040317821,0.9805284109802209,0.9639163652209114,0.9869845843246049,0.8041447810994918,0.9999988793918335,0.05393519149327717,0.9554340649172374,0.9220425334925565,0.979383153378201,0.9587271718767394,0.9829373637754837,0.7908854072926554,0.999998650996429,0.05873765186859845,False,
c.437T>G,substitution_cdna,False,1.0,1.0,0.0,P/LP,0.9907,1,36504295,,1.0,1.0,1.0,0.4452625924774054,0.42315589290052424,0.4666141642499242,0.4972630419750637,0.4976225128055102,0.22195103264968588,0.765330144761532,0.1439782736526176,0.4029176893742007,0.380638028617251,0.42538404506438215,0.4546541848149951,0.45337060146723207,0.19049706691732585,0.7335374675225584,0.14162741302503531,0.929577010907936,0.9106319490365508,0.9460670126930302,0.9365802278972261,0.9618743460037577,0.7442865041303193,0.9996651119188903,0.07065509059047143,0.8443465877443089,0.8128049982394322,0.8732698395207323,0.860655149920854,0.8828510061309529,0.6137901617419196,0.9896632802329168,0.10028476926583772,0.8799355787189223,0.8504282123981897,0.9058201776645107,0.8878775576711011,0.9131134471652889,0.6523413840618733,0.9944342754046115,0.09351510579252358,False,
c.45+1G>C,splice,True,1.0,1.0,0.0,none,,1,38054414,,1.0,1.0,1.0,0.4452625924774054,0.42315589290052424,0.4666141642499242,0.4911218451600912,0.49327311755873804,0.21940449787066138,0.7646799458444098,0.14356138921053593,0.9411156004189359,0.9010740930793922,0.970634631718583,0.944862149756737,0.9703581106696975,0.7550540441895892,0.999940851111663,0.06887569469196343,0.9437991436509519,0.9042636937518541,0.9738801614839877,0.9484982686661322,0.9740378325235364,0.7532219339035113,0.9999769713123313,0.06662025811824208,0.9578898865717683,0.9264000040317821,0.9805284109802209,0.9619457321185588,0.9851306893235625,0.7949052344284463,0.9999987047977316,0.05667648652459237,0.9554340649172374,0.9220425334925565,0.979383153378201,0.9601295691413755,0.9846892107216352,0.785335349875883,0.999996202368341,0.05973785996983477,False,
c.45+1G>T,splice,True,1.0,1.0,0.0,none,,1,32531870,,1.0,1.0,1.0,0.4452625924774054,0.42315589290052424,0.4666141642499242,0.4962343911479769,0.498873680031007,0.21245294632469985,0.7690799473244746,0.14686847822237548,0.9411156004189359,0.9010740930793922,0.970634631718583,0.9452940257601181,0.9708202668040232,0.7468807835104746,0.9999343619150938,0.06855493912703624,0.9437991436509519,0.9042636937518541,0.9738801614839877,0.9474052057542791,0.9733796821989149,0.754856954569759,0.9999808556646671,0.06765672708026496,0.9578898865717683,0.9264000040317821,0.9805284109802209,0.9631950864396875,0.9855103575948521,0.809152394998464,0.9999980711164448,0.05365603623508307,0.9554340649172374,0.9220425334925565,0.979383153378201,0.9587825604430289,0.983116396300982,0.7878296576257658,0.9999978495964239,0.05830916778819461,False,
c.46-1G>A,splice,True,1.0,1.0,0.0,none,,1,38565685,,1.0,1.0,1.0,0.4452625924774054,0.42315589290052424,0.4666141642499242,0.4965705121669174,0.49790720043835257,0.22168798343152205,0.7777402067310584,0.14582344156858143,0.9411156004189359,0.9010740930793922,0.970634631718583,0.9472845624274497,0.9714216792639248,0.757537676262962,0.9999443564277681,0.06515434044830483,0.9437991436509519,0.9042636937518541,0.9738801614839877,0.947727215606356,0.974645098862724,0.7539498625188802,0.9999797557710568,0.06744742747140178,0.9578898865717683,0.9264000040317821,0.9805284109802209,0.9605249062128854,0.9850051860577478,0.7885547473397314,0.9999967880682493,0.05793989692633093,0.9554340649172374,0.9220425334925565,0.979383153378201,0.960357058901199,0.9844240276517876,0.7975761181844914,0.9999981148560806,0.05738138061006003,False,
c.46-2A>G,splice,True,1.0,1.0,0.0,none,,1,27256595,,1.0,1.0,1.0,0.4452625924774054,0.42315589290052424,0.4666141642499242,0.496258214751251,0.4974962903872792,0.21899930853862112,0.768125548244859,0.14435845495298608,0.9411156004189359,0.9010740930793922,0.970634631718583,0.9478685746675103,0.971834480453061,0.7675048258187046,0.9999573746031416,0.06481282062556137,0.9437991436509519,0.9042636937518541,0.9738801614839877,0.9502481611471423,0.9753837586803527,0.7769516838703446,0.9999822789759387,0.0628127651361938,0.9578898865717683,0.9264000040317821,0.9805284109802209,0.9632306901333887,0.9860553375434727,0.8031761863757148,0.9999983667262253,0.05512871931402954,0.9554340649172374,0.9220425334925565,0.979383153378201,0.9591323728923118,0.9833591148544261,0.7909333786979611,0.9999957795604854,0.05848367163436515,False,
c.483+1G>C,splice,True,1.0,1.0,0.0,none,,1,36723869,,1.0,1.0,1.0,0.4452625924774054,0.42315589290052424,0.4666141642499242,0.49610810094954694,0.49509706300913386,0.2235702972581013,0.7675792997703748,0.1429900643300998,0.9411156004189359,0.9010740930793922,0.970634631718583,0.9461126425652258,0.9717856754387606,0.757859554412747,0.9999534375530553,0.06822294575571715,0.9437991436509519,0.9042636937518541,0.9738801614839877,0.9499583288934312,0.9740356244405204,0.7743041250374085,0.9999770800328103,0.0633212807171938,0.9578898865717683,0.9264000040317821,0.9805284109802209,0.9616792582104343,0.9849288698599077,0.7999806549580666,0.9999986901633697,0.056424841921180406,0.9554340649172374,0.9220425334925565,0.979383153378201,0.9586290031616341,0.9829988273307145,0.7878148221424002,0.9999968548046526,0.058864829904371224,False,
c.483+2T>C,splice,True,1.0,1.0,0.0,none,,1,36208030,,1.0,1.0,1.0,0.4452625924774054,0.42315589290052424,0.4666141642499242,0.4913790683522721,0.48589108020436744,0.22158074547513498,0.770022466312405,0.1432908917957379,0.9411156004189359,0.9010740930793922,0.970634631718583,0.9473781502090871,0.9726280544868915,0.761907136329244,0.999972761335641,0.06575662911033664,0.9437991436509519,0.9042636937518541,0.9738801614839877,0.9506471060961575,0.9742633144699434,0.7726333002749738,0.9999744947792173,0.06382964431155758,0.9578898865717683,0.9264000040317821,0.9805284109802209,0.9607263208362966,0.9850012622508488,0.7911456539593767,0.9999981679148632,0.05846776743745595,0.9554340649172374,0.9220425334925565,0.979383153378201,0.9580883871038792,0.9832795328166245,0.784860980830287,0.9999982498768716,0.06023660333006509,False,
c.580-2A>C,splice,True,1.0,1.0,0.0,none,,1,22493702,,1.0,1.0,1.0,0.4452625924774054,0.42315589290052424,0.4666141642499242,0.49270216864102434,0.4918947215464573,0.21562609475427466,0.7659407841771206,0.14528859524962567,0.9411156004189359,0.9010740930793922,0.970634631718583,0.9476234333483242,0.9727294433385403,0.7653260216582367,0.9999565207095301,0.06609597127578902,0.9437991436509519,0.9042636937518541,0.9738801614839877,0.9494318667321467,0.9746052541184058,0.7719893979139373,0.9999786190772245,0.06568427041048036,0.9578898865717683,0.9264000040317821,0.9805284109802209,0.9622598823658993,0.9850220106470018,0.795420277414914,0.9999991156407737,0.056160601165026997,0.9554340649172374,0.9220425334925565,0.979383153378201,0.9574545244449353,0.9823093663540927,0.7812211662152914,0.9999967187831992,0.06045402581520153,False,
c.580-3C>A,splice,True,1.0,1.0,0.0,none,,1,39821340,,1.0,1.0,1.0,0.4452625924774054,0.42315589290052424,0.4666141642499242,0.494686597530798,0.4940777102884736,0.21574799467912975,0.7715067124205824,0.1452946997836588,0.9411156004189359,0.9010740930793922,0.970634631718583,0.9461401645644255,0.9708556730917576,0.7586252555488799,0.9999585140025671,0.06723807296133266,0.9437991436509519,0.9042636937518541,0.9738801614839877,0.949402155760691,0.9743187324078815,0.7629321355489894,0.9999802709231903,0.06490086719337837,0.9578898865717683,0.9264000040317821,0.9805284109802209,0.9627567331545466,0.9857081542695505,0.8017123281274526,0.9999986088016423,0.0551110546497011,0.9554340649172374,0.9220425334925565,0.979383153378201,0.9596089493270193,0.9830701293615777,0.8014653946807788,0.9999963211082095,0.05653230225753634,False,
c.641_654dupACTACGAAGACCA,indel_cdna,False,1.0,1.0,0.0,none,,1,39504571,,1.0,1.0,1.0,0.4452625924774054,0.42315589290052424,0.4666141642499242,0.4931576402774124,0.4948124258886927,0.21680843875097253,0.7683414481987985,0.1439470879949458,0.4029176893742007,0.380638028617251,0.42538404506438215,0.4551735835735397,0.45171486886535217,0.19114573307744448,0.7348315868841018,0.14225404081562898,0.961710047716498,0.9163514237072201,0.9899559996207018,0.9639711949787281,0.9894155630826285,0.7935745575539556,0.9999999881819017,0.059334824473955196,0.9265167756874353,0.8924345272530286,0.9539340386654185,0.9338432163137513,0.9591755188460505,0.7341521143027281,0.9996323710731887,0.07313643012730396,0.9636958237749773,0.922971040837327,0.9895773917585774,0.9666012320042564,0.9896442222071582,0.8118236432655168,0.9999999967459261,0.05306225922494557,False,
c.678_679+2delGGGT,splice,True,1.0,1.0,0.0,none,,1,34101350,,1.0,1.0,1.0,0.4452625924774054,0.42315589290052424,0.4666141642499242,0.4941697973739363,0.4942642071390102,0.2161126940605652,0.7780470156173588,0.14634804845037727,0.9411156004189359,0.9010740930793922,0.970634631718583,0.9460429547599885,0.9714483522745083,0.7560281375349989,0.9999446688702529,0.06778296656529029,0.9437991436509519,0.9042636937518541,0.9738801614839877,0.9499282294928042,0.9735648869994721,0.7769438632311512,0.9999595735540135,0.06299723193024796,0.9578898865717683,0.9264000040317821,0.9805284109802209,0.9622893215469931,0.9850399048391605,0.8011726142871395,0.9999990010224378,0.05546652826903911,0.9554340649172374,0.9220425334925565,0.979383153378201,0.9599247949834447,0.9847535145858068,0.7918295172206771,0.9999971372975196,0.058452668252563816,False,
c.803_804insA,indel_cdna,False,1.0,1.0,0.0,none,,1,37875989,,1.0,1.0,1.0,0.4452625924774054,0.42315589290052424,0.4666141642499242,0.4979998779046546,0.4965384372383805,0.22697804635552918,0.7704462740377893,0.1433820623038053,0.4029176893742007,0.380638028617251,0.42538404506438215,0.458171787158232,0.45680896193121723,0.18676116269665108,0.7408111654621815,0.14422611804892896,0.961710047716498,0.9163514237072201,0.9899559996207018,0.9651653776733445,0.9903844990030812,0.7903260849351496,0.9999999818474741,0.05653443973724963,0.9265167756874353,0.8924345272530286,0.9539340386654185,0.9333045970018615,0.9597750332224677,0.7287204152905902,0.9996970987508591,0.07540786265900198,0.9636958237749773,0.922971040837327,0.9895773917585774,0.9669941244548256,0.9902593149501675,0.8100197717652302,0.9999999938242159,0.053046902795189005,False,
c.863+1G>T,splice,True,1.0,1.0,0.0,none,,1,29207974,,1.0,1.0,1.0,0.4452625924774054,0.42315589290052424,0.4666141642499242,0.4934495968388433,0.4934778285691874,0.21519823275781094,0.7768917412962506,0.1452960758180139,0.9411156004189359,0.9010740930793922,0.970634631718583,0.9463542725958569,0.9709281587095062,0.7553648213347507,0.9999604956813177,0.0659418022103152,0.9437991436509519,0.9042636937518541,0.9738801614839877,0.9493226558487309,0.9730349197118596,0.7742783486274046,0.9999605147469067,0.06343080525652017,0.9578898865717683,0.9264000040317821,0.9805284109802209,0.9611853424496191,0.9846074772090081,0.797906699643053,0.9999980541305835,0.05601687383998317,0.9554340649172374,0.9220425334925565,0.979383153378201,0.9596069803964185,0.9836396603195368,0.7946968457887298,0.9999981681856798,0.05765075603641867,False,
c.863+52G>A,splice,True,1.0,1.0,0.0,none,,1,41747674,,1.0,1.0,1.0,0.4452625924774054,0.42315589290052424,0.4666141642499242,0.49847077273404294,0.49968727877246,0.22218499501640782,0.7769567134351523,0.14521443183055116,0.9411156004189359,0.9010740930793922,0.970634631718583,0.9453691230585252,0.9699446831963194,0.7622730349933923,0.9999506661875456,0.06725473073701496,0.9437991436509519,0.9042636937518541,0.9738801614839877,0.9491942682202116,0.9749769260868038,0.7598892173646945,0.9999727543764204,0.06564969614985919,0.9578898865717683,0.9264000040317821,0.9805284109802209,0.9622231119348915,0.9858870613923221,0.7933127349393106,0.9999987582838122,0.055645797683891586,0.9554340649172374,0.9220425334925565,0.979383153378201,0.9604755863693404,0.9836375882230497,0.8040913184851857,0.9999974290120823,0.056911900169838235,False,
c.864-10C>T,splice,True,1.0,1.0,0.0,none,,1,41747674,,1.0,1.0,1.0,0.4452625924774054,0.42315589290052424,0.4666141642499242,0.49496365880022447,0.4922796146504704,0.2249428769851439,0.7777714289200979,0.14507866598147634,0.9411156004189359,0.9010740930793922,0.970634631718583,0.9485318919603971,0.9719324238650391,0.7657254384395099,0.9999664142379356,0.06314858747104958,0.9437991436509519,0.9042636937518541,0.9738801614839877,0.9497558823211248,0.9749793676166155,0.7677054888623543,0.9999730218778958,0.06468713566025784,0.9578898865717683,0.9264000040317821,0.9805284109802209,0.9629105677682019,0.9856620591922811,0.8046773278805,0.9999986545240347,0.05439621432082256,0.9554340649172374,0.9220425334925565,0.979383153378201,0.9592631061540896,0.983343543088303,0.7917518121846281,0.9999978594597703,0.05905732250367013,False,
c.864-1G>C,splice,True,1.0,1.0,0.0,none,,1,33242514,,1.0,1.0,1.0,0.4452625924774054,0.42315589290052424,0.4666141642499242,0.4918582905212999,0.4912016286114968,0.2133533440386809,0.7693588855619774,0.14557227012844298,0.9411156004189359,0.9010740930793922,0.970634631718583,0.9465642101791281,0.9717187512199961,0.7606784184125708,0.9999619430252893,0.06745458635295289,0.9437991436509519,0.9042636937518541,0.9738801614839877,0.9495648115608656,0.9743616588247972,0.7676197430823607,0.9999692130559551,0.06518502428527309,0.9578898865717683,0.9264000040317821,0.9805284109802209,0.9620190815413235,0.9852427048245406,0.8013885295097588,0.9999990067203831,0.05635531384802426,0.9554340649172374,0.9220425334925565,0.979383153378201,0.9603051632909937,0.9844303870022958,0.7907413093353669,0.9999979407146956,0.05766142273973061,False,
c.864-1G>T,splice,True,1.0,1.0,0.0,none,,1,33477506,,1.0,1.0,1.0,0.4452625924774054,0.42315589290052424,0.4666141642499242,0.49330225938839006,0.4936678992065412,0.21615651965496507,0.7586746371222749,0.1429043589682064,0.9411156004189359,0.9010740930793922,0.970634631718583,0.944536301812887,0.9699449533963146,0.7534099003457159,0.9999382675715893,0.06878602299603638,0.9437991436509519,0.9042636937518541,0.9738801614839877,0.949965846279766,0.9729697599673195,0.7787893415238022,0.9999736192476089,0.061555796211170875,0.9578898865717683,0.9264000040317821,0.9805284109802209,0.961385858042997,0.9856303480088875,0.8043748225979112,0.9999985442131061,0.056564487036858034,0.9554340649172374,0.9220425334925565,0.979383153378201,0.9593088048502817,0.9832078396617708,0.7894327555302014,0.9999981641572571,0.0587791871195416,False,
c.880_891delinsCATGGCGAGCTGGTGT,indel_cdna,False,1.0,1.0,0.0,none,,1,27289208,,1.0,1.0,1.0,0.4452625924774054,0.42315589290052424,0.4666141642499242,0.49699182320873875,0.4995753979778387,0.21746498719283033,0.7726259131073886,0.1434826855229427,0.4029176893742007,0.380638028617251,0.42538404506438215,0.45598788127229517,0.4498563319973049,0.18517529395657845,0.7445150741069662,0.14460618360536567,0.961710047716498,0.9163514237072201,0.9899559996207018,0.9641539064356862,0.9885503688916282,0.8029377647536619,0.9999999953176731,0.05736147221576567,0.9265167756874353,0.8924345272530286,0.9539340386654185,0.9327021829689912,0.9580916767122326,0.7238786056841638,0.999603005348985,0.07508467028130232,0.9636958237749773,0.922971040837327,0.9895773917585774,0.967355541061192,0.9906177071218581,0.8118460559907189,0.9999999953597954,0.05387781333445678,False,
c.908_916delGGCTTGTGC,indel_cdna,False,1.0,1.0,0.0,none,,1,39504571,,1.0,1.0,1.0,0.4452625924774054,0.42315589290052424,0.4666141642499242,0.4934136811544334,0.49612341345681726,0.2120340601287434,0.7764752227145224,0.14735107660426955,0.4029176893742007,0.380638028617251,0.42538404506438215,0.462248171065448,0.46130103232694675,0.18860705303491196,0.7509435410130786,0.1461346304314337,0.961710047716498,0.9163514237072201,0.9899559996207018,0.9655592250261298,0.9880487623356738,0.8116506680937202,0.9999999893390119,0.05196748285567719,0.9265167756874353,0.8924345272530286,0.9539340386654185,0.9331990648552733,0.9588181755167351,0.7296311400581891,0.9996346013375291,0.07484010931507767,0.9636958237749773,0.922971040837327,0.9895773917585774,0.9663066316681577,0.9898624800764348,0.8096939541273961,0.9999999941015153,0.054165141673346094,False,
c.94A>T,substitution_cdna,False,1.0,1.0,0.0,none,,1,42470517,,1.0,1.0,1.0,0.4452625924774054,0.42315589290052424,0.4666141642499242,0.49289128127372217,0.49212553393435265,0.21141883456458543,0.7824673145131437,0.14757242377285015,0.4029176893742007,0.380638028617251,0.42538404506438215,0.46014827755228577,0.45410182636688784,0.1981782823411942,0.7492354617638008,0.14471070026920746,0.961710047716498,0.9163514237072201,0.9899559996207018,0.9656835931605237,0.9894932926044868,0.800131335434617,0.9999999963046836,0.05511601474826175,0.9265167756874353,0.8924345272530286,0.9539340386654185,0.9313327562240599,0.9567204856670921,0.7260651980583298,0.9996738583133926,0.07540045509951578,0.9636958237749773,0.922971040837327,0.9895773917585774,0.9670319223729953,0.9905737880201169,0.8152287471225805,0.9999999968307657,0.05315038324141933,False,
