{
  "original_matched": 240,
  "new_matches": 1,
  "total_matched": 240,
  "gold_standard_count": 489,
  "original_recall": 49.079754601226995,
  "new_recall": 49.079754601226995,
  "new_match_details": [
    {
      "extracted": "GLY628DEL",
      "gold": "G628Del",
      "canonical": "G628del"
    }
  ],
  "still_missed": [
    "7q34q36.2Del",
    "7q36.1q36.2Del",
    "A1017fsX",
    "A1058E",
    "A121fsX",
    "A169G",
    "A172V",
    "A193T",
    "A193V",
    "A193fsX",
    "A203T",
    "A285fsX",
    "A32T",
    "A429P",
    "A671Del",
    "A715sp",
    "A797T",
    "A79fsX",
    "A80P",
    "A80V",
    "A85P",
    "A8V",
    "C1117fsX",
    "C39X",
    "C44X",
    "C49Y",
    "C64Y",
    "C723R",
    "C984fsX",
    "D102H",
    "D119H",
    "D219V",
    "D287fsX",
    "D460fsX",
    "D46Y",
    "D501H",
    "D540fsX",
    "D591N",
    "D609G",
    "D803Y",
    "D837Y",
    "D864sp",
    "D896fsX",
    "Del(7)(q32qter)",
    "E1039X",
    "E1053fsX",
    "E1126fsX",
    "E444D",
    "E480V",
    "E544A",
    "E544fsX",
    "E575K",
    "E807X",
    "F494Del",
    "F617V",
    "F617fsX",
    "F627L",
    "F640Del",
    "F640L",
    "F656L",
    "F68L",
    "F805S",
    "F991fsX",
    "G1036Del",
    "G1036fsX",
    "G183fsX",
    "G184Del",
    "G186fsX",
    "G187Del",
    "G187S",
    "G189Ins",
    "G192fsX",
    "G21D",
    "G238R",
    "G262fsX",
    "G47D",
    "G47V",
    "G487S",
    "G584R",
    "G603D",
    "G626V",
    "G628A",
    "G628R",
    "G71E",
    "G71W",
    "G745A",
    "G785fsX",
    "G873fsX",
    "G880V",
    "G924W",
    "G925fsX",
    "G965fsX",
    "H254Q",
    "H302fsX",
    "H674fsX",
    "H703fsX",
    "H739fsX",
    "H771fsX",
    "I414fsX",
    "I500Del",
    "I560fsX",
    "I593X",
    "I642Del",
    "I711V",
    "I782N",
    "I82dup",
    "IVS13+1G>A",
    "IVS9+5g>t",
    "IVS9-28A/G",
    "K28E",
    "K801T",
    "K886fsX",
    "K897fsX",
    "L1012fsX",
    "L1023Del",
    "L1064fsX",
    "L109fsX",
    "L171Ins",
    "L234Del",
    "L296fsX",
    "L343fsX",
    "L413P",
    "L457P",
    "L559H",
    "L615V",
    "L779P",
    "L799sp",
    "L86R",
    "L908fsX",
    "L987fsX",
    "M645L",
    "N257H",
    "N33T",
    "N635I",
    "N861I",
    "P1086fsX",
    "P1101fsX",
    "P1122R",
    "P1122fsX",
    "P1132A",
    "P141fsX",
    "P191fsX",
    "P241L",
    "P241fsX",
    "P251A",
    "P596L",
    "P596S",
    "P72Q",
    "P72R",
    "P72T",
    "P910L",
    "P917L",
    "P926S",
    "P946fsX",
    "P968fsX",
    "P986fsX",
    "Q1046X",
    "Q1068X",
    "Q247X",
    "Q376sp",
    "Q676fsX",
    "Q725fsX",
    "Q81X",
    "R1007H",
    "R1014fsX",
    "R1035W",
    "R1035fsX",
    "R164H",
    "R181W",
    "R252fsX",
    "R273Q",
    "R273X",
    "R281fsX",
    "R356H",
    "R531Del",
    "R531Q",
    "R62Q",
    "R694H",
    "R744Q",
    "R752P",
    "R752Q",
    "R823T",
    "R835Q",
    "R835fsX",
    "R883W",
    "R892fsX",
    "R894fsX",
    "R912W",
    "R920Q",
    "S1021fsX",
    "S1028Del",
    "S1040G",
    "S24fsX",
    "S428X",
    "S543fsX",
    "S620I",
    "S620N",
    "S660L",
    "S735L",
    "S855R",
    "S890C",
    "S937N",
    "S988fsX",
    "T1054fsX",
    "T1083fsX",
    "T152fsX",
    "T353S",
    "T367S",
    "T421fsX",
    "T436M",
    "T443fsX",
    "T613K",
    "T613L",
    "T634P",
    "T74fsX",
    "V115M",
    "V215G",
    "V215X",
    "V279M",
    "V295fsX",
    "V716G",
    "V822L",
    "W1001X",
    "W154X",
    "W497X",
    "W585C",
    "W585fsX",
    "Y427H",
    "Y447X",
    "Y475C",
    "Y493F",
    "Y652X",
    "c.1129-58_1320Del",
    "c.1557+1G>A",
    "c.1558-1G>C",
    "c.1945+6T>C",
    "c.2398+1G>C",
    "c.2592+1G->A",
    "c.3152+1G>A",
    "c.917-3T>C",
    "c.Exon9 IVS Del (\u221212\u2192\u22122)",
    "ex6-14Del",
    "ex9-14dup",
    "exon1-14Del",
    "exon2dup",
    "exon4-14Del",
    "exon5,6,7Xdup",
    "exon6-14Del",
    "exon9-10Del"
  ]
}