key,vclass,is_truncating,affected,literature_n,gnomad_added,clinvar_simple,class_source,alphamissense,n_papers,pmids,n,observed,affected_genotype_first,n_genotype_first,base_prior_mean,base_prior_pred_mean,base_prior_pred_q025,base_prior_pred_q975,base_post_mean,base_post_median,base_post_q025,base_post_q975,base_post_sd,base_post_study_marginal_mean,class_prior_mean,class_prior_pred_mean,class_prior_pred_q025,class_prior_pred_q975,class_post_mean,class_post_median,class_post_q025,class_post_q975,class_post_sd,class_post_study_marginal_mean,insilico_prior_mean,insilico_prior_pred_mean,insilico_prior_pred_q025,insilico_prior_pred_q975,insilico_post_mean,insilico_post_median,insilico_post_q025,insilico_post_q975,insilico_post_sd,insilico_post_study_marginal_mean,clinvar_prior_mean,clinvar_prior_pred_mean,clinvar_prior_pred_q025,clinvar_prior_pred_q975,clinvar_post_mean,clinvar_post_median,clinvar_post_q025,clinvar_post_q975,clinvar_post_sd,clinvar_post_study_marginal_mean,insilico_clinvar_prior_mean,insilico_clinvar_prior_pred_mean,insilico_clinvar_prior_pred_q025,insilico_clinvar_prior_pred_q975,insilico_clinvar_post_mean,insilico_clinvar_post_median,insilico_clinvar_post_q025,insilico_clinvar_post_q975,insilico_clinvar_post_sd,insilico_clinvar_post_study_marginal_mean,is_common,gnomad_af_max,split_alternating_observed_B,split_alternating_n_B
G589D,missense,False,1329.0,1772.0,0.0,P/LP,clinvar,0.9943,22,10483966;11216980;14499861;15541256;16754261;16882680;17192539;19160088;20566482;20659946;21138517;21244686;23098067;23856471;27026928;27646833;28619993;28785673;32893267;34398675;36496179;37975542,1772.0,0.75,,,0.5679346463360814,0.5660130386516781,0.2665754608311089,0.8394759092590884,0.30921635858363705,0.29427427470268175,0.12313565858315001,0.561413536633606,0.11454526379383316,0.3522852495935814,0.5781463959934521,0.5746057035436855,0.2611639932175038,0.8542757860966634,0.313620951161804,0.29792900010599416,0.1337519916750007,0.5636291276601354,0.11349679164010808,0.3560363483732657,0.5816712885962755,0.5711529532687168,0.24123113306834315,0.865505832848094,0.3088182473440704,0.29073927737166383,0.12720079980013888,0.5788628210502941,0.11682465165922887,0.3507659418441488,0.5863641348225075,0.5764884487883999,0.2365645965834339,0.8581411442154891,0.2960592226725561,0.28080343391849905,0.12008595524078514,0.5602069050516544,0.11234467077648906,0.338797222107597,0.5745887077774615,0.5705250650491581,0.2302091654780254,0.8560460975538613,0.29691652884165404,0.28315940424324804,0.1265964803480858,0.5408992270445717,0.10837134388152074,0.3376739276032391,False,5.25652e-05,0.7641589180050719,1183.0
A341V,missense,False,1167.0,1438.0,0.0,P/LP,clinvar,0.9835,39,10973849;15028050;16155735;16627448;17010804;18308161;18713323;19185812;19822806;19841300;19880070;20403459;21063070;22949429;23098067;23158531;23856471;24217263;24218437;24705789;25087618;25634836;26496715;28292826;29740400;29925740;30758498;30878014;30956674;31398660;32443288;32681117;32893267;34546463;36277779;37099628;37975542;38014677;39166328,1438.0,0.8115438108484005,,,0.5679346463360814,0.5607973789082248,0.23364035732347282,0.8419081220119082,0.7080119149705324,0.7138892753003672,0.5524089165354568,0.8390376993709325,0.07426462591751368,0.6573932737026722,0.5781463959934521,0.572461086271724,0.257447509336255,0.8569292251645778,0.7112987201732801,0.7169763484984111,0.5540149467182115,0.837590174249497,0.0723090936148884,0.6597892841117755,0.5803421439383988,0.5712609933455061,0.24217652597874154,0.8621899998095064,0.7121271117058344,0.7194231040301797,0.5571130341380919,0.8381662560370186,0.07329150759776613,0.6619152643511375,0.5863641348225075,0.5821302967163899,0.24250875105703898,0.8613722270857956,0.7234587347496032,0.727199166730512,0.5773233166729647,0.8473761153994078,0.06860108393683505,0.6730119468502541,0.5731273815874771,0.570105561633315,0.2385340497513836,0.8586066873539987,0.7146956925344309,0.7213377824899931,0.5608353136210577,0.838406539071331,0.07087884252096355,0.6681044167675605,False,,0.8,465.0
c.386+18089C>T,splice,True,560.0,560.0,0.0,none,none,,1,23856471,560.0,1.0,,,0.5679346463360814,0.5617676869517035,0.24189845972513843,0.8487373035349414,0.5615473068754431,0.5685803867384353,0.2401799512590727,0.8386868795764681,0.15207724141858403,0.5454696967466711,0.5237340426211323,0.5212119752301182,0.20080265333941685,0.8275353261534,0.5253129881386025,0.5276027096914251,0.2087292668676813,0.8333466493340587,0.16257697663334195,0.5182473539424838,0.5223540047669304,0.522243459774755,0.19428930239124523,0.8416501483155995,0.5215426801786419,0.5274014846763612,0.1937709773491781,0.8313194446786047,0.1659252693453523,0.5152483259097987,0.4732838882927845,0.4742503866194865,0.15066082391774177,0.7994395832327221,0.4748872726810199,0.471799797591155,0.15124625723528526,0.8107347602005357,0.1726326161088824,0.47941269500881994,0.4304742885235544,0.43195134577255667,0.13243905400823022,0.77916148926083,0.437042117848835,0.4254739673602619,0.1432797230055473,0.7806693732440297,0.1674730949615078,0.4493214942944187,False,,,
Y111C,missense,False,367.0,439.0,0.0,P/LP,clinvar,0.9541,12,10973849;20031635;22677073;23098067;25471708;28720088;29270100;30758498;32173736;32893267;38060596;42128250,439.0,0.835990888382688,,,0.5679346463360814,0.5628102662103626,0.23886418333757656,0.8402516499852261,0.4611161507969365,0.4599651787023883,0.18052754504653612,0.7401798793230456,0.1451120675587289,0.4682587529120263,0.5781463959934521,0.5739388153026056,0.2620202983223062,0.8472014063993855,0.4606924198050375,0.464153694473059,0.1773005328468125,0.7342938388749264,0.14633982642961565,0.46787726478500624,0.5767097990031245,0.566842142618223,0.23935582133171263,0.8616380238621186,0.4584842616920897,0.46180974718829837,0.17492860450921668,0.7402550839073117,0.14890131688240513,0.4659656618224719,0.5863641348225075,0.5773107616554721,0.22669137742735193,0.8679564342642517,0.45541619022879987,0.45402117185775975,0.18308822345661382,0.7486958398461582,0.1484545481995655,0.46324718292454764,0.5691336457636011,0.5588239068131675,0.2411305815634434,0.8517802239747575,0.4387451555482884,0.43866560515664244,0.17078226209806704,0.7141664617291984,0.1452967522821591,0.44956241954942966,False,8.94079e-06,1.0,177.0
V254M,missense,False,375.0,414.0,0.0,P/LP,clinvar,0.9919,24,10973849;12820704;14756674;15466642;19841300;20403459;21871251;22949429;24217263;24606995;26496715;28988457;29439887;29925740;30758498;32893267;33504163;34398675;34531279;37124559;37445499;37975542;39166328;41936938,414.0,0.9057971014492754,,,0.5679346463360814,0.5616727960830754,0.2368457668740108,0.8449107722376759,0.6973330717814948,0.7057961630861118,0.46262712426136,0.887048844621758,0.11212851421396859,0.651589950395519,0.5781463959934521,0.5666950450441304,0.24486870523930684,0.8535417896330851,0.7025517053137373,0.7101516733841455,0.46518180217593547,0.8984244723521635,0.11393274107957073,0.6560325773960517,0.5813761709857104,0.5733460241147235,0.2422647348923555,0.8590712558857813,0.7028504357616846,0.7108815549888456,0.46296651171355785,0.9003174510435941,0.11518413498581345,0.65756405615646,0.5863641348225075,0.578684564707052,0.24988741786152582,0.8645401939481262,0.7175094203494804,0.727040516431218,0.48295185752575953,0.9003550163321608,0.11125853208323049,0.6712292273831894,0.5742642480456756,0.5685076070025815,0.24156945374213964,0.851784026251376,0.7102774839043142,0.7183329588178082,0.4786201057425217,0.8941164028535762,0.11088398434719086,0.6673834686602375,False,,0.8266666666666667,75.0
R518X,nonsense,True,254.0,339.0,0.0,P/LP,clinvar,,31,10482963;10737999;10973849;14510661;17905336;18441444;19841300;20659946;21118729;22539601;23098067;23392653;24552659;25471708;26187847;26318259;26496715;28720088;29740400;29922582;30758498;32893267;34135346;34142889;36310718;37975542;38442735;38489124;40166542;40176271;42033934,339.0,0.7492625368731564,,,0.5679346463360814,0.5586265339088236,0.24162140923673595,0.8435921167496674,0.6196683035395609,0.6183147187106863,0.3900257272212808,0.8367100282550699,0.11429974249068216,0.5889866753071146,0.5237340426211323,0.5204362455893154,0.19890892090643628,0.8215368310669572,0.5994477642768453,0.6021235104244171,0.3585618560000278,0.8271519992382207,0.12142797028199098,0.5736204882832994,0.5223540047669304,0.5167512248645285,0.19486583972555818,0.8443474372344767,0.5903493560617946,0.5906644857610459,0.34345192356179144,0.8237478048535042,0.12404181443088685,0.5672830486523897,0.5502375238083598,0.5455174179280116,0.19235963730584496,0.8621010057801157,0.6072792094683364,0.6078734713031089,0.36753779548540183,0.8333784642298386,0.12177827559402729,0.581086435864677,0.5567719733512766,0.5511347608411561,0.21408426268559413,0.8510482514137863,0.5984388623688216,0.6070203450278346,0.34977051631662753,0.8176529136568054,0.12117170482262522,0.575065478321655,False,0.000103416,0.9866666666666667,75.0
Q530X,nonsense,True,81.0,192.0,0.0,P/LP,clinvar,,12,10973849;14510661;23098067;24357532;24552659;24606995;25471708;26318259;30406014;32893267;37975542;41881367,192.0,0.421875,,,0.5679346463360814,0.5578646170564528,0.24899399405039513,0.8518270990189893,0.5670164755628141,0.5713990036591112,0.27819139476316257,0.8223138885882344,0.13940227812553146,0.5491609907357656,0.5237340426211323,0.5220339860104071,0.20932155911264871,0.8246142021016538,0.5300480811218304,0.5353683918533625,0.23793294578134833,0.8035776363013408,0.1466865127758001,0.5212093303423334,0.5223540047669304,0.5190596347347027,0.19553499862067947,0.8414089997164247,0.5291620986746646,0.5330415397445297,0.22690093934518904,0.8084982965104831,0.14957575170440918,0.5205314849514253,0.5502375238083598,0.5456895660394072,0.19626394137328484,0.8569841930422304,0.5389272754600315,0.5437922902541418,0.23931903587544517,0.8238041307824603,0.1512163378644448,0.528066945718799,0.5567719733512766,0.5520454489308989,0.21030755998893022,0.8501399855836012,0.5385974629702479,0.5432569045240239,0.23466825985233156,0.8209707328987331,0.15334587924726661,0.5284922766799522,False,2.7856e-05,0.9534883720930233,43.0
G168R,missense,False,143.0,152.0,0.0,P/LP,clinvar,0.9977,17,10973849;14531214;17091796;19841300;22949429;25479336;26496715;27485560;27921062;30758498;31484877;32665702;32893267;34135346;35492848;37445499;38489124,152.0,0.9407894736842105,,,0.5679346463360814,0.5605317655592192,0.23693176501387286,0.8361144526549473,0.5762078913326277,0.5838047800067218,0.275521884284382,0.8383823552928369,0.14498800985687246,0.5563200832939231,0.5781463959934521,0.5647535600917122,0.24074021596373377,0.8467710985160692,0.5889112899452311,0.5983075673107223,0.28914164649907337,0.845762648150558,0.1446241203962776,0.5661363033520265,0.5820891268605712,0.5786437805803913,0.24148220220980388,0.8642194058350137,0.5868725193658845,0.5924341250766985,0.28333435654058686,0.8525243475680787,0.14580816114857292,0.56519139392769,0.5863641348225075,0.5781869900128631,0.24414658023047164,0.8648395441473404,0.5872458072877921,0.5981801675276489,0.2743214444790788,0.8524445815945039,0.14736557148983295,0.5659714080153369,0.5750480814054328,0.5697394438536887,0.24280582655338703,0.8574503055064999,0.5701942743706275,0.5765925576361438,0.2639704694681407,0.8304827256007331,0.14381855748439826,0.5532469184208021,False,1.31423e-05,0.9545454545454546,22.0
V205M,missense,False,143.0,150.0,0.0,P/LP,clinvar,0.9585,6,18580685;23844633;28264985;32893267;38926912;39525816,150.0,0.9533333333333334,,,0.5679346463360814,0.5644674584447885,0.2289133451777972,0.8525531258033633,0.5929163152363351,0.596861921219126,0.3124317458852937,0.8392009924768049,0.13349898016649075,0.5694577968165674,0.5781463959934521,0.5719471457378573,0.24873780052545627,0.8508912518017788,0.6050251204746984,0.6113478515219357,0.3307136370428626,0.8453286589554919,0.13295430589808674,0.5786638624645899,0.5772546924195342,0.5708385073981974,0.25447022644392653,0.8532323298107013,0.6034937717860532,0.6062070212587845,0.33549322024570244,0.8457025575736972,0.1314438880995502,0.5781221312590005,0.5863641348225075,0.5794005978693149,0.2347130093318793,0.872938848688511,0.6127331280071177,0.6221588246706924,0.3367962300706661,0.8556269678064353,0.13450964450144592,0.5862249601078302,0.5697327449759876,0.5625009296296535,0.23848902138519937,0.8520126619038291,0.5970811133717018,0.5994602130986365,0.332314919304538,0.8366909351274434,0.12977445981852778,0.5748887189687365,False,3.28619e-05,0.9795918367346939,49.0
T587M,missense,False,121.0,141.0,0.0,P/LP,clinvar,0.6513,18,10024302;10973849;11162126;19841300;20487114;22677073;24217263;26496715;28292826;29688407;29925740;30758498;32681117;32893267;34386142;36898499;38367891;41858555,141.0,0.8581560283687943,,,0.5679346463360814,0.5567881113895929,0.23707997524973795,0.8384825366243486,0.6044355128264753,0.6081394409218999,0.33057031179016494,0.8457554003792839,0.13238178381466129,0.5781692419476776,0.5781463959934521,0.571515810621139,0.24965955813319218,0.8538759420754688,0.6078581143192718,0.6150154122057412,0.32271276645047436,0.8545142221493334,0.13610185509511755,0.580828006891737,0.5384436459917424,0.531402622816122,0.20825123787912686,0.8383129978245731,0.5804483110291481,0.5817767937574664,0.29307592981054637,0.842010028046212,0.14184986679439957,0.5604653040955653,0.5863641348225075,0.5783122350744242,0.23787415679794308,0.8652532883432374,0.6132326028159422,0.6220779451502314,0.31827689553045624,0.8669863048838211,0.14046302436159067,0.5868422001546205,0.5272407955591403,0.520816659641398,0.19106425305356808,0.831193811652273,0.5750681392090418,0.5756135754351726,0.29779725396859347,0.8404821189091918,0.1403354300080695,0.5580566810955001,False,,0.848,125.0
G269S,missense,False,52.0,136.0,0.0,P/LP,clinvar,0.934,21,10973849;12205113;12702160;15466642;16436635;17023080;17222736;20403459;21118729;22199116;22677073;24184248;28292826;29151524;29439887;29740400;30758498;32893267;36277779;37975542;41317941,136.0,0.38235294117647056,,,0.5679346463360814,0.5612218828066361,0.2429676639134316,0.8427398678067684,0.3256405111739573,0.31197499912848503,0.11825113341021494,0.5993835115189091,0.12822980335798467,0.3640291922215772,0.5781463959934521,0.5720039014374019,0.25885015744051293,0.8510867053087198,0.3238218693428013,0.3079826915855163,0.11666234085147827,0.6019532086178578,0.12818328831326609,0.36270586535518173,0.5742151408681622,0.5715042527586705,0.23379707435147823,0.8598247893135283,0.31656074231224707,0.299295463160383,0.11489040156660726,0.5871917231885208,0.12592667603688565,0.35600816983308325,0.5863641348225075,0.578823820510107,0.2428289483978067,0.8704003067856402,0.30607165803021646,0.29078701848136673,0.1138000966323365,0.5883889437533742,0.1254545813380251,0.3456707273004062,0.5663909872673956,0.562068999572693,0.24018482825244777,0.8515076664825129,0.2997774947260083,0.2806865414518811,0.11062740501543092,0.5748185115844845,0.12349449052499364,0.33840929228522443,False,6.56866e-06,0.6226415094339622,53.0
G325R,missense,False,98.0,107.0,0.0,P/LP,clinvar,0.9996,13,10973849;19841300;22949429;23000022;23092362;26496715;28292826;29925740;30758498;32681117;32893267;36277779;37975542,107.0,0.9158878504672897,,,0.5679346463360814,0.5610802823421439,0.25056531954870287,0.8485461183569812,0.5206543747090299,0.5271544906256456,0.23979460791436447,0.7877211287773339,0.14071571631724275,0.513999936556334,0.5781463959934521,0.5728649874555355,0.2527410582257184,0.8596819996894391,0.526562309144659,0.5333012163166351,0.23520164171017416,0.7895404799805259,0.14371684188954187,0.518407442123245,0.5823224988913962,0.5724807926807293,0.24706177755461545,0.8699613632279465,0.5254263549275667,0.5312853053656841,0.2249453879664086,0.8014398995710287,0.1464277928132636,0.5176795248006487,0.5863641348225075,0.5824162949376473,0.26039680701397405,0.8689761746902765,0.5244894528270819,0.5307020487680247,0.227625668032067,0.7957703868721991,0.14922981266278984,0.5170540359090257,0.5753046472162406,0.5691027220407442,0.23259030603469313,0.8574483212803584,0.5184383188280476,0.5228426096735286,0.23320482676913312,0.7791510121594756,0.14210649319909044,0.5125663915991964,False,,0.5,18.0
T322M,missense,False,94.0,102.0,0.0,P/LP,clinvar,0.9436,9,16414944;18400097;22956155;23092362;26496715;29925740;30758498;32681117;32893267,102.0,0.9215686274509803,,,0.5679346463360814,0.5640684469394268,0.24988383391355376,0.8574207231160443,0.543207917720915,0.5482560362047086,0.23094423152008603,0.8117453208205495,0.15192125694746494,0.5308295129153053,0.5781463959934521,0.5693913840716447,0.24785312726683395,0.8529788578663944,0.5558089082046757,0.5634544245475885,0.24356238627899696,0.8344800324514232,0.15140144474090017,0.5407347328473726,0.575407727870522,0.5666964845147331,0.24250336506313894,0.8577575317974186,0.5458788313943118,0.5553297949322149,0.2322729442325935,0.8333207356742544,0.15236454563091734,0.5333771430297227,0.5863641348225075,0.5777534664356602,0.23264965891398495,0.8626401582608327,0.5549786660571199,0.562702739612371,0.24372545066843312,0.8332492286569795,0.1552815485540596,0.540872638785164,0.5677020897911301,0.5581045073189412,0.23549058813369833,0.852718927262541,0.5365647642728648,0.5463252156552512,0.2159464169901055,0.8227775644906288,0.1558932071046088,0.5266444657574642,False,3.97788e-06,1.0,70.0
D317N,missense,False,69.0,98.0,0.0,P/LP,clinvar,0.9517,9,10483966;10973849;12702160;17023080;20659946;29622001;29740400;32893267;39224440,98.0,0.7040816326530612,,,0.5679346463360814,0.5639296102930372,0.2479916684800565,0.8517111654929058,0.5454399783553411,0.5485495691282795,0.28303882941289066,0.7902137793537709,0.13050470123836297,0.5328973217232914,0.5781463959934521,0.5728881082925598,0.2516385409766333,0.8534776150503554,0.5505296612608376,0.5540949967526022,0.27829330020658366,0.7957418257236833,0.13321669283022877,0.5366491182027093,0.5764123998365215,0.5741715909744004,0.2545012585956884,0.8561085408457955,0.5439792008295488,0.5461274233636477,0.2830015238151955,0.7939293364763168,0.1294057186277611,0.5318060808949049,0.5863641348225075,0.5787994396248384,0.23294788777633205,0.8658845088165192,0.5496184524461097,0.5555258843325868,0.2886588236339473,0.792750078719221,0.13160271626305795,0.5363495952447506,0.5688066653613403,0.563073337882388,0.2341112886372314,0.8573750461193838,0.5361597365231449,0.5376888160190858,0.27559255051384984,0.7803711322701349,0.13039542891740566,0.5265439739082433,False,,0.7551020408163265,49.0
T322A,missense,False,81.0,86.0,0.0,P/LP,clinvar,0.9655,9,15466642;18452873;19841300;22199116;22949429;23092362;24269949;32893267;37975542,86.0,0.9418604651162791,,,0.5679346463360814,0.5628314024212068,0.2520623272623135,0.8481318604798354,0.5717956512443592,0.5789682422048372,0.2772029215359867,0.8283849972289768,0.1405053155645224,0.552964880926419,0.5781463959934521,0.5737812929665165,0.2549530027009826,0.8582336611671411,0.5790820052778274,0.5855198598558099,0.28282204474020306,0.836176846002728,0.1427659138437014,0.5585948581105278,0.5781206553182006,0.5664583316689339,0.23386800544191735,0.8628462587387759,0.5793039719160246,0.5851794256414733,0.27304376331770647,0.8459816608033536,0.14760892411558052,0.5595694694345268,0.5863641348225075,0.5737302624022383,0.23161883571775926,0.8601182763878146,0.5867273373006396,0.5929027442904634,0.2795768803167189,0.8576044340738005,0.14878546921131056,0.5661205767610592,0.5706848665789076,0.564854309822886,0.24326442545218893,0.8593203321845733,0.5675260357411351,0.5703921884357739,0.2708920716190209,0.8370570339848123,0.14443828765878897,0.5516375865722668,False,,0.7727272727272727,22.0
G643S,missense,False,47.0,81.0,0.0,B/LB,clinvar,0.0708,13,11761407;16038262;17222736;19841300;21139297;22677073;24284363;24573873;26118593;26385840;32145446;33552729;38908219,81.0,0.5802469135802469,,,0.5679346463360814,0.5652381915054503,0.2516317700884783,0.8440580255977501,0.5726721832876032,0.582363204346198,0.25484335095680427,0.8236736374311436,0.144728774293793,0.5528770675894246,0.5781463959934521,0.5693528647316591,0.25036620559798584,0.8499328659835556,0.5788440000704201,0.5894989377840486,0.2750009992113954,0.8262635370082871,0.14069356901262361,0.5576567350429658,0.46571159903409404,0.468834254735152,0.13468421912764345,0.8251951771651035,0.4780100181289178,0.4849670578007385,0.13734038236107027,0.795819349421363,0.17418789510560567,0.4802164261083463,0.3721928968573354,0.385633637526081,0.0784950654676924,0.7882367993755449,0.3975389347537455,0.388353028360641,0.07612283851163763,0.7786534007446181,0.19152047063097538,0.414546560066876,0.29246132868910346,0.3078136322153002,0.05306350533056902,0.722142216553063,0.31548664460980386,0.2827130500559156,0.05453181712039153,0.7169179668130128,0.18355211466432353,0.3452691340233492,True,0.00789342,0.4406779661016949,59.0
A344V,missense,False,50.0,79.0,0.0,P/LP,clinvar,0.9873,16,10973849;15466642;22199116;24217263;28944242;30758498;32893267;34505893;34884666;36277779;36496179;37445499;37547072;37975542;38763038;39821444,79.0,0.6329113924050633,,,0.5679346463360814,0.5616489448972808,0.2552176052883405,0.8537365900137157,0.6069089570295,0.6137805773152694,0.3597220354834136,0.8201191020032977,0.11991418141445942,0.5796615544353582,0.5781463959934521,0.5700707887595505,0.24662992309610665,0.8518748364555985,0.6132583275129438,0.616723851300423,0.3690607157673693,0.830570574734653,0.1190582189495536,0.5844917774012521,0.580810131875575,0.577220085005679,0.2501157744292993,0.8622849565434012,0.6191865775853534,0.6217096775476267,0.3736405523751256,0.845153468611445,0.11979823507013537,0.5897954634080844,0.5863641348225075,0.576114897680956,0.23847903443381496,0.8689058713661173,0.6254853882734808,0.633052974024822,0.3798767752475489,0.8294234258390305,0.11881771836540728,0.5956195566011602,0.5736419186947802,0.5605696308281586,0.23876178639474094,0.8507158310708354,0.6097781734851279,0.6120816347343485,0.37425411412002546,0.828234853999789,0.11703635096208553,0.5846804196499501,False,6.56935e-06,0.8974358974358975,39.0
S277L,missense,False,57.0,77.0,0.0,P/LP,clinvar,0.9911,17,12442276;14527360;15192825;21241800;21895724;24631775;26496715;26823142;28292826;29439887;29740400;29925740;30758498;32681117;32893267;34135346;36898499,77.0,0.7402597402597403,,,0.5679346463360814,0.5613424653313581,0.24675930674153956,0.8432421729676823,0.6174288686876143,0.6216661547295123,0.3850532375558943,0.8191803940240625,0.11370237721242608,0.5875359142010602,0.5781463959934521,0.5756069133076632,0.25807100995821386,0.8565010112626482,0.6240758655086471,0.6328389427731755,0.3834707256387611,0.8288290632458862,0.11339069550594762,0.592472868986915,0.581277766795326,0.5726848262738234,0.2519549848031597,0.8621103520989732,0.6243112520422651,0.6276716363843426,0.3826266355866702,0.836382804333223,0.11611383375201666,0.5935672197569367,0.5863641348225075,0.5761284772949431,0.24630235009352547,0.856767722234029,0.6311197343350587,0.6371426941356849,0.40117626836103604,0.8324622785789965,0.11414460212279758,0.6001131036551353,0.5741560590178495,0.56706377735956,0.2517552176021217,0.8493254054434087,0.6194227858281204,0.6229534862365309,0.386845532692197,0.8222735980358993,0.11262193238201429,0.5920387681202928,False,6.56866e-06,0.7073170731707317,41.0
R231C,missense,False,75.0,76.0,0.0,P/LP,clinvar,0.9727,11,12205790;14998624;17023080;20850564;23193492;29740400;30758498;32893267;39082327;41802374;41858555,76.0,0.9868421052631579,,,0.5679346463360814,0.5625217288512498,0.24856250368183908,0.8432163276739384,0.6334902451863146,0.6386064468463987,0.33908740183885927,0.894460869679919,0.1441247497646142,0.6019473268864027,0.5781463959934521,0.5737259447818802,0.26014982594613184,0.8499660757688499,0.6376997950204353,0.6442192598559797,0.34316839078198197,0.8960283473352749,0.14655494510237319,0.6053722460560446,0.5790101723121992,0.572170983814062,0.23361170626410122,0.8669429620486034,0.6420282110332005,0.6467392470561057,0.32966410256643025,0.908662129505536,0.14712470222478372,0.6098131623402672,0.5863641348225075,0.5741256237155989,0.22894264282357243,0.8765985137781788,0.6497719450017639,0.6603040222295089,0.3276589020994753,0.9023218516230266,0.1500772787160312,0.6172174400195877,0.5716628919171366,0.5635243394007847,0.23161772789909973,0.8631939381686798,0.6313889529551939,0.6369888343519028,0.3153984580306875,0.8974551124261115,0.15022737675725686,0.6038834380694821,False,6.57056e-06,0.9629629629629629,27.0
P448R,missense,False,32.0,74.0,0.0,B/LB,clinvar,0.0855,9,10973849;15242738;19841300;22677073;23098067;28292826;28595573;33552729;38908219,74.0,0.43243243243243246,,,0.5679346463360814,0.5667962677576704,0.24838040117741791,0.8501405467962406,0.48034682794530664,0.4896273413846701,0.1770656375890289,0.7466101554200048,0.1466022434115061,0.48230661496916016,0.5781463959934521,0.5680350715123776,0.24571010070531252,0.8502016458180024,0.4880542451284678,0.4971051283827743,0.1875208771563845,0.7458892396236194,0.1445775058123311,0.4883494858715204,0.46747195412372405,0.4698442901818466,0.14530042827630374,0.8261974247016121,0.3993263827096552,0.39535852920262005,0.10756805868991978,0.7118592599981264,0.1611543546920856,0.4188647729258605,0.3721928968573354,0.3808101332221803,0.07328798919333535,0.7792923559364434,0.32584898028476345,0.3083960406802449,0.06108013071022705,0.6808385924056333,0.16900630082518486,0.35685861809610375,0.29388475342593695,0.3062599710805531,0.05815370775640418,0.6989029521185637,0.2593695444977888,0.22560966736987698,0.04450605942455477,0.6218307488462415,0.15692499081586442,0.29848127425087945,True,0.00754066,0.6666666666666666,36.0
I235N,missense,False,62.0,66.0,0.0,P/LP,clinvar,0.9967,10,15466642;18452873;19841300;22199116;22949429;24269949;26187847;32893267;37975542;41317941,66.0,0.9393939393939394,,,0.5679346463360814,0.5589458588632366,0.24857074178310518,0.8408283083297079,0.6299544047988664,0.6333609164530714,0.35444011778609086,0.8838992870836955,0.13810467151623806,0.5989327461881777,0.5781463959934521,0.5703002114785202,0.25150818809563485,0.8475135389860422,0.6344370705198876,0.6423114078450398,0.34449112422585804,0.8871831421512638,0.14073502521745287,0.6024126811197554,0.5819662631777972,0.5741944295116882,0.2493375519786164,0.8619025836932909,0.638631142017986,0.6440811891121936,0.33826728140829665,0.8908774434522126,0.14182373646254293,0.6068147088882987,0.5863641348225075,0.5733215231474103,0.23945838192516372,0.8518209068294008,0.6474026588310601,0.6566758474114844,0.35628620075941614,0.8966173875092688,0.1415985772103976,0.6151556672984819,0.5749130054846951,0.5674599089465859,0.25553641516468945,0.8507766263094798,0.6374496296778962,0.6449342654936332,0.340171628501858,0.8865050110416339,0.1414762861851298,0.6084426319836528,False,,1.0,28.0
R190Q,missense,False,54.0,65.0,0.0,P/LP,clinvar,0.8977,19,10728423;10973849;19841300;20660394;21350584;22629021;22745159;22949429;22956155;26496715;27485560;30758498;32665702;32893267;33959219;34411974;34509919;40179677;40313678,65.0,0.8307692307692308,,,0.5679346463360814,0.561822683050904,0.24367746899512632,0.8449511595950452,0.5504001844911055,0.5537922628285379,0.2595905662273338,0.814306717281893,0.13997015605137839,0.5362565825807863,0.5781463959934521,0.5715141739907363,0.2588692247219079,0.8497646399311625,0.5625252309958902,0.5704138101821136,0.26439825093115876,0.8251305798695322,0.14316142089455314,0.5457073858945984,0.5696882654960752,0.564067435656953,0.23570807480405886,0.8618749173983307,0.5481522662034736,0.552535978322275,0.26306390614337,0.8130108763265187,0.1433366616878892,0.5349611225727278,0.5863641348225075,0.5812914311797622,0.25201260566601263,0.8712653800471253,0.5571346436810198,0.5650148876770726,0.2561244968645136,0.8181078836736885,0.1461804824116212,0.5421192927398456,0.5614154808247835,0.5559479081667077,0.2326120990690303,0.8485558680505322,0.5388886865712765,0.5448702291608717,0.2576850613484294,0.8041652082922129,0.14098951006267524,0.5284831247959904,False,1.97104e-05,0.7777777777777778,27.0
R555C,missense,False,20.0,63.0,0.0,P/LP,clinvar,0.9888,8,10973849;14998624;26715165;30758498;32893267;37568094;37583338;9386136,63.0,0.31746031746031744,,,0.5679346463360814,0.5621727892340843,0.25210131055078133,0.845135293407026,0.4724363229164025,0.4760922410606705,0.20245915471789983,0.7279564100208765,0.13771276315653677,0.47725404704498475,0.5781463959934521,0.5729788096648564,0.2491233919757721,0.8552200018477786,0.4802874968751493,0.4838161955265121,0.20233759720108022,0.7486706710987396,0.14253062170524988,0.48311988185701304,0.5809947669463589,0.5683548644810228,0.23139963721433612,0.8571164216767654,0.4718154768101835,0.4735230361387297,0.19633454625993502,0.7430854487897073,0.14140059487199189,0.47646155812926644,0.5863641348225075,0.5789679998069257,0.2527475761828841,0.8647237011102822,0.46980927307190956,0.47047727277243323,0.18609330902952562,0.7424361653934052,0.14493226932390518,0.474349321316678,0.5738449165065084,0.5698010565945603,0.24826964790606354,0.8557748193513048,0.456452438754896,0.45841441468398947,0.19236639636280592,0.7196946903872413,0.13810043740063738,0.46384749490484223,False,1.11299e-05,0.45454545454545453,11.0
G314S,missense,False,52.0,59.0,0.0,P/LP,clinvar,0.9921,18,10973849;15696484;16038262;19841300;21350584;22199116;22949429;24573873;26496715;27379800;29925740;30036649;30758498;32893267;34130155;36277779;38014677;41013213,59.0,0.8813559322033898,,,0.5679346463360814,0.5621704089021893,0.2517824806404542,0.847752709118705,0.5650886743185848,0.5694991794282762,0.28660187136706694,0.8198257678618455,0.1393423021466921,0.5480358892248476,0.5781463959934521,0.5711549724500469,0.24476098514614736,0.852483098352995,0.5727579069869452,0.5758760623768004,0.28788846238243876,0.825653316620988,0.13943630686520864,0.5537898761489823,0.5814007695643908,0.5731246590671266,0.24745161411194994,0.8687603155024123,0.5780666838882795,0.584429840848914,0.29246990720880384,0.835595333182732,0.14162061722738292,0.5584219743472963,0.5863641348225075,0.5791498286899367,0.24918858613355185,0.8669263583270367,0.5774205951431036,0.5835359601919637,0.2876819986405402,0.8360672602314075,0.1426033277599353,0.5584234237646125,0.5742912925138245,0.5664159404634647,0.24526039420887877,0.8474604198293733,0.5632819931911703,0.5681696717722484,0.2658750562465055,0.8279885173835421,0.14370830124875802,0.5482473243586944,False,,0.65,20.0
V141M,missense,False,57.0,58.0,0.0,P/LP,clinvar,0.8947,12,16109388;20126594;24380499;25974115;26279191;28491547;31315195;34557911;37872640;39503779;40368814;41819279,58.0,0.9827586206896551,,,0.5679346463360814,0.5608885637073928,0.2525112974226858,0.8444187093570698,0.6486880517574691,0.653786868970851,0.34781067295314155,0.8992696223520154,0.1441991097356196,0.614552911102691,0.5781463959934521,0.5733268938922579,0.2533396853271697,0.852085192503126,0.6613073100503323,0.6710137827370726,0.36647914435762635,0.8988228951641631,0.13953104569700986,0.6239752444505396,0.5693129689839572,0.5651739330948372,0.23608249771389636,0.8578100907715388,0.6578833552540884,0.6658616874024121,0.35742272747799597,0.9021945027501711,0.14418973351574085,0.6225614214945311,0.5863641348225075,0.5767175769736786,0.24776388464906174,0.8717002172956466,0.6735067147133468,0.6831986439331184,0.3633986983128163,0.9112539916796951,0.14189425702276487,0.6365581279126883,0.5610031108654974,0.5575835729527266,0.23027490295125816,0.845779060306184,0.6533668121088272,0.6603942067750717,0.349687663970217,0.9048973204585233,0.14236725622750954,0.6220651812817909,False,,1.0,35.0
R231H,missense,False,46.0,57.0,0.0,P/LP,clinvar,0.9701,6,16414944;18452873;23350853;28292826;32893267;34750360,57.0,0.8070175438596491,,,0.5679346463360814,0.5556401056277798,0.2351265499750581,0.849582783778366,0.6324662448136386,0.6343454071059538,0.37395250925404006,0.8585036253805304,0.12305245145818075,0.6002341326567988,0.5781463959934521,0.578045071655368,0.2603170107246739,0.8449285683811688,0.6453072632965927,0.6492642592685063,0.38622448066413284,0.8721212437684175,0.12539552666230408,0.6102258674195468,0.578689098084597,0.5710165823997363,0.2323244837783376,0.8645568156057146,0.6480300599083154,0.649853420609596,0.39452596836994613,0.8790140111832766,0.12627743587705387,0.61364692290958,0.5863641348225075,0.581243241424003,0.24236884808575967,0.866579526956839,0.6579695659851421,0.6647231622978049,0.38030858548589397,0.8766063310344879,0.12595647517473194,0.622758278348727,0.5713098703490833,0.5613183654411015,0.23904861543889563,0.8486819350301674,0.6479788555612956,0.6519243958355627,0.39229691072294803,0.8722285431445551,0.1259869067754417,0.6163180133608326,False,,0.7948717948717948,39.0
R366W,missense,False,46.0,57.0,0.0,P/LP,clinvar,0.9964,16,10973849;15466642;19841300;22949429;24357532;24606995;26496715;29497013;29740400;29925740;30758498;32893267;33614747;34135346;34531279;34691145,57.0,0.8070175438596491,,,0.5679346463360814,0.5625895386866191,0.236729804464816,0.8443146283744388,0.5949277595808651,0.5985588078985019,0.3099246763299844,0.8419232397640265,0.13546983094917756,0.570893011466136,0.5781463959934521,0.5720634760254042,0.2516555906127517,0.853943127694279,0.6035710252194753,0.6099862956943047,0.3233341465497665,0.8484845166253668,0.13665697752936343,0.5775943941067606,0.5819293992028126,0.5721433895807547,0.2523214984474153,0.8579815898478823,0.6081377510132927,0.6122766275483333,0.31519219522190506,0.8572319287839569,0.13755420071438687,0.5817155424046373,0.5863641348225075,0.5811249300111941,0.2585370965232412,0.8683778947827228,0.6070387699277546,0.6161398145625518,0.3152919877557061,0.8529503322952978,0.1405062973627995,0.5817517719710967,0.5748724771757584,0.5681786424597779,0.23723629618331998,0.8555475185240214,0.5994836073315102,0.6027141107991485,0.3250651442762819,0.8447968546945489,0.13638120092804562,0.5769042493207563,False,,0.6,25.0
Y184S,missense,False,56.0,56.0,0.0,P/LP,clinvar,0.995,8,10973849;19841300;21350584;22199116;22949429;32893267;34398675;37975542,56.0,1.0,,,0.5679346463360814,0.5639290080248469,0.23832780194713546,0.8453830427345695,0.6064739541856059,0.6107265897695424,0.2971284212940314,0.878139558070086,0.15075432240976192,0.5806864943749747,0.5781463959934521,0.567239306999146,0.2576813581758751,0.8534194537215931,0.6180991616486031,0.6225073713794212,0.2985381355703604,0.8944261065741241,0.15107353228686982,0.5899086376734567,0.5817573376575125,0.571772900655186,0.24368449079813506,0.8656560925419172,0.6209913126512758,0.6251501700788027,0.28812277928012187,0.9009363163883799,0.15966096325700163,0.593593885544268,0.5863641348225075,0.5810423079971052,0.25314853934929826,0.8595027582914201,0.6304295490702421,0.6381142895015902,0.3021246426121149,0.9026736141139985,0.15674065251920763,0.6019498368516124,0.5746833114025984,0.5645524204530264,0.24073249477842493,0.8476407273590585,0.6157139607193792,0.6235818108976747,0.29569873006314634,0.8900245740952005,0.15433269405771693,0.5912081690961553,False,,1.0,13.0
R594Q,missense,False,48.0,54.0,0.0,P/LP,clinvar,0.4786,24,10973849;19841300;22199116;22885918;22956155;24218437;25453094;26481773;26496715;29677589;29740400;29925740;30758498;30974404;32145446;32686758;32893267;33777698;34135346;34364290;37089884;37099628;37178278;38489124,54.0,0.8888888888888888,,,0.5679346463360814,0.5625022774598438,0.24024486659737532,0.845813187804074,0.5353701761874655,0.5456552845513852,0.2036019404389185,0.8293380683331529,0.15837360080558552,0.5247642107556485,0.5781463959934521,0.5691464148644786,0.2572876837588095,0.8577820145208258,0.5395031521923862,0.5507642018288734,0.2099794787044273,0.8272307273554287,0.16121422349552944,0.527903116599759,0.5163667069712274,0.5148114040008958,0.18781172539121796,0.8387361398517512,0.4814930941897308,0.48669255041181847,0.1615115903370448,0.7957333655971046,0.16522851428252508,0.483385934451369,0.5863641348225075,0.5757590870097989,0.2412315651144539,0.8655035831436229,0.5353328208637705,0.5480115813891187,0.18734956842643163,0.8302624694440635,0.16821509245467206,0.5249867002710661,0.5034346093867754,0.502875303404448,0.1685888176281319,0.8311033279316306,0.46661205022289454,0.46941124031083337,0.14367683593961383,0.7856735422795708,0.17274210870358875,0.4708686148163154,False,1.99229e-05,1.0,23.0
Y315C,missense,False,37.0,54.0,0.0,P/LP,clinvar,0.9963,13,10973849;12702160;15466642;18774102;22199116;24217263;24269949;24606995;29925740;30758498;32893267;34135346;36277779,54.0,0.6851851851851852,,,0.5679346463360814,0.559034325772004,0.24146749106282367,0.8417209468614784,0.5046426426215235,0.5058642498282861,0.2586556702934347,0.7349572658013057,0.12225926177007329,0.5021897644615071,0.5781463959934521,0.5722127113586372,0.26243500078326915,0.8491581141698855,0.510609421375192,0.5125894135300177,0.2666044188862996,0.7555920177964387,0.12656694827273388,0.506579493478219,0.581917110712157,0.5760856622342664,0.23929901860239217,0.8654935706721687,0.5087821971083808,0.5120317496740325,0.2570593271629256,0.7508223784988654,0.1266076434303078,0.5051947347581035,0.5863641348225075,0.5796022413976238,0.24690770896769673,0.8619666506256914,0.506091668318242,0.5084246002566442,0.2546456732728356,0.7471189556197675,0.12813657909360807,0.5031668913376935,0.5748589671728476,0.5693590889965208,0.24537542728175046,0.8491745483769484,0.4996928753114938,0.501113442199729,0.25939984372805064,0.735820868987267,0.12504574055309098,0.4982252986979998,False,,0.30434782608695654,23.0
R243C,missense,False,45.0,51.0,0.0,P/LP,clinvar,0.9972,14,10973849;15466642;15469540;19841300;20167303;22199116;22949429;26496715;28292826;29672598;30758498;32681117;32893267;35409410,51.0,0.8823529411764706,,,0.5679346463360814,0.5605406849512619,0.24252624682082283,0.8457219043806252,0.6015189007953636,0.6068001423444197,0.33114266075396415,0.8376717393926398,0.12987625224574842,0.575845526303086,0.5781463959934521,0.5709630256812871,0.24986778544734156,0.8432933738126454,0.606133078273936,0.6148656593052002,0.32766756285421444,0.8400158679144186,0.13250283322853618,0.5791870650915207,0.5820276981428911,0.5752460698891743,0.2432502065816685,0.8631360185686406,0.609206474649592,0.6127567364467728,0.34167981901674743,0.852772222216467,0.13320772978519585,0.5824939329351162,0.5863641348225075,0.5767424522922419,0.2361776083141356,0.8697236077589199,0.6080534376386969,0.614823585584278,0.32344393426986506,0.8475380935668343,0.13575870714564922,0.5823956244150127,0.5749805469947581,0.5668089280367115,0.23908498237698278,0.8616210691543207,0.6026916640217223,0.6063688893354733,0.3398092389268827,0.8440636346449861,0.1316852137856826,0.5793551245165841,False,6.5741e-06,0.8947368421052632,19.0
A370V,missense,False,4.0,50.0,0.0,VUS,clinvar,0.8162,2,26228265;36496179,50.0,0.08,,,0.5679346463360814,0.562045788114414,0.23729087739435667,0.8508099594676323,0.44846041715795054,0.4503512498042065,0.16708200975030457,0.7281341022827857,0.14479233728982738,0.4588133880140688,0.5781463959934521,0.5695417146291806,0.24879271923050783,0.8457390569829087,0.4575789961205421,0.46278710658820565,0.173718884458043,0.7239781474770808,0.14244494019941573,0.46567477377353833,0.5594366411762858,0.5530813321951736,0.2223648682414899,0.8453448669825353,0.44105573097284384,0.44234443357446307,0.16514811747870478,0.7201043466264186,0.14536519772877607,0.45275884679689454,0.6070907159007526,0.5973727165256114,0.23815773513710684,0.8844613508642913,0.4595699621800988,0.4573621793773173,0.17083991944421179,0.7595585814319624,0.15668079350719707,0.46602852437303016,0.6175135281058004,0.6075305955644831,0.2550885344676066,0.8911000210636104,0.4698835717115665,0.4730225516006309,0.1750907085758913,0.7606672733777325,0.1573718075249449,0.47364624019814056,False,0.000159258,0.022222222222222223,45.0
H258P,missense,False,32.0,48.0,0.0,P/LP,clinvar,0.993,6,22708720;24400285;28438721;29439887;30758498;32893267,48.0,0.6666666666666666,,,0.5679346463360814,0.5635834156674199,0.24909540064832372,0.8513111084120427,0.486076357916146,0.48873185104131367,0.22001294806864605,0.7467166529713848,0.13666247632733886,0.4878939226409556,0.5781463959934521,0.5680500146568255,0.24632990380989658,0.8542511044292896,0.4952616335600827,0.4959503607819709,0.2322986653480676,0.7572655333701,0.1369284236650466,0.4949069346060206,0.5815114509301491,0.5724396085357523,0.2376409825727012,0.8656275490701038,0.4922743062376317,0.4959558467457512,0.22372672427189427,0.7467274320356362,0.1373899605433214,0.4923835409797226,0.5863641348225075,0.5791105388621064,0.2398557763180874,0.8634901228522277,0.4891766890438947,0.4910160825425266,0.21902859848959044,0.74562202818188,0.13814305536294164,0.4898381268374189,0.5744129787867723,0.5681506011544302,0.24149287380273068,0.8517063982474574,0.48064294657799733,0.48337583971204756,0.21828240772186877,0.7374225974360626,0.13408009969910295,0.48328846545253873,False,,0.2631578947368421,19.0
R591H,missense,False,37.0,47.0,0.0,P/LP,clinvar,0.8668,11,10024302;10973849;16253915;19841300;22199116;22885918;29925740;30758498;32681117;32893267;41858555,47.0,0.7872340425531915,,,0.5679346463360814,0.5677219513308641,0.24828370796660387,0.844287632776567,0.5412655890433236,0.5477148148149857,0.23694016752837596,0.8121628541941077,0.14767345822630443,0.5293931860618023,0.5781463959934521,0.5712578327840586,0.2573284852097371,0.8468028792474332,0.5501267166105756,0.5560933740696017,0.24215063757178593,0.8197261115965486,0.14840222428162964,0.5362184579604387,0.5658147061170244,0.5568058999946448,0.23622232787056155,0.8526293338616486,0.540748586320315,0.5499509393880266,0.23070395744091302,0.8126281827737574,0.1502752237089269,0.529373405020749,0.5863641348225075,0.5772022809599653,0.2476401912881134,0.8633652492681333,0.5538290593669848,0.5607522237119196,0.24678654851001397,0.8279442462900835,0.1520678522361401,0.5399094482933876,0.5571604795421357,0.5521029685907515,0.22822337491325081,0.8452253252230927,0.5288353289890503,0.5328915838040678,0.22728659572936388,0.8178369912510881,0.14978926911029372,0.5210869650818105,False,,1.0,22.0
L266P,missense,False,45.0,45.0,0.0,P/LP,clinvar,0.9991,10,10973849;17905336;19817925;19841300;21118729;22199116;22949429;32893267;37445499;37975542,45.0,1.0,,,0.5679346463360814,0.56380652159161,0.24883274598549865,0.8424828597518417,0.6151954046632158,0.620066596081777,0.2839553645980749,0.8987322003526105,0.15765809368180983,0.5878394132666996,0.5781463959934521,0.5692061207864171,0.24651892467517458,0.8515566375755165,0.62578282765602,0.6323445622229906,0.30437738184853447,0.8985174253220377,0.152074401869971,0.5960412855181418,0.5822610939759172,0.5750367378731445,0.25913045465159656,0.86781174607476,0.6362396782100405,0.6438391360821702,0.30356321235692935,0.9092283467704619,0.1586959230807196,0.6057380996631503,0.5863641348225075,0.5777941530661528,0.23856888725061942,0.8692606345544106,0.6418398225975255,0.652863232177557,0.3105717751501288,0.9070462297658115,0.1575859152320496,0.6112681159918225,0.5752371398884072,0.5704101138239909,0.2487255223029133,0.8666367039002584,0.6269778053131518,0.6355263248183862,0.29887932045119625,0.8969754260691097,0.15656117243013018,0.6005173619422527,False,,1.0,32.0
R176W,missense,False,45.0,45.0,0.0,none,none,,2,24606995;33013630,45.0,1.0,,,0.5679346463360814,0.5661174131540483,0.25227729237149393,0.8550321772456747,0.5676056841665829,0.5747703762324001,0.2567168181974234,0.8495010012632056,0.15372686061551216,0.550421352755046,0.5781463959934521,0.5716173591174125,0.24734773832658546,0.8448679401107325,0.5810442678740443,0.585825911884613,0.2672738505231351,0.8654892546640212,0.15365949020878342,0.5608723431220423,0.6732049630213349,0.6628559749788154,0.31095580092431874,0.9172151846066748,0.66760340844518,0.6879370884724888,0.3189357813396895,0.917365746624428,0.1580172913632939,0.6308253360968771,0.5087357125120241,0.5091783381587184,0.1811489063899659,0.8222112175047236,0.5167905418027557,0.5141760335826508,0.1940260512390237,0.8356373373512839,0.16786670855536392,0.5122866466885501,0.6316556472635034,0.6216806234051437,0.27229840160864827,0.886007478087956,0.6309854193375802,0.647862280871637,0.27156951426400566,0.9038520895294369,0.1672330448651201,0.6039515449908562,False,,,
S225L,missense,False,42.0,42.0,0.0,P/LP,clinvar,0.9183,16,10973849;15466642;18273958;19841300;22199116;22885918;22949429;24606995;26496715;29688407;29925740;30758498;32681117;32893267;37975542;40313678,42.0,1.0,,,0.5679346463360814,0.5565637220702172,0.25119581014206194,0.8417534073409558,0.6360460530522312,0.6433286484539134,0.3102632072262693,0.9016493715690038,0.15219256183371171,0.6045030082806004,0.5781463959934521,0.5695285249232068,0.25105095336043476,0.8516554629101166,0.6455189523928334,0.6540389849166233,0.3309032867434219,0.9089423363120139,0.15043574832277945,0.611837295040778,0.572260534174025,0.5666349380286849,0.23827441728250462,0.8531249416725266,0.6373941664878184,0.6432983779883968,0.3040957187136474,0.9034619812149066,0.1551616149199571,0.6064623454256374,0.5863641348225075,0.578954499160995,0.2510438206575419,0.8687983426424022,0.6556823465720463,0.6687327574344082,0.3163561198954331,0.9159519074260842,0.15762307373178872,0.6227355996617228,0.5642423860072401,0.5605406626780979,0.23892010407794229,0.8458738392841018,0.6307976254914218,0.6395671481811507,0.3052299344176745,0.9035416224671614,0.15530097674941076,0.6033714381410116,False,1.20818e-05,1.0,32.0
R259C,missense,False,37.0,41.0,0.0,P/LP,clinvar,0.9787,12,11021476;19841300;21350584;22199116;22949429;26496715;28292826;29439887;29925740;30758498;32681117;32893267,41.0,0.9024390243902439,,,0.5679346463360814,0.56700910376087,0.24651366777851733,0.8583229147717598,0.5608145193708612,0.5661122549897228,0.27920609120464696,0.8172171599535412,0.1395029859477208,0.5446938601992384,0.5781463959934521,0.5697066151856617,0.25012471291083854,0.8538739792214557,0.5655057521758978,0.5729630711410882,0.2714718209177645,0.8280587903022153,0.1438881026976595,0.5482887094688327,0.579750501405376,0.5733554761514785,0.2424569355299166,0.8601176027383551,0.5645359470817095,0.5714687205668134,0.27622966779037833,0.8276978695839023,0.14144977155617328,0.5478019772230268,0.5863641348225075,0.576386373507197,0.24851373411538244,0.8690029232644156,0.571213272849015,0.5747025126592202,0.2774206161997195,0.8383853748818201,0.14585394488830833,0.5537070859503751,0.5724768808136187,0.5685404436119263,0.2411121147819244,0.8531507088011046,0.557687884377021,0.5613700860101387,0.26766619571311767,0.8271095600702459,0.14437547403417147,0.5439452106115099,False,4.07721e-06,0.9166666666666666,12.0
R190W,missense,False,39.0,40.0,0.0,P/LP,clinvar,0.9448,13,16414944;22882672;24218437;24552659;25471708;25825456;26813553;29677589;30758498;31009818;32893267;34531279;37975542,40.0,0.975,,,0.5679346463360814,0.5583687777983347,0.23764948286691093,0.8427549742454169,0.5828105091788075,0.588655111278416,0.2684929579526176,0.8618904394873301,0.15306502066547534,0.5621547858516872,0.5781463959934521,0.573094368338301,0.24986371184862916,0.8537803543183289,0.5892240314461401,0.5967811677983869,0.27869070407185864,0.8563714479597627,0.1486108577764955,0.5668001131652516,0.5755566598878944,0.571463972881829,0.2453184220464828,0.8559764405238119,0.5899658213785198,0.5933655088606535,0.2739783290628804,0.8676742431289672,0.15223581358247631,0.5682265248573098,0.5863641348225075,0.5809515652819929,0.24482344994060673,0.8750379115151926,0.5998030434656094,0.6095330084647007,0.26140739039072974,0.8728559980143632,0.15756718068040979,0.5769748076674934,0.5678658283528523,0.5634502559197536,0.23968321006249693,0.8490025497721456,0.5811142913898586,0.5890890882692776,0.2664613270875905,0.8550461884317146,0.15226595091302414,0.5629079167638328,False,6.57065e-06,1.0,25.0
G269D,missense,False,19.0,39.0,0.0,P/LP,clinvar,0.9997,8,10973849;12051962;15466642;22199116;22360817;32893267;36277779;37975542,39.0,0.48717948717948717,,,0.5679346463360814,0.5601238200100708,0.23231257500530475,0.8387744595354399,0.462640346931822,0.4702230524433853,0.14818355992914345,0.7562674446492854,0.15902068853787724,0.4686895259440371,0.5781463959934521,0.5676356468457318,0.2517751699229892,0.8476463068909037,0.46826381013458457,0.476068223154288,0.15023017564613744,0.7674097371536723,0.16108215726763522,0.4731557318451909,0.582334779121104,0.5745687382209577,0.24913569116211098,0.8623316168409108,0.4666136242511444,0.4714840276347193,0.1583892905624789,0.7669446612748994,0.15855411469162828,0.4716466714923124,0.5863641348225075,0.576367118370071,0.2483179053476953,0.8649820685846332,0.45867847432228315,0.46661723339614036,0.13665741205563733,0.7608323430291986,0.1652136048406713,0.4646401787582959,0.5753181478236145,0.5716694944525472,0.24905132862192914,0.8555714165874136,0.4501605867340063,0.4527663796481644,0.1339279164645159,0.7454746057132765,0.1622867239024403,0.457425658375742,False,1.31363e-05,0.3333333333333333,30.0
A341E,missense,False,17.0,38.0,0.0,P/LP,clinvar,0.9992,11,10973849;12702160;19841300;22677073;22949429;24217263;30758498;32893267;34135346;34505893;36277779,38.0,0.4473684210526316,,,0.5679346463360814,0.5635497192418777,0.24555286608008917,0.8443504209189168,0.5015333921291657,0.50681600216466,0.24909685972340542,0.7307832889139878,0.12543350944125545,0.4998602930587376,0.5781463959934521,0.5723006093927965,0.26078071784203066,0.8460431319043644,0.5047531838021219,0.507874098057652,0.24869304841397394,0.7378401044809588,0.12800065309278483,0.5021064448443784,0.5822733754610893,0.5747284103112409,0.24739974917660693,0.8640463482118728,0.5086278416285063,0.5110911325199239,0.25219416579945636,0.7470341692807739,0.12673390598234466,0.5053128046801628,0.5863641348225075,0.581171877723169,0.24209102930771786,0.8648109025649297,0.5069117731256342,0.5080201657667593,0.25041102601686005,0.7590506693154413,0.13123009981795924,0.503709031643049,0.5752506419257981,0.5725408632477181,0.2469413940885475,0.8571461463465312,0.4964713374131595,0.4992795617081114,0.2436897495433454,0.7358575769724194,0.1252823315766996,0.49597599400808684,False,,0.14285714285714285,21.0
A344E,missense,False,17.0,38.0,0.0,P/LP,clinvar,0.999,4,30758498;32681117;32893267;34505893,38.0,0.4473684210526316,,,0.5679346463360814,0.5612323860095411,0.24860802683005825,0.8394565006541577,0.4778000572457246,0.48115234270533125,0.19739405281050973,0.7559893055992664,0.14337512821029566,0.4813113584167743,0.5781463959934521,0.5667314763816702,0.2534313796944454,0.8495455720237854,0.4853218476526663,0.4879604250631886,0.20266970661214875,0.7552716373541937,0.1441961849680927,0.4869317640091191,0.5822488122398152,0.5776679867199479,0.25632874728378724,0.8627936316413699,0.4828569204788394,0.48846337556500785,0.18829488226395152,0.7521025403359537,0.1472355439724633,0.48497566139338566,0.5863641348225075,0.5837443854787934,0.24145321467653907,0.8622236277687918,0.4856812431341263,0.48962770573239295,0.20167476244312965,0.7602683126106448,0.1498919705753481,0.48658571303604886,0.5752236375652883,0.5683959954051973,0.2409735149431389,0.8539008307598717,0.4644419087186028,0.46853872492704596,0.1895970628827861,0.7304447929129259,0.14179448658212876,0.46997492874304575,False,,0.5714285714285714,7.0
R539W,missense,False,35.0,37.0,0.0,P/LP,clinvar,0.9819,11,10728423;10973849;15466642;15840476;19841300;22199116;24218437;28549997;29688407;30758498;32893267,37.0,0.9459459459459459,,,0.5679346463360814,0.5641875374269815,0.24720213723896592,0.8479406062499573,0.5704404031045315,0.5782339762288929,0.2596284344411397,0.8439118457615231,0.15073114890290076,0.5522155458062216,0.5781463959934521,0.5747579499461749,0.2590177668927457,0.856511487365586,0.5815506744392784,0.5867700788960535,0.26322311923163366,0.8551507795360194,0.15344530373012868,0.5610835109401223,0.5801449915054442,0.5712698819341812,0.23906024320925634,0.857509230478464,0.5790208292335679,0.5819726621270169,0.266906501355321,0.8611385154385558,0.155615707262415,0.5596752629952233,0.5863641348225075,0.579649517342328,0.24052370593192082,0.8727707485325521,0.5849918129985915,0.5927427733643419,0.25775847071343977,0.8592792499586048,0.1589372490736002,0.5648869047294434,0.5729106169176316,0.5683716270644328,0.25287041997022525,0.854475940122873,0.5689540867997873,0.5801957315455093,0.2398568518766223,0.8437157912571737,0.15555745265924353,0.552429550021375,False,6.57065e-06,0.8666666666666667,15.0
F296S,missense,False,35.0,35.0,0.0,Conflicting,clinvar,0.9971,4,21350584;22199116;29688407;32893267,35.0,1.0,,,0.5679346463360814,0.5574992563489787,0.23521550766796076,0.8476180130767788,0.582533583335202,0.5885183441109488,0.25887362160407407,0.873019552007062,0.15556946740111982,0.562100623350575,0.5781463959934521,0.5680189073106914,0.25352279606590195,0.8549910982960963,0.5919649452435559,0.5976376333350166,0.2668046042889961,0.8678504612327201,0.15259098747809183,0.5692213976135285,0.5820154116494483,0.573253904474138,0.24517337201324943,0.8594016822838838,0.5972214621579702,0.6043032587190316,0.2660518811221841,0.8863195695175059,0.15886353581769233,0.5741182575199235,0.6070907159007526,0.5992528250673131,0.24016809736082992,0.8870820279160119,0.6223648947569927,0.6387544021116422,0.2577345163787229,0.90063352897369,0.1653438876537275,0.5952994237012889,0.6392061388391912,0.625480420081534,0.2657683843454034,0.9071544557161758,0.6499271247315159,0.6668484619254055,0.2905483138856036,0.9203255978174545,0.16514845573949047,0.6200480753938625,False,,1.0,10.0
D611Y,missense,False,15.0,34.0,0.0,Conflicting,clinvar,0.5197,4,15500450;29925740;30758498;32893267,34.0,0.4411764705882353,,,0.5679346463360814,0.5632135305612808,0.23926477820002207,0.8455418572197838,0.5330227274608618,0.5391035098165295,0.26546159198569114,0.7760609183281402,0.13393150376145682,0.523333192547821,0.5781463959934521,0.569096802201818,0.24814367521306377,0.8607093785286856,0.5414027871314109,0.5456065151212055,0.2750098079573475,0.7957581873423175,0.13546792530107843,0.5296973268738107,0.5216114000980415,0.5215443671323511,0.2007944237309096,0.8296126736650109,0.49814491963952257,0.4985255595457936,0.22874691645135442,0.7594121950326533,0.13809387060757106,0.49724841637428974,0.6070907159007526,0.5983536379442074,0.24652853649130335,0.8765471742712657,0.5581984369172708,0.5638208459892977,0.2710909223646029,0.8131645143145068,0.1410869048843853,0.5431118497016095,0.5789108974140009,0.5705004451069908,0.23244672433177635,0.8604620790091546,0.5391958366833628,0.5465009096206249,0.2649649596932276,0.7870629962943236,0.13835174134212389,0.5287652749396056,False,5.51852e-06,1.0,4.0
L191fs,frameshift,True,32.0,34.0,0.0,none,none,,12,10973849;15466642;15840476;17222736;18452873;19841300;22677073;23098067;24606995;24666684;26318259;36277779,34.0,0.9411764705882353,,,0.5679346463360814,0.5594583761202402,0.23937559031994415,0.8398124039666126,0.5502133171870337,0.5587841468352426,0.2339478397485832,0.8266276246193877,0.15095129377434985,0.5365878034629071,0.5237340426211323,0.5224472225082464,0.19966799109443656,0.829814103983267,0.5075013358076342,0.511235023931004,0.177519083177905,0.8139928276354159,0.16402165610106126,0.5040774376306082,0.5223540047669304,0.5205142950519992,0.1965153260350726,0.8294699929151728,0.5052842111757333,0.5081851096927474,0.17000471420760108,0.8259015922360271,0.16972771973732306,0.5022585736331028,0.4732838882927845,0.4712220693515351,0.1504169460873605,0.8066943341277149,0.46214056819729166,0.461275163710985,0.14026002979185462,0.7928770055230647,0.1721786937301319,0.4687642826005444,0.4304742885235544,0.43773211795921907,0.14446124702575802,0.7777090044416045,0.42345973306395673,0.41359096218660774,0.13401017369452575,0.759608596906488,0.1644324100599846,0.43832901326176593,False,,1.0,20.0
T309I,missense,False,26.0,33.0,0.0,P/LP,clinvar,0.9981,3,11802537;26118593;33574382,33.0,0.7878787878787878,,,0.5679346463360814,0.5610179543598361,0.24390068884679234,0.8481843808326012,0.6027067633123504,0.605110462222296,0.3385580497294774,0.8418160945065403,0.12922880068499273,0.5771690045871893,0.5781463959934521,0.5715248619481023,0.2479869755904552,0.8532348772515232,0.6112205998405293,0.6161411252158036,0.34120986269559483,0.8521173499971957,0.13002372797567316,0.5835748891767101,0.582138265332001,0.5744306201112734,0.2474678215245032,0.8578399411392357,0.6148758757520458,0.6168844072058707,0.3445728089696034,0.8646625098036762,0.1320203325858938,0.5874290346283728,0.5863641348225075,0.573632734819836,0.23914790826484594,0.8625909977850813,0.6247647651145763,0.634237238455259,0.35042124993900314,0.8595918352820089,0.13256906832786564,0.5960969668991254,0.5751021038146628,0.5668331454851281,0.24589402676384164,0.8541884411572704,0.6138706990840107,0.618790247127592,0.34476712894571715,0.8575924283908072,0.13306873930544647,0.58891421989673,False,,0.8,30.0
S140G,missense,False,32.0,32.0,0.0,P/LP,clinvar,0.866,2,14603707;24411289,32.0,1.0,,,0.5679346463360814,0.5599065810319815,0.246235332127269,0.8455435358990244,0.5684210483956399,0.5743759799392092,0.24788325818525878,0.8494149351998291,0.15322288576799625,0.5509246868439417,0.5781463959934521,0.5678688421582543,0.2512347627305174,0.849295684351303,0.5789167767715597,0.5862793667443201,0.2538373691020877,0.8700829689266071,0.1588578583555636,0.5594254788294084,0.5657141917401636,0.5590089225264295,0.23777632512926417,0.8471958427372033,0.5659785856107363,0.5719128888037025,0.234296345368983,0.8594650567145279,0.16023878689213011,0.5497843501418129,0.5863641348225075,0.5747233301332334,0.2375072119426575,0.8701984557135032,0.5815370968168168,0.5923930294249988,0.24634697024725843,0.8779215372440634,0.16366631754900324,0.5625192306020323,0.5570501067467648,0.5524409575346714,0.22289920731610888,0.845973893845853,0.5582159184247926,0.5652116526758034,0.23069043025309124,0.8582730100474008,0.16090616795710452,0.5448801922579601,False,,1.0,16.0
F339del,inframe_indel,False,28.0,31.0,0.0,none,none,,9,12877697;15466642;15950200;19841300;22199116;24606995;27379800;34505893;9702906,31.0,0.9032258064516129,,,0.5679346463360814,0.5568453480605983,0.23806227739324332,0.8405001908238795,0.5045404283502908,0.5111603063460661,0.18524616898282126,0.7945197801995066,0.15710695831273463,0.5012688010735264,0.5781463959934521,0.5739567749167694,0.24840544989909694,0.8591069982988722,0.509645058694218,0.5178800429909447,0.19895586603912888,0.792529120140274,0.15505600331945552,0.5053741753684438,0.6732049630213349,0.6569903144150371,0.30071093093101653,0.9174317762419681,0.5964451977481868,0.6105740411502878,0.24497815945692514,0.8710063923829747,0.1641048980121288,0.5727129153853191,0.5087357125120241,0.5051652845238791,0.17187447138611175,0.8343272124994519,0.44501673392327407,0.442579836075342,0.13570891609139324,0.777450850541831,0.16492973965741628,0.45528492487883365,0.6316556472635034,0.6203857757595638,0.27054174946998405,0.8973509210488649,0.5509943507945854,0.5613483530693297,0.19701252434495134,0.854977558111741,0.17089470469923115,0.5384888012713647,False,,0.6666666666666666,9.0
D188N,missense,False,12.0,30.0,0.0,none,none,,1,9708480,30.0,0.4,,,0.5679346463360814,0.5640591951424369,0.24868812944071406,0.8484713622264121,0.53876960365581,0.5449345087233637,0.24974704448155197,0.8021030776225893,0.14187909140093144,0.5279350039444204,0.5781463959934521,0.5719108517080217,0.251331793701674,0.8528196478732004,0.5471687977158137,0.5536790322387484,0.2493870508677055,0.8118304224543741,0.1429679614022367,0.5341096622440391,0.6732049630213349,0.6615209515453182,0.2972598410291534,0.9187400257884998,0.6197568645061673,0.6357225515005406,0.298129668207846,0.8706440842895964,0.15010643859238731,0.5907711226900716,0.5087357125120241,0.5124585453972967,0.18869362447933055,0.8323562023071789,0.4940110317102871,0.4967287127404537,0.19279064434585327,0.790047249665247,0.1540441163050326,0.49428837011595583,0.6316556472635034,0.6174137518504751,0.25246432900391963,0.8952872498251814,0.5821075173975114,0.5941328252989195,0.27085267478533703,0.8501354788601098,0.15430567177581775,0.563039091284251,False,,,
G189E,missense,False,30.0,30.0,0.0,P/LP,clinvar,0.9959,4,19841300;21350584;22949429;32893267,30.0,1.0,,,0.5679346463360814,0.5581878094187593,0.24210340626961216,0.8372672462484133,0.5802254266680171,0.5868032407265513,0.2666072792955421,0.8549822216571848,0.15253599807649507,0.560062356293632,0.5781463959934521,0.5735984948077137,0.2534307495635675,0.8553980365308594,0.5902234639772126,0.5963348794951913,0.2735983257455192,0.8664839291257603,0.15266167825494462,0.5677456943019198,0.5818679542560182,0.5739027865092224,0.25460378035703396,0.862946440745619,0.5931807101864314,0.5982315628069154,0.25972535864707263,0.8771532199764653,0.15767100295127445,0.5710357391933273,0.5863641348225075,0.575981771291222,0.24728706169528902,0.8664012079508209,0.5974958481903496,0.6083826058204065,0.25813805302201864,0.8914904717439782,0.16342215443013822,0.575548924458911,0.5748049243306984,0.5670333665624798,0.24963654553255893,0.8568563619940921,0.5908617469054634,0.5945329910293622,0.25217290085233623,0.8829645985593121,0.1609353180476082,0.571148783418107,False,,1.0,4.0
L273F,missense,False,29.0,29.0,0.0,P/LP,clinvar,0.9766,13,10973849;19841300;20403459;21964171;22949429;24372464;24606995;25645639;28249770;28438721;32893267;40492454;Unknown,29.0,1.0,,,0.5679346463360814,0.5610618353391842,0.24051636784465544,0.8531404704733709,0.63179694274423,0.6351141411633067,0.3168879119187592,0.8984749371656752,0.1524494909653456,0.6011977362148382,0.5781463959934521,0.5694778180604028,0.24624491797195353,0.8510916021964819,0.6419511852021924,0.6509118227253063,0.3069567999356036,0.9030508709359043,0.1516420892570976,0.6089444613251092,0.5794914837663149,0.5695628013057776,0.23933297989102956,0.8627675719082465,0.6459303016675001,0.6514574198933785,0.3238507776225378,0.9171937247347679,0.15522796341654282,0.6134457716423632,0.5863641348225075,0.5732251511995493,0.24381006640395056,0.8621881492722836,0.6501459578217839,0.6639687719544036,0.3124707505667756,0.9107744906192358,0.1557378726883284,0.6178651580193733,0.5721920928762348,0.5643001982857189,0.24307243937196074,0.8509873346729923,0.6370050994940657,0.6433503286086681,0.303278814903677,0.9107595727329928,0.15690252171277794,0.6090148070157428,False,3.99291e-06,1.0,17.0
R243H,missense,False,18.0,26.0,0.0,P/LP,clinvar,0.9869,10,10090886;10728423;10973849;15028050;26022593;28292826;29037160;30758498;32681117;32893267,26.0,0.6923076923076923,,,0.5679346463360814,0.5610317902072628,0.24057830327459442,0.8422180151282691,0.4957334125325284,0.4999418007301518,0.21513494742301825,0.7544051592510536,0.13910387594910237,0.4949261672532048,0.5781463959934521,0.5720317999407031,0.2505631931564196,0.8489901468330149,0.5044563731639962,0.5099323535501061,0.23120433184713654,0.7612011459181658,0.13784767588298044,0.5016950987524015,0.5807608865590602,0.5746602902903223,0.24643913601744116,0.8650229037172471,0.4980623241882631,0.5034300975409907,0.2062112510130968,0.7669160148739662,0.14457975731522293,0.4966308913863395,0.5863641348225075,0.5793719430457629,0.2382964803111343,0.8665759666935666,0.501931700745901,0.5064752677308562,0.22314694146240308,0.7634006636570401,0.14307961091230165,0.49966588872505224,0.5735877754902435,0.5648048830092103,0.23068723891861725,0.8516022993639909,0.4912699733742046,0.4970124062246989,0.21084638957241805,0.7517823585606886,0.1414678372317664,0.49125547471165154,False,6.57263e-06,0.6666666666666666,12.0
G345R,missense,False,16.0,25.0,0.0,P/LP,clinvar,0.9998,6,10973849;22956155;26496715;32893267;34505893;36496179,25.0,0.64,,,0.5679346463360814,0.5614125326909046,0.23845039984054067,0.8425589740783463,0.5697112160024685,0.5732956211504314,0.2904334893835243,0.8258349363967541,0.1393056005788558,0.5516320916228031,0.5781463959934521,0.5690801874418913,0.24432295286344666,0.8511987945676452,0.5755451187287774,0.5803761310853581,0.28392732892432754,0.8354917722342222,0.14138964782173144,0.556100472169883,0.5823470590995569,0.57416056770166,0.24742718222370835,0.8601965030383071,0.5824606409125389,0.5877056456178663,0.28419847642719726,0.8456810249534902,0.14335863753866443,0.5619010937310664,0.5863641348225075,0.5781746329765591,0.24524243984034907,0.8654440590567561,0.5869246115755985,0.5934601075365961,0.2829600738417975,0.8471664406538526,0.14635799096472998,0.5663478103732416,0.5753316481447022,0.5717092148820975,0.24223360850096923,0.8633735381719739,0.5700471548589195,0.5779013036868327,0.27440675725554986,0.8287661348098747,0.14308390854333075,0.5536864767089614,False,,,
P448fs,frameshift,True,25.0,25.0,0.0,none,none,,5,10024302;19841300;22199116;26318259;32893267,25.0,1.0,,,0.5679346463360814,0.5627220038270184,0.2500793646501594,0.8463622715393772,0.5943966555328032,0.5986112165836162,0.27396816993605205,0.8801342079485692,0.15414124419084635,0.5714274885211507,0.5237340426211323,0.5247488295830904,0.2070489346608559,0.8252609285844131,0.5535506311610072,0.5630366516371266,0.22257983282535285,0.8583376091688341,0.16554228280683977,0.5399891040929442,0.5223540047669304,0.5184033818223599,0.19033167605722817,0.8356668707323389,0.5564622659830724,0.5600965806815901,0.2240732060362217,0.8657825365361032,0.1667136775766022,0.5426300070886116,0.4732838882927845,0.4742901040718614,0.15970677849347167,0.8141912883446082,0.5064336692550104,0.5059009730853081,0.1682650629775616,0.840353834630459,0.1777685275501192,0.5040250849171906,0.4304742885235544,0.4386508678200055,0.1373095200117949,0.7774052507492236,0.4672689703782035,0.4623814752898915,0.15878939052173804,0.8018666315972561,0.16972609635836758,0.4732706045455107,False,,1.0,11.0
S349W,missense,False,17.0,25.0,0.0,P/LP,clinvar,0.9954,8,10973849;18273958;20662986;24552659;25471708;33614747;34142889;36496179,25.0,0.68,,,0.5679346463360814,0.56095318446412,0.24598318575102893,0.8487580339236823,0.5671284194527042,0.5733138187698738,0.27696156265032823,0.8243260422233405,0.14067098024343988,0.5494162311180489,0.5781463959934521,0.5737404801218587,0.2604809481303278,0.8433014549646136,0.5716541581479074,0.5788974142839166,0.28134349913515216,0.8302560560933367,0.14141443810417614,0.5531216836654488,0.5818065030795175,0.5742253123016022,0.24297765365030718,0.8623860781337652,0.5793506974362814,0.5848559614532767,0.28627978852434377,0.8395773059647794,0.1437478425841775,0.5594665005787394,0.5863641348225075,0.5747796173562058,0.25040352470349286,0.8615800769323112,0.580246948449026,0.5845452817684748,0.28411661786044834,0.8401184497428583,0.14665388259641796,0.5608894778365481,0.5747373644162906,0.5690742322446493,0.2533860289315069,0.8559670252286876,0.5701503055379048,0.5780815521451246,0.27754729971076664,0.8303827863001539,0.14331189892691565,0.5538429510360585,False,,0.6,20.0
V133I,missense,False,0.0,25.0,0.0,VUS,clinvar,0.4474,1,27810088,25.0,0.0,,,0.5679346463360814,0.5632580660390535,0.24470216678995418,0.8407195578782377,0.4276069401669699,0.4328640752289672,0.13479917273439065,0.7140082757723111,0.15421238525491968,0.4421933947357712,0.5781463959934521,0.5708694199201619,0.24926278222937454,0.8604446480183975,0.4344439971674267,0.43566641126866046,0.13534590919231015,0.7319632064139441,0.155626209696866,0.4472760714900792,0.5123941660878728,0.5108564487711784,0.1782976557664862,0.8330457197842689,0.3797019989769171,0.3762010902271091,0.09918573735869188,0.684352484836286,0.15715514482277107,0.40381046037913526,0.6070907159007526,0.5980708133503554,0.2518392347929923,0.8868616219135272,0.4383314869956419,0.4365193710827907,0.1284476167189172,0.7598174020780368,0.170232477967013,0.44857931045945126,0.5691058519410963,0.5640229324044234,0.22229797887038297,0.8534793055780496,0.41178033282155896,0.40964099747872573,0.10889907340061793,0.7283734509005426,0.16717943743339933,0.4265888797482921,False,1.31423e-05,,
V524G,missense,False,25.0,25.0,0.0,P/LP,clinvar,0.9449,7,15466642;15840476;19841300;21964171;22199116;32893267;37975542,25.0,1.0,,,0.5679346463360814,0.5586743963047294,0.24215710080919822,0.8423831185380859,0.6058194932148807,0.6099925909348535,0.28559658075434435,0.884634749882602,0.15309414429615803,0.5805869792958417,0.5781463959934521,0.5697890507930331,0.24603015188415414,0.8470634142495826,0.6138391330921337,0.6208907234322883,0.28824368730482697,0.8885236552210002,0.15589642735269715,0.5867424702324171,0.5755690694577053,0.5705949235290234,0.25503306856460367,0.8542617684414582,0.6155269958537003,0.6208208418116539,0.28766009891225797,0.8935580451198937,0.15585432011385522,0.5886659087466838,0.5863641348225075,0.5808897738076284,0.2528911004313896,0.8641352103240215,0.6240456209994127,0.6382521438564319,0.266654071052286,0.9058375519412075,0.16267567525808435,0.5968209678532623,0.5678794717128072,0.5624792791200172,0.23447307871582423,0.851752617799756,0.6040223046581464,0.610618326509009,0.258138111454963,0.8913155714388085,0.16450787141263493,0.582031697805832,False,,1.0,11.0
I145=,substitution_cdna,False,18.0,24.0,0.0,B/LB,clinvar,,3,15192825;26118593;38908219,24.0,0.75,,,0.5679346463360814,0.5573922026230641,0.23865723862971933,0.8490980858270454,0.6005614243778102,0.605602983907906,0.318037661254135,0.8497145804390863,0.13733505794610965,0.5754003060956233,0.5781463959934521,0.5734505493180176,0.26150227822493033,0.8475001986095985,0.6090848788725535,0.6155332195464663,0.3272307993580934,0.8595091306998768,0.13750528084310432,0.5821422000876838,0.6732049630213349,0.6577372218088299,0.2977806883159567,0.9161543172783307,0.6783230989625435,0.6972566671601721,0.36302041323788026,0.904151258490965,0.14216818104108006,0.638281786875803,0.3721928968573354,0.3823168291633193,0.08205959589169926,0.7857973105965915,0.44576873850907256,0.4379551680019407,0.13893944902808367,0.7998963330230215,0.17563733212951213,0.4562397915657423,0.5714515925395599,0.5667931166258865,0.15909528377087326,0.9106294640351296,0.6014482027485262,0.6194558079273078,0.22428355261670607,0.9001743125469557,0.18463402608602833,0.5802543481987196,True,0.00474122,0.625,16.0
R366Q,missense,False,15.0,23.0,0.0,P/LP,clinvar,0.9867,6,10973849;24689698;29037160;30758498;32893267;41858555,23.0,0.6521739130434783,,,0.5679346463360814,0.5598745943872336,0.2542614078080023,0.8374520392044121,0.5168168450621575,0.5216778901751091,0.24825707438901043,0.7624948908157176,0.13394342408009463,0.5112904309937668,0.5781463959934521,0.572978553199865,0.25053434086346243,0.8579426835283501,0.5232359654702126,0.5265742222304867,0.24480363851548048,0.7790033905679548,0.13710057265103986,0.516174086577921,0.5807362624350694,0.5743356173162981,0.24250291167958785,0.8654589260521471,0.5223157513108514,0.5291573058153589,0.24057550917498913,0.7800148882477281,0.13974826993459027,0.5154168706898259,0.5863641348225075,0.5763568527717928,0.2430120364600497,0.86839340617039,0.52658955198046,0.5336459778426865,0.24271998215168603,0.7845952764960658,0.14038930350248932,0.518860346801549,0.5735607022411484,0.5695840685894362,0.24914577506565763,0.8491660898896628,0.5180887317265848,0.5218427415219868,0.24119547016756912,0.7786003470589206,0.13735988796131504,0.5127348622871277,False,3.98026e-06,0.7333333333333333,15.0
A525V,missense,False,15.0,22.0,0.0,P/LP,clinvar,0.9754,4,29688407;30758498;32681117;32893267,22.0,0.6818181818181818,,,0.5679346463360814,0.5609955558357698,0.23160645131732924,0.8397332959079503,0.5656521411765955,0.5702283380496358,0.28189273170191587,0.8345600953525937,0.14194032719078598,0.5487076273863889,0.5781463959934521,0.5708767171757695,0.2519342589742203,0.8464468649880302,0.5724976835110749,0.5794877236627027,0.2843369052321047,0.8354464888384558,0.1431112808842133,0.5536707355935419,0.5793434264233738,0.5748560192945833,0.2631610363265483,0.8578927145707684,0.5751724427633667,0.5810429317903216,0.26830583796536706,0.8402390834778266,0.14687290067679307,0.5564130746692182,0.5863641348225075,0.5815155414339538,0.24159594760841602,0.8693289334728151,0.5777167912062252,0.5845372565799634,0.28238579864950997,0.8372335478133762,0.1444864446095473,0.5588900733810901,0.5720293044385343,0.5676643213445114,0.2460315120771528,0.8522476193918619,0.5650557845373482,0.5718636494657775,0.2774559588727673,0.8260760547706218,0.1416981412479918,0.54962214629117,False,,0.6111111111111112,18.0
Q356X,nonsense,True,21.0,22.0,0.0,P/LP,clinvar,,7,10973849;18239739;21350584;27379800;32686758;32893267;37967257,22.0,0.9545454545454546,,,0.5679346463360814,0.5639303822954843,0.24984150315950696,0.8491276163384479,0.5814350445477481,0.587992008042122,0.27596330603213626,0.8468350804982988,0.14687240087157008,0.5608508436769662,0.5237340426211323,0.5241690289493253,0.19731900880055758,0.8297460461777808,0.5433534895620653,0.5450652244563177,0.2223592711122283,0.8293347940641075,0.15587584555764697,0.5319302680602382,0.5223540047669304,0.5185318684779917,0.1901398261983485,0.839471433029894,0.5452803100423325,0.5473204025796763,0.22734070213799423,0.8432980744803676,0.16061072398288173,0.5339019842874871,0.5502375238083598,0.5472393355884678,0.20565409804862103,0.8641539845149399,0.5704181224537456,0.5753478580962448,0.244042366024336,0.8637043590217389,0.16154288666563904,0.5539250051678234,0.5567719733512766,0.5496155222202371,0.2046944179418054,0.8496943330492152,0.5739940104297795,0.5808057161658258,0.24600628790299184,0.8565618652800924,0.15680894364233972,0.557278254382729,False,,1.0,15.0
c.477+5G>A,splice,True,20.0,22.0,0.0,P/LP,clinvar,,7,10973849;21350584;26496715;32508908;32893267;34135346;37821546,22.0,0.9090909090909091,,,0.5679346463360814,0.5631515709678812,0.25016344800159174,0.851236259650546,0.603258843594647,0.6082775268369184,0.31722138307621117,0.8484499214533511,0.13663708924784693,0.5776966027117365,0.5237340426211323,0.5222597717769413,0.1911101131087706,0.8371607326956036,0.5725519881726349,0.5755200540739139,0.2843324227911149,0.8356517561730656,0.14317292070002513,0.5543175679745703,0.5223540047669304,0.5211893557891161,0.2003165489080494,0.8293811755579811,0.5696178536698842,0.5749647851206272,0.25750404479710837,0.8534755998935913,0.152985486598531,0.552713695262027,0.5502375238083598,0.5470305013095479,0.2051816254133902,0.8514801089645598,0.5954615797119696,0.6028345257429379,0.2861417941965355,0.863326533059015,0.1499710061749183,0.5732838538496569,0.5567719733512766,0.5468320792873104,0.21305153465955637,0.8512398748894512,0.6009558132483083,0.6096628639670992,0.299094780262062,0.8627860445548186,0.14781625810310436,0.578914819511149,False,1.19533e-05,1.0,10.0
D242N,missense,False,14.0,21.0,0.0,P/LP,clinvar,0.9969,8,10973849;28739325;29925740;30758498;32681117;32893267;41528272;41858555,21.0,0.6666666666666666,,,0.5679346463360814,0.5573537712886478,0.2452489278697348,0.8424257976342959,0.5389883774188916,0.5463792171770848,0.2328438374819035,0.8136428127531729,0.15034129854482736,0.527953716420784,0.5781463959934521,0.5738562423748232,0.2463551881736909,0.8569662607525004,0.5477050282336392,0.5570922991963576,0.23210162326923692,0.8201806244719018,0.14799173069222224,0.5344113421538972,0.5819908379130905,0.5707017623857873,0.23825911705460373,0.8611134350194927,0.5482096598701046,0.5549983518640704,0.23131933724351897,0.8272323474757136,0.1507353628563595,0.5353141908050922,0.5863641348225075,0.5766948613650114,0.2406439062752834,0.865458745749636,0.5468841752774566,0.5599314442546272,0.22838952617508776,0.8240136805282436,0.15399859532358157,0.5343347189286074,0.5749400229399078,0.5682065663181995,0.2416438713444656,0.8576332631553102,0.535029322625659,0.5418425425465441,0.23155875273958695,0.8132417095857519,0.14977594373059458,0.5257020065757945,False,4.016e-06,1.0,6.0
G316E,missense,False,20.0,21.0,0.0,P/LP,clinvar,0.9996,7,16414944;19808498;20981542;28292826;29925740;30758498;32893267,21.0,0.9523809523809523,,,0.5679346463360814,0.5589986383597342,0.2520615719792278,0.8388548208828139,0.5719990487105444,0.5780874242810612,0.2632346767391542,0.8435940259412328,0.14875603614801458,0.553941894515477,0.5781463959934521,0.5701567175037193,0.25389503949396797,0.8460303593415216,0.584273604124439,0.5932191870267731,0.27809012481853634,0.8515546398139792,0.14831918061190713,0.563025988592878,0.5823224988913962,0.5748335974691883,0.2398695352511623,0.8668345417636314,0.5845105531642014,0.5918049662791427,0.2593153578574008,0.8560974237046424,0.15194791798741852,0.5637819604985912,0.5863641348225075,0.5797413044696718,0.24361139497624096,0.8701730100198487,0.5913691119122696,0.5990700819458488,0.2624458054063097,0.870279825437048,0.15497636434078146,0.5701649214553145,0.5753046472162406,0.5710106707530616,0.24232915554191917,0.8570061159589756,0.5835338898039929,0.5874916560587962,0.2746063538684338,0.854597100914319,0.15161474056124646,0.564650802633245,False,,0.8333333333333334,6.0
I567T,missense,False,13.0,20.0,0.0,P/LP,clinvar,0.6988,9,16414944;24372464;28438721;29925740;30758498;31424047;32893267;36277779;38014677,20.0,0.65,,,0.5679346463360814,0.5660033169175108,0.23884461149598066,0.8499565210164821,0.5280336923812572,0.533823813290044,0.2463188327009895,0.7911064417320309,0.1401895691164711,0.5196508602291655,0.5781463959934521,0.5717398457176441,0.25690284086374504,0.8540779063746367,0.5365882277841671,0.5421681914562125,0.24527540221327554,0.8136788773072741,0.14693214472468122,0.5261604856783428,0.5445130746988017,0.5429978955515448,0.21804565128145947,0.8501605038577305,0.5106079028840721,0.5170188267904794,0.22091318094908,0.7831377364180038,0.14434803000825358,0.5065495917366322,0.5863641348225075,0.5789742221036396,0.24891757475263018,0.8641062721047397,0.5371964614834128,0.543800876759931,0.22848339140830104,0.8080981746961154,0.1509300847801351,0.5270688274758821,0.5338448890381697,0.5315354466276196,0.20164301258204742,0.8498253349144053,0.49571841677811296,0.4975165801757191,0.20477700881103486,0.7752307722653139,0.14686602177899946,0.49506690519989865,False,,0.4166666666666667,12.0
A302V,missense,False,13.0,19.0,0.0,P/LP,clinvar,0.9871,11,15466642;17222736;19808498;22677073;24606995;25786344;26496715;29876285;36277779;38740897;40313678,19.0,0.6842105263157895,,,0.5679346463360814,0.56429898748913,0.2425551902678999,0.8470570140955306,0.4582390657671428,0.46416868448461324,0.15481196410818507,0.7393920658180378,0.15375804029147724,0.4658409152636191,0.5781463959934521,0.5713611343672484,0.24866498452057123,0.8450415485406054,0.4673548830845206,0.47482579085371646,0.165146954278993,0.7484216323694021,0.15332534056513222,0.47290288521750934,0.5807855097060417,0.5726690153915479,0.23293082339898002,0.8627882628750398,0.4612393315652358,0.4640808691246629,0.1573677473948784,0.7491399578733876,0.1554562466771565,0.46793770434089854,0.5863641348225075,0.5816494147990076,0.2541411850145884,0.8623746916102186,0.45672501152419065,0.45875582211458765,0.15363888924102606,0.7508211574786966,0.15832528196860002,0.4637745232246695,0.5736148476417038,0.5651362838657534,0.23447662738135924,0.8547217381771736,0.4472100875392778,0.45097033453033863,0.15570897906309875,0.7249880242818009,0.1509590721062508,0.4561465084975937,False,6.57039e-06,0.42857142857142855,7.0
A590T,missense,False,10.0,19.0,0.0,P/LP,clinvar,0.3905,9,14998624;16623272;19841300;24713462;28491806;32893267;34395343;36277779;37901857,19.0,0.5263157894736842,,,0.5679346463360814,0.5618097224532809,0.24121576488992807,0.8490945910922169,0.4876374527569947,0.4893145171082375,0.22566226720182345,0.744422786975134,0.13531067868508131,0.4891906394364673,0.5781463959934521,0.5711203532064424,0.24629624410174353,0.8590347796280366,0.49450064639046587,0.4977759011447084,0.2258159455078845,0.7553332986922505,0.1372357994013326,0.4943549920790267,0.5051757318657948,0.5037973589697513,0.18318607135995782,0.8202033204003868,0.44374329209704966,0.4415823813900555,0.1771665405729539,0.7191887742469729,0.13896633564502534,0.45573014364337056,0.5863641348225075,0.5795000287947868,0.247561244475556,0.8655042833751407,0.4914193480091648,0.4929872565539245,0.21094868881326154,0.7552721137114559,0.14067636612297454,0.49170331750126517,0.49152363100321883,0.4925557312386792,0.15844735082500427,0.8182345479829768,0.4344514037918236,0.43080710383956033,0.16981911805734812,0.7217491786182616,0.14641589699650331,0.4469995222512993,False,1.97171e-05,0.75,8.0
F340del,inframe_indel,False,15.0,19.0,0.0,P/LP,clinvar,,8,10973849;24606995;25294783;29925740;30758498;32681117;32893267;36277779,19.0,0.7894736842105263,,,0.5679346463360814,0.5626194518915579,0.2380264402945894,0.8537254720388413,0.5833016375805143,0.5857104816175571,0.3029650624831167,0.8344216148427526,0.1356534205066336,0.5621573674020202,0.5781463959934521,0.5699325816604252,0.25598289934278745,0.8542338975253165,0.5898856462386391,0.5953886405269657,0.3074389836391621,0.8388822620672249,0.13570279045382036,0.5669038373175271,0.6732049630213349,0.660326635705161,0.3034553719343368,0.9116791468961708,0.6638958609699146,0.6759878328562907,0.36637770816385734,0.8842982689816613,0.13658994687588805,0.6258495179582694,0.5863641348225075,0.577618953149611,0.24759265074387307,0.8566097765314927,0.597353345201911,0.604282704338002,0.2995627750641399,0.8482173627305113,0.14189194327624793,0.5743806543373947,0.7378165423451553,0.7230280910096909,0.3743319207839858,0.9348925377642938,0.7143382237470925,0.734264646608598,0.40344482723245345,0.9131193556499464,0.1326108561696591,0.6713868385432081,False,6.843146862143438e-07,1.0,8.0
Y315S,missense,False,19.0,19.0,0.0,P/LP,clinvar,0.9941,5,10973849;19841300;20959120;24217263;32893267,19.0,1.0,,,0.5679346463360814,0.5599187243799253,0.25183334547732567,0.8474428013356993,0.5872201052599324,0.5949567933580211,0.261498163730185,0.8727917788821007,0.15900048461692173,0.5658772229878732,0.5781463959934521,0.5695344381408984,0.24740461998748864,0.8523414408373466,0.598474299400065,0.6035543520788478,0.2827585457467829,0.8721326429439219,0.15082782171474407,0.5744650646666312,0.5816467009145567,0.571832441444248,0.2453258095182478,0.8599534863723473,0.6054096366299898,0.6125762876990966,0.27473476850849554,0.8934188952636827,0.1617508653582912,0.5811073419449907,0.5863641348225075,0.5774657151726628,0.24804509712398323,0.8686812793806801,0.607145662463983,0.6186452137694899,0.26735854353232696,0.8925373666713164,0.16147738888978758,0.5832900833004482,0.5745616756372518,0.5669449560667053,0.2315620164459734,0.8587342356972499,0.5969363354075715,0.6032120076258194,0.26189483935168073,0.875960131304856,0.15640888263587963,0.5758433501053487,False,,1.0,12.0
L342F,missense,False,11.0,18.0,0.0,P/LP,clinvar,0.9905,4,10973849;24217263;32893267;34505893,18.0,0.6111111111111112,,,0.5679346463360814,0.5644306576163091,0.24254913339852927,0.8457597200703689,0.5672757267396036,0.5712344434425157,0.28572864951680915,0.8247785283995213,0.1394756954550385,0.5498353480149673,0.5781463959934521,0.5723381626477221,0.24818143962841344,0.8547499602770078,0.5748433182728879,0.5781512825031432,0.2743312236081994,0.8370654181164092,0.1442957306512548,0.5554706302519173,0.5812039532953828,0.5738129376043662,0.25064886661717345,0.8585463477425596,0.5740303371950379,0.5791383938182872,0.28174628018403985,0.8380562326882048,0.14232077882434563,0.5552858263076527,0.5863641348225075,0.5771351114267086,0.25436393751298636,0.8629053461658808,0.5774615041444344,0.5860748945793852,0.27270735029674387,0.8416883713868389,0.14898797921824594,0.5585988193060871,0.5740749055548082,0.5675040160205543,0.2332911958126559,0.8530827062443077,0.5758290837876556,0.5833853758741342,0.27862514420693474,0.8307598936578231,0.14237222932025181,0.5580600949423252,False,,0.5,14.0
P631fs,frameshift,True,7.0,18.0,0.0,none,none,,7,10973849;16414944;19825999;27379800;30758498;32893267;33498651,18.0,0.3888888888888889,,,0.5679346463360814,0.5611823580815539,0.24297159928702813,0.8450352613241038,0.4659230790643399,0.4673012595856671,0.1954434931153129,0.7354127485865717,0.13939150060444783,0.47266058979547376,0.5237340426211323,0.5220480558750152,0.2025852983329175,0.8284292044664026,0.43750416884450244,0.4348035575942918,0.16788267791223366,0.7221359450655319,0.145501732589873,0.4510339065487796,0.5223540047669304,0.5196055115201016,0.19529051737532901,0.838620980309981,0.42865827836938813,0.4239637155284112,0.1594291852196648,0.7083418298616468,0.1421405961557097,0.4439037258360826,0.4732838882927845,0.47634409592900767,0.15558305472923523,0.8026686628006034,0.3905308859002065,0.38306168093380943,0.14104581739924218,0.6815542047145324,0.1403741617804978,0.41384261431033487,0.4304742885235544,0.43764583426637926,0.13270781886714297,0.7809912611789483,0.3669337914616496,0.3606216013345941,0.12929156767366337,0.6504598977835443,0.13652565286894883,0.39386345443653104,False,,0.5714285714285714,7.0
W305X,nonsense,True,10.0,18.0,0.0,P/LP,clinvar,,5,12702160;29876285;32893267;36140355;41940510,18.0,0.5555555555555556,,,0.5679346463360814,0.5657140242014844,0.24852133176817104,0.8595322883366879,0.5423377992373436,0.548102007903891,0.2601473986047817,0.7975775180886061,0.13892601619689043,0.530437758674531,0.5237340426211323,0.519141469066203,0.1996163208405157,0.8347526265724053,0.5125134946134028,0.5148017691650508,0.22800609989412324,0.7981836815175937,0.1475075165060184,0.5083452299205857,0.5223540047669304,0.523911400456919,0.19627564402710712,0.8301100407705139,0.5052691289452192,0.5093875335881395,0.2145404968053536,0.7907408597449719,0.14693982843636139,0.5027254886802069,0.5502375238083598,0.5483928277255463,0.20390766186908027,0.8581069950829119,0.5258914201206261,0.5258320507656842,0.24150779038443385,0.8125376233361776,0.1476865491529039,0.5186529282445148,0.5567719733512766,0.5521615957140685,0.22023274983612137,0.850434498959016,0.5314539417946369,0.5363376806766074,0.2448114261843154,0.7953284477040615,0.14338301257683464,0.5232328552183398,False,1.60527e-05,1.0,5.0
E146K,missense,False,11.0,17.0,0.0,VUS,clinvar,0.3124,4,16414944;20167303;24596401;29672598,17.0,0.6470588235294118,,,0.5679346463360814,0.5599403776704595,0.23817333971178553,0.8448182424150199,0.5409644087688944,0.5469408699412295,0.2589077800791024,0.7999194314340137,0.13766379015472952,0.5294617191614944,0.5781463959934521,0.574215124277838,0.2625991270356841,0.853843657521908,0.5485494347981391,0.5540520304335721,0.27093944407466325,0.8021715380199259,0.13662632129363844,0.5350718126443066,0.4953407621925012,0.501354422493782,0.17146743044954477,0.829766526487041,0.48717662875967105,0.48693196269620515,0.2044162938205867,0.7771306345770865,0.14897016937485824,0.48889325924797783,0.6070907159007526,0.5956298771402023,0.2500454762055684,0.8784647425184661,0.5678764720506699,0.5738569409554476,0.26661243267280993,0.828380866933328,0.14725719002677645,0.5509725675357875,0.5506030050497555,0.5459973673700096,0.20612877140632088,0.8549007433072797,0.5269289723067448,0.5310652570332326,0.2446292835290053,0.7928200906259727,0.1459425068207954,0.5196708290263737,False,7.95507e-06,1.0,7.0
G568R,missense,False,9.0,17.0,0.0,P/LP,clinvar,0.9945,6,19841300;22885918;22956155;32893267;36277779;40313678,17.0,0.5294117647058824,,,0.5679346463360814,0.563203703855782,0.2536640040880961,0.8412797271871992,0.5041642845814666,0.5150718561401805,0.19647910430450388,0.7837149674162422,0.1516289614139287,0.5012469886568794,0.5781463959934521,0.5715415866084192,0.2625711655733196,0.8454966030365764,0.5198850555098569,0.5291054894501143,0.20615611755985655,0.7918915357916672,0.15041920096919217,0.5129059610666264,0.5816958752847375,0.5700248570332673,0.24120166542600677,0.8597952277097175,0.5115928022169288,0.5210947331896962,0.19322596576893675,0.787584053820218,0.15551236312432504,0.5065943100206808,0.5863641348225075,0.5755250056946866,0.2501523702998368,0.8612303457644881,0.5095196492433601,0.5141247600798564,0.19711660546204826,0.7915361122202672,0.15549805986449597,0.5050302352464887,0.5746157387924985,0.5651719779086816,0.23081708476589072,0.845200693491209,0.5019546286762935,0.5088012469770834,0.19764226372711366,0.7855744772955672,0.15300436995564728,0.4992922420636956,False,,1.0,5.0
R397W,missense,False,13.0,17.0,0.0,VUS,clinvar,0.2747,7,19841300;22199116;23571586;30615648;34398675;39055936;41858555,17.0,0.7647058823529411,,,0.5679346463360814,0.5621105835316269,0.23672439011269908,0.8454663051115535,0.5436097002033177,0.548699670645478,0.23284369573628427,0.8275154851576586,0.15105010767604843,0.5313520319630443,0.5781463959934521,0.5705853942698753,0.2509629903376789,0.8521910679815032,0.5559075017143451,0.5638652368761233,0.24663757212329038,0.8324304562434419,0.15229042976586551,0.5409801784569057,0.4906306505645754,0.4909743493210169,0.16704859747259942,0.8186192141158256,0.4757176524206843,0.47576769783394535,0.16728818162099282,0.7873958924408571,0.1626277470523083,0.47963970381439647,0.6070907159007526,0.5962939975843107,0.2486419132304346,0.8783733407930181,0.5704591802206395,0.5800440852685846,0.23456698409955587,0.8473150971874905,0.1618902788486656,0.5528820454944082,0.5454169863085789,0.5424719696249163,0.202080017015085,0.840642562826174,0.5183787998182706,0.5267485134268144,0.1896829028359994,0.8181716351992756,0.1656159561727625,0.5123968371750196,False,0.000198932,1.0,6.0
G179S,missense,False,13.0,16.0,0.0,P/LP,clinvar,0.8759,8,10973849;25935074;27485560;28944242;29684900;31785541;32893267;37975542,16.0,0.8125,,,0.5679346463360814,0.5575192025375239,0.2387256725657193,0.8443990495306833,0.6036434824490856,0.6075715955287735,0.3331303134856868,0.8537651777134858,0.13451055268629,0.577940519987077,0.5781463959934521,0.5739569657554535,0.2473026953099787,0.8551948061433137,0.6150877918086209,0.6205767327688987,0.3424493413147699,0.855776615215906,0.1311817941695543,0.5864468585922386,0.5669572671588181,0.5608690383942402,0.23572549055037953,0.8491103899698201,0.6041395724834056,0.6087955502588553,0.3173358214088642,0.8552321757897776,0.13908104407202856,0.579167094602514,0.5863641348225075,0.5776808576659502,0.2608333977480122,0.8658533389181509,0.6200417166475507,0.6288042055900896,0.3368367542798269,0.8661988129886647,0.1378870959786831,0.5924590888605678,0.5584152540814211,0.5545008965692357,0.2234423974095598,0.8565116298553802,0.5989297901659307,0.6054670991809017,0.3265681916518747,0.8430498134119967,0.13502279646752544,0.5766713526871847,False,6.57013e-06,0.8888888888888888,9.0
P117L,missense,False,10.0,16.0,0.0,P/LP,clinvar,0.9973,5,11684219;18222468;23304551;30758498;32893267,16.0,0.625,,,0.5679346463360814,0.5621402408679044,0.24634294158941664,0.8483507695430774,0.558513719887528,0.5635876013475585,0.2864841303587817,0.8117358156329134,0.1350685267367744,0.5429685566537644,0.5781463959934521,0.571929116489125,0.2511638446243874,0.8526098509022811,0.5688491471168158,0.5742764135403855,0.29937915763520095,0.8119130722136889,0.1315967493015397,0.5506712763675087,0.5820399843864379,0.5749801519425719,0.2393426317548377,0.861746386222881,0.5690696323503783,0.5754697326043541,0.286843352052382,0.8298293116999412,0.13800945368671247,0.5513928239521632,0.5863641348225075,0.5783973615105868,0.2529119204882774,0.8648875116232876,0.5704303344468414,0.5764662606316122,0.2819040101567895,0.8261521261722655,0.13942730827505245,0.5530160995514815,0.5749940544452109,0.5725833413896011,0.24096027637897793,0.8636421270182445,0.5591708866241779,0.5619495009023872,0.2861713328592609,0.8142164294820156,0.13602443682490165,0.5451579010575289,False,,1.0,4.0
A300T,missense,False,9.0,15.0,0.0,Conflicting,clinvar,0.9316,8,10973849;19841300;22949429;28600177;29688407;32893267;33693037;34884666,15.0,0.6,,,0.5679346463360814,0.5611785980005847,0.246595072049904,0.8373211547392384,0.5482609448906179,0.553481769674568,0.29408633135192963,0.786437451892787,0.1250017111583414,0.5350216275019766,0.5781463959934521,0.5702233829403048,0.2493259007254109,0.8478362336317782,0.5557453550581011,0.5630873348957744,0.29331638291022066,0.7929216630620631,0.13083853647743127,0.5406262743946169,0.5739166836760172,0.5665718601266339,0.23587183960174152,0.8580402789970739,0.5496168083695925,0.5531526352220142,0.2755155953543234,0.7964105843591699,0.13317596059413672,0.5363241005099142,0.6070907159007526,0.5994161147263529,0.2584649958992854,0.8763671875166186,0.5676349449736225,0.5751518440778352,0.2849102813595034,0.8154074122599351,0.13828025838304403,0.5507138414442486,0.6315447410064028,0.6204507985662021,0.27826570348099733,0.892998406119984,0.5843000822037142,0.5922349246543386,0.3066297849960666,0.8192137753063613,0.13244797522416027,0.5644661634879679,False,4.80165e-05,0.625,8.0
F339S,missense,False,9.0,15.0,0.0,P/LP,clinvar,0.9954,6,17224687;19808498;23291057;30758498;32893267;34505893,15.0,0.6,,,0.5679346463360814,0.5628020916149867,0.24330013317522767,0.8512093814884014,0.5080225457922729,0.5136648206069363,0.22850355718918142,0.7762705547926712,0.13998145123382272,0.5044729946632545,0.5781463959934521,0.5697427632089898,0.24798980254712405,0.8586034265940946,0.5139509565462285,0.5198360974521786,0.2343091841013201,0.7668226891917828,0.1386258133883551,0.5089184267500794,0.5818065030795175,0.5706050948677601,0.24540186382674403,0.8636872887130402,0.5119362730205869,0.5180302727695557,0.22372272719243902,0.779116307482241,0.14249730501886945,0.5073168942843362,0.5863641348225075,0.5777633822796566,0.24665943086226594,0.858321645513306,0.5130186293720628,0.5160373986250124,0.21734373803846604,0.7807533818539174,0.1462899358397137,0.5083791271402663,0.5747373644162906,0.5679315193571123,0.2345748853357279,0.8571140732652098,0.5056494470786806,0.5095899986470007,0.21480371454980113,0.7718963019283178,0.14512254275512204,0.5026480969785966,False,,1.0,6.0
G272D,missense,False,11.0,15.0,0.0,P/LP,clinvar,0.9983,7,16414944;19841300;22629021;22949429;26496715;30758498;31226583,15.0,0.7333333333333333,,,0.5679346463360814,0.561483746325405,0.2365397924042028,0.8475046930351148,0.537065676168693,0.5411490433882538,0.2547875300152811,0.7915667678925641,0.13611540909935982,0.526437287511391,0.5781463959934521,0.5705248977339121,0.24603296077178677,0.8475272449685585,0.5454517209982792,0.5526983164254393,0.2689373579559013,0.7885087128411226,0.13653908939904089,0.5328199937251004,0.582162833065617,0.575715657423525,0.24855172196446645,0.8604307114644851,0.5463670292917326,0.5538929553804335,0.23984806284193713,0.8015069209405791,0.14361790896934626,0.5339597554516182,0.5863641348225075,0.5770736580081097,0.24236733000457092,0.8659611831580193,0.5461206929958397,0.5520222114955622,0.2583363789318669,0.8062224548852585,0.14118263210748638,0.5339794919356424,0.5751291133108125,0.5684312349917586,0.2380075263713345,0.856909844999731,0.5413713632025313,0.5460403881289815,0.26295077165178743,0.7910979945326425,0.13794398242370276,0.5310905411065121,False,7.98626e-06,0.8571428571428571,7.0
L250H,missense,False,10.0,15.0,0.0,none,none,0.9992,6,10973849;29439887;29925740;30758498;32681117;32893267,15.0,0.6666666666666666,,,0.5679346463360814,0.5624431263475423,0.2435768072456742,0.8408531964618533,0.5609555159515582,0.5656298461221545,0.2793808589252368,0.8155904613380679,0.13735676785483705,0.5449665583153066,0.5781463959934521,0.5704920168895312,0.2605165946340957,0.8462304328118291,0.5703031497804207,0.5757971870488638,0.28694232510670475,0.8240935450557579,0.1378001769644602,0.5517403074646492,0.5822733754610893,0.5756094256973933,0.24165526265189619,0.8665947328061325,0.5733240824374114,0.5775345178673574,0.29273654194983795,0.8240052081949509,0.1366891002340348,0.5547476296589127,0.5087357125120241,0.5072268624194689,0.18028855424619844,0.8270998417282078,0.5180617855625891,0.5183450829330711,0.22848978302766804,0.8071251433135372,0.14788236541460925,0.5132880072084227,0.4480434280352439,0.45182318138645117,0.14427587656713364,0.806095669593311,0.4715031549080436,0.4657834365232334,0.2054475373753381,0.7652059045700864,0.14611724471334334,0.4774104736451759,False,,1.0,5.0
R174C,missense,False,7.0,15.0,0.0,P/LP,clinvar,0.979,6,10973849;28292826;29037160;29925740;30758498;32893267,15.0,0.4666666666666667,,,0.5679346463360814,0.5604466545338603,0.24703662497428797,0.8501695071888945,0.4978367546959488,0.5044746988459737,0.21503210481328297,0.7543470277515762,0.14046561399518628,0.4965801076014759,0.5781463959934521,0.5716177130280943,0.2540429386534643,0.8586683777366962,0.504092311992483,0.5088613963832154,0.20698042253913923,0.7764456607422928,0.1465780955795,0.5013219721340831,0.5797874953077905,0.5699942693561806,0.2323716667777347,0.8497944060893431,0.5020256963971531,0.5098085580661458,0.2089449259522079,0.7722362833806448,0.14598879733961947,0.49963890625661106,0.5863641348225075,0.5726608042472772,0.24797626601823,0.8616259807883828,0.5068896478193807,0.5149222048265293,0.20891606496682757,0.7750373999166994,0.1476026300754544,0.5032207374327172,0.5725175552232779,0.5703563601573709,0.2355442875855002,0.8659155046751154,0.49335755525436886,0.5018156205139594,0.19911551729549298,0.7668484765875476,0.1481603834753243,0.4927908649151132,False,1.3143e-05,0.4,10.0
R192fs,frameshift,True,14.0,15.0,0.0,none,none,,7,25471708;30354302;30406014;32893267;34411974;36310718;37946251,15.0,0.9333333333333333,,,0.5679346463360814,0.5635625386627523,0.2530946632592524,0.8446101913617907,0.5942402361816554,0.5989425929193799,0.2912581301502843,0.8600047559346651,0.14651536882951427,0.5707240068226566,0.5237340426211323,0.5195944194381278,0.19625893808754813,0.8240190973148585,0.5550416796826014,0.5625635124408959,0.24134943630909197,0.8398638213384609,0.1572537632027969,0.5408930760022189,0.5223540047669304,0.5243098089670983,0.19972627463260162,0.8419607369529124,0.5550764296415143,0.5575365250838756,0.2305774547461182,0.849791528503928,0.16049540817181224,0.541458024954103,0.4732838882927845,0.47659292743945564,0.1627100811944532,0.8260856251047405,0.517109269149054,0.5180529615612054,0.19577489411147367,0.8343815204876373,0.16840729375085747,0.5124315404882506,0.4304742885235544,0.4377927564974057,0.13349438685596163,0.7853932486206835,0.47517958148100736,0.4681772414786788,0.1727985918818265,0.8143446755932106,0.16795240248249935,0.4801515002731864,False,,0.875,8.0
W568fs,frameshift,True,1.0,15.0,0.0,none,none,,1,36277779,15.0,0.06666666666666667,,,0.5679346463360814,0.5629764667348945,0.2359707630437272,0.8477393715937067,0.46667257373382937,0.4728858262901241,0.16146509475516352,0.7557543925142881,0.15146572474981923,0.47243916289924376,0.5237340426211323,0.51869094511007,0.1949124125674081,0.8204989730785218,0.434235219213358,0.43320408597161175,0.1409481454684694,0.7302789454840757,0.15479278918463657,0.4478250009865383,0.5223540047669304,0.5212093771134774,0.19049479235163952,0.8339037802367103,0.42552471815271764,0.42717248170097555,0.1346639692104366,0.7298509148151128,0.15828360269417094,0.44038448875313696,0.4732838882927845,0.47272314636996227,0.16176858048403023,0.7951227841252586,0.38551818923041425,0.37854361106788836,0.12111412222952234,0.7060014785767552,0.1561715798258065,0.40832943895752644,0.4304742885235544,0.43938344050794753,0.1431981591109275,0.7817412155147234,0.3462167748839924,0.3351976023343729,0.09638501156266006,0.6593040517078927,0.1470004003414925,0.3757877945354909,False,,,
Y171X,nonsense,True,11.0,15.0,0.0,P/LP,clinvar,,7,11216980;12051962;21244686;26187847;32893267;33504163;41013213,15.0,0.7333333333333333,,,0.5679346463360814,0.5627658528023959,0.24976300453502465,0.8443213144173641,0.5375960147333825,0.5443139285073079,0.22949725799798262,0.8171044627404938,0.14834251692153108,0.5269850708481353,0.5237340426211323,0.5214002922579322,0.19382580831046403,0.8326743570731595,0.4982712441216705,0.5006343653226479,0.19620134542394496,0.7869122972873536,0.15433817778463288,0.49712736412104475,0.5223540047669304,0.5247694919507268,0.20050900649964074,0.8408507682534873,0.4989267753313624,0.4981750218621691,0.19081155994638904,0.7909367051779728,0.15665712963821055,0.4975187531984915,0.5502375238083598,0.5471987230909621,0.20807058813858745,0.8505959123117612,0.51604374373917,0.5220066326673439,0.1895891179379473,0.8147348628444339,0.16444764215845012,0.5104914200144366,0.5567719733512766,0.5509315950011825,0.21473564694903877,0.8593121660807003,0.5184336651431366,0.5226909619091069,0.20147167732487642,0.804953131498914,0.15812042896890866,0.5126121589683545,False,8.01667e-06,1.0,7.0
K393N,missense,False,9.0,14.0,0.0,B/LB,clinvar,0.4216,8,19841300;22677073;22949429;26970180;30020974;30816480;31337358;33552729,14.0,0.6428571428571429,,,0.5679346463360814,0.5596731956674708,0.25100624454903636,0.8458094788745801,0.5314050105450764,0.5380804387020421,0.24337488693036058,0.7898986867074849,0.13946409700818432,0.5220258898070353,0.5781463959934521,0.5687655524848396,0.24246760047620686,0.8489809485348935,0.544587822769161,0.5518349880125604,0.2508189468304471,0.8021667253502204,0.14403526587230323,0.53196489139714,0.5091164462229245,0.5066181564146578,0.18880160416725636,0.8245927214038622,0.48723805726112224,0.4915306728031603,0.19043045883341764,0.7786879603753817,0.15107149633488312,0.4886616023706797,0.3721928968573354,0.38060554335055485,0.0789407514097668,0.7868560016264199,0.383185447090534,0.371224241585839,0.10194983129751112,0.722463053916278,0.16935034425387552,0.40576840827284893,0.32948090739640334,0.3389798894354617,0.06715711846284805,0.7394566901493642,0.3452584005522044,0.3219412765450234,0.09452151177640684,0.7021596837436962,0.16032002622627214,0.3743151105389493,True,0.001094,0.7777777777777778,9.0
P408A,missense,False,4.0,14.0,0.0,B/LB,clinvar,0.0724,3,19841300;21964171;26970180,14.0,0.2857142857142857,,,0.5679346463360814,0.5613108411638325,0.2551054571340399,0.8454214398502891,0.49741393260541017,0.5023554118447526,0.21048737121121341,0.7609968935027139,0.14306880496232946,0.49611940919695763,0.5781463959934521,0.5680023052940956,0.24627158557762333,0.8465319629773814,0.5018892171803939,0.5089154458713584,0.20189715375685616,0.766249999892921,0.14660561724755508,0.49939120558067485,0.46590290064273926,0.46657248104688315,0.14200114717071624,0.8058776555564369,0.41860257001514856,0.41142781466232115,0.13642499307178305,0.73681838266201,0.15881696871094714,0.43550264747204487,0.3721928968573354,0.3839260553578355,0.08268998298540851,0.7660628913032513,0.34791267130507264,0.32829758101519557,0.0865841501767722,0.7058165847137621,0.16547007393882537,0.37714436086711467,0.2926156905221408,0.3047483097509113,0.052530897478522166,0.7077646648305373,0.28688673943530557,0.2644385826668107,0.06338654655886398,0.6436760968254601,0.15247280971294036,0.3247123402046041,True,0.00417827,,
S277del,inframe_indel,False,12.0,14.0,0.0,none,none,,6,16414944;17023080;20890437;27485560;32893267;36277779,14.0,0.8571428571428571,,,0.5679346463360814,0.5627196095410373,0.2427825487843473,0.8450847973435105,0.5313597102734217,0.5393309836539362,0.2176179477342186,0.8179661253746897,0.15213680552016734,0.5220852922166282,0.5781463959934521,0.5714214261530859,0.24441589555331344,0.8573681471583666,0.5424039211003455,0.5517086331924824,0.22513377565883325,0.8176333455765383,0.15382998713017507,0.5304540101955468,0.6732049630213349,0.6588433307933698,0.3041358770395234,0.9134320186168875,0.6235318835274675,0.6398636833779299,0.25530866801047275,0.8867769077205848,0.16215571307668022,0.5942330228736745,0.5087357125120241,0.5084566697401479,0.18626154652415428,0.8286894948431364,0.4735080187444061,0.4739237025132484,0.1528232159305052,0.7949812448252653,0.16782037955120105,0.47771677887984404,0.6316556472635034,0.6225232757421921,0.2631937379686532,0.8998621112101284,0.581865046895375,0.5950972118257964,0.2331120265602881,0.8705416648033408,0.16635997861906207,0.5632498427997434,False,,0.5,4.0
A178T,missense,False,8.0,13.0,0.0,P/LP,clinvar,0.8777,6,10973849;30758498;32893267;36277779;37089884;37975542,13.0,0.6153846153846154,,,0.5679346463360814,0.563116719865799,0.2530319408829451,0.8500993007715087,0.5488748757013543,0.5531514096388312,0.261355063414026,0.8024075694717825,0.1394047478098745,0.5356094366929309,0.5781463959934521,0.5734332772906733,0.25956710732299715,0.8522970585780637,0.5556304124106696,0.5614728420521962,0.2707724090230537,0.8166719221788553,0.13991128394789457,0.5407007417611615,0.5671830938339214,0.5564583260032706,0.23288739787788154,0.841181819370097,0.5455223584584167,0.5493666901223331,0.2639221736900839,0.8087192823972306,0.1404120242397437,0.5334851765782327,0.5863641348225075,0.5836611850850759,0.2538390837915149,0.8676647758681287,0.5572486829804018,0.5636368632088202,0.27327828925026776,0.8156927592501179,0.1424849741611695,0.5426810487897431,0.5586632913977574,0.5531436378093944,0.2339237963369193,0.8489745570296405,0.5357988271146223,0.5380028109945687,0.25695649935616105,0.8005234674924159,0.13973264269526253,0.5266917189559699,False,4.01816e-06,1.0,4.0
A46T,missense,False,6.0,13.0,0.0,VUS,clinvar,0.0714,5,16414944;19808498;25786344;32893267;36277779,13.0,0.46153846153846156,,,0.5679346463360814,0.5607674707504955,0.23936764425317236,0.8433295353050311,0.5144318600498009,0.5191460885299575,0.23429947144071472,0.772545222790807,0.13958530807378233,0.5093333612866578,0.5781463959934521,0.5713228916171775,0.26500882830012057,0.8472475673417545,0.5234329316554683,0.5267349389553232,0.23664739063495846,0.7949815294191371,0.1444248641898861,0.5160607494423054,0.46578332844905973,0.46666608985157676,0.1372530484473675,0.8193837257076138,0.43834874411940444,0.4357353846383682,0.1464237739088943,0.7508778075569268,0.1579340825767023,0.451212090141401,0.6070907159007526,0.5956785413855435,0.2483648607168048,0.8866957742987964,0.5326739845936037,0.5402161263767675,0.22991788622711468,0.8031743327324233,0.1521827235534616,0.5232443757191926,0.5176080841211059,0.5197583305800447,0.18189899506792362,0.8552330879905082,0.47683249233438413,0.47583030458026393,0.18206880244363033,0.7820537877393191,0.15901311556629527,0.48020070455427355,False,7.4234e-05,0.0,6.0
L353P,missense,False,13.0,13.0,0.0,VUS,clinvar,0.9999,5,10973849;19841300;22949429;32893267;36496179,13.0,1.0,,,0.5679346463360814,0.5637685299330344,0.24994957588642935,0.8447782829686105,0.5840195252527429,0.5908648980880361,0.2553414420140328,0.866805164910057,0.15518626388616913,0.5630097673563622,0.5781463959934521,0.5697031291742372,0.2545535369742522,0.853793960939769,0.5892440086663258,0.5966111595626298,0.2643295905965037,0.862623231508544,0.15391510731765393,0.5671200728428362,0.5823593388266989,0.5749379684227092,0.249183871742123,0.8683799273648434,0.5965586431249164,0.6011443101385867,0.2636098503264382,0.8843947649497306,0.15939298447141265,0.5737858848854096,0.6070907159007526,0.599674242347666,0.26528267297996144,0.8839732106569337,0.621783017005698,0.638054514556738,0.2674721626049204,0.894049506146523,0.16447804986327075,0.594716788546341,0.6395285260966297,0.6292017093715747,0.2572662686572325,0.904352664049238,0.6490466246985345,0.6674348794984605,0.2772981645198181,0.9253910285425251,0.16664229732896726,0.6189246400109851,False,,1.0,8.0
P447fs,frameshift,True,2.0,13.0,0.0,none,none,,1,12702160,13.0,0.15384615384615385,,,0.5679346463360814,0.5645652849927971,0.24550695171506387,0.8547081133336785,0.49412396145540927,0.5024868120818339,0.20222835719816928,0.7647470336035911,0.14547456637220255,0.4936084859179499,0.5237340426211323,0.5218955167018392,0.19173027709585932,0.8228998721180326,0.4580614190232644,0.45799474995467626,0.17084124597115669,0.7564737892315974,0.15471474608581393,0.4663555389058926,0.5223540047669304,0.5232587889131199,0.2047335792054971,0.8279981068775726,0.45200600480841935,0.4543976381320494,0.15400481337076713,0.751629482044091,0.15553376715681808,0.461208964230377,0.4732838882927845,0.4792998655807207,0.16150123695209223,0.8117456651073544,0.4120748904606707,0.4041523938293604,0.14057129775364804,0.727565076853114,0.15562692891507213,0.4298375364297466,0.4304742885235544,0.44204598201933454,0.14791179606171637,0.7903706338973634,0.37611107696208207,0.36567592183487674,0.12261467813111944,0.6857030526665017,0.14929314369694302,0.40059454904363434,False,,,
R583H,missense,False,12.0,13.0,0.0,P/LP,clinvar,0.2818,6,15851171;16414944;24606995;26496715;32893267;38657442,13.0,0.9230769230769231,,,0.5679346463360814,0.5621067552366966,0.24820874715641394,0.8357044627404823,0.6179956007139151,0.6240362473858885,0.31656104950268005,0.8747068455557484,0.14268382135423816,0.5895989995222062,0.5781463959934521,0.5673168242901103,0.24177915057650196,0.8478226352984098,0.6255957279521378,0.6299179280721015,0.34119528876035154,0.8774090346223841,0.1395740234439302,0.5952960089732592,0.49151562622806166,0.4905616572195263,0.17414514194520045,0.8207578752674299,0.5591961603009359,0.5636061840672284,0.23495401954583783,0.8610475879688215,0.1640416438348739,0.5449917160347123,0.5863641348225075,0.5761008953320851,0.23690983116143888,0.8714821190558012,0.6358517677303012,0.6441011106255092,0.33004271764714227,0.8857719586901684,0.1435519931087808,0.6056703075562301,0.4771520935386347,0.4802698977421537,0.14807409116317388,0.8285544519460202,0.548475267209243,0.5531262520501026,0.21893003154131305,0.8592144353501225,0.17032616894930558,0.5377367285149273,False,3.28571e-05,1.0,7.0
S566F,missense,False,13.0,13.0,0.0,P/LP,clinvar,0.9587,5,10973849;19841300;22956155;32893267;37445499,13.0,1.0,,,0.5679346463360814,0.5577745127895015,0.240792792980043,0.8364120134289506,0.5993670804397547,0.6037148312479081,0.2682092593536519,0.8852238121138997,0.153376327886128,0.5754508629171377,0.5781463959934521,0.5722202294169845,0.255664002576098,0.8534777550973358,0.6091306557082136,0.6186814779336784,0.29816925961121127,0.8732566762296143,0.15070169251723292,0.5824871536840711,0.5772794498357495,0.5711974230185941,0.24250069930780474,0.8612311023915441,0.6101135578957765,0.6139258190678383,0.2716698853814649,0.8884385257849018,0.15708045840701604,0.584275372509433,0.5863641348225075,0.5771111916983426,0.24453926345308963,0.8681477775817956,0.6193973550922637,0.6298508924411927,0.28350472871681054,0.8870092974528933,0.15508445804334273,0.5924106873378878,0.5697599654360116,0.5591369972407195,0.2423847833546308,0.8510244568559056,0.5993294346551481,0.6050371157707354,0.27715194463237874,0.8851773526091148,0.1582049887227806,0.5781288697049959,False,,1.0,4.0
T312I,missense,False,13.0,13.0,0.0,P/LP,clinvar,0.9989,9,10973849;15466642;19841300;22677073;22949429;25294783;27379800;32893267;34546463,13.0,1.0,,,0.5679346463360814,0.5642421743099882,0.24380237226049878,0.8493154140207426,0.5902492391381049,0.5971556931758875,0.2725940446810634,0.8769086012226054,0.1526326813303148,0.5680697795684552,0.5781463959934521,0.5683698173026241,0.24954349272048726,0.8550701573465876,0.6009595667205329,0.611325179300279,0.2771738653670654,0.8790323803267509,0.15450072209419605,0.5764868806674901,0.5822365302528351,0.5752527580061819,0.24218733525301178,0.8612785102489329,0.6033801589183703,0.6124713465891412,0.26786880497427074,0.8856746937843596,0.15746826326751542,0.5789623919848019,0.5863641348225075,0.5763880477151475,0.2436564072483854,0.8657868422320889,0.6101982064772704,0.620075933970103,0.2821775769566578,0.8851600358985379,0.1562975853217628,0.5852377619007513,0.5752101349565307,0.5686595618694976,0.23795456144668176,0.8449012457777947,0.6002882898010559,0.6051205946246132,0.2786519658396284,0.8821904030514558,0.15727594084937746,0.5788324656847293,False,,1.0,9.0
D371N,missense,False,12.0,12.0,0.0,none,none,,1,15541256,12.0,1.0,,,0.5679346463360814,0.5625298188230462,0.2417517016341859,0.8393429495719692,0.5659727057345914,0.5706428011850025,0.2512164687083671,0.8486016459323447,0.15423489359203205,0.5492620565569662,0.5781463959934521,0.5702862843623052,0.24705983878014226,0.8511887677272282,0.5769011191999374,0.5841970396155581,0.24332373977848293,0.8612021604147083,0.1593408025803845,0.5576922626465027,0.6732049630213349,0.6580279065436866,0.31192632936577014,0.9134921216163473,0.6635222939138123,0.682739194884362,0.31442913497022035,0.9206206191826013,0.1595272770429455,0.6274703568248639,0.5087357125120241,0.5059773633511502,0.1824257773326007,0.833828851894693,0.5109659098651789,0.511835265798828,0.18590582479819742,0.8321038530168731,0.17201464135982858,0.5076152258114527,0.6316556472635034,0.6167298981252005,0.2550804239843277,0.900930382300248,0.6227633060813127,0.6362035501103098,0.27017685480778525,0.9022555230034718,0.16709269902038512,0.597169680507056,False,,,
F193L,missense,False,8.0,12.0,0.0,none,none,0.9996,5,12653681;19957170;22199116;30758498;37975542,12.0,0.6666666666666666,,,0.5679346463360814,0.565943291312667,0.24123872670200866,0.8481783645631926,0.5036946488796921,0.5111078504915221,0.19305682927174625,0.7834943179125299,0.15323748456031455,0.5007844703731019,0.5781463959934521,0.5705506367040398,0.24997476113201278,0.848590224138094,0.511965191519471,0.5199006159226331,0.20163644830372163,0.7897183313647939,0.15451476594152036,0.5070420631871758,0.5823224988913962,0.5768852466766738,0.2610986703304344,0.8706728583679713,0.5118544111785885,0.5192055340695474,0.19764625198841632,0.799860395040819,0.15557786614986893,0.507102295219448,0.5087357125120241,0.5118282013472182,0.17624071015557155,0.8330032141171905,0.44662406008088323,0.4497721718753387,0.13707244658530718,0.7618296428858401,0.16302484716540896,0.4564804132053571,0.44809789403770145,0.4462910139742113,0.14657021467159095,0.7920064539651466,0.3957257321657799,0.3857358345294215,0.11470067563263298,0.7256406757665139,0.1584014903258296,0.41572707925105407,False,,0.3333333333333333,6.0
P400fs,frameshift,True,8.0,12.0,0.0,none,none,,3,24606995;26318259;36277779,12.0,0.6666666666666666,,,0.5679346463360814,0.5615413603222323,0.24335629921517898,0.8369879365595301,0.4938613311499301,0.5031873104293407,0.1828246209668283,0.7742368465338931,0.15385068453092549,0.4932801577204789,0.5237340426211323,0.5176525273716513,0.20373959407561965,0.8270074273760514,0.4593469392260886,0.45641107163741507,0.15142680984816523,0.7690795531335678,0.16174471907129034,0.4670431557143311,0.5223540047669304,0.5205129859604016,0.1869880865624011,0.8299689610851664,0.4516050363097811,0.45189767280983206,0.1506129302364571,0.7709043882359644,0.16225086411699097,0.4608358604020733,0.4732838882927845,0.47315267989831333,0.1557470718614566,0.8234721793801706,0.40653825406774907,0.3993437803683738,0.12246058427093015,0.7347485565048112,0.15945374254734038,0.42528045727026365,0.4304742885235544,0.43736284666920416,0.13925504542518932,0.7826035336516282,0.37477433051513215,0.36541614618067564,0.10841964760164324,0.6987764494359081,0.1541222667242828,0.3991936491452982,False,,0.0,4.0
R518G,missense,False,10.0,12.0,0.0,P/LP,clinvar,0.9645,4,16414944;29925740;30758498;32893267,12.0,0.8333333333333334,,,0.5679346463360814,0.5609610858249741,0.24564725046452704,0.8492551257791698,0.591878245566959,0.5959167263944618,0.2989792756870752,0.8501830159811202,0.13957559442513268,0.5688636696858138,0.5781463959934521,0.5710110654272347,0.2613345966275769,0.8583317080008542,0.5983577157752217,0.6033907453035543,0.2970350283975657,0.8522820974848679,0.14166543368992654,0.5739728122533578,0.5779970155697856,0.5684567492865742,0.23884913070528016,0.8530587161793014,0.6005335609521021,0.6082320069028139,0.2975101650312427,0.8678679632824244,0.1453477686739811,0.576340950250745,0.5863641348225075,0.5801043531011332,0.24696823955209088,0.8725061344934527,0.6063239328428809,0.6133063042078333,0.29460671795610405,0.8710344016533728,0.14729527013407284,0.5819334637496536,0.5705489246996196,0.5650788278569601,0.24754062098418364,0.851061587243257,0.597923433332153,0.6028452818154499,0.2995749726392547,0.8587281489724768,0.14244678464003271,0.5762004973113951,False,,1.0,4.0
R555H,missense,False,11.0,12.0,0.0,P/LP,clinvar,0.979,6,19841300;29688407;30758498;31006312;32893267;37975542,12.0,0.9166666666666666,,,0.5679346463360814,0.5657260169655545,0.25301466718901827,0.8417769601417351,0.6060025431620589,0.6089614070630102,0.3192577993338792,0.8606097564841129,0.13914059959689076,0.579892689519465,0.5781463959934521,0.5690773923025286,0.25754718314006575,0.8483982210887896,0.6131404752060928,0.6198601957656804,0.310872757543442,0.8786979021383771,0.1435116670321374,0.5857182270012158,0.5797874953077905,0.57233851684521,0.24530244562957687,0.8621022262092333,0.615781209055047,0.620758600296734,0.3245052652289744,0.8733925784200246,0.1398908992990588,0.5882504103051998,0.5863641348225075,0.5774399684536163,0.2408886492670163,0.8674431829880268,0.6265856830335905,0.6374022894400281,0.32028749701902604,0.882535074502383,0.14674319063244473,0.5980562988275303,0.5725175552232779,0.5618147923403013,0.23899001051418725,0.8621137744710375,0.6140172116714203,0.6192696514413893,0.30718426588121556,0.8735461741572401,0.14628589170805173,0.5892296399679697,False,2.27118e-05,1.0,6.0
E160K,missense,False,6.0,11.0,0.0,P/LP,clinvar,0.9966,4,10973849;19841300;22949429;36277779,11.0,0.5454545454545454,,,0.5679346463360814,0.5616573930227878,0.24788044116408084,0.8534718176913842,0.5433335029940768,0.5487992175009522,0.2465144574752907,0.8177510957912417,0.14524019342869798,0.5314836268689811,0.5781463959934521,0.5707862004038823,0.24705227626046988,0.8542973026794942,0.549575693653725,0.5574648482284799,0.24445033337627384,0.8148640086589303,0.1447655033427196,0.5360485261542993,0.5819539754356863,0.5724205611651828,0.25237887459876096,0.8546402596086748,0.5523680666599751,0.5598496805123787,0.2605508975430421,0.8173784295922376,0.14560375176276336,0.5384807911673273,0.5863641348225075,0.5797180365096375,0.2518456372714202,0.8698518127924939,0.5500741072206804,0.5565056698050115,0.2407821100260187,0.8280530413371926,0.1508312503492074,0.5371123822297185,0.574899496331774,0.5715274394777528,0.23439576173286897,0.856242242122814,0.5438723040046218,0.5477823419561646,0.2471960877243473,0.8156388974473706,0.14463402491167016,0.5328264310780086,False,,1.0,3.0
M159fs,splice,True,10.0,11.0,0.0,P/LP,clinvar,,7,10973849;24552659;25471708;29037160;32893267;33552729;40818193,11.0,0.9090909090909091,,,0.5679346463360814,0.5627201156059262,0.25212305531896867,0.8463495160291937,0.5963744374351737,0.6037083728168648,0.2928440073915805,0.8586813396454401,0.14460331314698502,0.5723163317053799,0.5237340426211323,0.5226306632446038,0.19824845575833258,0.8303381445971256,0.5578028977206236,0.5632444562354175,0.24250850793232423,0.8445946231383421,0.15458262261304276,0.5430780022837806,0.5223540047669304,0.5181380702426354,0.18906507834566477,0.8316974946272626,0.5597425996506479,0.5630455857130869,0.24707246516015238,0.8613972307397026,0.16001226354997033,0.5451746087126376,0.5502375238083598,0.5461091028396406,0.202864017296821,0.85053374945715,0.5820233050159855,0.5907901017834132,0.253903996303943,0.8680873793960644,0.16167935189653265,0.5631441260174054,0.5567719733512766,0.5487347345029909,0.20659467869517814,0.8529609522523569,0.5842237081464774,0.5927256088107282,0.25980307357687366,0.8683720948535646,0.1579229595011525,0.5656834959257732,False,1.0970550927354384e-05,1.0,4.0
R259H,missense,False,8.0,11.0,0.0,P/LP,clinvar,0.9127,7,24291113;25974115;26346102;31315195;34557911;38653189;41043906,11.0,0.7272727272727273,,,0.5679346463360814,0.5603515562669751,0.24714858415814944,0.8354586141729653,0.5410725005979266,0.54415957112859,0.2361360610937885,0.8181053163105868,0.1504089141086416,0.529617459853265,0.5781463959934521,0.5732122032620216,0.2587673161747019,0.853012984094172,0.5477599235722216,0.5536452742710922,0.24165411466416434,0.8215379363020888,0.14741773287391743,0.5345292974079212,0.5715621155178043,0.5610592209916729,0.23427515525042322,0.8556380631629502,0.5408893982085461,0.5484423513521015,0.2299503080373167,0.8249743049658941,0.1514231188209858,0.5297188250467852,0.5863641348225075,0.5762936875756024,0.2478302520334935,0.8581118069039165,0.552462903078995,0.5602984638508941,0.24099563732650003,0.8294295117902026,0.15201986902162226,0.5390010582332775,0.5634747445942356,0.5597897526631869,0.23088056453682548,0.8499343733337494,0.5304600508501263,0.5376304730646355,0.2286529226334543,0.8069123389199488,0.14981970257165944,0.5220764813378194,False,1.63348e-05,0.25,4.0
R293C,missense,False,9.0,11.0,0.0,VUS,clinvar,0.14,5,28438721;28944242;32893267;33876311;41564389,11.0,0.8181818181818182,,,0.5679346463360814,0.5615486462343215,0.24071609139956937,0.8531378588503685,0.5669254715780149,0.5728676446418232,0.2524850368449427,0.836245028440642,0.14944672854885316,0.549659733362354,0.5781463959934521,0.570003418066372,0.25586880899916503,0.8489018704545056,0.5742217462026153,0.583769713948254,0.26590164568778507,0.841852474779883,0.14776601664514746,0.5549699776970145,0.47405107518326123,0.4767437610697115,0.15799092276682913,0.8288839561801441,0.48781261560537026,0.4902833715128368,0.17843226557473327,0.8075763924229942,0.16540417214216177,0.48908968609111403,0.6070907159007526,0.5932947658498622,0.2510376866890545,0.880982534246588,0.5978431967714756,0.607643077748862,0.2736728725540897,0.8739459677195114,0.156843211836633,0.5750837024806918,0.5269371323689759,0.5287788549988052,0.19323429302664166,0.8542576372408943,0.5307871091664244,0.5336388200413507,0.21234835854998707,0.8332958542286223,0.1655249076936788,0.5230236011687929,False,3.5964e-05,0.6,5.0
S546L,missense,False,11.0,11.0,0.0,P/LP,clinvar,0.9898,4,15466642;19808498;19841300;32893267,11.0,1.0,,,0.5679346463360814,0.5611826136834177,0.23897941955723248,0.8408358293200651,0.5846230625767106,0.5921083247395109,0.266351154904502,0.8641359798066205,0.1535205170304142,0.5637374052377444,0.5781463959934521,0.5689893793393725,0.2471482752487095,0.8493733788608256,0.592636824361755,0.5997600096001587,0.2720120269502222,0.8669788841084936,0.1521480326044261,0.5698164904842071,0.581117826342678,0.571851130264118,0.24422804229448128,0.8544051062820522,0.5956024498338605,0.6008466398093348,0.2650647399357933,0.8849067304607844,0.15874318378723373,0.5730335294848822,0.5863641348225075,0.5782995678837777,0.23219043429798283,0.8600056932106379,0.5997893455489921,0.6075658597567444,0.2543607214269325,0.883745510460077,0.16297628028223954,0.577068690302258,0.5739802138776914,0.5659857014060898,0.24858631770098416,0.8531432113926145,0.5972947606853579,0.6031447936537382,0.2793564028311083,0.8743787214489009,0.1543691201913972,0.5760888414984373,False,,1.0,7.0
A212V,missense,False,10.0,10.0,0.0,none,none,,1,9791861,10.0,1.0,,,0.5679346463360814,0.5622656125924886,0.24801305549372707,0.852995969731757,0.5670215196667905,0.5725336122236284,0.25022038613329084,0.8554648181235868,0.15346450547378665,0.5499964000122854,0.5781463959934521,0.5724751198017745,0.25581534411904566,0.8524587910937991,0.5771151813770409,0.5854373126746973,0.2541483812496859,0.8594863174322992,0.15852332101117395,0.5578912165138196,0.6732049630213349,0.6571945693051354,0.2975865277240611,0.9140112108413184,0.6641080273389018,0.6860731949454355,0.28698383648916376,0.9177798936851501,0.16276530091331723,0.628106615572905,0.5087357125120241,0.5115666887120689,0.19561584685613975,0.828837377110063,0.5108679922479775,0.5097252479371898,0.18052627415376654,0.8401457333581751,0.1738772209270118,0.5077053460139922,0.6316556472635034,0.619397476862005,0.26523896451945117,0.8935964995413702,0.6269836914025902,0.6441790360257673,0.2696688481823419,0.8951867867825817,0.16233836925904105,0.6001084232806607,False,,,
A525T,missense,False,6.0,10.0,0.0,P/LP,clinvar,0.9327,6,10482963;10973849;19841300;36277779;37445499;37975542,10.0,0.6,,,0.5679346463360814,0.5644235502150009,0.2471073415287299,0.8451369657299518,0.5217771870910778,0.5273053730791897,0.22405656947097605,0.7909564491714189,0.1445392239481607,0.5149220801521396,0.5781463959934521,0.5732162086763346,0.25795501505036034,0.8521548742313232,0.528428358230296,0.534935864229411,0.2379456392463393,0.7855684182512086,0.14069202579605347,0.5198508651197195,0.5740534918183955,0.568047078892767,0.23975973117111388,0.8576297898647247,0.5200754982988496,0.5255799767610712,0.22187116678556085,0.7990895236930332,0.14792088411749987,0.5138239205782349,0.5863641348225075,0.5766351184927423,0.2401801173781767,0.8613684572014845,0.5242560180395418,0.5289552345660031,0.22219286361813725,0.7982951152068646,0.15052250052831126,0.517081650447726,0.5662132817407994,0.5574542689503597,0.2282412311849674,0.8466152150445437,0.5100205416273094,0.516033415728558,0.21945937329978865,0.7899234089696666,0.14637346893862552,0.5063046631350296,False,3.97814e-06,0.0,3.0
G185S,missense,False,10.0,10.0,0.0,none,none,,1,17470695,10.0,1.0,,,0.5679346463360814,0.5624861670392877,0.24382260383596607,0.8452549377633833,0.5644155371012115,0.5710891572979724,0.2417546966060137,0.8534291733854245,0.15616622103480213,0.5479921999407713,0.5781463959934521,0.5729847181928213,0.25451531068178573,0.8416271936326772,0.5760491349212828,0.5826514785697252,0.25102337621294835,0.8581386231398104,0.15339783644043178,0.5568556762315297,0.6732049630213349,0.6560664752670744,0.30564076653916283,0.9128063916261703,0.6656057083833686,0.6845942896645651,0.3091118887371994,0.9227917336208191,0.15937429296700445,0.6291858465222643,0.5087357125120241,0.5068619802525294,0.17977794373340078,0.8325021786284929,0.5112890160928815,0.5103472256096568,0.1852803573455084,0.8438061144968851,0.1748150687983374,0.508033604139436,0.6316556472635034,0.6193429401404086,0.2579777794869323,0.8937159190802396,0.6261240302502109,0.6424565948570498,0.26577629152652654,0.8979120867394506,0.16722279361223288,0.5997748009979881,False,,,
I567S,missense,False,8.0,10.0,0.0,none,none,0.948,6,15466642;19841300;22199116;32893267;33504163;36277779,10.0,0.8,,,0.5679346463360814,0.562408274147323,0.2537300197322466,0.8483827042188874,0.5208602236566149,0.5277035817840607,0.21404573281363157,0.8056460216493975,0.15227354307318464,0.5140686218149957,0.5781463959934521,0.5720478904632793,0.24731607149269774,0.8493948565153566,0.526385973103812,0.536288246554163,0.20859311435658545,0.8077091447324929,0.15644032256018345,0.5181831667342387,0.5759536564563656,0.570089537579329,0.24486363602490355,0.8567396548784398,0.5208511892359038,0.5319794769261315,0.19134824812661466,0.8168111939691726,0.16002268749736817,0.5141145827832879,0.5087357125120241,0.5040531630685188,0.17851783609683256,0.837712150125492,0.46136570336141636,0.45740751238966115,0.16301900346145873,0.7695009287689644,0.15754900767104915,0.4687383255067087,0.44108748791795405,0.44677704119749906,0.13533039733332228,0.7889628367671391,0.40096221294158096,0.39525450780416854,0.1280602914687148,0.7196715559739408,0.15489836833957177,0.42075353313837605,False,,,
M520R,missense,False,10.0,10.0,0.0,P/LP,clinvar,0.9971,4,17482572;19841300;32893267;36496179,10.0,1.0,,,0.5679346463360814,0.5646520632897648,0.2458920002030502,0.8477990741056117,0.584114543511029,0.5908052938612729,0.27610223689054586,0.8630978932480861,0.15065850609929388,0.5632933067835164,0.5781463959934521,0.5712251657259849,0.24539991459929972,0.8566156567058011,0.5927018250994623,0.6014157280945189,0.25907618433723834,0.8756883310941473,0.1564696580250172,0.5699955084178769,0.5820154116494483,0.5756169711890565,0.24727038856160996,0.8598663603658533,0.600505354772815,0.6089509468840574,0.27280034437958983,0.8808003799164891,0.15659301246680246,0.5768166413054777,0.5863641348225075,0.5799949348388176,0.24003165728009357,0.8649104855102918,0.6026706673838825,0.6090527436337605,0.2537874274658612,0.8833959780880929,0.1626034458997261,0.5794858230158603,0.5749670392603261,0.573046129741384,0.2491147224227329,0.8658833535770941,0.591553255612775,0.5976837888510068,0.2774800838787565,0.8693274657198972,0.15794348151895693,0.57159100043226,False,,1.0,4.0
R116L,missense,False,10.0,10.0,0.0,VUS,clinvar,0.982,1,29097701,10.0,1.0,,,0.5679346463360814,0.5636013768534847,0.2409219777002205,0.8462970069400425,0.5659296041871685,0.5723845969614466,0.2540258965545305,0.8441257139917598,0.1529660561529048,0.548913052938166,0.5781463959934521,0.5716489404428303,0.24818076535163341,0.8511171658146911,0.5764218047187457,0.5852543144893521,0.25813107611199465,0.8504335416266253,0.15503087844187327,0.5570130450809946,0.5801573153460095,0.573008503937195,0.2315122351016828,0.8711682545409586,0.5809784044473871,0.5884550974616426,0.264012990693017,0.8658897487746775,0.1562718838545199,0.5613057628559485,0.6070907159007526,0.5996278837044117,0.24521001971391945,0.8772156143790434,0.6022622787656835,0.6110449561868556,0.25972556379199024,0.8850062347263431,0.16512782298238698,0.5792324772425435,0.6374602309857765,0.62500416806622,0.2707542514775626,0.9011382937407061,0.6335572499961666,0.6492022598144785,0.26857231365759177,0.9023903741182904,0.16461666414813592,0.6059911139933531,False,,,
R259L,missense,False,10.0,10.0,0.0,P/LP,clinvar,0.9931,8,15466642;19841300;20403459;22199116;22949429;32893267;33664273;37975542,10.0,1.0,,,0.5679346463360814,0.5593630956838879,0.23824414050894896,0.8409177675975901,0.5843947032501765,0.5916563811792006,0.2649211745394143,0.8689133608228616,0.15410387814010088,0.5636940236469712,0.5781463959934521,0.5698158459651299,0.24673916640169827,0.850993666879905,0.5937825245420026,0.5979241443263736,0.27265636346625366,0.872374590224129,0.15611312687584114,0.5708846788121776,0.5815237476223872,0.5749014683214464,0.2523633308185699,0.8569554378182304,0.5970732642259228,0.6050665729501499,0.2668786380917328,0.8857921645194929,0.16070069530241324,0.5742562653846224,0.5863641348225075,0.5778789513368975,0.24591883989181773,0.8657897339013315,0.5988983966656705,0.60837357658647,0.2692202477212668,0.8812196686402775,0.15948802171812673,0.5763150315051779,0.5744264980845635,0.5702809426887914,0.24435485338034021,0.8604541852106621,0.5918300086327999,0.60060341495393,0.26236037413556507,0.8779750773673268,0.15680819207269342,0.5716352618761115,False,,,
R401fs,frameshift,True,10.0,10.0,0.0,none,none,,3,24357532;31765965;38489124,10.0,1.0,,,0.5679346463360814,0.5607063763394003,0.23814802390577786,0.8461587379588388,0.5856231644402877,0.5903450334729727,0.26887839343596476,0.8717024867860168,0.1537011240439795,0.5645490966707707,0.5237340426211323,0.5201154092079169,0.18873119331558208,0.8288350058197753,0.5438662732155896,0.5494585731073403,0.21960556655608365,0.8439510392475397,0.16532864690850096,0.5327475395901522,0.5223540047669304,0.5207680415398842,0.19754954777903533,0.8364972960081319,0.5408288048378468,0.5459880666031334,0.20633728365149415,0.8551966448822447,0.16507036256055868,0.5302878678822668,0.4732838882927845,0.4751175822401811,0.16062613182086855,0.8146994825816676,0.5003867454800853,0.49806497282440754,0.15342132980641401,0.8462946766141244,0.18143595496315826,0.49935520777149833,0.4304742885235544,0.44061514979566907,0.1410056134074153,0.7828410007142578,0.4592167259091374,0.4498096431087738,0.14219754203999088,0.8141432271151342,0.17365347200215542,0.4670469837787096,False,,1.0,4.0
T265I,missense,False,10.0,10.0,0.0,P/LP,clinvar,0.9928,3,16542208;19808498;32893267,10.0,1.0,,,0.5679346463360814,0.5632501132090069,0.2359407212526822,0.8461764316112084,0.5819422504046694,0.5880918504149509,0.2590540367029862,0.8607381401587265,0.15397730772438503,0.5615525563363261,0.5781463959934521,0.5724912411843283,0.24800319391099912,0.8524766873712798,0.5909074844120878,0.5959285449185383,0.2749013026100636,0.8651442484732392,0.15370889460121592,0.5684649535812856,0.581486856802909,0.5762206140194325,0.24882406051479913,0.8601331040096207,0.5949169087596831,0.5996967826206951,0.26451636562477165,0.8791559153640535,0.15719127628598975,0.5724021820556728,0.5863641348225075,0.5781711816102842,0.2534061251752303,0.8649575013689385,0.6017405458693299,0.6130796137594868,0.27066885962516163,0.8855911055573928,0.1639654534701811,0.5789051824933229,0.5743859393510161,0.5689801418730587,0.23991995298806268,0.8593829743686172,0.5876597481993775,0.593917196222686,0.25389953437358187,0.8744367849616119,0.15881176627107327,0.5684627459214024,False,,1.0,5.0
V129fs,frameshift,True,6.0,10.0,0.0,P/LP,clinvar,,2,19027783;28438721,10.0,0.6,,,0.5679346463360814,0.563182085647965,0.2528098378999338,0.840854221495045,0.5342308126167578,0.5403226665550975,0.2376610205026223,0.8041063098782769,0.14439380058174514,0.5243449345980168,0.5237340426211323,0.5215052224457393,0.20050306560393547,0.8313179678792639,0.5001619404076367,0.5018410838710647,0.20574243419889723,0.7911842134111103,0.15187291277413303,0.4988487557695917,0.5223540047669304,0.5203078090068071,0.18252286416144156,0.8347316763301609,0.4998767146926702,0.5003830319460373,0.1899086386526486,0.7981094546771046,0.1596259561305314,0.49844747019657226,0.5502375238083598,0.5492448571586857,0.21330004368345243,0.856879504783074,0.5236015764996028,0.5307234039341022,0.20829193232324725,0.8173247167661393,0.1585002677369134,0.5167766086610577,0.5567719733512766,0.5533608449314215,0.211187128186505,0.8475411973289481,0.5253764809750262,0.5266664896887479,0.22087215223964327,0.8036041541801139,0.15416023305013585,0.5184485177960272,False,,1.0,4.0
V648I,missense,False,0.0,10.0,0.0,B/LB,clinvar,0.0712,2,19841300;22677073,10.0,0.0,,,0.5679346463360814,0.5613573747059466,0.2378478763583031,0.8504051461090518,0.4306169424581304,0.4315026721323628,0.14152886365022666,0.7217810506825556,0.1520479683648831,0.44484329440666537,0.5781463959934521,0.5727259300426953,0.25256385646850316,0.8491247549058968,0.43978838794986463,0.44271981274326,0.14825179769233196,0.7195956961852688,0.15199603597390393,0.4518445659269858,0.4657594174850381,0.4734905137892165,0.14778304400028616,0.8187975485582355,0.3506085104571745,0.33965922399981974,0.0833443481577128,0.6770719673285759,0.15672303441173271,0.38100059880182374,0.3721928968573354,0.3817761331605799,0.07514235519513413,0.7757090973572066,0.2838821684091197,0.25742276407112485,0.05101032885623174,0.6500696736131426,0.15979731414825507,0.32257944147614565,0.29249990610826354,0.30862193391120635,0.05377052668069773,0.7084549130560773,0.22961696927041697,0.20021161364083734,0.04243966885251566,0.5753556481741089,0.14236836911957937,0.2734730344358283,True,0.00673775,,
A226V,missense,False,6.0,9.0,0.0,VUS,clinvar,0.5564,4,24606995;30758498;32681117;32893267,9.0,0.6666666666666666,,,0.5679346463360814,0.5631737337009287,0.2537131733256245,0.8508454271453627,0.5610335100530452,0.5673280603719955,0.26635944156990954,0.827868548282861,0.14556522123399188,0.5450461786743145,0.5781463959934521,0.5723108328146691,0.24723068624079894,0.8458877425134912,0.5700710079155499,0.5778920238867699,0.2692937900579599,0.824961943129832,0.14166122543865325,0.5517394307413996,0.5263024767987496,0.5279325488333247,0.20506015568582064,0.8359878312857562,0.5278458846745979,0.5301220557614982,0.22284502522183405,0.826691122587755,0.15445076806981073,0.5202410735148062,0.6070907159007526,0.5977244011506151,0.2455403552339784,0.8821752943340665,0.5927410160515967,0.6027661168927998,0.2761087922288771,0.8577398330804304,0.1525608573792623,0.5708301722554945,0.583844384623211,0.5812743027605645,0.2440229220917746,0.8680278485696895,0.5716919111274348,0.5780407216599792,0.25975233773958856,0.8418475023458836,0.1502481574066641,0.5551643271683732,False,,1.0,3.0
A371P,missense,False,9.0,9.0,0.0,P/LP,clinvar,0.999,1,41299264,9.0,1.0,,,0.5679346463360814,0.5626494474191885,0.24391823578288907,0.8450163141450312,0.5655551024696974,0.5738104600768202,0.23050666907424536,0.8513122873313557,0.15786412685188475,0.5489226313019563,0.5781463959934521,0.5685792082535359,0.24725155941474897,0.8480333351570419,0.5757853610234173,0.5838281060416746,0.2659448827845507,0.8539066999797986,0.15297892965716328,0.5565577895329,0.5822488122398152,0.5769213378987275,0.2541065994503953,0.8580635481681284,0.5810254144160962,0.5847824203914678,0.25441063480486786,0.8663242053971546,0.15863960273780695,0.5616352021067353,0.5863641348225075,0.5779475465042527,0.2559591549297491,0.8631532470882823,0.5832411276646893,0.5931230759785737,0.24530003677679865,0.8800764240292458,0.1642225513120845,0.5639344402140068,0.5752236375652883,0.5687595264753791,0.2451157493252379,0.8554386107472787,0.5758579263427879,0.5816639519452942,0.2503446530793616,0.8593684129637971,0.15586497776872676,0.5587415396052189,False,,,
E39X,nonsense,True,9.0,9.0,0.0,P/LP,clinvar,,4,28595573;31484877;32681117;32893267,9.0,1.0,,,0.5679346463360814,0.55791646729009,0.23906855343932135,0.8418182751303485,0.5828200946765418,0.5895117014557776,0.2570886586203481,0.8673925732968774,0.1586510169960976,0.562500228941028,0.5237340426211323,0.5230064357228641,0.19940446551628113,0.8324209050966052,0.5437152295906587,0.5487949591699437,0.20959111411725256,0.8518590371048419,0.1660040985060666,0.5324918977035772,0.5223540047669304,0.5214913838831758,0.1902941122278576,0.8379379648655972,0.5440791156294656,0.546167969198818,0.20893832624236383,0.8547483469808865,0.16793744705517302,0.5328916944925605,0.5502375238083598,0.5471381997193387,0.2050391150562088,0.8550264522204513,0.5648907237171685,0.5723888156580341,0.21865949774896434,0.8673596428090427,0.17117482284774393,0.5496740759197916,0.5567719733512766,0.5517552203398896,0.21288488795230784,0.8541939112344227,0.5772511610136145,0.5820535348946406,0.23458932959863013,0.8754327379061185,0.16671417479370812,0.5602645963767449,False,,1.0,3.0
G306V,missense,False,9.0,9.0,0.0,P/LP,clinvar,0.996,4,12442276;14527360;15192825;26496715,9.0,1.0,,,0.5679346463360814,0.5600722215134571,0.22978803434952075,0.8482571085555197,0.5855454062122764,0.5925058768906213,0.2671243913344742,0.8614243286857045,0.1506685022389092,0.5640621457934181,0.5781463959934521,0.5723545878526195,0.26191169256821367,0.8543437484934362,0.593473961068786,0.5992489646427792,0.27141838474884933,0.8675292293836306,0.15393431079987932,0.5704131155878513,0.5818802437439711,0.5747342088601181,0.25027958560279195,0.861922643888223,0.599701549106699,0.6053499594337443,0.27177289654156145,0.8735261194255797,0.15334219260958137,0.5758737340068375,0.5863641348225075,0.5816166001924106,0.24928400087209718,0.8583520668291957,0.6054189146736649,0.6170891165520302,0.259202570366705,0.8928869410211748,0.16150548332183048,0.5814836179279512,0.5748184354656289,0.5716137732964117,0.23639153100737248,0.8581655443080491,0.5920401320284517,0.6002816035277942,0.2549133210375942,0.8719835706258797,0.16214578096460344,0.5719063438215646,False,,1.0,3.0
H363N,missense,False,9.0,9.0,0.0,VUS,clinvar,0.9974,4,24357532;24606995;32893267;34531279,9.0,1.0,,,0.5679346463360814,0.561897140288849,0.24940297687655882,0.8442014404192375,0.5914506271122125,0.5991178577678754,0.2708987935342051,0.8667962066894913,0.15201628613081253,0.5689117433463804,0.5781463959934521,0.5658994922770944,0.24636148170036395,0.8526010104912835,0.6008221582846353,0.6091400926118324,0.282988956975206,0.8695525330666359,0.15246659460520878,0.5760807237055043,0.582052270380034,0.5704550969203849,0.243725400941707,0.8619055750493088,0.6065459893182357,0.6084992317945452,0.288465592957593,0.8812120949740136,0.1520735073028385,0.5814109510844137,0.6070907159007526,0.5941190590500629,0.24842915065263904,0.8808718660746305,0.6283983239721113,0.6422889636763957,0.2775366448999839,0.8985555575275541,0.16088000623199158,0.6001036262904491,0.6392407007034352,0.6296780357222406,0.2820034369683617,0.8970699179164026,0.6566428294405684,0.6724051873993413,0.3168554887892071,0.9069399513400209,0.1569638141013851,0.6248099320123748,False,,1.0,3.0
L496fs,indel_cdna,False,9.0,9.0,0.0,none,none,,7,22956155;24372464;28438721;32893267;34546463;36232963;40313678,9.0,1.0,,,0.5679346463360814,0.5606274971908976,0.2401641774032029,0.8477790449902725,0.5887521261385892,0.5941427212908683,0.2778319722549137,0.8646590051711309,0.1508744525677009,0.5668356704868787,0.5781463959934521,0.5717464621800786,0.2598176636829308,0.8520270373218218,0.5919151876818018,0.5970729132230672,0.2748838343022129,0.8660246190207848,0.15255743548206152,0.5691651607641711,0.6732049630213349,0.660818207256417,0.302049788225604,0.9196116846882578,0.680988731450374,0.700982115607957,0.33129911098999704,0.9255451144836737,0.15531045208611277,0.6417890915108238,0.5087357125120241,0.503436313096388,0.17998587040689118,0.8230235437691639,0.532275829635398,0.5316546672685263,0.19479298935882258,0.8601552687956373,0.17500278934563873,0.5246302492068498,0.6316556472635034,0.6218029631902896,0.2597744910003018,0.8957836626645562,0.6423772901020063,0.6602379259664182,0.290392066543368,0.909410691124236,0.16191747450330812,0.6132696274535921,False,,,
S209P,missense,False,8.0,9.0,0.0,P/LP,clinvar,0.9947,2,19632626;38341987,9.0,0.8888888888888888,,,0.5679346463360814,0.562046689628202,0.2524604174003794,0.8430022889826906,0.6184282362264136,0.6206994444570924,0.32400776406217874,0.8761232709922553,0.14210526944439225,0.590034157615443,0.5781463959934521,0.5693920090447547,0.25289530635978574,0.8597946047327556,0.626482099243278,0.6343065952726668,0.3330314999452843,0.8752724168137789,0.13855989287187365,0.5959856607896049,0.5817204609795025,0.5749226860765454,0.2589586108373778,0.8574015316459038,0.6303440087243551,0.634728323670362,0.33253474779726594,0.8815835203744943,0.14070383900837125,0.6000738490476885,0.5863641348225075,0.577886511233872,0.24567689487001393,0.8690542800531205,0.6381144753075095,0.6451192824997203,0.3411240423063285,0.8839687402323513,0.1400544044299141,0.6073288576739632,0.574642768681622,0.5690514358761136,0.24701299774690386,0.8594829198232515,0.6271038802351062,0.6334921197022352,0.33348757910349763,0.8793677567341078,0.14092362323498517,0.600000224711434,False,,,
V172M,missense,False,7.0,9.0,0.0,B/LB,clinvar,0.1355,3,28438721;28944242;35463915,9.0,0.7777777777777778,,,0.5679346463360814,0.5645622224023825,0.2446123814023875,0.8503652674704163,0.5539516961050637,0.5587799229743655,0.24895515940430465,0.8268919237234452,0.14734039604653856,0.5396635743183378,0.5781463959934521,0.5716177586244092,0.2566705085250165,0.8528807050164258,0.566874394465426,0.5752546694522915,0.2526731902210358,0.8344828033359636,0.14859448805764483,0.5493296472706147,0.47350480166323766,0.47892625826609125,0.15341769850984752,0.8178283016323284,0.477436960699411,0.47758692562318983,0.16765473390052882,0.7943406591151747,0.1669567070987591,0.48093795017733415,0.3721928968573354,0.3781738027095803,0.07617531664853909,0.7737136241187922,0.3911561757130243,0.37513980786958434,0.089811464579433,0.7693958170744549,0.1820770438218787,0.4112726822106712,0.2988136365362379,0.311563270548644,0.05632584439377286,0.7041257536462789,0.32325791622646977,0.2988246493800176,0.06873457093348881,0.7067062370349653,0.16838569371405598,0.3547427843097974,False,5.20913e-05,0.3333333333333333,3.0
W392X,nonsense,True,6.0,9.0,0.0,P/LP,clinvar,,5,25576780;32830254;34088017;36310718;41242031,9.0,0.6666666666666666,,,0.5679346463360814,0.5607942276671993,0.2362657470275209,0.8464018199357367,0.5462968227736574,0.5561550053551174,0.25041866210545544,0.8136138378152945,0.14265891246898318,0.5335598932397164,0.5237340426211323,0.5216786777686727,0.20062567341660256,0.8344546276570735,0.5138075736662652,0.513249628950767,0.23276698617295769,0.7998834611912008,0.14827244067121806,0.5092947554023143,0.5223540047669304,0.5213868106137444,0.19956668837792976,0.8392507504551048,0.5165157956793345,0.5177644886018458,0.21801199091689186,0.7971571329306516,0.14810320009875183,0.5113563076982898,0.5502375238083598,0.545089614871223,0.20818759674650894,0.8489668085996758,0.5327151053566865,0.5414785626155814,0.22563786511737777,0.8168050098483142,0.15496600099755717,0.5237148342626035,0.5567719733512766,0.5492024373168999,0.20895353038328268,0.8509775838935486,0.5403597774442422,0.5474271517005536,0.25124425168132225,0.8047935079853891,0.14529954690334754,0.5301320799889545,False,,0.75,4.0
c.1129-2A>G,splice,True,9.0,9.0,0.0,none,none,,1,29740400,9.0,1.0,,,0.5679346463360814,0.561055382719056,0.24408957839681797,0.8408805302788502,0.5690848368029606,0.573032912799477,0.24020186175999733,0.8562961479757727,0.15464974265988252,0.5515247027368512,0.5237340426211323,0.5213494928893992,0.1965259789254303,0.830302619607459,0.5256260014765318,0.5282512909379609,0.20271789541745402,0.8301598034616537,0.16427617746313455,0.5185378443133927,0.5223540047669304,0.5182660847561393,0.1871205599560502,0.8319705909700906,0.5235300264656576,0.5240910499809983,0.19443495322912516,0.8364843936953313,0.16634718338985646,0.5169884581371456,0.4732838882927845,0.4716095438971351,0.15157366908915365,0.7992853236954752,0.47730441927861383,0.4727671657054759,0.16264711281158234,0.8170778229945568,0.17273534908157967,0.48094188711614566,0.4304742885235544,0.44167655167014525,0.1382858908503882,0.7844099632895367,0.440624334743988,0.43315218770111774,0.14035587910541553,0.7869708325460824,0.16761768986101133,0.4520461427204424,False,,,
D202N,missense,False,7.0,8.0,0.0,P/LP,clinvar,0.9967,5,12051962;24372464;28438721;32893267;34135346,8.0,0.875,,,0.5679346463360814,0.5666097204910509,0.24895219808546595,0.851914932372217,0.5937590106519854,0.5992686550609045,0.30014109065847616,0.8538868846810896,0.14268874292052594,0.5703970955711537,0.5781463959934521,0.573926980302338,0.24776572542109465,0.8615644859421749,0.6014442360158919,0.6080655987443495,0.3014742853109649,0.8639094593342208,0.1449072984688541,0.5764715925987629,0.5819662631777972,0.5720381319946863,0.22978328796826958,0.8638764042084208,0.602999974105263,0.6074825803376311,0.3036276436019481,0.8676714867936081,0.14631108915305485,0.5782775706496435,0.5863641348225075,0.5769316073057096,0.2529483930780731,0.8609516488339591,0.6097424323567464,0.6181541450696917,0.29083097868405205,0.8768694544054054,0.1503215922076004,0.5845923088861775,0.5749130054846951,0.5704072641420598,0.25077126658884036,0.8600598930468009,0.599281907997859,0.6057213704480129,0.2942638792789223,0.866053161195993,0.1446716327898518,0.5773009808078421,False,8.05652e-06,,
G314D,missense,False,8.0,8.0,0.0,P/LP,clinvar,0.9997,7,15466642;19841300;22199116;22949429;24218437;32168391;32893267,8.0,1.0,,,0.5679346463360814,0.5618486608380489,0.2529027036321583,0.8460412625979924,0.5769076775469207,0.5861517588940027,0.2563540026560542,0.8547308069997643,0.1559320794991544,0.5576477057537138,0.5781463959934521,0.5696838527379696,0.25574190112936807,0.8538083994840256,0.5845554596958296,0.5921893091324144,0.26182084445429804,0.8655418337358378,0.1564853062924306,0.5636262038952721,0.582334779121104,0.5762779798169411,0.2503033299426289,0.8615424930886466,0.5894784384798512,0.5921932512527627,0.2647713212908147,0.8723743282909326,0.15811279302771852,0.5682262421924655,0.5863641348225075,0.5797478043346076,0.24541992569536347,0.866225535039592,0.5947389809416526,0.6013729795253551,0.26559448782635975,0.8801638555266962,0.15768313639844853,0.5731873648498352,0.5753181478236145,0.566704647183073,0.24288770814716237,0.8505111101132541,0.5799090276105967,0.5864504610677027,0.2542130357623848,0.8672546838584599,0.15852379054595406,0.5620809318713463,False,,1.0,6.0
I274V,missense,False,8.0,8.0,0.0,VUS,clinvar,0.5301,5,18222468;20126594;22199116;23304551;30615648,8.0,1.0,,,0.5679346463360814,0.5624015908794981,0.25086700529901823,0.8474311588452105,0.5907682474409808,0.5968883049454278,0.26079548605918224,0.8722421694225311,0.1551099370985197,0.5683095246134975,0.5781463959934521,0.5718768591351819,0.2632597408833586,0.8496986658538398,0.597045437072101,0.6062004304336818,0.26718835664344787,0.8733898316275972,0.1545625703402164,0.5732197335934176,0.5229401505736364,0.5178265107866441,0.20111365055328673,0.8247270235310853,0.5473050337778993,0.550760069830946,0.21221521396192974,0.8497418309915499,0.16365781535144247,0.5351413457216403,0.6070907159007526,0.5988437925131899,0.2527852123425562,0.8832296845794193,0.6245290919176404,0.6371404418483311,0.2719419677938562,0.8981267008218725,0.16390430259755448,0.5969429658834083,0.5803122810564558,0.5693323093210391,0.22310201022563828,0.8657920823847614,0.5971449219316282,0.6068623737506547,0.24681108989919642,0.8871258181850515,0.1681849090666034,0.5764149040791449,False,0.000179668,1.0,4.0
I313K,missense,False,8.0,8.0,0.0,none,none,0.9989,1,30758498,8.0,1.0,,,0.5679346463360814,0.5658130382342869,0.24445313094213647,0.8479539277394802,0.56574289153157,0.5729719287211014,0.24340448919055488,0.8500679782359818,0.15234340282877454,0.5489708043486795,0.5781463959934521,0.5688926075606999,0.24276327008645895,0.8491799350901953,0.5764546183142459,0.5829329758086033,0.2657505699498644,0.8576893771560947,0.15264500631634867,0.5573346145357245,0.5822365302528351,0.5746878636404493,0.24509329054735968,0.8663381518132456,0.5799245517439187,0.5854430874541708,0.2445206945317411,0.865654898887071,0.1613200008362148,0.5607574534339216,0.5087357125120241,0.5081391634921957,0.1835051885811653,0.8293335197306351,0.5155110838517605,0.5123513371036575,0.18333457920281993,0.8380234649898574,0.17084655546597136,0.5112737640196654,0.44800257960835776,0.4519550564642297,0.15135890975714855,0.8016217308321167,0.4569250751939504,0.4521075246441403,0.14688093014849601,0.8017311069537117,0.1711247824818674,0.46542660614532916,False,,,
L380fs,frameshift,True,0.0,8.0,0.0,none,none,,1,36277779,8.0,0.0,,,0.5679346463360814,0.5611391423361318,0.23994504297805547,0.8411702170334311,0.4610703864256245,0.4637785521728327,0.16120373522874987,0.7527259780471768,0.15621312224224676,0.4681498151301728,0.5237340426211323,0.5218357723220713,0.1975954842273809,0.834200320342637,0.42281850073812727,0.41942097347544194,0.13615357189119515,0.7236783114100692,0.15456615967652043,0.43899578718348997,0.5223540047669304,0.5167083323978761,0.19636174229979125,0.8334180898093722,0.41898267380986226,0.41741416832004985,0.12186470290449102,0.7265323144023421,0.15945498698391358,0.4350522527838343,0.4732838882927845,0.47800335929815596,0.1602215015886028,0.8151311512148308,0.37804347732655574,0.36744132233264915,0.10275697876241767,0.7019989277297674,0.1565075039942453,0.4023318562830069,0.4304742885235544,0.4360014322555737,0.13795872716554003,0.7809721495506585,0.3425106022299676,0.3305079391923551,0.09120765617511879,0.656903442880135,0.14866889089702903,0.3726635377414732,False,,,
P320A,missense,False,3.0,8.0,0.0,none,none,0.9938,3,10973849;19540844;32893267,8.0,0.375,,,0.5679346463360814,0.5610877411473326,0.24358457520024832,0.8472377021209889,0.5095367835166089,0.5161889538682058,0.21386054816861938,0.7749870242842068,0.14721689548122105,0.505309284781385,0.5781463959934521,0.5665146725811246,0.24877672071478077,0.8522350338712171,0.5228227957002801,0.5298390012128167,0.2098607521282647,0.7992125673416715,0.1520279359592567,0.5154822906502219,0.5816098175305742,0.5779761858595447,0.24335871805385356,0.866390614928661,0.5169388780415688,0.5244426476061589,0.21043000921265778,0.7882126803601334,0.15066485334937832,0.5110558261458816,0.5087357125120241,0.5077355058279578,0.17983139284790195,0.8282112878268747,0.4572145464897953,0.45438027053689245,0.1635627511527369,0.7773666126975771,0.1603581538094724,0.4652656302570899,0.44730829992813803,0.45131690099233174,0.13503401353792116,0.7871045214445018,0.4077001389041446,0.3973535454746498,0.1373289810306799,0.7302103008161824,0.15405752042063942,0.4260503089297013,False,,,
S566Y,missense,False,7.0,8.0,0.0,P/LP,clinvar,0.9278,3,31415974;38361570;38489124,8.0,0.875,,,0.5679346463360814,0.5572710760406864,0.23983044021041416,0.8305443011944115,0.5705686824355275,0.5763471416319033,0.2729273688188309,0.8412379063553922,0.14609045504644852,0.5525186128269783,0.5781463959934521,0.5708005809661085,0.23945123128926477,0.8506647780707128,0.5820018447277948,0.5901872714234777,0.2752076373891339,0.8418009152008884,0.14481673844158646,0.5611525263871139,0.5734438761226206,0.5679470130961548,0.25011632408839335,0.8482616863141667,0.5747751910274301,0.5819521568036473,0.2582358788995021,0.8586633208577813,0.1534518856036806,0.556339100689703,0.5863641348225075,0.5789839782384899,0.25624731438296,0.8664757709130819,0.587118312149297,0.5976666452221118,0.26714457213291143,0.862663904693317,0.1539516456243916,0.5667048883272264,0.5655431325781448,0.560221542394137,0.2339820978730364,0.8502381588864403,0.5707749984487496,0.5782954360333077,0.2673906917233342,0.8483391736993818,0.15068913430325545,0.5546546463176122,False,,,
c.683+5G>A,splice,True,6.0,8.0,0.0,P/LP,clinvar,,4,29740400;32893267;34135346;36232963,8.0,0.75,,,0.5679346463360814,0.561965084717869,0.24135909558814975,0.8404392025797734,0.5795341524666726,0.5872035450991346,0.28989186436823966,0.8270084531419485,0.13821520798584586,0.5591113668585459,0.5237340426211323,0.5209054686194098,0.2036204831304201,0.8284974214362704,0.5454779797318431,0.5487632822239997,0.26080208484782574,0.8187532384528688,0.14593241965893988,0.5334591590853657,0.5223540047669304,0.5233218153689391,0.19590112244011698,0.8456209312521532,0.5456370005910031,0.5503287449472769,0.24620296372543624,0.8240118890354879,0.14996960364198222,0.533894922819716,0.5502375238083598,0.5455740922546487,0.19354942885067847,0.8595120934535072,0.5678919725333981,0.5736697107899252,0.262438958800974,0.8407329944745988,0.1519376226669703,0.551701568694359,0.5567719733512766,0.5539644672015137,0.22009657145087014,0.8420982424336801,0.5726782861838497,0.5780200205627788,0.27798675713705523,0.8405467232211487,0.14705049135150872,0.5559882792695694,False,1.22258e-05,0.6666666666666666,3.0
A512fs,frameshift,True,3.0,7.0,0.0,none,none,,3,28438721;29372044;30797226,7.0,0.42857142857142855,,,0.5679346463360814,0.5607110115225361,0.24136566105242308,0.8420820630619414,0.5222835731491465,0.5294524485640059,0.23724169707844192,0.7865147778118351,0.14188360482983425,0.5152540386542355,0.5237340426211323,0.5250057863395758,0.2046137037397611,0.8283552634132654,0.4885521765462757,0.48581733162790663,0.20746590892279929,0.7663983854422253,0.1461572615536488,0.49016593312096385,0.5223540047669304,0.519730253265624,0.18707423672127474,0.8461312880411695,0.48448051501715844,0.4873506809104575,0.1904972748934908,0.7654114602853459,0.1504334841656678,0.486600722365341,0.4732838882927845,0.47300270931904237,0.15811766312473483,0.8018139718815923,0.4488666264749605,0.4482020095384711,0.17660264234698791,0.7493089599701841,0.14962008691456244,0.4592255386121686,0.4304742885235544,0.4374224579367107,0.13526461932706774,0.7759350460908088,0.415583445749557,0.40892680750989063,0.1575946395839878,0.7255739262678936,0.14615415822526212,0.4328777150918997,False,,0.3333333333333333,3.0
E449fs,frameshift,True,4.0,7.0,0.0,none,none,,3,24388587;28364778;32893267,7.0,0.5714285714285714,,,0.5679346463360814,0.5592643795289471,0.2359759733952206,0.851053953655691,0.5307533148221901,0.538894864424937,0.24292297612033342,0.797493905193385,0.1430197861388189,0.5218034868538626,0.5237340426211323,0.5227170521431002,0.20650168240685887,0.824367725093394,0.49963207139099447,0.5005859955327845,0.19653374445736657,0.793742710455901,0.1548549067486114,0.4984751680006101,0.5223540047669304,0.5201914435292859,0.1911722571098751,0.8322139067512943,0.4971349542330457,0.5010706549970187,0.19236811337082788,0.8024694749453468,0.15952007084681014,0.4962768048243233,0.4732838882927845,0.477695380300887,0.16875681600859888,0.8125384575430019,0.45522500424384243,0.45219873421021506,0.15284240412186229,0.7772163722955799,0.16263274248278872,0.46369814415492094,0.4304742885235544,0.4377123094007096,0.13311676053680113,0.7863799286236804,0.4188509628515907,0.40802952633969447,0.14153540278116714,0.7378126895544368,0.15682416944532954,0.4348952149275369,False,,,
G229D,missense,False,6.0,7.0,0.0,P/LP,clinvar,0.9964,4,24096004;29488358;30967788;32681117,7.0,0.8571428571428571,,,0.5679346463360814,0.5652958703936375,0.23903712203371544,0.848779575093892,0.5709188912094298,0.5808022161595936,0.2509524948789132,0.8484488664025632,0.15309161896498175,0.5528835505204547,0.5781463959934521,0.571638051721231,0.24998645091388588,0.8570823415090957,0.5818555146947557,0.5907276187852293,0.27854229642999156,0.8494136191324282,0.14741286183775607,0.5611854554955504,0.5819293992028126,0.5706118350198411,0.23954488672567775,0.8618835334116125,0.5839469065869881,0.5893992533594608,0.2733490525386771,0.8666127383515836,0.1505868917238116,0.5634415930545595,0.5863641348225075,0.578477701324117,0.24477985983314732,0.862669357486281,0.5857940340995216,0.5967959576280772,0.2637408500376786,0.8603448768457918,0.15300892375866226,0.5654158248108554,0.5748724771757584,0.5643477442630163,0.24585752209850004,0.8582658661762792,0.5784751737093685,0.5836619152377942,0.26445670857604336,0.85137864449957,0.14874729191250172,0.5607060702996829,False,,1.0,3.0
G245fs,frameshift,True,3.0,7.0,0.0,none,none,,2,29951145;34148116,7.0,0.42857142857142855,,,0.5679346463360814,0.5592665478083142,0.24383652638953507,0.8446812187543898,0.5375279618968994,0.5413343371725213,0.23441642398503526,0.8176184228629322,0.1493591838324269,0.527145330458355,0.5237340426211323,0.5195239657669904,0.20751721310482615,0.8261214281097594,0.5029903017731899,0.5034961531435811,0.2174267776568614,0.790320882054096,0.15032014419293474,0.5010465632112518,0.5223540047669304,0.5216319476327463,0.20320602939517188,0.838622326077181,0.5039220334009237,0.5043232111815096,0.20136911830441892,0.8035880616482585,0.15622329322345793,0.5016827858003072,0.4732838882927845,0.47774074553906765,0.15775240069900892,0.8086350379220694,0.46107738862979897,0.4552165616303464,0.17080141375050886,0.7807898047631342,0.15824129647213891,0.46859724769069044,0.4304742885235544,0.4331312852317467,0.13493610834633066,0.7732431888254542,0.4258311439848247,0.4209627271276025,0.15006232804446185,0.7395960156676995,0.15452283114414056,0.4405679345288733,False,,,
H455Y,missense,False,3.0,7.0,0.0,VUS,clinvar,0.0754,4,19808498;20167303;29672598;36277779,7.0,0.42857142857142855,,,0.5679346463360814,0.5596562983707861,0.24441582110870286,0.847069739169211,0.4934050412349425,0.4955943021435931,0.19165395706287644,0.7708051852114401,0.14755822058966991,0.4932316685549834,0.5781463959934521,0.5703092901740041,0.2606643522629767,0.8456455992283266,0.5028451079396833,0.5094017720267983,0.20998014779760474,0.7762145309441897,0.14725376276551233,0.500368276093258,0.4662617906466217,0.46788202794528777,0.13513924588716464,0.8174695791983895,0.4134513135584196,0.4078079246612438,0.12171669572888708,0.745748062224746,0.16158930438793967,0.4313297689317181,0.6070907159007526,0.5989738856450848,0.2510386612445301,0.8818297453642312,0.5174720919516022,0.5236625159851978,0.20226017292578333,0.7996681281755151,0.15725444412223755,0.5113497963027864,0.5181497570721538,0.5169750662150551,0.17038463394979028,0.8442089358366209,0.4489668801456712,0.44350334465812746,0.15175597490591128,0.7586657443587445,0.16115859036140878,0.45787312499854627,False,,,
K422T,missense,False,4.0,7.0,0.0,VUS,clinvar,0.4025,3,22199116;23995305;30758498,7.0,0.5714285714285714,,,0.5679346463360814,0.5608490000205596,0.23865070897114662,0.8440801403644166,0.5079958566137871,0.5178055968142705,0.18936368008744653,0.7938770863675695,0.15554397801637246,0.5039936302305568,0.5781463959934521,0.5701697972330071,0.24779939457747474,0.8549295828862693,0.5181658581623293,0.5249526715217847,0.20579334302874783,0.8024226867131885,0.15482950689103922,0.5120089339974371,0.5066948225175351,0.5097049589350021,0.18273781274328146,0.8311040892104141,0.4563360263323375,0.4572747344757446,0.15813633565181606,0.7616594841167746,0.1571914323147689,0.4644402716870852,0.6070907159007526,0.5993110490454786,0.26499019566402593,0.8777589007772646,0.5329766356854593,0.5440110406205159,0.19685416645646,0.8267809946016971,0.16421121200737512,0.5234873472547413,0.5629722852850644,0.556128089154302,0.21906250684631443,0.8595357350146884,0.49901845734120126,0.5048304630901538,0.18060870730356074,0.8026644814128165,0.16617218826860017,0.49716527109130737,False,7.97041e-06,0.0,3.0
K422fs,frameshift,True,6.0,7.0,0.0,none,none,,6,14998624;19841300;32681117;32893267;37568094;41013213,7.0,0.8571428571428571,,,0.5679346463360814,0.5597547766950581,0.2334728205616932,0.8452642333941436,0.5628091968905297,0.5703656349291986,0.2561732207613488,0.838413622771065,0.14747080752374386,0.5464801331192072,0.5237340426211323,0.5226165260525872,0.20241621522889197,0.8288217402807283,0.5276384541512068,0.530730184250509,0.2079476104825544,0.8158491974121758,0.1603946886797333,0.5198271407461084,0.5223540047669304,0.5204186923012213,0.194483732657515,0.8376951411340555,0.5245414235677792,0.5299835656320899,0.21801508095352068,0.8159772528093558,0.15939450276032122,0.5175813334377525,0.4732838882927845,0.47326910347960066,0.15724152974804492,0.7988682471318244,0.486783350544225,0.482341507884028,0.17943524257487597,0.8111406019886706,0.16524384143497986,0.4888718235803556,0.4304742885235544,0.43442647280232777,0.1295740507700513,0.7786516069590772,0.4494593887033027,0.44681397371247006,0.1606519762487746,0.7770993513641082,0.1589150600397118,0.45951440933729265,False,,1.0,5.0
L191P,missense,False,7.0,7.0,0.0,P/LP,clinvar,0.9402,2,12442276;19041715,7.0,1.0,,,0.5679346463360814,0.5629409933304765,0.23526830435750773,0.8461429428554349,0.5748617418842205,0.581447166666106,0.2592195516109153,0.8576053223212893,0.15366878692965744,0.5561637875429328,0.5781463959934521,0.5687351872545006,0.25303457764733744,0.8489609798528697,0.5841952862079255,0.5915614788405424,0.27904064416217556,0.863372483880825,0.1520937163786777,0.5632485758399447,0.574985582293522,0.5714554985348201,0.2504149355248285,0.8633360987260065,0.582847373242411,0.5860210078510066,0.2581978605779253,0.87556143983458,0.15735573701524538,0.5630514300485933,0.5863641348225075,0.5781776445174701,0.24671498609400558,0.8621460062192634,0.592719491824395,0.6010706521991254,0.264384539800764,0.8726607690069113,0.1574895729720212,0.5713755181580373,0.5672379821697543,0.56008655166246,0.23595744616147812,0.8472468607926905,0.5740143296723678,0.5818479914606887,0.2497198450412785,0.8683996607483433,0.15701726939954055,0.5574393529917019,False,,,
L572fs,frameshift,True,4.0,7.0,0.0,none,none,,4,29925740;30758498;32893267;38367891,7.0,0.5714285714285714,,,0.5679346463360814,0.5624413918222249,0.24739326795312566,0.8488302732537775,0.5292108804104233,0.5343107092058155,0.23629654701275682,0.8018463169262066,0.14553956766938825,0.5206373192779665,0.5237340426211323,0.5215754276994512,0.19871840437655222,0.8315869761740469,0.4922942453310941,0.4946012515802461,0.1970927779332586,0.7870626846094586,0.15664145298303592,0.4926082418627654,0.5223540047669304,0.5229527451063458,0.18694293125187236,0.8315328994946285,0.4922713058994103,0.4926164406472834,0.19247310563663347,0.7885849092056635,0.15512340118638518,0.49268999428586246,0.4732838882927845,0.4779700654999365,0.15670835149610776,0.8045995581073189,0.44607488579680676,0.4409473379399532,0.1572723203736453,0.759633857299663,0.15984529659970267,0.4566282284198077,0.4304742885235544,0.43884411615961055,0.13945022730421391,0.7804337534746557,0.41448668709651937,0.40686070782026906,0.14619574823272524,0.7226045547120413,0.15130631413697213,0.4316564086663401,False,,1.0,3.0
P343R,missense,False,5.0,7.0,0.0,none,none,0.9996,3,16414944;32893267;34505893,7.0,0.7142857142857143,,,0.5679346463360814,0.5616576936315336,0.24673834061792627,0.8496608883861759,0.5747827367833714,0.5754755560095369,0.2891114235894715,0.8432030043519709,0.14059812862324242,0.5558426739978966,0.5781463959934521,0.5724534770594242,0.2633073050580969,0.8547096689201734,0.5836549870025268,0.5879584331093063,0.29677938845574403,0.8406561451162409,0.14069517538319212,0.5622968034083282,0.5823224988913962,0.5771378026429671,0.2615020534623585,0.8675954133031092,0.5872517198634309,0.5898287701100654,0.28774018831613757,0.8495282094906266,0.14434195441595238,0.565842694622608,0.5087357125120241,0.5073129816937153,0.18341170544468235,0.8298734552617628,0.5282198383171244,0.5303323469576142,0.2306753373610505,0.8256867494778646,0.15641301957777387,0.5211540695738098,0.44809789403770145,0.45504954345372034,0.14695194510846782,0.8021614553913184,0.48131610568165595,0.47765655020767833,0.18790063780038382,0.7857366255593053,0.1566729047882308,0.4847961392279295,False,,,
P343S,missense,False,7.0,7.0,0.0,P/LP,clinvar,0.9971,4,15466642;15511625;29925740;32893267,7.0,1.0,,,0.5679346463360814,0.5603089545076586,0.22749837908125708,0.8466379906981586,0.5850548940853613,0.5913286216295378,0.26167630788166807,0.861904339933507,0.15277408422220784,0.5640312564153174,0.5781463959934521,0.5725320609538901,0.2573620595900329,0.8567263906198479,0.5923915909710681,0.5979650434877932,0.27733286057967316,0.8705870549628836,0.1537064809389438,0.5698443505893908,0.5820154116494483,0.5711466848723042,0.23445657151969584,0.8603013115028125,0.5967071693826744,0.6040346047267118,0.2738250511422043,0.8820615577614597,0.15525384811077697,0.5737720771670556,0.5863641348225075,0.5767748366398265,0.2385902700212744,0.8684984953701308,0.6020610665060946,0.6127762742949106,0.2704468865840268,0.88029175759565,0.15765594885674036,0.5787725474613722,0.5749670392603261,0.5675598885938125,0.2375523343204036,0.8523763013884332,0.5935056068616229,0.600813408422551,0.26372342574267615,0.8743053994082295,0.1563927046956068,0.5729532435388967,False,,,
P369L,missense,False,7.0,7.0,0.0,Conflicting,clinvar,0.96,2,29097701;36077086,7.0,1.0,,,0.5679346463360814,0.559590196656157,0.22799834935480018,0.8531105079066764,0.5753842052145154,0.5798034414811555,0.2615296420232599,0.8496604011285438,0.15116750391118192,0.5562107184761621,0.5781463959934521,0.5742561983537257,0.26034114703481137,0.8475863706640909,0.582334539610245,0.5866799208540416,0.2605258780095589,0.8652835890475459,0.15446174326201542,0.561883846257403,0.5774403507477021,0.5704534375378443,0.2273904567068627,0.8616255581417889,0.5856581300998843,0.590013339930812,0.266695312387556,0.8634272237866792,0.15480768470253223,0.56502746948726,0.6070907159007526,0.598483541025489,0.2541953138890669,0.8879590884277596,0.6101212474126412,0.6208560162010148,0.26250556348637183,0.8941087538344477,0.16388473437069537,0.5853465012255923,0.6348946048364473,0.6228965181273485,0.2622190043777298,0.8961041713233558,0.6378916381486958,0.6537626231986222,0.2909135202793031,0.9043368733932253,0.16070192602303504,0.609506346954659,False,,,
R174H,missense,False,6.0,7.0,0.0,P/LP,clinvar,0.9861,5,10973849;28292826;30758498;32681117;32893267,7.0,0.8571428571428571,,,0.5679346463360814,0.5605166945702829,0.24991350727060632,0.8451210516673701,0.5959833683312259,0.598998222975283,0.3136408932391758,0.8560694407766617,0.13958255324911858,0.5721882478498168,0.5781463959934521,0.5740658450218964,0.25331829229465846,0.8613093737869932,0.6053979219845962,0.612976119490726,0.31246553001037786,0.8550102304469918,0.1393270626276641,0.5792455196282332,0.5806623842054585,0.5732978987327142,0.2521192446168548,0.8598808574355071,0.607928144712222,0.6130434313716053,0.3132551173062133,0.8733317629113675,0.14421333692046467,0.582314395611344,0.5863641348225075,0.5797034277501574,0.25390771243386784,0.8672038515044277,0.612485411801915,0.6189728805755097,0.3026876658288745,0.8752293997302377,0.14674183459472329,0.5869434505672748,0.5734794759155232,0.5614630811356208,0.2415994726634271,0.8537469291908317,0.6042477032923386,0.6112155831044788,0.2976806418169274,0.8674024931212367,0.1476857690985854,0.5816275973166505,False,6.57065e-06,0.75,4.0
R380S,missense,False,6.0,7.0,0.0,P/LP,clinvar,0.9982,6,19841300;22949429;26187847;26344792;26496715;32893267,7.0,0.8571428571428571,,,0.5679346463360814,0.5644199349910429,0.23959217737919478,0.8392991880377676,0.5634197480034704,0.5681160105091683,0.26451864231237854,0.834428698504239,0.1467567007876506,0.5469499859570728,0.5781463959934521,0.5718463951145862,0.2533490005492163,0.8488713673377531,0.5712749454203591,0.5750435072162552,0.26183728272977136,0.8539789716859021,0.15199278466207128,0.5532530481143612,0.5821505493240293,0.5764069180178035,0.24116906261135135,0.8658741122264755,0.5733570567778677,0.5832281554349819,0.2596907582753989,0.84389705731146,0.1500368362483512,0.5551200975016968,0.5863641348225075,0.5766560050780716,0.2429770525283512,0.8714376284071179,0.5779058859981422,0.5848297034353243,0.26996066051249096,0.8439016411968202,0.14907776275248052,0.5592203031367505,0.5751156087051871,0.5690401498285867,0.23575319907790215,0.856513985269931,0.5710828523778662,0.5792871780715105,0.26065337844047437,0.837018571852639,0.14701889301643403,0.5546547166101852,False,,1.0,5.0
R562S,missense,False,7.0,7.0,0.0,P/LP,clinvar,0.9981,2,26496715;30170673,7.0,1.0,,,0.5679346463360814,0.5612220421311499,0.23913406094480114,0.8508132808145037,0.5813082504110926,0.5845483637642876,0.2724029604267178,0.861306414334099,0.1507282393153244,0.5609700631947526,0.5781463959934521,0.5714262951823573,0.25400641040441213,0.856437158801563,0.5909456616471316,0.5960960736906038,0.2651388018347805,0.8734660863612623,0.1541437726988283,0.5686352372257034,0.582138265332001,0.5759576650212347,0.24359537037020712,0.8655747527613954,0.5918046949054349,0.599390787384183,0.24634596699113537,0.8782396393067324,0.1602462686664985,0.5699469868949565,0.5863641348225075,0.5762547214101621,0.24006227427349316,0.863474170754962,0.5937726321571279,0.6053592015377519,0.24372638450798317,0.8798167941522013,0.16203962924391752,0.572172158940871,0.5751021038146628,0.5701317917302069,0.24453029168168264,0.859895120493215,0.591954275386685,0.5978383435882854,0.2613368089724976,0.8672317346129046,0.1540630612729342,0.5714786885564963,False,6.57177e-06,1.0,5.0
R591C,missense,False,7.0,7.0,0.0,P/LP,clinvar,0.9267,5,19841300;22199116;32893267;34398675;36674868,7.0,1.0,,,0.5679346463360814,0.5619174031738934,0.24226604549159914,0.8420208229299867,0.5887738156374417,0.593535515951769,0.2588065797452645,0.868288226991529,0.15476349474238899,0.5668597828919562,0.5781463959934521,0.5704668771303667,0.24649175738884366,0.8489495527599487,0.5983434779865924,0.6030206224498504,0.2828938041063772,0.8727463276791321,0.15057376301509254,0.5742155056681782,0.5733069538926306,0.5668192050293402,0.24036307482117372,0.8633508007132319,0.593516532847445,0.5983862464796477,0.25935374227306673,0.876865734778623,0.16057721655295804,0.571518772589756,0.5863641348225075,0.5739476155608341,0.23953535931088407,0.8605483331152148,0.6104753730307161,0.6218586619696523,0.27907696214032807,0.8898214673380436,0.1593117899327949,0.5857518124304785,0.5653926187197584,0.5582942754467201,0.23592687282406852,0.8503292339447186,0.587301022147148,0.5908496329505898,0.2641681978454846,0.8741527070523601,0.1580922495126131,0.5683251906768783,False,3.98387e-06,,
V173D,missense,False,5.0,7.0,0.0,P/LP,clinvar,0.9956,2,16414944;34398675,7.0,0.7142857142857143,,,0.5679346463360814,0.5649082393876131,0.24140937818230732,0.8500784291564226,0.5859398724275088,0.5917115727137545,0.2969043431664115,0.8404496724630343,0.13749462039978103,0.5641616196346588,0.5781463959934521,0.571905467173772,0.25554699653150736,0.8593231885076991,0.5921669454792315,0.5974119064105126,0.3026994563936725,0.8517007850919966,0.14198593687397432,0.569195764942689,0.5818310842972464,0.573970325355801,0.24315510118734188,0.8629343122844166,0.5998030990931312,0.6050269012958558,0.29790243746934253,0.8620674753008855,0.14326980466548392,0.5758257830544694,0.5863641348225075,0.5761790623075017,0.24792689932683692,0.8628945314550106,0.5998811516365409,0.6066530405297386,0.2977266160642882,0.8580359778004434,0.14612869855979535,0.5766670648758585,0.5747643892296367,0.5687392560096411,0.25553767813746703,0.8572690487552074,0.5921271516985872,0.5957249573170922,0.3123465871224119,0.8483956940147652,0.13804934239560437,0.57135468737428,False,,,
V417M,missense,False,7.0,7.0,0.0,B/LB,clinvar,0.0688,1,14756674,7.0,1.0,,,0.5679346463360814,0.5609229254538987,0.24034232448211676,0.8514203586051593,0.5671981395657072,0.5718776484723082,0.2455606103391308,0.8512885209571931,0.1573215329696083,0.550107887163853,0.5781463959934521,0.5707888114363479,0.24871143087110364,0.8536068944645356,0.5773603671682938,0.5854507435432841,0.25261962946891814,0.8542416647795686,0.1551273275524963,0.5577621212044912,0.46547257639844153,0.4676411297334283,0.1391447688134681,0.8198874737909052,0.4745502477115196,0.4728499297175303,0.1313167118499919,0.8247844167363688,0.1796360884089641,0.47858304733743345,0.3721928968573354,0.38363500908948917,0.07807582650231433,0.7808260859993268,0.3848142863030561,0.3641767318738397,0.0750792998410882,0.7804863083993665,0.19329640101663514,0.40552575566104404,0.2922685720190546,0.3061531951604577,0.05650215273497473,0.7088095691868187,0.3075182290701067,0.2768866942180869,0.05450914645538077,0.7085918967900678,0.1770243370151817,0.3401818505966642,False,,,
A178P,missense,False,1.0,6.0,0.0,P/LP,clinvar,0.9964,2,10973849;36277779,6.0,0.16666666666666666,,,0.5679346463360814,0.5550867162459557,0.2329509646009599,0.851431454703217,0.4843906521653576,0.4905334679343802,0.17291426132594434,0.7667268856920173,0.1528338225427701,0.4861038990964445,0.5781463959934521,0.5691396415749044,0.24931118578623981,0.863006316360568,0.49139834933468346,0.4998339962684089,0.17595038891747294,0.7792142750740384,0.15551018229419256,0.4913496547044086,0.5819293992028126,0.5750724995250891,0.24713807301455812,0.8585738656353978,0.48943561716216993,0.4981386730576417,0.18651832735815072,0.7722867966544436,0.15369909851192584,0.4896910361041789,0.5863641348225075,0.5813179702478549,0.24133465820119746,0.8672648808935035,0.4873310047091527,0.4942558442206803,0.1819766100340895,0.7772131771852637,0.15854369181546552,0.4879647106373566,0.5748724771757584,0.570137258885068,0.242028771129499,0.8537102347693662,0.47953968750334686,0.48328424506161494,0.1774042372426466,0.7699125532063911,0.15609606685727656,0.48172859427954157,False,,,
A257G,missense,False,3.0,6.0,0.0,none,none,,1,19684871,6.0,0.5,,,0.5679346463360814,0.5643327625714292,0.2508602280860794,0.8537143207221632,0.5559044600009367,0.5587715474116485,0.26463086845393796,0.8209590835068333,0.14250365635529316,0.5411915107056934,0.5781463959934521,0.5734875537096218,0.2444131059237366,0.8510064599604312,0.562054481297095,0.5680309067574667,0.274733783596152,0.8265024543592578,0.14390480094984914,0.5457344599108291,0.6732049630213349,0.6591330563737526,0.30852309093866315,0.9126368354745766,0.642124218964838,0.6572816240312951,0.3159899887957269,0.8812255607766827,0.1457710457840853,0.6086987473660355,0.5087357125120241,0.5050929526434331,0.18793430710473327,0.8375025778798506,0.5077447751355991,0.5093077240670747,0.2034135893264585,0.7981851567780212,0.15561174686789844,0.5049909310379832,0.6316556472635034,0.6197910864726687,0.25737657388112317,0.8950458415659296,0.605503612266175,0.6191315989037413,0.2796768650789739,0.8652132340802026,0.1529805732081918,0.5820892185517796,False,,,
D564G,missense,False,2.0,6.0,0.0,VUS,clinvar,0.9897,1,30797226,6.0,0.3333333333333333,,,0.5679346463360814,0.5634330293889287,0.2430415297787808,0.845097627894681,0.5311670025225879,0.5398276378440805,0.23700849241421953,0.7946488212421035,0.14452115434145,0.5219702800254896,0.5781463959934521,0.572148090505217,0.25367033665544597,0.8523903434829538,0.5400292790356136,0.5471426248861209,0.24307363325226983,0.7973345287621709,0.14399505677426025,0.5284751730644591,0.5811055215084577,0.5746056651550849,0.2501652545307885,0.8671348471780584,0.5375901718203412,0.5452064555298193,0.23567999233512596,0.8241051908128203,0.15179463887746641,0.5271770092522022,0.6070907159007526,0.5993625976268974,0.24883663892159807,0.8871232989081507,0.5584083277688977,0.5649609211478259,0.23950657166483713,0.8354302979753184,0.15610291322583697,0.5436105673084766,0.6383520682129188,0.6266720385014679,0.2734920317029806,0.9042637767970745,0.5867928338132385,0.5969590344371332,0.26846564653290617,0.8572331617273845,0.15441447791940832,0.5667311237247975,False,,,
E261K,missense,False,6.0,6.0,0.0,P/LP,clinvar,0.9991,3,10973849;32893267;37821546,6.0,1.0,,,0.5679346463360814,0.5630639903312546,0.24597411669613295,0.8482990456971342,0.5754350393654981,0.5836585005712042,0.2520384745829534,0.8468391464763769,0.15404206751873376,0.5562806021449228,0.5781463959934521,0.5725611078979422,0.2458514631957252,0.8619611815283452,0.5845680049971796,0.5950807763450741,0.262356522255601,0.8646021634606124,0.1549511030438593,0.5635215842232821,0.5822610939759172,0.575250298065702,0.23450479937625923,0.86015297977395,0.5937004559130677,0.6041103394592708,0.2633250213411862,0.8671163348897568,0.15708389527280783,0.5711450811750448,0.5863641348225075,0.5792711023760254,0.24555313341286522,0.8635554832113468,0.5932473479511627,0.5989627097301775,0.2684858399506514,0.8827440202816966,0.1607968056684761,0.5720289905108952,0.5752371398884072,0.5646462061823005,0.23002838622065067,0.8559330854112,0.5851776456499729,0.5930236187280087,0.2539928705498266,0.8754035932203247,0.16013721491135494,0.5663804924399019,False,,,
G189R,missense,False,4.0,6.0,0.0,VUS,clinvar,0.9971,3,10973849;30758498;32893267,6.0,0.6666666666666666,,,0.5679346463360814,0.5604561450105687,0.25182284305339786,0.8470005570621655,0.5222173160781013,0.5296123358048413,0.2095902396810584,0.8059475606356822,0.15433412990234624,0.5151175511038164,0.5781463959934521,0.5700096925756357,0.2424948775658105,0.8537091162988194,0.5293944909727661,0.5402005533608476,0.20874628055975644,0.8066985404046395,0.1551312969028307,0.52053373589299,0.5820154116494483,0.5702117688680002,0.23970190877812705,0.8610701706418813,0.528741743391781,0.5346956408775767,0.22018726496571647,0.8058925367272634,0.1497930800844624,0.520188519387796,0.6070907159007526,0.5998301936844824,0.25326402601540393,0.8799632611355026,0.5477052270232738,0.5546192699074659,0.2101986797065945,0.8421316130330855,0.1664114826324828,0.5353572814475124,0.6392061388391912,0.6263486981354894,0.2676181551632685,0.9000189790766501,0.5750356465450599,0.5921874872320823,0.2107549863094582,0.8591016945537356,0.16747341714293498,0.5575898298169468,False,,,
G306R,missense,False,4.0,6.0,0.0,P/LP,clinvar,0.9997,3,10973849;30758498;32893267,6.0,0.6666666666666666,,,0.5679346463360814,0.5569560225470285,0.22921779017107152,0.8423011775914259,0.5197322081484866,0.5283233128714072,0.21151778351821643,0.7950192322723713,0.14934573843417748,0.5131780298022504,0.5781463959934521,0.5729731771741079,0.26018273556614635,0.8583647121876075,0.5306002811138548,0.5369753246526558,0.21664622795267346,0.8078551275859783,0.14993970821738065,0.5213900241582933,0.582334779121104,0.5742511312839157,0.24980918132510474,0.8618427767111634,0.5283641781672961,0.5400048256604654,0.20507156160402637,0.8164437784567807,0.15784803395271615,0.519913104564013,0.5863641348225075,0.5783291332455893,0.23617817642840339,0.8687182328997982,0.5274904849633532,0.5358945716734134,0.21063666994437263,0.8204951306758622,0.16028075703831912,0.5196265686105478,0.5753181478236145,0.5674390525815305,0.24398301233505526,0.8556686093032737,0.5204968845948285,0.5293016334969332,0.20137230018139626,0.8046245638096126,0.154734077237452,0.5140905722940304,False,,1.0,3.0
G314C,missense,False,2.0,6.0,0.0,none,none,0.9985,1,12702160,6.0,0.3333333333333333,,,0.5679346463360814,0.5627661320438276,0.24440491671283268,0.8496164701202806,0.5316761307189528,0.5392773771488772,0.2421119030580072,0.7979894164467335,0.14309484010770196,0.52240920815581,0.5781463959934521,0.5728152059014623,0.25565473931828314,0.8492072930133362,0.5384909646482243,0.5415721334878081,0.2454531620238071,0.8046718732195073,0.1435522454792318,0.5276351597940419,0.5821873997972502,0.5727546890972958,0.23350584635200025,0.8602654321093417,0.5389409860270429,0.5460519611795944,0.2338828220779283,0.8082183462186849,0.14824597662633737,0.5282457029681792,0.5087357125120241,0.5052255612935024,0.18244736696750222,0.8287270157226564,0.48196307927905113,0.481522180628143,0.18373414014381326,0.7837919087588078,0.15544768494546207,0.4848527289281254,0.44794811647747956,0.44904306183438464,0.14699784057928228,0.7930989311443182,0.4336470380011194,0.428176501244546,0.16368217959502832,0.7379835714394168,0.15205910949879847,0.4470485760812236,False,,,
I145fs,frameshift,True,5.0,6.0,0.0,none,none,,3,32830254;34088017;41242031,6.0,0.8333333333333334,,,0.5679346463360814,0.5642271512034516,0.2514095780276025,0.8525490035358954,0.5709148650873083,0.5769796411328003,0.2548574157448285,0.8452740013246108,0.14963587549719184,0.5528489017026424,0.5237340426211323,0.525979729149921,0.2007743983595182,0.8355461359859376,0.5349636628604157,0.5401478540609181,0.22032569927117027,0.8202277175297564,0.1557142632373979,0.525520009594115,0.5223540047669304,0.521537969864765,0.19293896619677717,0.8366809722276308,0.5312614849828493,0.533805785078696,0.21844443878923833,0.8274686740332392,0.15795198746832487,0.5227868715559328,0.4732838882927845,0.46999301922205794,0.15105976499369742,0.8104045036159256,0.49312135934922835,0.49282484427208306,0.18309805508981858,0.8110532723951364,0.1610363586105855,0.4937152781149759,0.4304742885235544,0.4369435921283607,0.13791403120994272,0.777729024827116,0.45397692063340195,0.4482690397828043,0.1583415594991273,0.7787799564589112,0.1628337535069639,0.46309264671327804,False,,,
I514T,missense,False,6.0,6.0,0.0,Conflicting,clinvar,0.9747,1,32893267,6.0,1.0,,,0.5679346463360814,0.5618152038230774,0.23924722066454215,0.8425810007978582,0.5687891140341225,0.5730412489837393,0.2439724654046435,0.8594612971943515,0.15366759477080874,0.5512936080116821,0.5781463959934521,0.5709681933401278,0.2488745330851023,0.8434365951853544,0.5746962294988676,0.5812536958779944,0.25146851310102153,0.8578631450408173,0.15436417136925742,0.5556604334139127,0.5792570438156568,0.56963958830789,0.24529466098384498,0.8588312637017839,0.5753337891687886,0.5795854359817536,0.2544565969969986,0.8622566129445584,0.1566005155481326,0.5569061360317726,0.6070907159007526,0.5973291723696647,0.26295873872788605,0.8743620293401496,0.6046779392618516,0.6174290413950447,0.25423787668279507,0.8899848148050241,0.1668224558426389,0.5813068556111106,0.6366117775415842,0.629578391962954,0.2733345321036127,0.9054870731344435,0.6296671842592207,0.6445183271466998,0.2795220058427008,0.899556637758003,0.1633956254825883,0.6027922100382664,False,,,
K362R,missense,False,3.0,6.0,0.0,P/LP,clinvar,0.8726,4,19841300;22949429;32893267;34135346,6.0,0.5,,,0.5679346463360814,0.5614409679736856,0.23729221792974384,0.8466766273413708,0.5032098552125736,0.5085692671917543,0.18828411487133112,0.7869233677006131,0.15251591226882136,0.500480935254741,0.5781463959934521,0.5693712183844613,0.2502627278694366,0.8519041218307767,0.5114392556710731,0.5189079496226026,0.19464859921621702,0.7909032624955321,0.1544610217982468,0.5066844429574985,0.5665431009754947,0.5601302943316511,0.23403073180046227,0.8549073097820501,0.496272147422586,0.5049494554034446,0.17859060944107738,0.78137374355524,0.1536449844465639,0.49498322861999805,0.5863641348225075,0.5777276219141178,0.2390887035132249,0.8665362554236483,0.507624840815863,0.5129893387701331,0.19101197060482053,0.7904580152480819,0.15762058983048138,0.5037974851772815,0.5579603802245261,0.5502554463550063,0.2275912839322563,0.8418965788594842,0.4886318259498062,0.5000923964635762,0.17918540919915799,0.778991326575617,0.15815651852620013,0.4889894360915017,False,3.97852e-05,1.0,3.0
M437V,missense,False,3.0,6.0,0.0,none,none,0.073,2,30758498;31245483,6.0,0.5,,,0.5679346463360814,0.5638167807483778,0.2552121423166544,0.8522546546460928,0.5003966836562094,0.5063144857105364,0.19560700203215403,0.7857779231728601,0.15150367496519482,0.4983934649462666,0.5781463959934521,0.5711209380368049,0.24550293019229527,0.8523306034926249,0.5053439047705494,0.5151072199004247,0.1883971566689191,0.790689776005392,0.156830381589685,0.5020401649798056,0.4659746578470952,0.4698219506646651,0.1449005186329546,0.81572620167726,0.41405255322356976,0.41009505318371775,0.11565586777767924,0.7558893894519504,0.16893245358268463,0.4312550775714941,0.5087357125120241,0.5093066647087867,0.18657207435039902,0.8302928411358363,0.43759391437759976,0.43535593775993636,0.15219378478653012,0.7528468500037346,0.15917421457331082,0.4497947464175626,0.3366489639602284,0.3482652345209655,0.06973250599037165,0.7554022162643146,0.3032052961072279,0.2810050031061956,0.060075262185746374,0.6674046051101439,0.16092915865803323,0.33835702635535664,False,,1.0,3.0
P320H,missense,False,6.0,6.0,0.0,P/LP,clinvar,0.9998,4,19540844;19841300;22949429;32893267,6.0,1.0,,,0.5679346463360814,0.5584655955476477,0.25150077705476637,0.844694807578388,0.5883382420216597,0.5950144733642466,0.26456524373403195,0.8676665738761927,0.15449736594334595,0.5665983161835639,0.5781463959934521,0.5737230708166974,0.24978530604529672,0.8559179203074267,0.5946381527589194,0.5994254122403238,0.27641491488825654,0.8681534510380535,0.1528835742483932,0.5713624433157074,0.5823470590995569,0.5760632022003549,0.24097890103468161,0.8648274247467206,0.598913576532567,0.6071009152053819,0.2699254726465425,0.8787781866621622,0.15598393680815864,0.5754483673435836,0.5863641348225075,0.5773631181273364,0.24408414637061743,0.8650371382006172,0.6045729545431188,0.6155031341157257,0.2668141063436419,0.8872718195024925,0.161010175533992,0.5809369115056944,0.5753316481447022,0.5623797372785122,0.24928384503608916,0.8499446548997975,0.596066778281888,0.6031288543879274,0.2772213963533034,0.87480455936884,0.15350949962768354,0.5749181795149944,False,,,
P343L,missense,False,6.0,6.0,0.0,none,none,0.9952,5,16414944;19841300;22949429;30758498;32893267,6.0,1.0,,,0.5679346463360814,0.5592830136222421,0.2284322451176491,0.8449145183662647,0.5761092219213955,0.5875546373626487,0.24077668587673037,0.8564253311854156,0.15905577062676146,0.5568688732587631,0.5781463959934521,0.5712084271106127,0.25009937352742456,0.8597492633154457,0.5871053842182167,0.5920665508868692,0.2671982461948886,0.8710353121124782,0.15648715921388195,0.5656230483700311,0.5817819208661293,0.5739371213909672,0.2550125738012849,0.8635574357924846,0.58906188060851,0.5977130762922563,0.257261683974123,0.8720787380705921,0.1573985786421738,0.5677841208077024,0.5087357125120241,0.5073544926654766,0.17880802454793435,0.8326742431404258,0.523303319187049,0.5237486383640322,0.19318396224452647,0.8424244038717741,0.17108212397186365,0.5173559053533379,0.4474988591640302,0.45338790571615467,0.14521447310422692,0.7863743299948349,0.47222975472058243,0.46375001228429746,0.1574505856685228,0.8230460613375575,0.17272970982602429,0.4774294827343014,False,,1.0,4.0
P73T,missense,False,6.0,6.0,0.0,VUS,clinvar,0.0791,6,19841300;22949429;23098067;24606995;24667783;41013213,6.0,1.0,,,0.5679346463360814,0.5573447726940172,0.2389869174832125,0.8428043734217812,0.573857250972648,0.5777700702780604,0.26677555623641885,0.8579713852257099,0.15418531793204945,0.5554434141356873,0.5781463959934521,0.5706257654248237,0.2599091687389424,0.8539874729216747,0.5824630221320687,0.5885701838021732,0.24064520159390956,0.8700155217906063,0.1587011716615737,0.5620999170790838,0.46670477872411653,0.4725880660580655,0.13640847885571164,0.8253185205977225,0.4773736796571962,0.4738966032195459,0.1444282062617485,0.831701857552843,0.18151584379183308,0.4810679853540665,0.6070907159007526,0.5928204432521934,0.2510057221909133,0.8814358575343363,0.6086738762404527,0.6238175392070635,0.2516734883852438,0.886683697042981,0.16375682604278832,0.5839102137715712,0.5186510822110736,0.5159394534476152,0.1716116399963566,0.8373383611533533,0.5271805021519018,0.5307879965476496,0.17690396027975824,0.8642937684783906,0.1804629459723776,0.5203583027779032,False,0.000152993,,
Q359_K362del,inframe_indel,False,6.0,6.0,0.0,none,none,,1,32893267,6.0,1.0,,,0.5679346463360814,0.5624897040981838,0.2501870195473683,0.8451615258301239,0.5684970942421081,0.5763631171732417,0.2476809607804449,0.8611256422493971,0.1578529096488521,0.5512867671718301,0.5781463959934521,0.5721333682704899,0.23820783071472812,0.8541125304159846,0.577617329137928,0.5822456555235891,0.26496394166202036,0.8517947581008404,0.15091455888897595,0.5579675752438791,0.6732049630213349,0.6546456580826133,0.2894957844927454,0.9158432715459568,0.6658622280910053,0.6828128576445943,0.3099552160853446,0.9194629862419978,0.15874356501795636,0.6292140445223854,0.5087357125120241,0.5048036136473641,0.18239841414616598,0.8317716020530358,0.5133844416229176,0.5121351243360273,0.1932353640822353,0.8362904720589625,0.16961601257636025,0.5095788540597009,0.6316556472635034,0.6206182343306307,0.25972498326373045,0.8996848897898625,0.627696920210292,0.6479187101887531,0.2708400299190255,0.8970999270895677,0.16528276302310718,0.6010740819174006,False,,,
R14C,missense,False,6.0,6.0,0.0,none,none,0.2233,1,17276182,6.0,1.0,,,0.5679346463360814,0.5640050399090795,0.25777659631022093,0.8460644129996002,0.5680003672575853,0.5703524828807418,0.25562969298808474,0.8516853261878158,0.15289256654237937,0.5508606579527443,0.5781463959934521,0.573198522660577,0.25287433463671966,0.8434982976481356,0.5783880046910326,0.5867263817849167,0.2519610296863795,0.8618508704299366,0.15644069924031587,0.5586473197380765,0.4842549514446125,0.4823826099566765,0.15901321992435283,0.8110658034625756,0.4919708087378949,0.48952975981185665,0.16365861338588927,0.8220301704196084,0.17534581577516428,0.492430514271824,0.5087357125120241,0.504230377784918,0.17963712181747613,0.8365187007462764,0.5150132273669621,0.5118358582047964,0.18146039542441852,0.8460316999265176,0.1710330139524141,0.5108437156901422,0.3518927779248993,0.3662365466798847,0.08147484227421538,0.7518121279876295,0.3699468396606859,0.3476291591268582,0.082534582451262,0.7698722594451319,0.18187937611743252,0.39402325293595714,False,7.176528241689067e-06,,
R519H,missense,False,5.0,6.0,0.0,VUS,clinvar,0.4603,6,19841300;26496715;29925740;30758498;32681117;32893267,6.0,0.8333333333333334,,,0.5679346463360814,0.5619770249183006,0.2339134898017414,0.8468643227028214,0.6044338371438228,0.6080471830011057,0.31996948954843235,0.8586941997131734,0.13930978029533048,0.578844120597385,0.5781463959934521,0.5692958968028307,0.2568037542303094,0.8500617116063085,0.61645829287943,0.6229874294196254,0.3311129426533813,0.865244647632763,0.13807366256588258,0.5879671817073361,0.51403558714224,0.5075045798185526,0.187483016968305,0.8286342939271727,0.563122879806313,0.5650762050447857,0.2651732165943492,0.8506483470965851,0.15299806023039117,0.5479071648296417,0.6070907159007526,0.5973631856458738,0.25027694024583386,0.8818935901121903,0.6381333094507755,0.6460480496985025,0.3270618181957236,0.8873045666957392,0.14443463750197785,0.6072350235492167,0.570862485202346,0.5638081906610181,0.2188466055037782,0.8586045796463079,0.609284493991435,0.6177428439648458,0.2945733140446805,0.8781725914421837,0.14978315483523955,0.5858548285753468,False,2.3866e-05,,
R594X,nonsense,True,6.0,6.0,0.0,P/LP,clinvar,,4,23098067;32681117;32686758;32893267,6.0,1.0,,,0.5679346463360814,0.561800502348103,0.24075103674180148,0.8388672583999213,0.5766613752049122,0.5815672131205762,0.25083289317452057,0.8702189936131955,0.160165926699547,0.5575920193998662,0.5237340426211323,0.524645845718497,0.19467544054722924,0.833764669763197,0.5354633673425144,0.540855636511252,0.21209898072978714,0.838612525909984,0.16413760582834547,0.5260267351985286,0.5223540047669304,0.5195181944275471,0.20423808264313426,0.8281579330722014,0.5370734365071801,0.5407293748127753,0.21506346809660756,0.8417757756965216,0.16203111742251694,0.527397500524086,0.5502375238083598,0.5439977733295195,0.20199177695871623,0.8531811047470745,0.5633112399773987,0.5702260123607199,0.21141506421651987,0.8755296270891536,0.1724163786304243,0.548483886853444,0.5567719733512766,0.5538491595637005,0.2181911870434202,0.8531752894639891,0.5665859247663392,0.5717254119210937,0.22183694359527098,0.8684997207126095,0.16771746576557112,0.5518550503105029,False,,1.0,3.0
R632fs,indel_cdna,False,5.0,6.0,0.0,P/LP,clinvar,,4,23098067;25187895;32893267;34691145,6.0,0.8333333333333334,,,0.5679346463360814,0.5644765169147375,0.24833468695364103,0.844353424318702,0.5861486661907499,0.5913261967392549,0.29753407617475175,0.8405422260709358,0.14253695838184546,0.5645204105016653,0.5781463959934521,0.5728527037394654,0.2525301002320611,0.8570257019549243,0.5944237374402392,0.5996331841072162,0.299563032775595,0.8514718771293159,0.14120299968737643,0.5706639741403217,0.6732049630213349,0.6591261686643558,0.308661998671679,0.9144344911813906,0.673984832825071,0.6927318854515401,0.3474284070460514,0.9100306385013037,0.14779557769527793,0.6351158447716195,0.5863641348225075,0.5762584800870529,0.239208964335601,0.8626348717056984,0.6030513050347298,0.6115096723767697,0.2938260193583514,0.8685884029929696,0.14734519923303846,0.5794302732394616,0.7378165423451553,0.723333321009031,0.3655775950453415,0.9433707667639778,0.7276246443096339,0.7522302895134854,0.3889312361772346,0.9284254719036903,0.13771035507793788,0.6838377635849373,False,2.2492602042609424e-05,1.0,3.0
S338F,missense,False,6.0,6.0,0.0,P/LP,clinvar,0.9916,2,23291057;32893267,6.0,1.0,,,0.5679346463360814,0.5642311071587277,0.25924595607945106,0.83870515018622,0.57904807102229,0.5865001327298401,0.262047305226288,0.8544099428808793,0.15346777781437296,0.5592618835903879,0.5781463959934521,0.5739287965413354,0.25978860336903603,0.8517538082781948,0.5848653509922134,0.5902875019572532,0.2675911408586315,0.8587341696215494,0.1520074550714562,0.5637631102131302,0.5813392712653178,0.5697020449327026,0.24762922322294675,0.8572998967834738,0.5917788065368235,0.5982285175795305,0.2498764843536332,0.8706146456908144,0.15899727327518798,0.5699298640919409,0.5863641348225075,0.5780674912566376,0.2427118658045389,0.8708324132716085,0.5927048566861717,0.6025036016752907,0.25803487504228206,0.8735028783456281,0.1590535603779822,0.571338078033248,0.5742236792506845,0.5702062371539239,0.2489533683909771,0.8615788807318081,0.5818499320913855,0.5889533582544844,0.2544452598615101,0.8684528536859875,0.15914848328933753,0.563864035164115,False,,,
V215M,missense,False,6.0,6.0,0.0,P/LP,clinvar,0.2054,6,16414944;19841300;22949429;25576780;32893267;41013213,6.0,1.0,,,0.5679346463360814,0.5626459020686748,0.2352106931172773,0.8470745076809474,0.5688252462567417,0.5760774980051978,0.25314973136297464,0.8491248889780683,0.15263542887034387,0.5512549845150914,0.5781463959934521,0.5727747379897231,0.25022948096062053,0.8489896040045357,0.5781255172743307,0.5853712114894674,0.25922933320981306,0.8520519965669572,0.15255093936784433,0.5582968841444699,0.482048209610816,0.4868534126439908,0.1595437779439655,0.8220173990389631,0.49150991953456014,0.4875713094016061,0.15867677507760508,0.837307666761591,0.17590140374193763,0.4920520831562247,0.5863641348225075,0.5798734215973351,0.22758935551563922,0.8677447682029426,0.584690296732576,0.5949614446504543,0.25372532840892786,0.8688410474828131,0.1587573986853568,0.564818199618849,0.46730882626675474,0.4719733169403176,0.13528698123760632,0.8396091718514215,0.47825907152962815,0.4681339411068437,0.1444089288678491,0.8462619311294809,0.18997168482233892,0.48167973832709243,False,1.31486e-05,,
V254L,missense,False,6.0,6.0,0.0,P/LP,clinvar,0.9961,3,16414944;32893267;36674868,6.0,1.0,,,0.5679346463360814,0.562518287598734,0.2549492954827516,0.8490504545660381,0.5828156709287955,0.5877327656636521,0.25595172288402523,0.8676340418925226,0.155945389580062,0.5623694138700092,0.5781463959934521,0.5674914933166005,0.25661295969861786,0.8404139049017996,0.5922100041159852,0.5995868959561574,0.2711550958318079,0.8668169768084565,0.15304738835806478,0.5694779177669367,0.581892532982681,0.5749971219320581,0.2573764020486882,0.8602454375653545,0.5981151197904696,0.6045410898784396,0.2655089522236834,0.8789954046828234,0.15718527541199923,0.574900189575855,0.5863641348225075,0.5793117647886754,0.260065179491413,0.8661610849135248,0.6040084106154789,0.6105751379219927,0.27322114977277817,0.8796906060136329,0.15523599776063024,0.5802049524998381,0.5748319463176929,0.5714640062794663,0.24222485654092,0.8620328018557889,0.5935909919717811,0.599187158742711,0.2698593950392029,0.8839981916273683,0.15644132701037233,0.5730595762775809,False,,,
W305L,missense,False,4.0,6.0,0.0,P/LP,clinvar,0.9933,3,26344792;26496715;29876285,6.0,0.6666666666666666,,,0.5679346463360814,0.5638061024285105,0.23680683805665337,0.8499925457061304,0.5640903420285608,0.5723518942415453,0.27159602879388617,0.8296575658451323,0.145249603400385,0.5474608918543665,0.5781463959934521,0.5716765242042537,0.25909170679126065,0.8535002907252885,0.5722673399179209,0.583318162081691,0.25666625512211194,0.8368991235993647,0.14829527674814247,0.5536447775293329,0.5815483402638405,0.5736248777890673,0.24837069718421562,0.8572733351732993,0.5780902975678849,0.5842463567006788,0.26652541157182585,0.8455353984126294,0.14915706828037956,0.558813751990145,0.5863641348225075,0.5837579511006452,0.25226594572587974,0.868190038143333,0.5785384475474676,0.5859783800003815,0.2764577288071869,0.8501058390902224,0.15170675804132858,0.559774892299414,0.5744535358395146,0.5647131635967589,0.23484912376328823,0.8522059667764943,0.5731897002863686,0.5805312940791318,0.26738860052129904,0.844695626864088,0.14920402442153913,0.5564893704425481,False,4.01316e-06,,
W379R,missense,False,6.0,6.0,0.0,P/LP,clinvar,0.9998,5,17222736;22677073;26066609;29925740;32893267,6.0,1.0,,,0.5679346463360814,0.5613474164573787,0.23939736782427257,0.845355710055978,0.5769864779037691,0.5816802654416393,0.2618033147738394,0.8601631989377567,0.15451827171832103,0.5577661706060714,0.5781463959934521,0.5746454985948346,0.2474085821206771,0.8541023085110788,0.5905257256757761,0.5983369271588996,0.26193909000886634,0.8698828370747764,0.15745045764405996,0.5683614391304753,0.5823470590995569,0.5747318618629895,0.2445829399144169,0.8648808399270597,0.5902612443719542,0.5974940763086674,0.25609793099599076,0.8737742115365265,0.157573149977197,0.5687009028608266,0.5863641348225075,0.5776308199526508,0.24650756258040923,0.8585316431513116,0.596030648599388,0.6037940231690828,0.258399128985088,0.8873097557618584,0.16255374878950427,0.5744988454693843,0.5753316481447022,0.5687376064877688,0.24136982721087835,0.8635945218064855,0.582995789335411,0.5895622268925206,0.24782664339161792,0.8649354595797332,0.15827198408336,0.5644794485963058,False,,1.0,4.0
c.1032+1G>A,splice,True,5.0,6.0,0.0,P/LP,clinvar,,2,32893267;34505893,6.0,0.8333333333333334,,,0.5679346463360814,0.5639668804651154,0.24395201679108977,0.8452074728943828,0.6048087100650934,0.6100975694468089,0.3083926475648699,0.8646257386384854,0.14253863887223786,0.5793194022489421,0.5237340426211323,0.523367641573219,0.20146499829496936,0.8337463204415287,0.5688577737981269,0.5712574409498692,0.26248328998158127,0.847361666886202,0.14980848935713204,0.5516579526456746,0.5223540047669304,0.5199044116713328,0.18973908817114252,0.8428321586065168,0.5715102519050647,0.5737626672935038,0.27708805364378297,0.8457194692387556,0.15027140684552542,0.5542116498571182,0.5502375238083598,0.5480945232920323,0.20318671842798142,0.8602938100497217,0.5956100718395321,0.6018030941197572,0.27837606270523224,0.8758086672331417,0.15557572727072486,0.574127131006508,0.5567719733512766,0.5518824882636442,0.20851622787540622,0.8516601128094127,0.6043086220792128,0.6077592925090591,0.304371919456381,0.8674963486851361,0.1482810354407194,0.5818577379685649,False,6.56996e-06,,
c.1251+1G>A,splice,True,3.0,6.0,0.0,P/LP,clinvar,,2,24373870;28292826,6.0,0.5,,,0.5679346463360814,0.5589694234332175,0.24312882877159775,0.8421963528626378,0.546064360355761,0.5521114673649086,0.255562342358293,0.8120454265135526,0.14523283719792734,0.5335736733173078,0.5237340426211323,0.5226136890578379,0.18799173760234159,0.823669107761886,0.5118074705556395,0.514710698497994,0.20641460716269514,0.8010373628886177,0.15321475666294,0.5076659265015461,0.5223540047669304,0.5229456133222206,0.1960712388341844,0.8336604183917868,0.510046722424889,0.5107919595089394,0.21183949468820237,0.8014545481470473,0.15552370328513507,0.5063805719537982,0.5502375238083598,0.5419718976848549,0.19649343254379134,0.8570546727108154,0.5303838880896794,0.5357093332566022,0.2155809615667643,0.8193943188912556,0.1566296460907641,0.5220516253251369,0.5567719733512766,0.5497561007045267,0.20865100410425214,0.8539113851777963,0.5344315988817941,0.5385147984706662,0.2216025115983814,0.8211640060144877,0.15590274542463398,0.5255493380312238,False,,,
c.733_734delGG,indel_cdna,False,2.0,6.0,0.0,none,none,,1,30797226,6.0,0.3333333333333333,,,0.5679346463360814,0.563404368110678,0.2430141133737919,0.8517975355716139,0.5327503877894773,0.5362585831088076,0.23208975794354406,0.8158633268911047,0.14889314918661772,0.5233398831400958,0.5781463959934521,0.5713139161739269,0.246190229677724,0.8540622984501319,0.5428655124753516,0.549376256974079,0.2462188377228205,0.8075760525618976,0.14564668184648483,0.5309436619200987,0.6732049630213349,0.660228043786331,0.3007904838812145,0.9205739530077883,0.6144528724842314,0.6330746419820228,0.27118770348277815,0.8721544016864949,0.15750117040801495,0.5868687760556319,0.5087357125120241,0.5035232313067052,0.17830776782389043,0.8309501249941351,0.48079182358223344,0.47715181386497196,0.1892592667421214,0.7812406980521823,0.15638150268748177,0.48396880332899206,0.6316556472635034,0.6190881167146873,0.25275947054937636,0.8961942453119531,0.5760282491597611,0.588426958066733,0.23979846556152715,0.8512837604687139,0.1591398279489273,0.558231290460695,False,,,
c.921+1G>T,splice,True,5.0,6.0,0.0,P/LP,clinvar,,4,10973849;26496715;32893267;40166542,6.0,0.8333333333333334,,,0.5679346463360814,0.5660529217029228,0.24648188928093684,0.8485287333579898,0.5695083383047421,0.5748144573245169,0.2681141341955902,0.8488710683317209,0.1465823813103815,0.5517614767899942,0.5237340426211323,0.5228901741053185,0.19605329452719036,0.8358252911178788,0.5344991216869012,0.5380037903453858,0.22089007442349148,0.8265624641584653,0.15807918821694827,0.5250517003466337,0.5223540047669304,0.5157086392158927,0.19188964545110132,0.8388496870067409,0.5359326036707265,0.5386161902687957,0.2244685848114781,0.8324302827659502,0.15709489946875263,0.5265467440144054,0.5502375238083598,0.5447754285140899,0.20286170271546553,0.8600368816051294,0.5616678468605784,0.5696988049153953,0.24446954559850625,0.8403921810941276,0.15618542862068974,0.5466119368175941,0.5567719733512766,0.5504890983442003,0.21435547033745306,0.8599007521331281,0.5623541709083977,0.5694386923083848,0.24316062544710332,0.8379872957153213,0.1555940946436202,0.5479245953575684,False,,,
A150fs,frameshift,True,1.0,5.0,0.0,P/LP,clinvar,,2,10973849;36277779,5.0,0.2,,,0.5679346463360814,0.5648484234441088,0.2444141250827715,0.8502647303805252,0.48932806410054785,0.4935261692631351,0.18814803054954632,0.7655681327933537,0.150784762349109,0.4899304389018751,0.5237340426211323,0.5225016909124744,0.1953779806028907,0.8256729858919793,0.4538151251782975,0.45458692104968523,0.16170944821141714,0.7484272342037466,0.15601664235291438,0.46299918287906694,0.5223540047669304,0.5256516400927921,0.19429009391536278,0.8342506111940444,0.44972938797926115,0.44572439823998145,0.1540202908348527,0.759484413490653,0.16032135594255198,0.4595892566737935,0.5502375238083598,0.5418853542125831,0.20033130966192594,0.8503227160849889,0.46534922647174765,0.4656774555441653,0.15100102846376498,0.7782639910711648,0.1661573144814842,0.4708566482944258,0.5567719733512766,0.550878875255869,0.20912337068384912,0.8465106274733517,0.47337164765607526,0.4781706136421041,0.1512970548690504,0.7770515743869387,0.16458248002624806,0.4767151204807388,False,,,
A344X,nonsense,True,5.0,5.0,0.0,none,none,,1,19841300,5.0,1.0,,,0.5679346463360814,0.5651984206217708,0.24214701965792196,0.8427515304983609,0.5685796695497467,0.5738371381603085,0.2494484844625834,0.8570600994199188,0.1541595751366894,0.5512248023357702,0.5237340426211323,0.5220534647283175,0.2059943892973,0.8241224683826622,0.5299915035578331,0.5328999126415025,0.20348650695074041,0.836596812348519,0.16394394525704828,0.5218283698180848,0.5223540047669304,0.5186614953120864,0.193664266710649,0.836675150764813,0.5261500018474764,0.5284286164260628,0.19662283032586184,0.8429038847187661,0.16775686793224748,0.5188659839845488,0.4732838882927845,0.47668104647371495,0.170593572074276,0.8130095008261408,0.47945054618744637,0.4753818236851036,0.15939934637532524,0.8176211853009093,0.17388584879082405,0.4828385918457205,0.4304742885235544,0.43720552038228877,0.1444486351008531,0.7873638418322686,0.4435598197831581,0.43539527928138355,0.1473398040349638,0.7818659301316734,0.16878882445631174,0.4545221273673878,False,,,
A371T,missense,False,4.0,5.0,0.0,P/LP,clinvar,0.9905,3,10973849;30758498;41299264,5.0,0.8,,,0.5679346463360814,0.5588746481876476,0.24123566375523342,0.8460160285205112,0.5643436161911176,0.5678526792306439,0.27241889540488895,0.8390096370659136,0.14318308847717412,0.547613837082382,0.5781463959934521,0.572078568430172,0.24260545342457196,0.8545909453923345,0.5699130519844083,0.5793122535905012,0.2615973163889359,0.8395668860301629,0.14838661764840827,0.551866687049901,0.5812039532953828,0.5728354129824916,0.24127212497141517,0.8671766185867165,0.5745157448650131,0.5834713857383516,0.2522491681031037,0.8533752277988425,0.15311677803718948,0.5562527921750161,0.5863641348225075,0.576429262446165,0.2385923561932522,0.866656824412833,0.5796279142776352,0.5862728827985644,0.2660210668269541,0.8582371127606415,0.15091901293390567,0.5605805688364778,0.5740749055548082,0.5707594950929502,0.24331955434243474,0.8592372695667598,0.5697963091806967,0.5769012265611764,0.2531820319713792,0.8404463743304287,0.15012362141404959,0.5534884295759233,False,,,
D85N,missense,False,3.0,5.0,0.0,none,none,,2,17222736;33552729,5.0,0.6,,,0.5679346463360814,0.563070669559191,0.24276880895070002,0.853736113982249,0.5607508763984642,0.5692251320460309,0.26054289536656355,0.8319368323218153,0.14506638003654498,0.5447772843684231,0.5781463959934521,0.5711074772039427,0.24459306783551055,0.851178981497676,0.5700223526045426,0.574660874615888,0.2806027398150701,0.8395560992612623,0.14383057875843788,0.5519791043173559,0.6732049630213349,0.6615555579447043,0.3066368226636129,0.9169790969080001,0.6494783476675217,0.666612633425439,0.30793134990201976,0.8887501131953073,0.15074751929526212,0.6148163876974537,0.5087357125120241,0.5037676854667844,0.17119159043945856,0.8339717746427102,0.5158736835594712,0.5164772394873604,0.20965623689261173,0.8148164966097059,0.15840082011992732,0.5113605966686031,0.6316556472635034,0.6231475824949642,0.2693970518222506,0.8999359727946055,0.6125094002589746,0.6216027800366337,0.29220214746561624,0.8672448276446565,0.1519402166054963,0.5878547902548803,False,,,
F279I,missense,False,5.0,5.0,0.0,P/LP,clinvar,0.8871,5,26168993;31315195;34557911;34712558;39503779,5.0,1.0,,,0.5679346463360814,0.5644122837558104,0.252805938055191,0.8443530133731609,0.5695551622628624,0.5764905898872106,0.24517745301262675,0.8481356955275434,0.1546791427599923,0.5519568088412067,0.5781463959934521,0.5739738362467792,0.2690250391684846,0.8530567232474139,0.578117414919173,0.5850844178984627,0.26650880195321425,0.8568592051657484,0.1523251421691723,0.5584076552678684,0.5683614531266488,0.5575826733850132,0.2324456976114564,0.8467603232211991,0.5676555059792274,0.5731547293927205,0.24864431345662005,0.8592274359641368,0.1590052374941691,0.5511296897798167,0.5863641348225075,0.5785488748912273,0.25042426208099944,0.8619651488400775,0.5839786141855371,0.5932187042304373,0.2409195020542831,0.8728986596906123,0.16165153606088262,0.5644938843879559,0.5599577033401336,0.5566495876323807,0.24154618541234,0.8461380540811214,0.5607061819011278,0.5619891733322706,0.2400998744062488,0.863604192752612,0.159408829989015,0.5471390291910648,False,,,
G119R,missense,False,5.0,5.0,0.0,Conflicting,clinvar,0.9608,3,27379800;32893267;41013213,5.0,1.0,,,0.5679346463360814,0.5663942003944191,0.24828014503179288,0.8538437556133749,0.5771637975398538,0.5868685261259838,0.2513329808361895,0.8552410213292139,0.15559721921759867,0.5578869728165089,0.5781463959934521,0.5744152379105046,0.25082487585968427,0.8523606299358174,0.5848717663963684,0.5925675842749027,0.2608558459950603,0.8600950348974162,0.15420824034140052,0.5636759738475188,0.5775393474502055,0.569328967456734,0.244160289272064,0.8632957490456782,0.587875920866401,0.5940596311167681,0.2630224305909348,0.8768713160573375,0.15578552607528837,0.5668364530024564,0.6070907159007526,0.5982678455606169,0.24913497527007403,0.8812045999203495,0.613910139960695,0.6283935302157813,0.25053397233271896,0.8904193134433057,0.1661635873499012,0.5881397296027109,0.6349883521913027,0.6232751207874584,0.2629291163365807,0.8948032920705786,0.6379960319219404,0.655195765651754,0.2888189319847257,0.9056150448327014,0.16354526283643214,0.6096819395499433,False,,,
G589S,missense,False,2.0,5.0,0.0,VUS,clinvar,0.6602,2,26496715;31565860,5.0,0.4,,,0.5679346463360814,0.5599376386794798,0.23384780193542307,0.8478387756565947,0.531049380242001,0.537120212485088,0.23417237528324814,0.8024223611923563,0.1436227363402272,0.521836172087793,0.5781463959934521,0.5682455911303244,0.24364178105346262,0.8464607598955317,0.5389253890776042,0.5463811193933379,0.2290600457064467,0.8207707505975833,0.14949239821345484,0.5279886104026442,0.5395816460267242,0.5349924517088415,0.20194723771872727,0.8361269751610703,0.5047010614598462,0.5091783524542475,0.19905136792542955,0.7972237428136931,0.15493025947143885,0.5019408406693069,0.6070907159007526,0.6006079779690341,0.2562049835974292,0.8823180281796352,0.5582306345480602,0.570307630371903,0.2329948713847474,0.8452380539699733,0.16078549650785662,0.5435844926621753,0.5975915211320582,0.5850052800839194,0.22841635791746356,0.8756173603259588,0.5508709570426475,0.5615672101495846,0.23527738918589258,0.8266894164778235,0.155225918576679,0.5383051726612433,False,7.96895e-06,,
G626fs,frameshift,True,0.0,5.0,0.0,none,none,,1,36277779,5.0,0.0,,,0.5679346463360814,0.5606767127173348,0.2294472908494898,0.8467012518590599,0.4761701399011344,0.48400570205754007,0.16705608424871066,0.7595194346729698,0.15239346708742565,0.47970800055738033,0.5237340426211323,0.5209237815214844,0.1959228688308256,0.8225152969579134,0.4403251315254524,0.4441266694512668,0.13812404329954991,0.7349787589994903,0.1573987594023882,0.4522698915969844,0.5223540047669304,0.5187578726592172,0.1982877649649638,0.834789100186272,0.43211136542308987,0.42872144492578357,0.13343776237493304,0.7549109941960596,0.16225268982120694,0.4455655344866346,0.4732838882927845,0.47687938421975523,0.15137888219460602,0.816436685413398,0.3897567973807134,0.3818610556858074,0.10863627695689262,0.7157455065989083,0.15899497173572816,0.4117332768727706,0.4304742885235544,0.43997675343522674,0.14088329429414587,0.7909860549075205,0.35627623272781195,0.3495051163546088,0.09530573404470713,0.6631700757335374,0.15022413055316033,0.38366710463158127,False,,,
I375fs,frameshift,True,5.0,5.0,0.0,none,none,,1,32893267,5.0,1.0,,,0.5679346463360814,0.5616339131587202,0.2429519240723526,0.8417298544478451,0.5690313872363876,0.5746684329341496,0.25010691939347807,0.8461343561412326,0.1545390813244568,0.5517299836620836,0.5237340426211323,0.5232161032020447,0.20379199027434294,0.8234350123850377,0.5274486939231577,0.5305441305912062,0.20385040885116804,0.835633561599444,0.16659612304298707,0.5199388682925569,0.5223540047669304,0.5159150821320206,0.18751322167047874,0.8303559173169516,0.5275052240904949,0.52999367668131,0.19529267010457904,0.8370796505177095,0.1660028447250328,0.5198691085613936,0.4732838882927845,0.47597044886498474,0.15462286859036636,0.8265967054521713,0.47902595482894345,0.4781855928182166,0.16015491141103727,0.8150389509198043,0.17246104591386768,0.4824265834180141,0.4304742885235544,0.4375176306691462,0.13697777024094643,0.782415769856667,0.4396803945713557,0.4308062407251645,0.13791156821743697,0.790682306389864,0.16795762384348187,0.45120042752955497,False,,,
I517T,missense,False,3.0,5.0,0.0,none,none,0.9352,3,29925740;30758498;32893267,5.0,0.6,,,0.5679346463360814,0.5609073471648697,0.23368036717066953,0.848390402514384,0.5418798508629545,0.5487476654640701,0.24434521677491797,0.8134848064214023,0.14603515204407644,0.530354748454382,0.5781463959934521,0.5726269839452731,0.2577079019642395,0.8396792178502808,0.5513727544307375,0.5598110324690869,0.24555351926597432,0.8273588162075025,0.15131669602294706,0.5376834067517257,0.574364323250817,0.565015547212558,0.2268065995804813,0.8656500910748247,0.5483765317421265,0.5547226545268558,0.24560599425232765,0.8241443331488381,0.15115105804646756,0.5356147963320931,0.5087357125120241,0.5092248122469838,0.1967458001006921,0.8345660542907231,0.49171508048464163,0.49153310454626875,0.18179043783228882,0.7961096692584405,0.15982476720359057,0.49238209843824093,0.43935422603679253,0.4408986428178943,0.13963524349512968,0.7894002610811156,0.4365166546343976,0.4300378020836913,0.15446417752878877,0.7641656196929665,0.1590613058181093,0.4490550914093252,False,,,
I54ins,inframe_indel,False,0.0,5.0,0.0,none,none,,1,19841300,5.0,0.0,,,0.5679346463360814,0.5588193840517768,0.23902293546551603,0.843488296690733,0.47731259202760545,0.4856059447064093,0.16644966904003744,0.7640871881659124,0.15596935346316565,0.4805951206983436,0.5781463959934521,0.569479470884748,0.25610219786853594,0.8554508008291131,0.48656280120075746,0.49308470025075696,0.1747181958221705,0.7738019849611686,0.1566710651091724,0.4877587211848044,0.6732049630213349,0.6596520969588987,0.298700035429334,0.9091420350610465,0.5626101602304361,0.5782120256150964,0.21067199576709544,0.8469428554022422,0.16925240266884248,0.5460361959333351,0.5087357125120241,0.5103009423782795,0.17775730740419685,0.8302077746305994,0.4182216545061385,0.4131074991421242,0.13264670129179293,0.7315513104456742,0.15971184724635948,0.43422972256605363,0.6316556472635034,0.6185967514898766,0.2539216499093099,0.8980647613976143,0.5217870039639985,0.5324389188972825,0.18587426536343835,0.8227658837380333,0.16833188210525052,0.5148025871474275,False,,,
K598R,missense,False,4.0,5.0,0.0,VUS,clinvar,0.3242,4,18596570;23304551;30758498;32893267,5.0,0.8,,,0.5679346463360814,0.5595647682627722,0.23872346550473683,0.8469154102038257,0.5834475967124774,0.588735677296929,0.283951085833451,0.8487297095772534,0.14581223516180683,0.5624655190327852,0.5781463959934521,0.5736255764026744,0.25127303612604523,0.848723650654508,0.5874454985477676,0.5935673475743435,0.29154395248775145,0.8575691871259313,0.14402122410443965,0.5655733419356265,0.49682037111583016,0.4947561875089652,0.17695195000670413,0.8280131720512666,0.5243358718013075,0.527421611407523,0.21020057345977647,0.8260616572777965,0.1613319546987702,0.5178131496913629,0.6070907159007526,0.5982558090814818,0.2555779981018065,0.8798776359737847,0.615597848573705,0.6276582215376575,0.2811814729176228,0.87899726957074,0.15529319899463656,0.5893933489354681,0.55222571103608,0.545055940051316,0.21441411580383843,0.8531588347485493,0.5723965915636343,0.5820374838965994,0.25129640863018843,0.8578383587524275,0.15791557998537495,0.5561345528387792,False,,0.6666666666666666,3.0
M1?,start_lost,True,5.0,5.0,0.0,none,none,,3,26496715;32681117;32893267,5.0,1.0,,,0.5679346463360814,0.5671828424306468,0.24605440786693597,0.8578339495694574,0.5785006361179176,0.5831754523885465,0.26441551584667744,0.8587712870281552,0.15521365048937372,0.5589684695343792,0.5237340426211323,0.5242355003633596,0.20600473716484483,0.8280736930331148,0.5405760873375354,0.5440302653083242,0.20112287005460117,0.8552647856017694,0.165981866852854,0.5300039998446746,0.5223540047669304,0.5203844026234273,0.1934247388392269,0.829379289145322,0.5379490119471854,0.5452717867654331,0.1967647148802576,0.8535264395218254,0.17153128935330775,0.5281587432272888,0.4732838882927845,0.47955422697484995,0.15879222861186698,0.823433193331305,0.4953797387931256,0.4938482028221187,0.16608777634836286,0.8311578663804479,0.17326012142905628,0.4954074954145165,0.4304742885235544,0.4378659378442482,0.148352563115117,0.7749025089253727,0.45388423342390594,0.44578978953065906,0.14526436984017502,0.7957582275794335,0.16981811942521613,0.46283916492070587,False,3.204443494979705e-06,,
P632fs,frameshift,True,3.0,5.0,0.0,none,none,,2,10024302;16981927,5.0,0.6,,,0.5679346463360814,0.5618205073750832,0.23964135369398482,0.8503872080378593,0.5423150095803476,0.548887451652593,0.22772294623605585,0.8177184256938079,0.15051459751230642,0.5305860083188584,0.5237340426211323,0.523246885001975,0.19685335236283313,0.8341545046661079,0.507797142841726,0.5116464356703395,0.21031037917691225,0.8050722359823784,0.1564203795094846,0.5047163097707787,0.5223540047669304,0.5206107259020696,0.19398559337646393,0.8284258190284057,0.5066730339589927,0.5075128756790022,0.20955790958846193,0.7962651014325466,0.15205596331103052,0.5037103830185005,0.4732838882927845,0.4794542404436112,0.1505717785406442,0.8197269797650858,0.46206186692821144,0.4596075073550845,0.16573662074800008,0.7810311347561399,0.16244041185700706,0.4693872447223088,0.4304742885235544,0.43614248413545514,0.14491199426803036,0.773401962861946,0.42708779639578004,0.4195796146435008,0.15021150956208315,0.7462782852954868,0.15485493509061393,0.44169026587148624,False,,0.3333333333333333,3.0
R190L,missense,False,3.0,5.0,0.0,P/LP,clinvar,0.9669,2,20138589;32893267,5.0,0.6,,,0.5679346463360814,0.562209114412017,0.2474712757871803,0.8454891016583935,0.5625120904870835,0.5701757141272872,0.2705886173389161,0.8230238757541117,0.1439651823869103,0.5462089107300923,0.5781463959934521,0.5705887834781094,0.25520633840859364,0.8519084851092931,0.5724590557641241,0.5815086854006651,0.2728740481392043,0.8297723753101389,0.14293117869384409,0.5536720098233395,0.5782937119267665,0.5685952326376175,0.2489647987372561,0.8579091573553562,0.5705121087547753,0.575477171108302,0.26394258016692407,0.8472520837746589,0.14906593784709957,0.5528644505049946,0.5863641348225075,0.5742311183187474,0.24007484846121202,0.864772008006691,0.5776691492101768,0.5830750136985,0.2785473158476341,0.838743558504451,0.1453896026154751,0.5589840156580231,0.5708751424841493,0.5655315744743714,0.24252769319935844,0.8595501868776882,0.5631680467968553,0.5675743314342858,0.26780701273964636,0.8299686850531861,0.14490833171327253,0.5482398305442193,False,4.00863e-06,,
R190fs,frameshift,True,5.0,5.0,0.0,P/LP,clinvar,,3,21118729;29688407;32893267,5.0,1.0,,,0.5679346463360814,0.5635517393594618,0.24659749812832485,0.8445797955009333,0.580896832204925,0.5889140612056412,0.2680306016005575,0.8596101800672926,0.15189564117538137,0.5606939821251012,0.5237340426211323,0.5228731664287282,0.19558453030621004,0.8219305105113389,0.5404317018118815,0.5452508552605291,0.2013405184438591,0.8495092722487941,0.1646446905376289,0.529704028504461,0.5223540047669304,0.5215291342033659,0.19549112766240362,0.8331401214900019,0.5384890731340531,0.5417732783579364,0.21746418720822724,0.8404046661233134,0.1621975929549645,0.5285108534034374,0.5502375238083598,0.5417008301065492,0.20528508388881372,0.8564726553150098,0.5649128002339256,0.573910367596977,0.21355516531862748,0.8677577990791072,0.17119278474802854,0.5496680995216141,0.5567719733512766,0.5578333890883226,0.22367176264751662,0.8569743451621631,0.5663867669572913,0.5730176351882967,0.22507147810144823,0.8669214814859452,0.16897401101879206,0.5515547824659511,False,2.0546791207617105e-06,,
R192C,missense,False,5.0,5.0,0.0,VUS,clinvar,0.2861,3,22629021;26496715;41768584,5.0,1.0,,,0.5679346463360814,0.5606106119941981,0.2468434607752145,0.845948033683054,0.5870588526940459,0.5943412611280225,0.24930434960205383,0.8623076916026836,0.1544500955734423,0.565452310347223,0.5781463959934521,0.571754869262304,0.2531008346051724,0.853526494185487,0.5953476225239565,0.6029225538103322,0.2847229671798548,0.8623359642386538,0.14899838141300595,0.5716148708639496,0.49205207684281155,0.49407317618814306,0.1676495615787576,0.823969907621086,0.5171238905451987,0.5194824956690953,0.18757878470542794,0.8348811105440879,0.16801391222936354,0.5118309732730871,0.6070907159007526,0.5985143647875575,0.2484264302684085,0.8816914021486459,0.6218811280382129,0.6355562754979268,0.2723280170745221,0.8949581972534426,0.16339683320445425,0.5946678840651947,0.5469852426208357,0.5461206586181413,0.19715313165102832,0.8614882150710367,0.5617226589616032,0.569979353220471,0.20505601687222175,0.866520919635084,0.1714335569735109,0.5476087634574782,False,4.012e-05,,
R195fs,frameshift,True,2.0,5.0,0.0,none,none,,3,16414944;34411974;36277779,5.0,0.4,,,0.5679346463360814,0.5633279334752468,0.23824555754095703,0.8473486361942697,0.5001789791711341,0.5086166377756682,0.18710007844193863,0.7906005343689927,0.15396470249836053,0.49818300715014596,0.5237340426211323,0.5232622025201785,0.19901817244244796,0.8301536699189214,0.46221712698357975,0.4655464792284203,0.16961590892716896,0.7594779813987544,0.1565222752691416,0.46969091115224393,0.5223540047669304,0.5191021928977193,0.18822957931631623,0.8345068224434949,0.4608823669832919,0.4636868732128756,0.1470810417937631,0.7699415387245423,0.16258605353337344,0.4678309544945187,0.4732838882927845,0.4767847980729516,0.15322616835111263,0.8132409331934444,0.41274575039786177,0.4069315343613739,0.11144806700953684,0.7465209635486656,0.16597427547234722,0.42976376915032355,0.4304742885235544,0.433730843425569,0.14356780331013572,0.7727207171282338,0.3804518286619667,0.3730194788064374,0.10923267466342367,0.6995139052584101,0.15384417401400732,0.403766331190059,False,,,
R366P,missense,False,4.0,5.0,0.0,P/LP,clinvar,0.9998,2,10973849;30758498,5.0,0.8,,,0.5679346463360814,0.5636702474116987,0.24150226548655118,0.8442515800263142,0.5925408972416248,0.5971034192170119,0.30100788020392455,0.8564001846312922,0.14215687664789164,0.5694946227610903,0.5781463959934521,0.5693052622315478,0.2522739076769455,0.8496069139480328,0.6031502503937716,0.6079966116762947,0.30415628610141937,0.8546246643696819,0.1403730715495965,0.5775485360808883,0.5823470590995569,0.5740677870504433,0.2477263452245648,0.8649450746409377,0.6061465992559226,0.6098307793308249,0.29556445381452356,0.876024912198079,0.1470203396020197,0.5811973730026158,0.5863641348225075,0.5762872293644363,0.23732548425130143,0.8635009667973228,0.6139914898586024,0.6239578709350873,0.3057580618516866,0.8754520228457523,0.1466790867673833,0.5880214627301544,0.5753316481447022,0.5682974183592941,0.24359659199889064,0.8561216695344142,0.6032913977446868,0.6074082176250952,0.3039555345705697,0.8725249603818884,0.14664339600555173,0.5808774348841893,False,,,
R539L,missense,False,5.0,5.0,0.0,none,none,0.9833,2,32893267;36674868,5.0,1.0,,,0.5679346463360814,0.5660425839566052,0.25328479957695177,0.8469844452557612,0.5758823850311824,0.5799136860291574,0.26587286042943614,0.8487682120051107,0.1518612513235418,0.5566563848944148,0.5781463959934521,0.5705531847595324,0.26926261273412916,0.8545659069763922,0.5857415022974095,0.5956225598738287,0.2601042647593338,0.868893988055226,0.1579588203943937,0.564521203657494,0.5803175032728554,0.5705909084981833,0.23585159902510083,0.8601550946926885,0.590605783471983,0.5976247154011487,0.25932509205202947,0.8794762980162177,0.15690788832837183,0.5690066454576826,0.5087357125120241,0.5080076362093642,0.18764296880492465,0.8283930369433218,0.5241859471579717,0.5260119691346493,0.19880352788402134,0.8419960088380443,0.17127179714521334,0.5182616240780716,0.44587979694522034,0.45169160049401863,0.1477731699376336,0.7935634495364388,0.4649996580640438,0.4548870515190497,0.15648415723393316,0.8177091720501951,0.17305835873258116,0.471804330415536,False,,,
S276del,inframe_indel,False,2.0,5.0,0.0,none,none,,4,15194462;19841300;30758498;36277779,5.0,0.4,,,0.5679346463360814,0.5617747527038973,0.24739040622710326,0.8483702508006297,0.5248895360901574,0.5316136525571051,0.22815923852800474,0.7912111797514388,0.1425327181039243,0.5171787226659468,0.5781463959934521,0.5723611698912952,0.2511523717309411,0.8480845925561648,0.529720400065888,0.5348005664302724,0.24359855182871162,0.795084783931097,0.14107183633276868,0.5210197708120403,0.6732049630213349,0.6582188726587417,0.3004398690473056,0.9152239257246956,0.6064434229391769,0.621067610493865,0.2725727490843362,0.8584953565155619,0.15279053666631356,0.5804319254824708,0.5087357125120241,0.505889503554144,0.18025956127060294,0.8369040902161573,0.4723352850005556,0.47124276198965526,0.1770453264123832,0.7699854479401608,0.15304476168458356,0.4774672008045103,0.6316556472635034,0.6200287198004651,0.263859349370359,0.899641395435776,0.5686581360786976,0.5788385228756228,0.2496360661463354,0.8395061112929016,0.15439275295007177,0.552538246990225,False,,0.6666666666666666,3.0
S349X,nonsense,True,2.0,5.0,0.0,P/LP,clinvar,,2,15851171;28491650,5.0,0.4,,,0.5679346463360814,0.5600381073972605,0.2406613260138019,0.8368915950256588,0.5284316145579074,0.5339827787086769,0.22406338665284825,0.7956597532364325,0.1481885718720794,0.5198727114183688,0.5237340426211323,0.5231861056372027,0.19733220227900228,0.8323453133158779,0.49458963539192685,0.49621854699346996,0.1884719665683685,0.7965076172393549,0.1583078380305614,0.4945371786042846,0.5223540047669304,0.5191437696308838,0.1936988866729294,0.826900239253586,0.49110157679448724,0.4947163752330013,0.18868455852131924,0.7870017761945837,0.15554470833782297,0.4915115648111065,0.5502375238083598,0.5464374146262011,0.2022918258543897,0.8561607953246826,0.5095932605370366,0.5157175421201292,0.1924140765997571,0.800117325373149,0.16104625539940015,0.5056134547059428,0.5567719733512766,0.5486406658609126,0.20963620448284973,0.8504898099411017,0.5133606035631174,0.5191226428929608,0.19971389977123696,0.8021712647848249,0.1583775320432099,0.5086634939239677,False,,,
V110I,missense,False,4.0,5.0,0.0,VUS,clinvar,0.1467,4,19841300;21164565;22949429;30615648,5.0,0.8,,,0.5679346463360814,0.5624375839085398,0.24028326623118657,0.8411838170556091,0.5876095460031668,0.590603101121906,0.3032457483091404,0.8491179189748034,0.13974008394532023,0.5655094139824887,0.5781463959934521,0.5715324600345769,0.25206843777063165,0.8444830671854457,0.5962512504901343,0.6064760804353582,0.3014791292950768,0.8515071549054428,0.14203455331750364,0.5722034085284166,0.4748653991202162,0.4785201715716938,0.1443519457232164,0.8183646632672542,0.5139061841926579,0.512141131479451,0.19973253887351752,0.8251079381269878,0.16498984999804417,0.5098235385762979,0.6070907159007526,0.5981542739938182,0.24680291502764026,0.8839130106250248,0.6184100421121582,0.6276359864462833,0.3001672267239415,0.8746375905137153,0.15198540910345643,0.5915284077379127,0.5278522385136897,0.5229094683091895,0.17109627604656674,0.850843713649036,0.552051431223989,0.5596599734217063,0.22359951386597351,0.8425610583119341,0.16377584868656392,0.5400738512251211,False,8.546e-05,0.6666666666666666,3.0
V288fs,frameshift,True,5.0,5.0,0.0,P/LP,clinvar,,3,19841300;29688407;32893267,5.0,1.0,,,0.5679346463360814,0.5616232560285699,0.2382782834098346,0.8521438789636631,0.5781097339485216,0.5857153747969087,0.252036085982095,0.8595592772243643,0.15532779894362186,0.5584818088391723,0.5237340426211323,0.5205477592382489,0.19663633229509261,0.8277399018750106,0.5373596002435787,0.5447217697554501,0.21348462487860081,0.8368882276839711,0.1656644069348407,0.5273953633480093,0.5223540047669304,0.5237377228452321,0.19643568023487382,0.8327025438755173,0.5350298108560031,0.5392054952884162,0.20502188318686804,0.8424463471645192,0.1665003297388341,0.5257713323768205,0.5502375238083598,0.5496120536026854,0.2041067231386608,0.8557182262259163,0.5590659335594886,0.5680451049254227,0.2063134250595659,0.8734425095748556,0.17371088429497247,0.5450973746223878,0.5567719733512766,0.5495202778007411,0.2188998759234559,0.8510126775270175,0.5649444501623232,0.5736432223680754,0.2278529725691085,0.8548781315426165,0.1644901410756787,0.5501675692694901,False,,,
V307L,missense,False,5.0,5.0,0.0,VUS,clinvar,0.9301,5,20126594;25974115;31315195;34557911;39503779,5.0,1.0,,,0.5679346463360814,0.5588615940502479,0.23069421711771795,0.8355756640486627,0.5664582469677556,0.568373023529966,0.2352859804296211,0.8572498075089846,0.15889872042586814,0.5498772438331213,0.5781463959934521,0.5740593030389048,0.2539455459760914,0.8618279025275036,0.5764895764125529,0.5828651995693692,0.25268206805652066,0.8617973634001127,0.1557473655041777,0.5572173615605766,0.5737300856413127,0.5661347202264252,0.2340880953501476,0.86258792463983,0.5752063931072491,0.5800171303478857,0.2669887697279194,0.8562353424053166,0.15360461218292518,0.5568460943762226,0.6070907159007526,0.5952556434278957,0.24315140535042887,0.885348146227966,0.6064219345178635,0.6173727011964505,0.26016654084212143,0.8882325592919769,0.1626200970015344,0.5822090298279414,0.6313666398442479,0.6203341377608267,0.2772521105755079,0.8965044877869689,0.6272556612978776,0.6383576753490667,0.27982179766132576,0.904536810330305,0.16416219662351797,0.60081572919991,False,,,
W305S,missense,False,5.0,5.0,0.0,P/LP,clinvar,0.9968,3,10973849;29876285;32893267,5.0,1.0,,,0.5679346463360814,0.5617591632300095,0.23402653150937275,0.8439967662586476,0.5835750911407613,0.5889551595552656,0.2608343690957073,0.8512992435165181,0.15017555209416467,0.5624978361055742,0.5781463959934521,0.5664373131496975,0.24191679265927654,0.8440015519134894,0.5916799467432966,0.6000107406269236,0.2693189361068425,0.868216613636137,0.15325815808241172,0.5690211595653206,0.5819785506702843,0.5748066413457026,0.24671093035336963,0.8555171613746961,0.591807900027409,0.5977553959577062,0.254860213430335,0.8779979731384369,0.15920884815754968,0.5700849541041798,0.5863641348225075,0.5790606854795368,0.2457488125071495,0.8691060057588248,0.5978856875294412,0.6067267961496305,0.27752741495357414,0.877182330059101,0.1566252152989245,0.5755734141227695,0.5749265143541066,0.5678598175455055,0.23299697175691472,0.8547067830598436,0.5879079664321247,0.5926418120317168,0.2676069622930902,0.8771268325049459,0.1564797265823083,0.568561371172085,False,4.01316e-06,,
Y51X,nonsense,True,5.0,5.0,0.0,P/LP,clinvar,,4,19841300;28595573;30758498;32893267,5.0,1.0,,,0.5679346463360814,0.5622419781990541,0.24837287774744465,0.8475301785789491,0.5759301244547916,0.5828423837399748,0.25301721581482384,0.8599032171192342,0.15455649766065452,0.5569081084578831,0.5237340426211323,0.5236992543762146,0.19598873696949545,0.8204593017093347,0.5367799927365917,0.5392904698296863,0.22261877994012588,0.8536996975615103,0.16382455295557816,0.5273945873067513,0.5223540047669304,0.5186944015965542,0.19242384788714617,0.8327135923995292,0.5350960802479289,0.5379094491103339,0.20942140831234585,0.843935419683835,0.16592115869970514,0.5258462534439273,0.5502375238083598,0.544533163901066,0.19965539516543854,0.8561296657758547,0.5612088601338224,0.5696006548000145,0.2126704575306325,0.8683154054915156,0.17110932397920764,0.5468658157956285,0.5567719733512766,0.5446663467412297,0.1992429003355475,0.8524305525137199,0.5689783219186575,0.5755913502831878,0.2200066789492957,0.8678484545626426,0.16672781123275873,0.5534954064967791,False,,1.0,3.0
Y522S,missense,False,5.0,5.0,0.0,P/LP,clinvar,0.9962,1,26066609,5.0,1.0,,,0.5679346463360814,0.5649508945692945,0.24368081381504592,0.843692680024249,0.5677474001711339,0.5751981930229312,0.23795080057567874,0.8538016300209756,0.15467491001538325,0.5505040299497366,0.5781463959934521,0.5688260219985444,0.26009364132491525,0.8505964701462895,0.5782609822463267,0.5849751747021013,0.25053380078513143,0.8622125581889002,0.1568759371195391,0.5586365792874645,0.5819048219720956,0.5756758205546738,0.25194260366985455,0.8652462251521654,0.5851521761679075,0.5879354013597876,0.26553334836992876,0.8679361993863957,0.1554592325785191,0.5646921137186386,0.5863641348225075,0.5760503899188317,0.247150196840029,0.8565966124352538,0.5867320072291552,0.5971180301305052,0.24990346160034582,0.8832131813554923,0.16267179140004495,0.5668144347050829,0.5748454568867959,0.5731591949715464,0.24970648214162047,0.8622670208182642,0.5742911636769721,0.5795489789568735,0.2454381010104706,0.861444498669834,0.1601530011166179,0.5577717683924771,False,,,
Y545C,missense,False,1.0,5.0,0.0,none,none,0.9997,2,30758498;32681117,5.0,0.2,,,0.5679346463360814,0.5646643311104834,0.25127039245624727,0.8528844148268648,0.4929293136272168,0.5004959368491162,0.17502200007186047,0.7810863366965581,0.1561993182014984,0.49246286275092294,0.5781463959934521,0.5690044802282908,0.2403801134675909,0.8509036792756495,0.49975227981210407,0.5041781790877422,0.1930516098510312,0.7792434559574667,0.15105335279247242,0.49785087157127644,0.582334779121104,0.571446597977382,0.23795840322028988,0.8657571744668586,0.4983960176301268,0.5078368382331948,0.18232708587725915,0.7931110180218677,0.15761060793095474,0.49667659824812377,0.5087357125120241,0.507197862524763,0.1807893735096762,0.8340894195339267,0.4306844053594366,0.42868775023953776,0.13681875929630136,0.7416782660987292,0.1581809033813049,0.44407194966762975,0.4481115107936081,0.4521164863826221,0.14028095471790591,0.800443385982095,0.3844431891768643,0.3783715043972846,0.11613902279242186,0.6978756189312932,0.15320493254803266,0.406958872488248,False,,,
c.1686-1G>A,splice,True,3.0,5.0,0.0,none,none,,1,12443809,5.0,0.6,,,0.5679346463360814,0.5599356790350848,0.24946024635675076,0.8403623567594315,0.5667577242010076,0.5711020868837526,0.27571110696511014,0.8305944860587421,0.14146590806674,0.5495237853037739,0.5237340426211323,0.5222166105313935,0.20596753646169003,0.8239912398884915,0.5354634328045169,0.5383604637925721,0.2238731636211279,0.8113078895062361,0.1525646540975319,0.5257642298696706,0.5223540047669304,0.5182706586196811,0.19159124144125556,0.8356022463600327,0.5329990217884171,0.5353625834818969,0.22846659626019528,0.8210396026487814,0.15203608916940617,0.5245578074465397,0.4732838882927845,0.4687229347163793,0.14770815189503214,0.8139085635161966,0.49667086360571716,0.49355355019339825,0.19199313628149903,0.8012337197421087,0.16035575936874114,0.49652912611368416,0.4304742885235544,0.4406191493902142,0.1325912740573796,0.7859136096525072,0.46189794067901235,0.4546267449621356,0.18177645277182622,0.7757385302009844,0.15518173984582573,0.46960984835936814,False,,,
c.3827G>A,substitution_cdna,False,2.0,5.0,0.0,none,none,,1,26230511,5.0,0.4,,,0.5679346463360814,0.565527766909929,0.24646980715849362,0.8509988061165041,0.5444349830737434,0.5512883821433017,0.24512697619834184,0.8079196341485226,0.144212773972067,0.5322262038684248,0.5781463959934521,0.5694822648834282,0.252380130360006,0.8444947773410358,0.5517937080317544,0.5597983830126763,0.2538923002646357,0.8203755462113537,0.14603228201563043,0.5377866970955641,0.6732049630213349,0.6537484262855806,0.3008625060469559,0.91370946374362,0.6267993866646141,0.6401804292124593,0.2981273544552191,0.883042620666974,0.15202773918485685,0.5967001716734317,0.5087357125120241,0.5085383461083178,0.1811692531922476,0.8324389108868849,0.49403549446628614,0.4929674581832645,0.20190452126517222,0.800360378259144,0.15643617162091342,0.4943601737060453,0.6316556472635034,0.6244080271303164,0.2663265960599203,0.8967326820349352,0.588964960150466,0.5999973701347989,0.2583185044227105,0.863488837624255,0.15854230969294045,0.5688728195059854,False,,,
c.922-1G>C,splice,True,5.0,5.0,0.0,P/LP,clinvar,,4,10477533;10973849;32893267;36303204,5.0,1.0,,,0.5679346463360814,0.5600618127545126,0.23787673339608867,0.8413135802770179,0.575841378303525,0.5822475149106331,0.257469743873107,0.8633904172728956,0.15594649248563414,0.5569591107002874,0.5237340426211323,0.5228378951967853,0.19685202075199262,0.8328282228303572,0.5400460829369614,0.5429912563660129,0.20391233460974728,0.8429162691633268,0.16599347110099485,0.5294620988327953,0.5223540047669304,0.5209593907687742,0.19784022869875925,0.8398660494975076,0.5360169719712924,0.5389815250773797,0.2031742593159374,0.8513634573047638,0.16827423292995308,0.5266345351216372,0.5502375238083598,0.5499904786807523,0.2066852793170759,0.8609176937576392,0.561188147247307,0.5703090459591564,0.21680673084284058,0.8645887260202033,0.16936116666692513,0.5467670200569344,0.5567719733512766,0.5562665524040447,0.2215770561515373,0.8548181112710731,0.5679363734377482,0.5727807123833422,0.21465610774565236,0.8787201415152486,0.16982167675838136,0.5528382798847278,False,,1.0,3.0
A287T,substitution_cdna,False,4.0,4.0,0.0,VUS,clinvar,0.1139,3,22956155;28491751;34557911,4.0,1.0,,,0.5679346463360814,0.5620429338648171,0.2433016873851922,0.8385469108383435,0.5856793282821057,0.5929169016920841,0.27218680327866884,0.8668958182729386,0.15321754447949246,0.5644589375872134,0.5781463959934521,0.5727625032359727,0.25612847498928254,0.8521095922111227,0.5941006012568614,0.6003927577115611,0.2737676369716488,0.8755330937155248,0.1533724343927936,0.5709365932912169,0.4708902055383375,0.4751308139296347,0.15133732161651917,0.8221533194313373,0.49818673989289364,0.4995088720378301,0.1616598829687081,0.8341417567256966,0.1770758492344661,0.49720257846328786,0.6070907159007526,0.6014266365060162,0.2568987029592439,0.8883683896067078,0.6218237928407812,0.6387655370660859,0.26306915247934143,0.8998134338350665,0.1665162805131842,0.5948165323319622,0.5233785034252578,0.5194503749653497,0.18278412207944505,0.8451062310455244,0.5409157095676232,0.544100868050786,0.18793061377973735,0.8702215355464389,0.17843850956457458,0.5315613764414523,False,4.39416e-05,,
A300S,missense,False,4.0,4.0,0.0,VUS,clinvar,0.5999,1,29876285,4.0,1.0,,,0.5679346463360814,0.5631081840096243,0.2410058808984764,0.8555226870584635,0.5660137286638753,0.5702838460246197,0.25008011443546085,0.8522566262709479,0.1564096611073497,0.5493582189228469,0.5781463959934521,0.5689543229868543,0.24967718723257823,0.8461833452016642,0.5797920121762943,0.585466121302891,0.2583863395436122,0.8541006541946379,0.1506125069941322,0.559778903542087,0.5318677496102507,0.5307785667142432,0.21592709448215694,0.8307975988876929,0.5371771104391284,0.5397458776613946,0.21550427031122524,0.837522615895081,0.16138594956565952,0.5272540911266654,0.6070907159007526,0.6026464345588787,0.24719193712320942,0.8896870902918965,0.6034302511511078,0.6166625978585365,0.26371155035558685,0.8911166568627796,0.16619006572269654,0.5801967741077368,0.5896456928236237,0.5820533391008705,0.2381442405510853,0.8670372874164516,0.5884209837133245,0.6013515188592887,0.24952833798172966,0.8661501949961806,0.15954940819195354,0.5685357657879483,False,,,
A344D,missense,False,4.0,4.0,0.0,P/LP,clinvar,,1,22629021,4.0,1.0,,,0.5679346463360814,0.5614774201101623,0.24537883618058587,0.8425463912239839,0.569849108816268,0.5763907867239613,0.2506474184937748,0.852795863214602,0.15373248791022606,0.5520776265666743,0.5781463959934521,0.5688921838922935,0.24707899517119536,0.8545358552089805,0.581955352668848,0.5903933874171157,0.27265233451549065,0.865187451083474,0.15444681961023046,0.5615859471744004,0.6732049630213349,0.6619032037176205,0.29301242118133486,0.9166433570558327,0.6710993464546859,0.6924706733358474,0.3123464796742786,0.9178311258190213,0.15646461989295907,0.6332896870495218,0.5863641348225075,0.5759966431250342,0.2506324086417547,0.8679320878927962,0.5861411421861221,0.5944598907851217,0.25721163938860386,0.8689070666119099,0.15851941779664833,0.5660223866910945,0.7378165423451553,0.7174142689636659,0.36450955864309037,0.9334967064282762,0.7300835370190883,0.7541471195663336,0.3866693686674766,0.9383544544687895,0.14507501693455133,0.6868179136313711,False,6.56935e-06,,
C122Y,missense,False,4.0,4.0,0.0,Conflicting,clinvar,0.9863,4,19841300;22199116;22949429;32893267,4.0,1.0,,,0.5679346463360814,0.5619959910358723,0.250529748515359,0.8422634320078417,0.5683264840668236,0.5764555500391697,0.24507269481225163,0.8524519358621511,0.15923963627517151,0.5512548150463923,0.5781463959934521,0.5736323135220086,0.2546785719457135,0.8477074692584964,0.5795323814388801,0.5890351528567646,0.26083042478011914,0.8648923554522778,0.1556728837652025,0.5596459830121044,0.5806870112578262,0.5735331624920947,0.2430301715817452,0.8545634629566224,0.5819596311175838,0.5888676438049958,0.25935591884646503,0.861449478534297,0.15856427351801394,0.5622785441647279,0.6070907159007526,0.6006035661118392,0.26339538250505623,0.8842356236723384,0.6065283063627525,0.6177935473802008,0.25520248470893453,0.8965397814493629,0.1687279056501884,0.5828627162714041,0.6379586641786467,0.6247353739909418,0.276226471411254,0.8952297012848445,0.6375416843482579,0.6536433403660684,0.27611979440354023,0.9072436424626893,0.1639771206107701,0.6093687984180395,False,,,
D317G,missense,False,2.0,4.0,0.0,P/LP,clinvar,0.9938,2,32893267;36277779,4.0,0.5,,,0.5679346463360814,0.5649384833042675,0.24689554695543633,0.8486246841590088,0.5421218054476286,0.5512824383791601,0.2503065086346025,0.8133677598098126,0.1466237802928098,0.5304368393319601,0.5781463959934521,0.5732879087074402,0.2544031504705128,0.8442478919281496,0.5505830817452996,0.5543201268814321,0.24463680595962153,0.814938053037189,0.1476258813440227,0.5368816031307525,0.5816098175305742,0.575199026532556,0.24464677175507052,0.8724490994003857,0.5534563776685167,0.561608498858974,0.2429593728871187,0.8284943823438966,0.15097705349199228,0.5394416413057225,0.5863641348225075,0.5818953562542123,0.25089570982007137,0.8633656322437019,0.5543187228638703,0.5609157414846356,0.24233068164411484,0.8405044379750858,0.1537650956308776,0.5407820203529193,0.5745211253188608,0.5678294103918792,0.23318102057686982,0.8561722059893496,0.5457790827158154,0.5514304103229712,0.24959486094318456,0.8130603614272085,0.14717175722130474,0.5344328027089341,False,,,
E261L,missense,False,3.0,4.0,0.0,P/LP,clinvar,,2,30758498;32893267,4.0,0.75,,,0.5679346463360814,0.5592378042561433,0.23947265774153484,0.8443843564138843,0.5634326261806963,0.5708162032542741,0.25661587283172066,0.8416656690174341,0.1495325687379471,0.5471448137484609,0.5781463959934521,0.5740632466015849,0.25525941334727653,0.8495724110165005,0.574572207293199,0.5803775578022632,0.2675407254539935,0.8418298634116602,0.1456883862379743,0.5554315707825767,0.6732049630213349,0.6560487890167259,0.3091807531698589,0.9097976305934252,0.6539755376719347,0.6686448888682825,0.31937717913499125,0.9024901777251665,0.15168407377246443,0.6189984446480221,0.5863641348225075,0.580708664763666,0.25159653936031484,0.8661203669292978,0.5781045309811601,0.5881025447743613,0.26039937807334923,0.8544087530391052,0.1531700429211364,0.5595093127781335,0.7378165423451553,0.7214966277083299,0.3766769744427786,0.9356049268272439,0.7096756752619473,0.7346029555104683,0.35317864592883647,0.9232878863149342,0.14761432783238554,0.6685934444848938,False,,,
E284K,missense,False,2.0,4.0,0.0,P/LP,clinvar,0.9925,2,29925740;36277779,4.0,0.5,,,0.5679346463360814,0.5636253265309527,0.24859265177445472,0.8435499536822033,0.5108939616453452,0.5199895759969858,0.18968773935809052,0.7979103739254334,0.15677232981194583,0.5065101331512751,0.5781463959934521,0.5696184491323197,0.23822302222705716,0.8532607383349301,0.5216267091966891,0.5300821606646466,0.21356684282450272,0.7953115227155954,0.1506464004128985,0.5144896554263984,0.581449963755986,0.5753760954546961,0.25926990934309574,0.8648179537557315,0.5234770040382314,0.5301644135598784,0.2039767506728471,0.8025377373679756,0.1556919465165257,0.5161345111003436,0.5863641348225075,0.5802956463841659,0.24750554211530265,0.8729624479511732,0.521665269210262,0.5287109442201307,0.20631926325763467,0.8075048879521731,0.15910524905142864,0.5148836134778447,0.5743453780983471,0.5689807168723131,0.2436441943233212,0.8499392715484833,0.5128142263679467,0.5194390339088438,0.20138209096855555,0.7976807248038982,0.15509730517759107,0.5080501354323844,False,,,
F157C,missense,False,4.0,4.0,0.0,VUS,clinvar,0.886,4,10090529;10220146;10973849;24606995,4.0,1.0,,,0.5679346463360814,0.5615461897218266,0.23954812140426165,0.8493118680789435,0.5686601158918526,0.5728462120821801,0.24670054100167785,0.8517237087572093,0.15681563056800155,0.5513028473417106,0.5781463959934521,0.5713523534184249,0.24787804231310703,0.851490013977979,0.5796897690199557,0.5864609204624245,0.25252436418122587,0.8601761936429164,0.15416309173727327,0.5598059311435444,0.5682236440202585,0.5637892276229888,0.23068727740882394,0.8597604677258033,0.5673055151127723,0.5721189212352977,0.24387393404242566,0.8641842810049856,0.15932227875721888,0.5506005827685757,0.6070907159007526,0.5985345883808906,0.2568824697554182,0.8824034140853366,0.6037567495460316,0.6143374740279248,0.2576285460175795,0.8887657447577648,0.16155271627209222,0.5801211936666272,0.6260789739862831,0.6147547969948548,0.2649308393487309,0.8909318235606715,0.6233653556490777,0.6382158108610594,0.2731787688430142,0.8971739430406509,0.16290034205057305,0.5973741495695063,False,,,
F275S,missense,False,4.0,4.0,0.0,none,none,0.976,2,12442276;19167356,4.0,1.0,,,0.5679346463360814,0.5604158002337737,0.2392278012102214,0.8493953641858994,0.5748681878741254,0.5814273964358734,0.25326061502377056,0.8587095915484968,0.1553175908956596,0.5561525217996574,0.5781463959934521,0.5775617381437496,0.2552280934679518,0.8524617953289109,0.5849304222765611,0.5924547545442963,0.2739942630066482,0.8607681518624816,0.15350583761648062,0.563817899439467,0.5794174593824835,0.5718868614608543,0.2504260990443047,0.8640371824925965,0.5896397170575801,0.5962256277976238,0.2739587574254928,0.8771722029254203,0.1575068047586863,0.5683007442618634,0.5087357125120241,0.5118209847161221,0.18339889258549405,0.840024465284549,0.5214991559999371,0.5228613783851432,0.18903049686514584,0.8458347271073918,0.16997917049463582,0.5159035743864858,0.4448874066914917,0.4475221321327245,0.1454319451586202,0.7859759538431096,0.4662826701396671,0.45902541324435686,0.1548769619307522,0.8138678860218638,0.1723454396299281,0.47262260069512885,False,,,
F275del,inframe_indel,False,4.0,4.0,0.0,none,none,,4,17655673;19167356;27485560;32893267,4.0,1.0,,,0.5679346463360814,0.5619155887779402,0.2450616379932863,0.8317188425643962,0.5693585908460923,0.5751429581683214,0.24810827280910344,0.8538112775548671,0.15393278841865532,0.5516616389294836,0.5781463959934521,0.573158853293951,0.2556138931640305,0.8517752792434832,0.5782304663340865,0.5864538157926216,0.26428743280552824,0.8525965380643792,0.15108299239458847,0.5583343542050746,0.6732049630213349,0.6593577455945162,0.30213622566184645,0.9189753206827501,0.6671526934480135,0.6851635853260694,0.3045005398330408,0.9231530990466049,0.16254626550153,0.6308446095217529,0.5087357125120241,0.507045010082045,0.18056898530775387,0.8228082517058973,0.5159151006126463,0.51650550581515,0.19656458638102206,0.8420845984869142,0.16897393897644236,0.511543196713147,0.6316556472635034,0.6208071537929306,0.2601177130957692,0.8947043740235726,0.627482745974701,0.6459881710401685,0.2614530833917467,0.9023866321300196,0.16773814297122158,0.6006901212142551,False,,,
F340L,missense,False,4.0,4.0,0.0,P/LP,clinvar,0.9991,3,26496715;29497013;33614747,4.0,1.0,,,0.5679346463360814,0.5606061829717857,0.2414695315067214,0.8497677962559486,0.5733219936888206,0.5806134069081164,0.24641300146717002,0.8632443885527981,0.15701765536471163,0.5547860105269036,0.5781463959934521,0.5740653716026317,0.2518910669667827,0.8543729320987019,0.5873205852215906,0.5929449855252463,0.2666143044494768,0.8700876605518911,0.15435127235364213,0.5656927937524128,0.5822610939759172,0.577566486668807,0.2511081929501678,0.8695346195640535,0.592843869703412,0.6013464058414237,0.24630749079195738,0.8806956170983435,0.16207026160655635,0.5708486049219302,0.5863641348225075,0.5768507143252881,0.23584028620549913,0.8679805643032824,0.59558906324342,0.6045895942817968,0.26064822105780155,0.8727599632505987,0.15877568088786273,0.57368731653668,0.5752371398884072,0.5645241923839641,0.24468259580342674,0.8574698705564437,0.5836676284675923,0.5892555431209141,0.26640958909589224,0.8747142375437513,0.15625815592471806,0.5652397443807217,False,,,
G186D,missense,False,2.0,4.0,0.0,P/LP,clinvar,0.9753,2,27485560;30758498,4.0,0.5,,,0.5679346463360814,0.5586646612905652,0.23802512499264974,0.8456640447662311,0.5136351262969009,0.5236848550655968,0.20663205219974443,0.7943204124902886,0.15027342297343313,0.5084787972191334,0.5781463959934521,0.5722632663398137,0.2461030499278406,0.8436228186168991,0.5229758038217699,0.5282110783072093,0.2033316621276043,0.8039363294582805,0.152394885431915,0.5155992728265281,0.5793310867639969,0.5726826149566994,0.23406304815303328,0.8641974021447655,0.5188390330124764,0.5300771381516647,0.203618063402554,0.8115416384376699,0.15724955627612988,0.5126165765799804,0.5863641348225075,0.5802815231233777,0.24516744103266086,0.8639790272369089,0.522772689333817,0.5294973612320293,0.19326205776817898,0.8129379396928008,0.16143483570726544,0.5156450865224984,0.572015737019734,0.5643083199034232,0.23864519759077715,0.8526731508952177,0.5104789480742183,0.5192487332383228,0.1903766885162664,0.807669493673676,0.16007035067458633,0.5063651006412299,False,,,
G272V,missense,False,3.0,4.0,0.0,none,none,0.5636,2,30758498;32893267,4.0,0.75,,,0.5679346463360814,0.560908268262669,0.24006431208045964,0.8523407035216448,0.5778563303947656,0.5826818033344168,0.29409106281231356,0.8391897981712146,0.14150088199238856,0.5581207175979397,0.5781463959934521,0.5657378618907206,0.23641969810280852,0.8445719849648488,0.5904022560755972,0.5948284869625682,0.2904455125900415,0.8510624394003197,0.14377085431959633,0.567765054313682,0.5272233761991919,0.5252234487965982,0.2085001370853925,0.827666386251319,0.5490107466108094,0.5475159520786175,0.2568491351073741,0.836575421667483,0.15098116278103782,0.5366370418398545,0.5087357125120241,0.509959821413102,0.18511135686570368,0.8389967928608677,0.5350337309550298,0.5358373237398523,0.22776571598232134,0.8291359890713123,0.15876433955784314,0.52659418461826,0.3909609573412857,0.40131772808267957,0.11277548594249878,0.7702148726987014,0.43930793146792263,0.4315366564436478,0.16050486705941844,0.768032677529777,0.15920200699272835,0.4518602407463987,False,,,
G350V,missense,False,4.0,4.0,0.0,Conflicting,clinvar,0.9992,2,32893267;37975542,4.0,1.0,,,0.5679346463360814,0.5607825900210414,0.24414062447073423,0.8392759830785401,0.576093872275071,0.5836799681921707,0.26009576893770237,0.8572895152718656,0.1528760942028292,0.5569126130334813,0.5781463959934521,0.5730498127292584,0.24935494860429847,0.8508334004460657,0.5873815596313604,0.5977040244035485,0.25593272333561934,0.8690451545264112,0.15784725176428055,0.5657835305332414,0.5822733754610893,0.5780836604233199,0.2534009504358548,0.8652797183813065,0.5897777644128025,0.5952090456586141,0.26745354497214396,0.870616346422219,0.1543865272969185,0.5679819107516214,0.6070907159007526,0.5951820986058574,0.2546749919328979,0.8819001797200575,0.6107096670408924,0.6222120684301553,0.2626652521250184,0.8974261985783598,0.16755428143918716,0.5860410972102662,0.6394479692261595,0.6312167010597709,0.2752767353744365,0.9060078392894915,0.6435594270712306,0.6614361885750147,0.29402956600556585,0.9094696753295208,0.16196932374177514,0.6142460052371302,False,,,
H240R,missense,False,2.0,4.0,0.0,VUS,clinvar,0.9492,1,26228265,4.0,0.5,,,0.5679346463360814,0.5635815641601749,0.23258839126727454,0.846123016136375,0.558872875151631,0.561121905398698,0.2577453763813316,0.8259086579093112,0.14565630162585405,0.5435377472003349,0.5781463959934521,0.5719250080816428,0.2517292320279392,0.8557398790861782,0.5640586341513157,0.5679929330271734,0.2717246560635909,0.8332429324410232,0.1445142173753924,0.5474349510203633,0.5761024715808888,0.5657602422720218,0.23768349896814545,0.8562840490881686,0.562524978141404,0.5714957776022672,0.2602047983383285,0.8257120337306729,0.14418649734215053,0.5462966841214725,0.6070907159007526,0.595657594713928,0.24280089931722654,0.8849005444621539,0.5848114983282675,0.5946107568469506,0.2570725323438113,0.862498803759577,0.15790889658945892,0.5647285988934705,0.63362570302699,0.6217975746338993,0.26785460369727526,0.8950881654115688,0.6086139493716842,0.621747200410746,0.2841037137095454,0.8615644576557189,0.15269703473783625,0.5846315398214598,False,3.21079e-05,,
I204M,missense,False,4.0,4.0,0.0,VUS,clinvar,0.173,2,16414944;32893267,4.0,1.0,,,0.5679346463360814,0.568560268348687,0.2584534534431643,0.8504975114736489,0.5776391062876753,0.5838172894569054,0.2668175306087921,0.8508538279757953,0.14928285672491076,0.5579148444073412,0.5781463959934521,0.5692047386759812,0.2489960495760686,0.846011191331965,0.5868610689782144,0.5957994915707413,0.26959617350200443,0.8606285985955477,0.1507345100526972,0.5650652521789538,0.47807306487635487,0.4810330650095782,0.15061392829743211,0.8157143902358318,0.49760696880894734,0.49914509419202746,0.16446274088474774,0.8327437522901483,0.17702118849736737,0.496607517794011,0.6070907159007526,0.5981275565229709,0.26050095024713754,0.8857091035733281,0.6132386744959025,0.6273683259789198,0.2537651847779367,0.8980123804486594,0.16824812047943977,0.5879394858691864,0.5314498750256986,0.5329007616176135,0.18515797126199987,0.8510393181893374,0.5465384707275749,0.553058731677549,0.19520197539370962,0.8601181614877637,0.17614064241486369,0.5359375725449397,False,,,
L122P,missense,False,4.0,4.0,0.0,none,none,,1,10874277,4.0,1.0,,,0.5679346463360814,0.5595170454745758,0.24655024369179787,0.8463392079313731,0.569659238012492,0.574306007338327,0.26250576021492245,0.8494369914194226,0.15259246497639,0.551954781238238,0.5781463959934521,0.5700407795459759,0.2525491371230439,0.840503235785935,0.5766497822870473,0.583316787203398,0.2533484891609544,0.8547807172052029,0.15219148626821002,0.5572899981934447,0.6732049630213349,0.66094449080176,0.29643748738279635,0.9171705312467309,0.6656771239975636,0.6823616773453289,0.29797222572008775,0.9164104766754202,0.16022139783745534,0.6292392618521642,0.5087357125120241,0.5059058356510385,0.18156161998431508,0.8286736144021586,0.513518974696472,0.5127532829197186,0.19434605109111375,0.8331657901627759,0.16783647426783707,0.5097494939990074,0.6316556472635034,0.6180751391013727,0.26084821707518874,0.894723644315379,0.6284068182100089,0.6436471981212366,0.2751241502329912,0.900975274085855,0.16288205962159746,0.6016187954414051,False,,,
L251P,missense,False,4.0,4.0,0.0,P/LP,clinvar,0.999,2,27379800;32893267,4.0,1.0,,,0.5679346463360814,0.5606145154591057,0.23825008227527342,0.842923127407496,0.5743637497991072,0.5767034598171366,0.26254520544968657,0.8511986899668412,0.15141096474048615,0.5556955883254826,0.5781463959934521,0.5747730214199054,0.24871280075239122,0.8506442395123063,0.5834413380758515,0.5907724434328069,0.2684508190630805,0.8604765303415851,0.1529100149301683,0.5625152597462526,0.5822488122398152,0.5738826946397609,0.2516124274909286,0.8618709819933988,0.5899987000600473,0.5982292494135093,0.2576383671411429,0.8725331352142491,0.15793857566001243,0.5685311113220435,0.5863641348225075,0.5762632816396122,0.2412685211468207,0.8651985026612644,0.5914127536913856,0.6000277953885892,0.25600679137475835,0.8693946027097456,0.1578342946324755,0.5700301007238336,0.5752236375652883,0.5702021863320959,0.2385609249477144,0.8513083781441542,0.5854815001138796,0.5908627656393458,0.26278274604328916,0.8671660522964655,0.15554313002383968,0.5663367251344634,False,,,
N586D,missense,False,4.0,4.0,0.0,none,none,0.7417,4,16414944;29925740;32893267;38367891,4.0,1.0,,,0.5679346463360814,0.5605440592831408,0.237788820331788,0.8446116059146824,0.5688391543722525,0.5712355761801294,0.25690814907988946,0.8577010228302318,0.15440119169216668,0.5515664847480997,0.5781463959934521,0.5706133812170083,0.2554011749738278,0.8482354985339632,0.5792536487184523,0.5859873755491346,0.2525751918412578,0.8587770273099029,0.15437629904591255,0.5593032729838118,0.5499823940185564,0.5455983305403658,0.22258589667308093,0.8384230784164161,0.5530450442429667,0.5591965198220923,0.2358786522639098,0.850578782373481,0.16018913612396904,0.539711701050346,0.5087357125120241,0.5058421391448953,0.18318259545200907,0.83445951111701,0.5134968442707516,0.5147952020006956,0.17966060836921605,0.8484577883419766,0.17262576857537493,0.5098550573802698,0.4135910106576472,0.4241593658048813,0.1329511370087835,0.7564164995787543,0.4266647363716256,0.4166734704394768,0.13168186301742915,0.785860647586669,0.16930399554022202,0.4409720226377595,False,,,
P570L,missense,False,4.0,4.0,0.0,P/LP,clinvar,0.634,1,32893267,4.0,1.0,,,0.5679346463360814,0.5599672131544303,0.2529966433446378,0.8343227568014918,0.5689494401059829,0.5757696692999313,0.2526098138882571,0.850808836244709,0.15412184668420387,0.5513687701207854,0.5781463959934521,0.5691875704114133,0.2525095706595428,0.8488993155485878,0.5798329408210737,0.5863442125468686,0.2625729187475693,0.8624412361200557,0.15355726498322034,0.5599840549221055,0.5362308759542576,0.5346399823264649,0.2114079672304174,0.8385976088932727,0.5415848115416039,0.54444636314378,0.22749610223588926,0.8386950452632461,0.1573153001334985,0.530791881089222,0.5863641348225075,0.5795822920540181,0.2513162071654732,0.8643941486298903,0.5887925218145472,0.5941448555905492,0.2604705968294005,0.8718583817416556,0.16007911827525834,0.5683963910681463,0.5248387038521495,0.5219784748254946,0.19099473314668075,0.8376151139666637,0.5309843692259345,0.5349733658589577,0.21043626650957298,0.8311390581540425,0.16249166236088686,0.5231381771806153,False,,,
R451Q,missense,False,3.0,4.0,0.0,VUS,clinvar,0.07,4,19841300;30758498;32893267;36898499,4.0,0.75,,,0.5679346463360814,0.5604055682437185,0.23842221759687718,0.8349707547638782,0.5880977123694036,0.5900241545798806,0.30077844018314615,0.8485816690384677,0.14080793253964913,0.5661281774565845,0.5781463959934521,0.5720052210353193,0.2449746899830111,0.8594279423523808,0.5953639153744452,0.6034680276065878,0.29883401104187457,0.858743307998512,0.14435852452319473,0.5715473083818275,0.4656159760489001,0.47079960044946145,0.14085402687418197,0.8187733658122673,0.5054255002491562,0.5068935106245323,0.1913732449113959,0.8251805221444773,0.16790745219018072,0.5033189507001654,0.6070907159007526,0.5981118359834574,0.2354697951350879,0.8831178483944646,0.623029374441472,0.6339598300222549,0.30987810330708115,0.8784618251260636,0.14772413640050538,0.5952185337073864,0.5174185732235366,0.5145185569915465,0.1709423007714565,0.8416584601194876,0.5497512978599594,0.5514602573494478,0.22822108597816665,0.8461870450449394,0.16354824134269974,0.5386650643200022,False,0.000170853,,
R533W,missense,False,4.0,4.0,0.0,VUS,clinvar,0.9758,4,10728423;27485560;30816480;37324972,4.0,1.0,,,0.5679346463360814,0.56127851585736,0.23907028208697073,0.8545160283304185,0.5728560567771057,0.580313646949684,0.26221970866351774,0.8497927984629379,0.1512797821384686,0.5543620774791901,0.5781463959934521,0.575599436838754,0.2598749684668453,0.8545128904626723,0.5804359366757946,0.5871535155252785,0.2715807414593929,0.8524457427210443,0.15150272205738183,0.5603283439093589,0.5793927826816582,0.57226217690461,0.24086152655913362,0.8557487991071132,0.5803085866264246,0.5843879825925409,0.26780038135576756,0.8680243317369402,0.1570020928887566,0.5609384715286184,0.6070907159007526,0.5941676865746988,0.2309118203434022,0.8858328874868945,0.607008139763516,0.6197542344524292,0.248083909894687,0.8877542012737367,0.16586043966061303,0.5827933781349902,0.6367398095978807,0.626303182401502,0.28271511087414053,0.8981342158454233,0.6358775397825019,0.6504382731442033,0.28004509555454266,0.9064144829087434,0.1654714399055679,0.608065059379251,False,6.57047e-06,,
S373fs,frameshift,True,3.0,4.0,0.0,none,none,,2,22629021;26496715,4.0,0.75,,,0.5679346463360814,0.566227525409078,0.26012121370985425,0.8463681184099152,0.5637651021604032,0.5693240804229289,0.26797983765782485,0.8337304972700434,0.14550117513288685,0.5472628358391549,0.5237340426211323,0.5196515393405085,0.19379766827919356,0.8226985857434865,0.525188847275457,0.5297944401861227,0.21840325391213106,0.8235806158113903,0.15546896652983722,0.5180586178874819,0.5223540047669304,0.5219200900814881,0.19955230739513866,0.8401662367680867,0.5268543028006826,0.5290110133787065,0.21120416984943693,0.8290801646693514,0.157495388109577,0.5195989171825587,0.4732838882927845,0.47588943715599574,0.15643127921586378,0.8140742613622769,0.4859151603466632,0.4833506973659074,0.1774000596971578,0.8102337817989559,0.164835608870638,0.4880780283696133,0.4304742885235544,0.43431342179060334,0.1435300473915916,0.7755784860172421,0.44847369538974113,0.44125807320282207,0.15933985586639024,0.7832393647158953,0.16043579169259095,0.4587081451041396,False,,,
T169R,missense,False,4.0,4.0,0.0,P/LP,clinvar,0.9409,2,23098067;29688407,4.0,1.0,,,0.5679346463360814,0.5650861532645789,0.24146004554613135,0.8550814451238034,0.5769797526431,0.585027356316806,0.26385998398788096,0.8553863384002668,0.15296850065216713,0.5577269895378618,0.5781463959934521,0.5717617713716326,0.2544311340711028,0.8563779297759346,0.5835819126548975,0.5933521443717575,0.2640999884885123,0.8589030480381866,0.15573324983861084,0.5627661040464889,0.5750725152750892,0.5665905560477693,0.2370140272202311,0.8504624136653803,0.5839634208010499,0.5916552063857038,0.25516062510842547,0.8696840920078658,0.15794757845979707,0.5637455757410033,0.5863641348225075,0.5810729978877133,0.24364655025719634,0.8670178126333089,0.5953971529334783,0.6017156086201569,0.2473118253696484,0.8850666142696875,0.1616423829472686,0.5736293325109042,0.5673335555759694,0.5630527957628649,0.2373079847092555,0.8530888620048585,0.577298791254626,0.5814326179416973,0.24918267745194023,0.8654457480289446,0.1590886675487073,0.5600418248709088,False,,,
T311A,missense,False,3.0,4.0,0.0,none,none,0.6706,3,29925740;30758498;32893267,4.0,0.75,,,0.5679346463360814,0.5614643520221768,0.23184179363878063,0.8490747967136726,0.5648190103241695,0.5665532471339401,0.2732112397304291,0.8333155996265119,0.1440972038441903,0.5480502222465367,0.5781463959934521,0.5717892590539967,0.24335465719535404,0.8533976465030448,0.5760602279069678,0.5867295801644505,0.2659536795675792,0.8460154935927181,0.1480514305391064,0.5566157988666172,0.5409110507665573,0.5402498425951101,0.20817676254306247,0.8431834156745948,0.5405571896696265,0.5460921292711307,0.2380169972784009,0.8281450318151018,0.15264845794264792,0.5299113794363883,0.5087357125120241,0.5013291004357272,0.17489116858102796,0.822510902358445,0.515672008920514,0.5165030492436362,0.20874821298614313,0.8169757860158772,0.15995718428162167,0.511320635799931,0.40440673775939906,0.41504694359080363,0.13045943952229963,0.7713831127190349,0.426273633829098,0.4167905194478506,0.14845917307165948,0.7538496908599408,0.15784953478957717,0.4411897229428473,False,,,
V162M,missense,False,4.0,4.0,0.0,VUS,clinvar,0.2064,3,29330128;29688407;32893267,4.0,1.0,,,0.5679346463360814,0.5612397727456312,0.24458783888296426,0.851851425370007,0.581492490616652,0.587383197186483,0.2741645152206171,0.862393384291945,0.15191599939787231,0.5613384170305725,0.5781463959934521,0.5727387698450471,0.24958475599731475,0.8500519650925965,0.5901069088632185,0.5967558628775997,0.2715813906921462,0.8661470058617261,0.1549704264791556,0.5679570706036283,0.48217129677755205,0.48649008021669515,0.15845996668828324,0.8320287278178077,0.5021606154250872,0.5003850121638969,0.1759586228876119,0.8263727093753993,0.17016805459260645,0.5002204597795765,0.6070907159007526,0.5951392959922055,0.236009419733483,0.8744739745154422,0.6176446087928603,0.6296191045524899,0.26214178164107244,0.8954311698692721,0.1667062947709137,0.591498856248842,0.5360293527889225,0.5309192371224809,0.18699977638928653,0.8540617222973313,0.5544757628985868,0.5601244307386046,0.2108800578786309,0.8763259428087895,0.1770356507444861,0.542420736783946,False,2.62788e-05,,
V207M,missense,False,2.0,4.0,0.0,B/LB,clinvar,0.1344,3,19198868;19841300;22949429,4.0,0.5,,,0.5679346463360814,0.5632634963098924,0.24192190597984062,0.8414357049626566,0.5205169277511194,0.5287375010027822,0.20856128445964867,0.8033331867588427,0.15234485318845964,0.5138017207575368,0.5781463959934521,0.571898895257573,0.2557790771701438,0.8515278357680222,0.5276497064134654,0.5327015136015261,0.22039622401282835,0.8066496400142018,0.1532744843883257,0.5193498065644313,0.47337134939319997,0.48099352951350777,0.15394090999194995,0.8230741881636182,0.4383455612887709,0.43960292092580844,0.13592455380552676,0.7812775928269147,0.16915451131745543,0.45047081211810047,0.3721928968573354,0.38545054192850386,0.0748282702541342,0.7905739151213804,0.3485401300352545,0.3251592658830643,0.0675999884588076,0.7314920296523433,0.18193612703066486,0.3758141655562636,0.29870375841988167,0.31621480943908503,0.05536381038865676,0.7157054163853518,0.2897410773935313,0.2626275210579815,0.046622707504379676,0.6666168246416657,0.16776207237954618,0.32508837586367945,False,0.000815189,,
V440fs,frameshift,True,3.0,4.0,0.0,none,none,,2,22629021;26496715,4.0,0.75,,,0.5679346463360814,0.5654730115877551,0.2517549156217662,0.8502521165459493,0.5677091526545779,0.5723490709118738,0.2643645531890464,0.8399765474647944,0.14754763295590254,0.5502846303080213,0.5237340426211323,0.5237079469544064,0.1981813075175521,0.8365551827376587,0.5286462811626764,0.5327344304591173,0.22493904707999102,0.8148584264844012,0.15256764775080164,0.5206065834785711,0.5223540047669304,0.5233692930792222,0.20208771160332212,0.8331612780751164,0.5275174936542874,0.5294616655401609,0.22245315445511174,0.8257014425613166,0.15804981138320992,0.5201235981842992,0.4732838882927845,0.47405097911571986,0.15351751243170547,0.810082676385529,0.4858823064961585,0.48317996118644474,0.18649840949072494,0.8104923136586817,0.164841614062701,0.4880819328596916,0.4304742885235544,0.43623336035429067,0.13960688424446308,0.7781716940501436,0.45026208973779336,0.44384137021625614,0.15909729398719813,0.7792818240323498,0.15844600251580415,0.46034729068736807,False,,,
W176fs,frameshift,True,2.0,4.0,0.0,P/LP,clinvar,,2,24183960;35932045,4.0,0.5,,,0.5679346463360814,0.5589014857421571,0.24235601528974224,0.8432364779868623,0.5529209972960314,0.5580301508165773,0.2727986645155496,0.8198599775165032,0.1415416517531483,0.5387105984883093,0.5237340426211323,0.5241444253687956,0.19913012408716357,0.8296284360020094,0.5172712396086545,0.5214721417246888,0.22336287577963618,0.7966953227132145,0.15007015910994792,0.5118875319687747,0.5223540047669304,0.5229340265051213,0.1874551311169135,0.8471687340426093,0.5183188241761136,0.5222445266799378,0.21394139544812307,0.8075514814971374,0.15162477953247666,0.5128341014857861,0.5502375238083598,0.543467264785019,0.19836269701777262,0.8554095657390715,0.5390550162315642,0.5443430477225104,0.23602189403637452,0.8186888458796935,0.15547415969114914,0.5289068695370154,0.5567719733512766,0.5512514354469736,0.2102060085751037,0.8479895281936526,0.5463055480443999,0.5502394961662295,0.24736820682591334,0.8256365719093958,0.1509900466936342,0.5351003208444692,False,1.369551581421211e-06,,
W323X,nonsense,True,4.0,4.0,0.0,P/LP,clinvar,,2,31337358;36635780,4.0,1.0,,,0.5679346463360814,0.5609388976196711,0.23681937427657562,0.8495335687221097,0.5724479235279675,0.5766145686310176,0.2455113273956674,0.8599036912056089,0.1585229820235686,0.5544087319245943,0.5237340426211323,0.5187890102134111,0.18671896283173547,0.837825037761331,0.5362211374297576,0.5389873969766659,0.21285883138112974,0.8419558631393713,0.16337990941258598,0.5266973797323803,0.5223540047669304,0.5242671220860026,0.19251921247135154,0.8468439400350214,0.537133477359451,0.5397660198901569,0.21072612655403625,0.8435113941496086,0.1644321543388999,0.5275545537485617,0.5502375238083598,0.5455321613516005,0.2061018142871756,0.8583881667287253,0.5597892017860857,0.5699923735300216,0.21381983335194282,0.867724588013248,0.17054187312793792,0.5453705421207841,0.5567719733512766,0.5527814470698303,0.22209110472931318,0.8503805965057428,0.5684317283939981,0.5764272341867067,0.23291097228330807,0.8681261690713054,0.16574448840531805,0.553072652441984,False,,,
Y461X,nonsense,True,4.0,4.0,0.0,P/LP,clinvar,,3,24070608;32681117;32893267,4.0,1.0,,,0.5679346463360814,0.567416452958144,0.2523916990100115,0.8520694938616321,0.5822864256706163,0.5879943252259648,0.2565041414315028,0.8682041923651183,0.1573474707075249,0.5621400949380353,0.5237340426211323,0.5221212575507688,0.2016871619872062,0.8308007327993024,0.5415241749933083,0.5424944385718846,0.2129811664455945,0.8519753722209473,0.16453515202260668,0.5307505081204958,0.5223540047669304,0.5198460803056506,0.19423156198520752,0.8293907550930816,0.5425909259659734,0.5440974378691186,0.21108906609176228,0.8469320859812788,0.1640523413595373,0.531536916990895,0.5502375238083598,0.546949514704601,0.20420754361017357,0.8634465904297862,0.5684242166013777,0.5718212038952357,0.2277928098388748,0.871224245005242,0.1676913152497924,0.552325400326238,0.5567719733512766,0.5521119845715051,0.19932797944436018,0.8588719960529692,0.5748033972233356,0.585720116452964,0.24014132169176353,0.8670520185923942,0.1654750845985625,0.558004910583618,False,8.02968e-06,,
Y536X,nonsense,True,4.0,4.0,0.0,P/LP,clinvar,,3,19841300;27871843;32893267,4.0,1.0,,,0.5679346463360814,0.5638278048742983,0.2560754584643788,0.8438253332970352,0.5747332963280615,0.5786960269967347,0.25920995149869125,0.8540103360899571,0.1520040094541332,0.5558639827673408,0.5237340426211323,0.5246465934027291,0.20430611712969904,0.8321772794948461,0.5387410439537218,0.5408555934829152,0.21424114929885385,0.8380663150052534,0.1604060790620145,0.5286363241029804,0.5223540047669304,0.5253775983639511,0.20019698044067794,0.8402290049215463,0.5374557086453159,0.5397911135179483,0.20685419552041515,0.8436183757665264,0.16369421741584472,0.5278450496602154,0.5502375238083598,0.5449755331464292,0.20676159470370425,0.8478396004925639,0.5607560393953349,0.5663764968770342,0.21846015368658103,0.8696935720705954,0.1707445063865216,0.5462805129084335,0.5567719733512766,0.5498408286990357,0.2141155511016214,0.8491372646903093,0.5715883851353298,0.5817160781838326,0.224359177810836,0.8646469787614257,0.16653489279383055,0.555744044038165,False,,,
c.1128+1G>A,splice,True,1.0,4.0,0.0,none,none,,1,30758498,4.0,0.25,,,0.5679346463360814,0.5575043608257452,0.2355077223369941,0.8439595721045506,0.5222346633581945,0.5284163617219388,0.22198347167270882,0.7932910317743755,0.14828396578550387,0.515244398450333,0.5237340426211323,0.5222712546076984,0.20211395615902342,0.8267178478757268,0.4878486548038392,0.489784714903314,0.1834092498379587,0.7838973888418241,0.15447327435619218,0.48917538506368513,0.5223540047669304,0.5207022159373291,0.1882603820465133,0.8320585411506984,0.48488565077644713,0.48756588927152256,0.1780207238894294,0.7767193173536238,0.15709075574862646,0.486804570085884,0.4732838882927845,0.47706281202319045,0.15659547586183656,0.8127508763064437,0.4419942100007464,0.44021897660901965,0.15116754116928055,0.7631343856611491,0.16025451113003183,0.4534862908359977,0.4304742885235544,0.43426608880180395,0.13740516359166835,0.7751441990854354,0.409075572116105,0.400975949314653,0.14761985814182377,0.7141727031054101,0.14809609529970325,0.4274695137231237,False,,,
c.1795-2A>G,splice,True,4.0,4.0,0.0,Conflicting,clinvar,,1,32893267,4.0,1.0,,,0.5679346463360814,0.5609174139406351,0.24944161252449307,0.8403594377750827,0.5671318679272133,0.5726758244274546,0.2508059662001039,0.8510120455789331,0.15245609686102962,0.5499647937078915,0.5237340426211323,0.5200505049100725,0.20202399127585868,0.8253173329879379,0.5284642906063333,0.5308327871802851,0.19477610377746143,0.8414762455241065,0.16512205872180136,0.5207494819950542,0.5223540047669304,0.518944022602234,0.19021515950674395,0.8356063171875667,0.5280723197468957,0.5313896527261662,0.1972572062222496,0.8417298434591471,0.1671979090820328,0.5205016206878408,0.571251173730399,0.5659383183673966,0.19910821689137126,0.883462105242326,0.5702718523644846,0.5825646536588223,0.20618292236885313,0.8804916275309255,0.17971206103898188,0.5540077248541346,0.6218270920581075,0.6101274220445277,0.23702066819468648,0.898465244142182,0.6218212327512799,0.6414635482308878,0.25273965758790407,0.9022352346821743,0.17275409559986626,0.5965328975990927,False,,,
c.2504A>G,substitution_cdna,False,3.0,4.0,0.0,none,none,,1,26230511,4.0,0.75,,,0.5679346463360814,0.5610938469434038,0.24653142843721212,0.8412122315843582,0.5868689487209031,0.5930930881639791,0.2897811436650746,0.8437648142950929,0.1413948454430371,0.565215858177352,0.5781463959934521,0.5726150906331026,0.2658854768557278,0.8519426941168752,0.5982686298003945,0.6020798242280243,0.3060587340284098,0.8557357772647775,0.14003355847164736,0.5738541469092681,0.6732049630213349,0.6591027710519821,0.3032815522840984,0.9147124777751581,0.6746589801625171,0.6918637145355158,0.3412871299848945,0.9072799269886117,0.14436614610750156,0.6354107694984695,0.5087357125120241,0.5048390497393006,0.18073494345789656,0.8320259931710423,0.5456362630848465,0.5474183934937308,0.24763000921038483,0.8354614307409551,0.15634579624515602,0.5349463320602581,0.6316556472635034,0.6208429567272535,0.27421010114302635,0.8981539291981744,0.6433467558563122,0.6583082449226821,0.3179374337268872,0.8943002627884976,0.15040246800855325,0.6133691602721051,False,,,
c.5218G>A,substitution_cdna,False,2.0,4.0,0.0,none,none,,1,26230511,4.0,0.5,,,0.5679346463360814,0.5600998325444732,0.24880193466266537,0.8392058591482021,0.557097765182636,0.562839882567205,0.25367970696576597,0.8270057779954177,0.14532123552657714,0.5421014710944575,0.5781463959934521,0.5713512081162452,0.255779728943864,0.8532253702994592,0.5627877561503533,0.5699349569223644,0.27114392253874814,0.8320986638089138,0.1446273204321777,0.5463698846167232,0.6732049630213349,0.6615733769103748,0.30264654347349995,0.9178210420617247,0.6423511335652499,0.656814256350553,0.31095815668353327,0.886469865801727,0.15063700822014314,0.6091762185426417,0.5087357125120241,0.5089503058146272,0.19115682796778072,0.8300395546464108,0.5044555919578693,0.5034042368628103,0.21232707760633115,0.8056499822223021,0.15490880994355544,0.5026574731276058,0.6316556472635034,0.6198378937513012,0.27734586506095715,0.8947759410462677,0.6085744855583086,0.6225219479736295,0.2809218081873842,0.8748933352747797,0.15473331360608325,0.5845586330375355,False,,,
c.605-2A>G,splice,True,2.0,4.0,0.0,P/LP,clinvar,,2,31226583;37568094,4.0,0.5,,,0.5679346463360814,0.562017374880975,0.24526129346002984,0.8468624328778188,0.5532701354507391,0.5579970697718311,0.2635544243396148,0.8129641969211192,0.13953674664472987,0.5390413371257999,0.5237340426211323,0.5233791343991279,0.19970322467972315,0.8350290189125842,0.5178384891517387,0.5220728025752849,0.21509553529809694,0.7987363543483291,0.1520968236409028,0.5122406650339967,0.5223540047669304,0.5210383835399678,0.2016130593461762,0.8385436775375771,0.5188656550903804,0.5184286959106192,0.21793998570672754,0.8118681277669066,0.15342691669971162,0.5134337062529245,0.5502375238083598,0.5429014447843807,0.21174023012612403,0.855575095940453,0.5398573452413844,0.545250246893004,0.24240132516998197,0.8289806376044053,0.1535320620262082,0.5297224504540408,0.5567719733512766,0.5504865780410365,0.20810618916012244,0.8552907508275766,0.5476667923747669,0.5530125705295224,0.2402769702751801,0.8244059172441224,0.15125005341183,0.5362196434550794,False,,,
c.605-2G>A,splice,True,4.0,4.0,0.0,none,none,,1,26496715,4.0,1.0,,,0.5679346463360814,0.5629699659901249,0.23934662906802004,0.8438950605581372,0.5691667879053139,0.5748712562523735,0.24202179692781745,0.8573331446417282,0.15725393513702554,0.5516426737643785,0.5237340426211323,0.5181565917765172,0.2000352974186379,0.8195188540690279,0.5276886992473201,0.5308650405886615,0.20738151219118306,0.8471347860570685,0.16425718526485472,0.5201829502237998,0.5223540047669304,0.5210152389359145,0.1935939576049728,0.8413528046256596,0.5248020125652011,0.5269317378573583,0.18711582421570885,0.8506278685262687,0.17181807285241565,0.5179621270151121,0.4732838882927845,0.4764201988362306,0.16147942630080225,0.8077546048442972,0.48646926773132376,0.4800934685660476,0.16176699327950167,0.8237031747583542,0.1748877660527091,0.48846393180670084,0.4304742885235544,0.43544164021438125,0.134609781178689,0.7733048769780316,0.4392478634486707,0.4294316862833416,0.13970044109715826,0.7831166762507834,0.16706344185889893,0.4510408020980997,False,,,
A190C,missense,False,3.0,3.0,0.0,none,none,,1,19646991,3.0,1.0,,,0.5679346463360814,0.5628060165780412,0.2555797371839989,0.8515138146300297,0.5720543712446122,0.5796119755900815,0.24681217105710673,0.8626569661503191,0.15610292325500041,0.5539199505598099,0.5781463959934521,0.5713984666767288,0.2544694558762876,0.8552581869414106,0.5781304049577646,0.5872823141819088,0.25316779712428783,0.8589399332955044,0.1581723372343685,0.5586096264183167,0.6732049630213349,0.6599499068496011,0.3053564073517075,0.9171269466871331,0.6657825321936252,0.6828338110066099,0.31076574835476445,0.9185257969624644,0.15703696050376054,0.6290321873585076,0.5087357125120241,0.5050329821444751,0.1873006355582631,0.8302061608253565,0.520090317508894,0.5230154357575294,0.1806037833965038,0.8402364454561655,0.1719581450287931,0.5147375517761884,0.6316556472635034,0.6247123601298709,0.2769955106700742,0.8980104742536553,0.6302605566847664,0.6480373099982546,0.2690988223907674,0.9061690468951571,0.1672746211613096,0.6030276452388731,False,,,
D242Y,missense,False,1.0,3.0,0.0,P/LP,clinvar,0.9978,2,30816480;36277779,3.0,0.3333333333333333,,,0.5679346463360814,0.5623518149399548,0.23939110081746792,0.8529290797225458,0.513858556926606,0.5168385907144114,0.21681931425999498,0.797483949517026,0.14867856965139037,0.5088463883812556,0.5781463959934521,0.5710812272362018,0.25316363449395646,0.8519990814560102,0.5228482811808638,0.5301709001939348,0.21331368383251526,0.8082014821906564,0.15190159628419383,0.5156425714624181,0.5821014118538179,0.5748821633753562,0.2596224870647829,0.8631976943884064,0.5229134779913743,0.5310464613442387,0.20857887478174872,0.8018388722815116,0.15424807528243858,0.5157120031508605,0.5863641348225075,0.5778996039951069,0.2389292346603348,0.8653835597850451,0.5198324878058374,0.5263477063665687,0.20132441766844175,0.801598327135733,0.15604248091414594,0.513458052708437,0.5750615874346273,0.5662465240444226,0.23989918444986047,0.8540888431400447,0.5098631307303798,0.5188024390364835,0.2008186163346886,0.7912653235456599,0.15081251778331964,0.5057947666683287,False,,,
D317Y,missense,False,3.0,3.0,0.0,none,none,0.995,2,30758498;32893267,3.0,1.0,,,0.5679346463360814,0.5607402330570802,0.2423451828146816,0.840635139863666,0.5761561319256424,0.5790702456414445,0.2628379146887545,0.8554727046430892,0.1514748691998859,0.5570953706361714,0.5781463959934521,0.5694731909009378,0.2521600301770219,0.8464582896571607,0.5862318657822653,0.5931938603888971,0.25617822324103756,0.8665478560932848,0.1562699790732144,0.5648296246153305,0.5817573376575125,0.574237675319607,0.25038353993096746,0.85993362769261,0.5885429737501433,0.5941125660168585,0.27164458743334624,0.8636898462597266,0.1536013050613127,0.5672063448818951,0.5087357125120241,0.5051339123600007,0.17224163767646244,0.8315048972802971,0.5261200701293025,0.5274133379272337,0.19261321458993264,0.8463280358974992,0.17005818117711688,0.5196178605396272,0.44747163513394106,0.4535380817363296,0.14631970864803623,0.7957517972020097,0.46702070473664964,0.46217999510891994,0.15489467541788862,0.8100203258867544,0.1712605324753499,0.4732464718458606,False,,,
D603fs,frameshift,True,2.0,3.0,0.0,none,none,,3,30758498;32681117;32893267,3.0,0.6666666666666666,,,0.5679346463360814,0.5621944153790811,0.2492756414981256,0.8497989259064771,0.5771780330696661,0.582859833929277,0.28183391849550743,0.8456606192283839,0.14480940050001598,0.5578480757955037,0.5237340426211323,0.5236196856051005,0.2104936799553966,0.8216976082005037,0.5391250588393623,0.538738153922684,0.22465242420697923,0.8332722068022254,0.1557625475751387,0.5288504179437085,0.5223540047669304,0.5170191889136374,0.18692100558953864,0.834975442731281,0.5403502310594436,0.5397017506740804,0.24233547303884134,0.828650148632123,0.15158040427383312,0.5301050961890296,0.4732838882927845,0.47662131716967865,0.16386724479630735,0.8196896222567057,0.5029102134440204,0.5016813438432441,0.1905506987930797,0.8135939868983085,0.16282330639769893,0.5014245722633304,0.4304742885235544,0.4343772317401606,0.1361644842331662,0.7729847822115959,0.46115472631498583,0.45559726127757916,0.17727453616594535,0.7894012507206305,0.15897945571013528,0.4690688128624969,False,,,
F351L,missense,False,3.0,3.0,0.0,P/LP,clinvar,0.9998,1,27485560,3.0,1.0,,,0.5679346463360814,0.5629746713181155,0.25300680165288286,0.8465824000750062,0.5727036060631487,0.5782553399876242,0.2488445945890674,0.8607219676103119,0.15676769851468628,0.554544018177715,0.5781463959934521,0.5647749633261719,0.23961412166359072,0.8437329282097927,0.5825938791247363,0.5908023350200414,0.2604905567208655,0.8603467825222463,0.15373015894581674,0.5620071881372505,0.5823470590995569,0.5745704900718557,0.24561398769055232,0.8620000980788706,0.5809411456130632,0.585933217134078,0.25120831535125665,0.8694534504907602,0.158805890819457,0.561251817504769,0.5863641348225075,0.5814642999316039,0.23948537668807654,0.8614168469592037,0.586227494507296,0.5942600977437775,0.24886084876526274,0.8735506564128552,0.1608761192899009,0.5660316529907217,0.5753316481447022,0.5724998037218861,0.2504478770562314,0.8583384703582998,0.5779670176060756,0.5855993057232525,0.2547799482418853,0.8626021839767218,0.15940955765427334,0.5604925013628121,False,3.97861e-06,,
F573L,missense,False,2.0,3.0,0.0,VUS,clinvar,0.9867,3,16414944;30758498;37975542,3.0,0.6666666666666666,,,0.5679346463360814,0.558991787441681,0.24112042003473008,0.8489104954230557,0.574541334532457,0.5837462579311248,0.27350491165884855,0.8488540578407814,0.14864334452958292,0.5557596539188264,0.5781463959934521,0.5741463371919362,0.25532942829024496,0.8521014063424973,0.586182051682419,0.5929336382302021,0.29876944902730795,0.844558096165807,0.14275882506268683,0.564361800916358,0.5807362624350694,0.5786103804076586,0.25897499897713105,0.8621707771453051,0.5878286524686072,0.5936634783365224,0.2813661775239521,0.8674422338394295,0.15077552477103381,0.5668122409223906,0.6070907159007526,0.595832302600069,0.2578578264184589,0.8846497424183362,0.6090300962669792,0.6186622187117975,0.27109254728791,0.8757601905585027,0.15678724374817474,0.5842084884565912,0.6380049793952292,0.6269555838310591,0.2798833428142958,0.8945898263547288,0.6323841119355729,0.6452589780044555,0.29643349767786037,0.8856453764051819,0.15414537519793012,0.6045192375017683,False,3.98283e-06,,
G219fs,frameshift,True,0.0,3.0,0.0,none,none,,1,30758498,3.0,0.0,,,0.5679346463360814,0.5618549626910022,0.2356887789773243,0.8390604417405421,0.49075767906728684,0.49846664119227935,0.17347846799243077,0.769141746647334,0.15574634917935104,0.49091282519802876,0.5237340426211323,0.5246737736373018,0.1971942908884775,0.8294035933786098,0.4568334735455222,0.4552119435787638,0.16083856972451072,0.7554997636973128,0.15789224148096198,0.46522156917787516,0.5223540047669304,0.5201262376748326,0.1881208734360801,0.8319116025657222,0.4514455993750456,0.45348236202117226,0.14117721462597224,0.7507057480412906,0.15829081155706823,0.4607803576281418,0.4732838882927845,0.4731022043075768,0.14811858900087235,0.7984754706382238,0.4066341754994699,0.40095584598195716,0.11213273909756136,0.7313520343976229,0.16209865329548595,0.4249734120101838,0.4304742885235544,0.4378739462552549,0.13726885712708223,0.7775136376612585,0.3698784812354855,0.36039225749341164,0.10485871762081977,0.7084118044095411,0.1551081131429918,0.39518350899368687,False,,,
G292D,missense,False,2.0,3.0,0.0,VUS,clinvar,0.3112,2,22199116;36277779,3.0,0.6666666666666666,,,0.5679346463360814,0.5641715221903264,0.25363121465062255,0.8450273504305456,0.5351384519835264,0.5394034541647312,0.2233033992573748,0.8164842802073657,0.15169063564681762,0.5251469648617793,0.5781463959934521,0.5718381964515024,0.24581906983856697,0.8555673712344752,0.5429296992833229,0.5508219369443517,0.22471742765156802,0.8180894506727845,0.15432038257303834,0.5310014434681134,0.4951904314241247,0.4991539637695617,0.1680114609285792,0.8241862057645715,0.4709437199330293,0.46994496258472085,0.14792597801760846,0.7953664315264013,0.1680053148081842,0.4760245758948189,0.6070907159007526,0.5974894311687072,0.2558632655434024,0.8762097086296332,0.5638376768603346,0.5758067591348874,0.2281207167741116,0.8609053077654288,0.16657197631179305,0.5483039183366346,0.5504379612270579,0.5468079945905227,0.2068713461601851,0.8623939646979608,0.5138257233956732,0.5167441465032853,0.19064277902389248,0.8162636460548347,0.16438789262402623,0.5093563973416108,False,4.59843e-05,,
G45S,missense,False,3.0,3.0,0.0,none,none,,1,30462975,3.0,1.0,,,0.5679346463360814,0.560358527917388,0.24656109134984802,0.8480006237770872,0.5672069481869872,0.5727093311741747,0.25241255119047823,0.8504997708875256,0.15544950326585333,0.5501777326158886,0.5781463959934521,0.5713184414401168,0.24922897692618065,0.8526019962539181,0.5795678326331944,0.5898198797227537,0.25896978180341806,0.8590357516531798,0.15476981774968018,0.5596846376142971,0.6732049630213349,0.6590969918148885,0.3032710495853377,0.9100314369012981,0.6684439621948288,0.6886768231496021,0.30990307078252655,0.9202323689070694,0.1601569917084099,0.6315964754811874,0.5087357125120241,0.509678879020434,0.1911502153575144,0.8302359050730465,0.5140254606932321,0.5160506720190853,0.1813072937164304,0.8409518517472669,0.17344057525653492,0.5102192524626824,0.6316556472635034,0.6190453695222902,0.2697574187287333,0.8939136597113958,0.6299128901576226,0.6469566109303707,0.269294974719034,0.9014172401528191,0.16618898543842456,0.6027298292719508,False,,,
G460D,missense,False,3.0,3.0,0.0,VUS,clinvar,0.1185,2,31337358;37589201,3.0,1.0,,,0.5679346463360814,0.558780174376579,0.24632727944057814,0.8445212573487862,0.5841487555895919,0.5890225345003635,0.2719535593706428,0.8624629475254957,0.1514680390607243,0.5633929388955173,0.5781463959934521,0.5705442433708142,0.25463395222415514,0.8600273658001392,0.5900356585190729,0.5981931130427778,0.2866142653268549,0.8600007655636378,0.15116513530770753,0.5675445614323285,0.47144596343412004,0.47761331989897204,0.144075619112847,0.8189383230935444,0.4962739575739174,0.4973623269822912,0.15932834086733105,0.8381747882172922,0.17906789434903198,0.4959140015216305,0.6070907159007526,0.598100701984728,0.24085607494845082,0.8812016285681376,0.6204291882793597,0.6323039052172319,0.26545203538808304,0.8990716488058167,0.16469506430280595,0.5937778528514703,0.5240049386165668,0.5202491290104854,0.17732823625654914,0.846765356703572,0.5466757898628147,0.5523255726301457,0.19675717129033296,0.8606581815192326,0.17407575495578848,0.5356655953701465,False,3.28969e-05,,
G568A,missense,False,3.0,3.0,0.0,P/LP,clinvar,0.9689,2,12702160;27485560,3.0,1.0,,,0.5679346463360814,0.561949938614944,0.23715307843465377,0.847851833444558,0.5766451393897724,0.5834673418973249,0.25263534444234514,0.8511255215960608,0.15148610539758048,0.5573096563892409,0.5781463959934521,0.5713870451565153,0.25968393658291533,0.8498600807601441,0.5849831546711569,0.5902262333637742,0.2726449096592303,0.8594301342813333,0.1549098561433068,0.5640908640233293,0.5785408563637161,0.5731737712877422,0.23961487354459374,0.8579200969785381,0.5882023108584644,0.5971074647040904,0.25894269542985604,0.8640707292366996,0.15632424027651773,0.5668636538157131,0.5863641348225075,0.5774587942155223,0.24653934185026755,0.8519185644293897,0.5957809200746372,0.6044312588137144,0.25934516986203654,0.8813528009001381,0.16211968417337208,0.5741972512981565,0.5711468782613558,0.5592887909869175,0.22818615837183875,0.8528909580395949,0.5798081799359691,0.5908817712868236,0.2532806694025856,0.8523954311874233,0.15505563273815035,0.5617092628073334,False,,,
G584S,missense,False,3.0,3.0,0.0,VUS,clinvar,0.4339,3,17222736;22677073;24606995,3.0,1.0,,,0.5679346463360814,0.5607073346260983,0.23593712472592365,0.8484237194227714,0.5696440703820063,0.5772480896199818,0.24332977430437464,0.8482585462611838,0.15355217051375625,0.5517650505260809,0.5781463959934521,0.5669929475845347,0.24931822534195966,0.8452098095685671,0.5825863338980026,0.5888529659875874,0.2681256375897808,0.8575031276627403,0.15328466053664672,0.5619346379099912,0.5106781832491428,0.5065753460675206,0.18245814682723385,0.8230857874748393,0.524677809493687,0.5294525649144521,0.1963266911512228,0.8423813255760473,0.167404470287948,0.51768937854523,0.6070907159007526,0.5979479751637514,0.24572800048827154,0.8757522758366866,0.6078803231428507,0.6183295180822113,0.2714816842946286,0.88556921034639,0.16066994404859639,0.583481015286009,0.5672646679402917,0.5638189824038985,0.22758550914383693,0.8586672993659072,0.5729317670759596,0.5838832538529245,0.2327168935161329,0.874958585713998,0.16768509555731043,0.5566155165681674,False,4.38167e-05,,
I204F,missense,False,3.0,3.0,0.0,none,none,0.4357,3,19841300;22949429;32893267,3.0,1.0,,,0.5679346463360814,0.5649256406210829,0.2524100714440954,0.847215134201889,0.5694506616409172,0.5749398460386943,0.24874670437133123,0.851704813793664,0.15079194760562706,0.5517342829816344,0.5781463959934521,0.5705622416937537,0.24237148455337626,0.8559195054289244,0.5794038029581493,0.5875684766705236,0.25876013094180345,0.85534908081756,0.1537348036236204,0.5593583619869452,0.5109068702467794,0.5113820068464948,0.17353410220161516,0.8334804427459173,0.5193506940392468,0.5224611200521918,0.19285697437776347,0.8392948328099294,0.16666699207403968,0.5135989819530099,0.5087357125120241,0.5094879296608384,0.18528641958328523,0.8264640224481653,0.514971942483501,0.515779986228857,0.1772356355100675,0.8438018590787211,0.17470164427459575,0.5108784931547138,0.37557336014081777,0.38627946006868363,0.10228615152259912,0.7538942864838296,0.39188670235109285,0.3773737279979139,0.10437636834372041,0.7503160090151839,0.17010136680068083,0.41271319201280177,False,,,
K422E,missense,False,3.0,3.0,0.0,VUS,clinvar,0.7396,1,35887302,3.0,1.0,,,0.5679346463360814,0.5637765318414355,0.25199409083420543,0.8487602391429873,0.5719922929290381,0.5764445506502688,0.25940560138450236,0.8507599695217801,0.15238466243497545,0.5537099337874081,0.5781463959934521,0.5714895293288054,0.24828290916591816,0.8544612430508899,0.577750751572725,0.5851822633411428,0.25409014280049097,0.869895994616652,0.15856149257891602,0.5583977603949001,0.5497150215877764,0.5448821621027152,0.21640109700513488,0.8400601627805059,0.5538565655322718,0.5561242678975942,0.21850738682091145,0.8615719858433265,0.16578761488608487,0.540444571799818,0.6070907159007526,0.5995330385398049,0.2502352596587111,0.8860387192044762,0.6038931445882172,0.6146039675131707,0.25139774110119834,0.8899017921178575,0.16645356291646737,0.5804842848097232,0.6078561798001186,0.5973555694901641,0.25095231906642324,0.8786034835876559,0.6089448389556842,0.6230510567436973,0.25481798425139346,0.8891300481759931,0.16280971139029982,0.5854440542164173,False,,,
L237F,missense,False,2.0,3.0,0.0,none,none,,1,15851171,3.0,0.6666666666666666,,,0.5679346463360814,0.5588160669768784,0.22946044692790699,0.8392177616454337,0.5782241965664617,0.5836479618520439,0.28193544022237854,0.8472563383514571,0.1470657223856211,0.5586347506905207,0.5781463959934521,0.572868764620041,0.25333420721142424,0.8577513435989694,0.5836973654660558,0.5885374864483186,0.28290892351944325,0.8499727681182947,0.1434472666812349,0.5625811902818485,0.6732049630213349,0.6587965710302784,0.3077771165179036,0.9206939965593197,0.6636416196840583,0.6793003302482702,0.3385554241893397,0.9092705243974937,0.1506336421081454,0.6268979536909569,0.5087357125120241,0.5087906164070279,0.17394968853672718,0.8333983612311934,0.5333216913840944,0.5346890850445952,0.22223980604506874,0.8271785327030489,0.1582547065616172,0.5253729515209078,0.6316556472635034,0.6207230593290102,0.2587437840877455,0.8944195050399814,0.6306156258805989,0.647349160150462,0.28572805737568185,0.882122636816088,0.15454278698841276,0.6027660498740681,False,,,
L347F,missense,False,0.0,3.0,0.0,P/LP,clinvar,0.9922,1,34505893,3.0,0.0,,,0.5679346463360814,0.5647148423548493,0.24891142018779697,0.8443999125227138,0.49199924923748,0.498312239425461,0.1766607049388037,0.7821931418757186,0.15557680854817832,0.4919832706427319,0.5781463959934521,0.5706097556765137,0.25317479053999814,0.8497597849390512,0.49945379688902125,0.505460520244434,0.18674798784613725,0.7821406246360282,0.1551359248956969,0.4975902646069209,0.5814130684830936,0.5766602353751377,0.24567591148695753,0.8678292553070839,0.49957460440131357,0.5054704522303366,0.1971766724228406,0.7846830521744584,0.1517915985761736,0.4978118230568484,0.5863641348225075,0.5812292234761871,0.25108451108845947,0.8667231196560876,0.500722739761734,0.5095680438569969,0.18225972020265688,0.7954727474413075,0.15813642909567033,0.4986462879352526,0.5743048143290648,0.5677789391394213,0.24482893796677727,0.8485071827500174,0.48858000273901736,0.500604882829311,0.1722852925042823,0.7736138614111083,0.15802756618734087,0.4888316950845038,False,,,
L347R,missense,False,2.0,3.0,0.0,none,none,0.9985,2,30758498;33082985,3.0,0.6666666666666666,,,0.5679346463360814,0.5632411432423975,0.24679289488104766,0.8516195790623873,0.5315242910024723,0.5381078960602494,0.2140198981862972,0.8057265936188267,0.15165568922344358,0.5222780722742764,0.5781463959934521,0.5700348965761882,0.2507028079493325,0.853241297044065,0.5424398610771431,0.550522094073871,0.21409644682229836,0.8256835483616867,0.15798167017061046,0.5307265437968058,0.5821873997972502,0.5734313056348181,0.24517026657078672,0.8672510148819591,0.5418842364690881,0.5492931950248683,0.21432777421674307,0.8271633996295105,0.15713411965994464,0.5306291868907326,0.5087357125120241,0.5070509805576522,0.1741101314388961,0.8370117924016682,0.4777244714590243,0.4778031982633577,0.16682513017217712,0.795230013203361,0.1662953836396838,0.4814262487924302,0.44794811647747956,0.4520025520765895,0.14830609957749546,0.8014208468275299,0.4231462297438804,0.4174272928006717,0.13817523556108088,0.7449433365181426,0.15809262313664696,0.4382957411250537,False,,,
L374F,missense,False,3.0,3.0,0.0,VUS,clinvar,0.9881,2,29688407;32893267,3.0,1.0,,,0.5679346463360814,0.5608985590890306,0.2454188761399769,0.8468457034237156,0.5768364015092685,0.5839486024893412,0.2672038796099733,0.849741724806008,0.14887669000215498,0.5573272248253445,0.5781463959934521,0.5723600986408106,0.25606691594122094,0.8473380543747387,0.5836298593264487,0.591895223266623,0.2608645309313045,0.8551782355724129,0.15020342209825407,0.5625735679835598,0.5809086107703878,0.5737992528535684,0.24146098223095497,0.8657579813004778,0.5890020416937135,0.5962428800979045,0.2635176226589764,0.8679371453602025,0.15709902692280564,0.5676633351848828,0.6070907159007526,0.5970745420161938,0.2445606549430033,0.8827064117659282,0.6135348904949647,0.6259144649960967,0.26166035574965735,0.8907256101509029,0.16260228116416772,0.5881254616207707,0.6381670146587276,0.6270145911056504,0.2657667643088975,0.9073605045556312,0.643445048545998,0.6593700071223163,0.29053142710082835,0.9056597165740332,0.16068983004147733,0.6140046935103148,False,,,
N483K,missense,False,0.0,3.0,0.0,VUS,clinvar,0.6392,1,34438094,3.0,0.0,,,0.5679346463360814,0.560385531256743,0.24713094552075898,0.8403377426168228,0.4923887614962959,0.4991081501405697,0.18611304306022794,0.7785413544826968,0.1556871667836347,0.49219437650992753,0.5781463959934521,0.5702926618921925,0.2600116479349889,0.8547196458083894,0.5026447662931384,0.5106035085565412,0.1930740046228546,0.7879922437992676,0.15661826845716204,0.5000156784169032,0.536896068815718,0.5336126918036629,0.20176430816074167,0.8377854521797609,0.46259926087584485,0.4657194696594551,0.16636642221825992,0.763224205541033,0.15578711997078729,0.4692599443347621,0.6070907159007526,0.5937330543875065,0.23954103759477574,0.877975790500016,0.5188650719370531,0.5258675682719616,0.1785020016606573,0.8191771229704337,0.16906487036992832,0.512129517645488,0.5948379447344535,0.5843460887185106,0.24099181219622648,0.8690295844625303,0.5098088897889482,0.5145818251182794,0.17969252705621283,0.8015298511501537,0.16277253698739594,0.5052700803975797,False,6.56909e-06,,
P197S,missense,False,0.0,3.0,0.0,P/LP,clinvar,0.9894,1,30758498,3.0,0.0,,,0.5679346463360814,0.558251652031967,0.2276633278428718,0.8481979206617977,0.49597796312232656,0.502947521496137,0.18952168014445775,0.7800406177173146,0.15114001548364275,0.4950122156548197,0.5781463959934521,0.5723566426392462,0.24737918789010163,0.8518036037497481,0.5025656970457519,0.5111670643179456,0.1945568017315502,0.785111437637653,0.1515545118540272,0.49994779248688487,0.5810686055312547,0.5727547153751839,0.24800105336254616,0.8644069187062731,0.4993575459782197,0.5079080759254146,0.18771657524822663,0.7820726019462315,0.1570459274071806,0.49749029270694395,0.5863641348225075,0.5772190974026012,0.23525829611496354,0.8692751348962415,0.49755593597624637,0.5064280865034643,0.17774417598886336,0.7980335232874152,0.16356810776104275,0.49591528082161357,0.5739260982493641,0.5684870082030294,0.2467748540815102,0.8602104489975525,0.49011549937404564,0.49561330451201197,0.1790552937686123,0.7802653574150378,0.15392405685647814,0.49010618401220823,False,,,
P320S,missense,False,3.0,3.0,0.0,VUS,clinvar,0.9985,2,23392653;26496715,3.0,1.0,,,0.5679346463360814,0.5660839241231689,0.2613789821565799,0.8479492251022005,0.5782947859151051,0.5853368144540698,0.2594044525584383,0.8646169140947558,0.15344079373059674,0.5587458661508925,0.5781463959934521,0.5683946559451715,0.23933391379385482,0.856847697035233,0.587842085644703,0.5941252957712579,0.271089795095774,0.8586738299802519,0.15044408279109286,0.5658938832935343,0.5821873997972502,0.5716169554548683,0.2399696925088524,0.8639086481495369,0.5891765678955097,0.5961009525885668,0.2632040880180361,0.8793890711656354,0.16004281726260744,0.5680602552805347,0.6070907159007526,0.5961281261617056,0.24437019289009432,0.8785743563952338,0.6106973193386037,0.6214460036928369,0.26293345939511054,0.8918072975312972,0.1650228316591308,0.585829232915184,0.6393673857191597,0.6260333665636614,0.2707048110167268,0.9027681734649856,0.6404739047585138,0.6540186568907034,0.2847738689849893,0.9104825917152607,0.16491346207017496,0.6118755318313746,False,6.841957620914496e-07,,
P535T,missense,False,3.0,3.0,0.0,VUS,clinvar,0.9973,2,28600177;33693037,3.0,1.0,,,0.5679346463360814,0.5593157688253962,0.25011918834584945,0.8465830814439711,0.5765136351474532,0.5798009120388175,0.26516643507413623,0.8561212949736308,0.15138954335910448,0.557386525122535,0.5781463959934521,0.5719105367091987,0.25868999938138443,0.8486592453478905,0.5862104281146582,0.5886458743653586,0.279230466739878,0.8652171024404642,0.15251873383471548,0.5650057060162572,0.5820399843864379,0.575381310083333,0.24344933181677803,0.8623990363084849,0.5898232815017027,0.5975147202688624,0.2643696313546409,0.8688416385601454,0.1569424500972076,0.5683846250911638,0.6070907159007526,0.5944739332152121,0.24445078756722838,0.883979123426964,0.6161635869630251,0.6346484138929338,0.25985332541378353,0.8898773280749477,0.16536289049731415,0.5902796374731927,0.6392291806250049,0.6266273492851389,0.254714434197869,0.899017811441411,0.6426691314267752,0.6568772326838185,0.2845869477250857,0.9129480970338721,0.163976083870307,0.6137614247018661,False,,,
Q357R,missense,False,3.0,3.0,0.0,VUS,clinvar,0.9841,3,12702160;21952006;26920202,3.0,1.0,,,0.5679346463360814,0.5628129770995931,0.24462995641252694,0.8460589860682033,0.5681867525072829,0.5761643785562842,0.25478693960070037,0.8457141060279059,0.1519141627987105,0.5507836141480427,0.5781463959934521,0.5700809549849315,0.23980791261372722,0.8523491820810136,0.5790541673675124,0.5872383022347019,0.26507789653203656,0.8556498517824749,0.15215040974937175,0.5589759862554879,0.5804160601163008,0.57332568024148,0.2501190195771034,0.8597027702305661,0.5799960833012922,0.5906902810075587,0.25445441494193005,0.8569393888199579,0.15594220516802615,0.560326215121214,0.6070907159007526,0.5965167211402286,0.2479323403527102,0.879771696650406,0.6056576350562235,0.6156744200394594,0.25884026884452743,0.890436805815085,0.1635579792432407,0.5818570872323616,0.6377037762785597,0.626099856643263,0.27433716755552745,0.8989963269218111,0.634091154604026,0.6478418360330103,0.2781392669775538,0.9067711760541163,0.16492731181298884,0.6065626416431468,False,,,
Q601X,nonsense,True,3.0,3.0,0.0,P/LP,clinvar,,2,23098067;32893267,3.0,1.0,,,0.5679346463360814,0.5589853109998426,0.23557698781600683,0.8470524014250858,0.5754814286591375,0.5828598330910308,0.2541612782226769,0.8491449728592757,0.1530566837783542,0.556325592826864,0.5237340426211323,0.5156625814372541,0.1963394757975274,0.825378215434012,0.5341734529887181,0.5392661643258565,0.21607281522922367,0.831515856433762,0.16149850485091666,0.5249766779282274,0.5223540047669304,0.5224596114460599,0.200282526932755,0.8381359208510953,0.536020457347551,0.5416654897088531,0.21088540551189866,0.8420534423481892,0.16334174669427892,0.5266269634720157,0.5502375238083598,0.5482276998394253,0.20210907841915962,0.8560125815485317,0.5608515219242765,0.5710521595980107,0.221800043876256,0.8614156267914121,0.16922477405278358,0.546373893628616,0.5567719733512766,0.5539575627775182,0.21793670053799227,0.8507191343328441,0.5648434056740683,0.5728792426417852,0.21952257450269705,0.8711758571269725,0.1704679854021764,0.550462627409361,False,,,
R195Q,missense,False,2.0,3.0,0.0,VUS,clinvar,0.1974,3,19841300;22949429;39940965,3.0,0.6666666666666666,,,0.5679346463360814,0.5649396827530164,0.24916088939408626,0.8485819143394306,0.577131945011882,0.5804468650846357,0.2761281403253586,0.8467967840955211,0.14454752447869001,0.5576292740184976,0.5781463959934521,0.5745079040282872,0.2542534687199633,0.8561597860176096,0.5846964479129951,0.5897315912170648,0.2879276475852937,0.8499717047412676,0.14402212087822935,0.5633742107664559,0.48106435561384386,0.48225482814677234,0.15241075834022447,0.8207660931209981,0.506071328899531,0.5070894321642467,0.1912697727443957,0.8255134514781166,0.16582377779744917,0.5037315244910102,0.6070907159007526,0.5936080272108235,0.23995039533496948,0.892288846138407,0.6102929144388568,0.6220683706817567,0.2917815519534151,0.8789068849798117,0.15377480050361342,0.5851853158641962,0.5347943651424776,0.5321494206891971,0.19485596927654933,0.8478749682415782,0.5511818591694341,0.5533032461874117,0.24079598443122457,0.8474523965002406,0.16066051750078475,0.5396045686102574,False,6.57117e-05,,
R360G,missense,False,3.0,3.0,0.0,P/LP,clinvar,0.9969,2,17905336;19808498,3.0,1.0,,,0.5679346463360814,0.5595665307350736,0.2492576774363634,0.8469706936339714,0.574914785485142,0.5804013672876628,0.25713499122705924,0.8546519914457013,0.15463544102180873,0.5560608618110062,0.5781463959934521,0.5723705879758315,0.2477156313106603,0.857206459413701,0.585613684936995,0.5930919300213786,0.25026952905034294,0.85760665269609,0.15546366161092365,0.5642024805558213,0.5819908379130905,0.5696298887541158,0.2402057936937596,0.8794745680064331,0.5902633184457519,0.5973444897219824,0.27062296151737,0.8669113134007356,0.1546805900866729,0.5687311885092823,0.5863641348225075,0.5782970057458077,0.23599033963096197,0.8739706631531217,0.5915973991116823,0.603545531605904,0.25071003197737796,0.8722071921636476,0.1623092926569555,0.5704761267698201,0.5749400229399078,0.5668691418874228,0.23640274100767816,0.8554964810797704,0.584315236423887,0.5875866463535047,0.2510128929631613,0.8762208641602349,0.16010185659489737,0.5660319318351712,False,,,
R397Q,missense,False,2.0,3.0,0.0,VUS,clinvar,0.1097,3,24440382;25616976;34135346,3.0,0.6666666666666666,,,0.5679346463360814,0.5615983397743034,0.23276173817634258,0.8485261827358691,0.5766004959532621,0.5827131188125778,0.2820394070124997,0.8454254314021108,0.14316723645265025,0.5571611770485794,0.5781463959934521,0.5705780345577637,0.24147199308197653,0.8494307616975609,0.5840817765741458,0.5897502748030881,0.2791739730910635,0.849759924392176,0.1486230201958895,0.5631189734188289,0.47038327916441813,0.4716645972050391,0.13865250197415874,0.8210866683619956,0.4976776423934972,0.49788923571228016,0.1886580403092924,0.8240992358782728,0.16755091727162405,0.49739584222742683,0.6070907159007526,0.6047544250586515,0.26673630493352135,0.8876253083630421,0.6113428357375779,0.6239894789807935,0.2918794594186402,0.8721829719840805,0.1529652679094462,0.5859023254153186,0.5228068398527309,0.5207198913742195,0.17835302914202544,0.848218988667074,0.5407572477371313,0.5421491620954034,0.21899575554457096,0.8434901521891127,0.16347969870715642,0.5312959181891361,False,1.59133e-05,,
R561S,missense,False,1.0,3.0,0.0,none,none,0.9968,1,30758498,3.0,0.3333333333333333,,,0.5679346463360814,0.5583207198054105,0.239231582442074,0.8338460119332213,0.534562076163917,0.5413375625203207,0.22990459989964965,0.8043514664618321,0.1461240662076052,0.5246071710083463,0.5781463959934521,0.5693854995315141,0.2483331737024461,0.8579274177072916,0.5435037985939432,0.5501464670258903,0.23805209136603714,0.8189031721848677,0.1484731818555664,0.5314863769494911,0.5819785506702843,0.5714035268684855,0.23472710447669393,0.8625824506173101,0.5448143590390305,0.5542332980460394,0.23120690285814374,0.8219972692028339,0.15144881033755736,0.5327819466038763,0.5087357125120241,0.5147286809668251,0.19500723160071917,0.8396598083136195,0.48348822536059954,0.48193982299503,0.18155822435555594,0.7910484804621953,0.1606395905421192,0.4861451191558118,0.44771666664926607,0.45479820246241615,0.15230042113825193,0.7846569217855912,0.43249921996390456,0.4267761783440216,0.1480668377857035,0.7491587498433608,0.1564626160874257,0.4458686099309533,False,,,
R583C,missense,False,3.0,3.0,0.0,P/LP,clinvar,0.5124,3,10973849;24606995;32893267,3.0,1.0,,,0.5679346463360814,0.5625771130102409,0.23433798621399393,0.8391840281784347,0.5724880894190468,0.5815064165573017,0.23528425237326264,0.8611632973643495,0.15778352863385472,0.5541295224362143,0.5781463959934521,0.573309748928032,0.24789685442243645,0.8456637835825984,0.5829334130421387,0.5915469061820947,0.256362956535538,0.8638514937761319,0.15597995857895897,0.562333251106105,0.520679064932585,0.5174371416594119,0.19250302427373472,0.8273727554563977,0.5303391214061998,0.5329971506387854,0.19412628130504325,0.8502706407578472,0.16768223059027812,0.5223333442309183,0.5863641348225075,0.5792478001416841,0.24920407294094873,0.8646145124052342,0.5862416446198687,0.5971018607466705,0.23919979343595252,0.8742528559478145,0.16252353303512007,0.5661241648696645,0.5080545776433768,0.5081672701364391,0.18295073006371543,0.8332347355078831,0.5187724739721933,0.5232643915651887,0.1817192156930232,0.8449164136112515,0.17266329380713696,0.5137348750676028,False,1.59352e-05,,
S195fs,frameshift,True,3.0,3.0,0.0,P/LP,clinvar,,1,12051962,3.0,1.0,,,0.5679346463360814,0.5634320550040937,0.25260480708289396,0.8472005606495938,0.5659633694585258,0.5731641944768395,0.2429012959389119,0.8528963201468875,0.15889853363310055,0.5492442036610911,0.5237340426211323,0.5248718381048945,0.20900712743023955,0.8207832298580053,0.5287579847482666,0.5312615707836379,0.20709569953879306,0.8374452658379588,0.1626126964516711,0.5209019470065551,0.5223540047669304,0.5203526122486096,0.1855086180742155,0.8342585649898935,0.5257555458264676,0.5322203690212792,0.19094779083979957,0.8378209842473229,0.1665722559318365,0.5186084700434194,0.5502375238083598,0.5442327873428233,0.1980785387172932,0.8572544430248562,0.5546502238347701,0.5623971376123178,0.20630952695865007,0.8606186476820498,0.17196094154025415,0.5413530863057107,0.5567719733512766,0.5488424014881587,0.20673570684759027,0.859801253792462,0.5602441824124565,0.5691580281632075,0.22225112428747862,0.8572133316932141,0.16653831938827207,0.5463003864210643,False,,,
S277W,missense,False,3.0,3.0,0.0,P/LP,clinvar,0.9974,3,16414944;23879280;32893267,3.0,1.0,,,0.5679346463360814,0.5668451603235939,0.24592822623501656,0.8551162291173614,0.5689203657965024,0.5770619868057052,0.24864126945298848,0.8525164300342197,0.1565230242325021,0.5514037572626279,0.5781463959934521,0.5719356399987015,0.24324795644251365,0.8519407787914255,0.5805738366416758,0.5882445096652649,0.26982888453467857,0.8523939566057134,0.15135287744233686,0.5602473843599552,0.582052270380034,0.5706231979121856,0.23745889365067877,0.8560351392458586,0.5839352182346463,0.5926758865702753,0.24655209487074548,0.8728078095456687,0.16015677327244543,0.5637721099279187,0.5863641348225075,0.5766389508917693,0.2365310490606218,0.8613411275839729,0.5816866542219724,0.5889170837569904,0.23830716263616275,0.8748045686663546,0.1650703087148391,0.5626950629363456,0.5750075616116004,0.5681665782262956,0.24409581069312647,0.8554527794491965,0.5714742319712659,0.5779846997235423,0.23580634496985706,0.8647501706989348,0.1619147593610475,0.5552977684259505,False,,,
T377K,missense,False,3.0,3.0,0.0,none,none,,1,25779927,3.0,1.0,,,0.5679346463360814,0.5620428045797903,0.23762042274404369,0.8471626928122729,0.569103062833222,0.5747409067220421,0.26551578038348406,0.8453960207071088,0.1482719763602465,0.5514839439071962,0.5781463959934521,0.5718228501512395,0.2567593224427179,0.8567023746400864,0.5796781955749569,0.5846918051456744,0.2548960973083655,0.8706070871291688,0.15794243218369286,0.5599593333423284,0.6732049630213349,0.6569697902744279,0.29239324852083737,0.9122624515786576,0.6647441388867235,0.6820090603039733,0.3080056562811955,0.9206681810806436,0.16006179695365438,0.6287805791010104,0.5087357125120241,0.5088525933226559,0.17945141867089084,0.8303555143265964,0.5161601562749066,0.5166678458775114,0.18974854121163606,0.8445972843089443,0.1717020000803926,0.5118005995056112,0.6316556472635034,0.6196798143684231,0.26615488797747994,0.8902541095814722,0.629834905642173,0.6434999418709019,0.2746731467635295,0.9055287650748008,0.16637033591456526,0.6031052467873533,False,,,
T587R,missense,False,2.0,3.0,0.0,P/LP,clinvar,0.8982,2,30244407;32893267,3.0,0.6666666666666666,,,0.5679346463360814,0.5611748408062738,0.22744156878056979,0.8432419749110346,0.5638534440208236,0.5709280471457252,0.2649129489501838,0.8347061717505067,0.14941649401363566,0.5476174254497718,0.5781463959934521,0.5703302842834247,0.2473736734506443,0.8523507702516198,0.5727560559141275,0.5809363441224429,0.2677690091627643,0.834707677364398,0.14779889393516965,0.5539729751302114,0.5697507981070529,0.562406946813478,0.23333706689450157,0.8565150570769312,0.5647249217411555,0.5722323806035969,0.25475347370972035,0.8401116353250045,0.14899124362813557,0.5484056097192463,0.5863641348225075,0.5791734852320476,0.24626987378280477,0.8649613523278095,0.5781511616858673,0.5824731198152968,0.2694818271887277,0.8528977876447196,0.15072901158978733,0.5594088428120927,0.5614841928154269,0.552367829166489,0.22643368033673172,0.8422154476943976,0.5601249589912473,0.5637518154497272,0.27013718282163535,0.8290307053590076,0.14225010097832547,0.5460425971928289,False,,,
T96R,missense,False,2.0,3.0,0.0,Conflicting,clinvar,0.1281,2,21070882;29672598,3.0,0.6666666666666666,,,0.5679346463360814,0.5585328781117125,0.24195246850804983,0.8484237336313311,0.5657433526811559,0.5690660227327284,0.2667922226356686,0.8343216165704282,0.14480582169308617,0.5486606271113955,0.5781463959934521,0.5713593569737162,0.24522271710600568,0.8500971455199324,0.5745457257922043,0.5820479293928666,0.262953064646835,0.833438729572546,0.1474554450874997,0.5554216364615497,0.47260765068764987,0.4783365622404085,0.15472989345128094,0.8234322998654234,0.4852495346380565,0.4853688929258526,0.1682425938930943,0.8133837034415864,0.16799533891171564,0.4872783418122993,0.6070907159007526,0.597374891263023,0.2618363990583454,0.8800736399732461,0.5996575921476484,0.6097541217984574,0.27850709006009594,0.8658345857021925,0.15493355413625443,0.57652714693682,0.5253133477324893,0.5262472110352292,0.1752714582761792,0.8529204007401544,0.5291427699354181,0.5330359538237948,0.2098971467167848,0.846641412467856,0.16898913330438112,0.5219078529823031,False,1.34506e-05,,
V185M,missense,False,3.0,3.0,0.0,VUS,clinvar,0.3514,1,36077086,3.0,1.0,,,0.5679346463360814,0.5670321982813641,0.24214562553846253,0.8468631066962917,0.5711865483213032,0.576978843750943,0.2486903702887717,0.8632324085012468,0.15824025554763593,0.5531444895097052,0.5781463959934521,0.5703695875328598,0.25429944443573455,0.85182559400939,0.5836411905034697,0.5911035957724229,0.25956610458770407,0.8634228488065456,0.15403594084696756,0.5626858451994308,0.5002399822823079,0.49863487972024756,0.17906205757869836,0.8192356947536653,0.5097171038647583,0.5095874555781776,0.19027834137749247,0.8218263792787202,0.16767541051446538,0.5062905098804534,0.6070907159007526,0.5987720011347958,0.24712163957090488,0.8775592276413982,0.6101006784560272,0.6231092317751183,0.2739615824816634,0.8830438320996699,0.15898956849892198,0.5853106035468675,0.5559639228454157,0.5528052229940872,0.21843066485871873,0.8585418302839928,0.5593342184857615,0.5694436424950021,0.19921555766126497,0.867089086705544,0.17442432062346644,0.5457639836055909,False,1.20157e-05,,
V241F,missense,False,3.0,3.0,0.0,P/LP,clinvar,0.9518,1,23989646,3.0,1.0,,,0.5679346463360814,0.5662643953570657,0.2495089213955464,0.8438330912672976,0.5693545699301743,0.5805293197579398,0.2344152521061501,0.8565118466529442,0.15848838044995506,0.5517369940189666,0.5781463959934521,0.5729852527401939,0.2471379603897081,0.8515224783448487,0.5801178907597979,0.5859461207853396,0.2518741701606559,0.864666802687106,0.15767036588763572,0.56013592336429,0.5764247940550112,0.5729919605634495,0.24082403350593812,0.8594514442157658,0.5790649929850036,0.5875366617547715,0.23847114201979605,0.8728206265037541,0.16193580415035252,0.560008652703995,0.5863641348225075,0.5762979549265138,0.24883231712978615,0.8690832229915102,0.5890445517861126,0.5983634467291166,0.25347039048513925,0.869629666883738,0.16058392162393706,0.5683494979819399,0.5688202923247005,0.5660464774510291,0.23785082202302482,0.8502186652901981,0.5693910606735894,0.574481360640663,0.24015098041673955,0.852310020710913,0.15883177180118888,0.5535041321617175,False,,,
V280A,missense,False,3.0,3.0,0.0,P/LP,clinvar,0.9722,2,27379800;32893267,3.0,1.0,,,0.5679346463360814,0.5627336208645989,0.2384117978463887,0.8443394036488512,0.5754944386011989,0.5788610899522508,0.2626212650712672,0.8591190215843433,0.15223310720343344,0.5565379380957839,0.5781463959934521,0.5743926137963024,0.25571933933695135,0.8554793793826663,0.5874345206143949,0.5961230130485147,0.26251020611483,0.861498762047485,0.15385365084808655,0.5655169389771363,0.5789484396466273,0.5722971763354818,0.25153332337699236,0.8632722855994232,0.5865158384797146,0.5913792397171587,0.2652728957063686,0.8683802631543821,0.1558057284344514,0.5656381476963334,0.5863641348225075,0.5800014877200761,0.24239432957839777,0.8643228428201647,0.5934901363418417,0.5994842375071257,0.26139494856553347,0.8672068679446192,0.15561944173751996,0.5717651029041537,0.5715950168073923,0.5617715848028928,0.23310012740480568,0.8492160941443341,0.5820631181431817,0.5872017751558628,0.2612934509605969,0.867722159551995,0.15539352629584935,0.5639277456067064,False,,,
V595del,inframe_indel,False,2.0,3.0,0.0,none,none,,1,19825999,3.0,0.6666666666666666,,,0.5679346463360814,0.5619688661549449,0.24418089230165915,0.8478329723517581,0.574376124095947,0.5797158730150249,0.2772975003021802,0.8364600048939892,0.14319908821509789,0.5552620436665409,0.5781463959934521,0.574140252336601,0.24904131985947192,0.8542128071819125,0.5860624870345333,0.5945351088992872,0.27565696173089077,0.845378749132975,0.14615768219622088,0.5645061851923778,0.6732049630213349,0.6577313170906466,0.30542054157862036,0.9099947003230677,0.6662611314370913,0.6869066901146392,0.3453730347262286,0.9057091069363727,0.14893312830554484,0.628861125958389,0.5087357125120241,0.5109971993925521,0.19327848881449947,0.8304493339772038,0.5279277430687641,0.5264466376981909,0.21618916881423614,0.8324029320364742,0.15957512130306006,0.5211390299933986,0.6316556472635034,0.6246857310941951,0.2676143752728473,0.8978373271435865,0.6297455453667874,0.6409409493522847,0.30477941778744155,0.8863632396955694,0.15146949154830674,0.6020474625190962,False,,,
W304R,missense,False,3.0,3.0,0.0,P/LP,clinvar,0.9995,3,19841300;22949429;27379800,3.0,1.0,,,0.5679346463360814,0.5595923576369334,0.2440715343180107,0.8406844939162538,0.5694394145469597,0.5732378603749715,0.26199152561237693,0.8533123535744653,0.15175357190626518,0.5519255505046771,0.5781463959934521,0.5706269878535022,0.24516037287348935,0.852694823087095,0.5757033212225953,0.5834154286976041,0.23972138025941953,0.8633130740500848,0.15814427200736134,0.5566955410776236,0.5823102184104867,0.5730413186321359,0.2415702088775075,0.853213575039519,0.5808938929259155,0.5909350388515718,0.24873887336354775,0.8698468050780924,0.1597623142989972,0.5612742835308354,0.5863641348225075,0.5778397213816078,0.2464708706968216,0.862091608030495,0.587262035927188,0.5960350104895904,0.2522046403789714,0.87733923825804,0.1606359165835148,0.5670697883265208,0.5752911463226849,0.5645813765222117,0.2454178908710343,0.8544547648995785,0.5733370714536525,0.57993763612182,0.2484378088330018,0.8656751894166881,0.1606178855578239,0.5569374006179381,False,,,
W392R,missense,False,3.0,3.0,0.0,P/LP,clinvar,0.9979,2,10973849;32893267,3.0,1.0,,,0.5679346463360814,0.5623407473638505,0.24615694697604407,0.8432721752213536,0.5751345756560305,0.582039801197002,0.24615696949715643,0.8628138480525105,0.1549976419658634,0.556407001840924,0.5781463959934521,0.5713202640392234,0.24953043539107095,0.8512968228621904,0.588316861887591,0.5967106151530599,0.27379063180233654,0.8554646720987373,0.14944373942116435,0.5662576120481156,0.5821136965968438,0.5721903945072727,0.24994399794729946,0.8611504476758463,0.5875985719979377,0.5933619564203583,0.2560973521122986,0.8730544168145792,0.16156224582658488,0.5669545812602934,0.5863641348225075,0.5790006064678361,0.2469647785014305,0.8600392342255385,0.5950328467792783,0.6054252445267376,0.26969129036895617,0.875637623574725,0.15743346392698232,0.5733704754279059,0.5750750931792911,0.566691844882459,0.24399192822320362,0.853494783854799,0.5838960092707414,0.5885175106531289,0.2654796010685169,0.8676747231665843,0.1537226878001185,0.5653939599379724,False,,,
c.1+3G>C,splice,True,0.0,3.0,0.0,none,none,,1,36277779,3.0,0.0,,,0.5679346463360814,0.5655510791277503,0.2523603056404423,0.8404751886178433,0.49186134284623023,0.4962931733033418,0.18304370155454935,0.7667140243055456,0.15098547879495994,0.49173178066662904,0.5237340426211323,0.517308724572629,0.19953761860595,0.820110866963244,0.45288384851590335,0.45175257439993943,0.15449385813720923,0.7608262479804786,0.15749502901378226,0.46225181251523567,0.5223540047669304,0.520880444959652,0.19156494704301036,0.8382051973373605,0.45166596458345987,0.45040658831761493,0.1429237410583987,0.7585228839954093,0.1618597450453329,0.4608361486211645,0.4732838882927845,0.473146957487546,0.1641770222192229,0.8050892475534079,0.40653548596805045,0.39968445838623406,0.11871600723023806,0.7322396071573615,0.16243594333130007,0.4248320503013187,0.4304742885235544,0.4333571034840733,0.13379957418123423,0.7705085825541119,0.3741460823790419,0.36823675363521313,0.11101806741420463,0.6812459970022015,0.1501941989360102,0.398618281967353,False,,,
c.1150G>C,substitution_cdna,False,1.0,3.0,0.0,none,none,0.9852,1,26230511,3.0,0.3333333333333333,,,0.5679346463360814,0.5620864585624538,0.24258822349413464,0.8446230772657696,0.5371954888317798,0.5425316902434179,0.2314197603906898,0.8069691689704485,0.14928841642226956,0.5267945072301813,0.5781463959934521,0.5713812508586775,0.2570802745605331,0.846940333850224,0.5442953379779099,0.5500600606487693,0.23475523007040666,0.8206074983422627,0.15081947136563126,0.532190814673797,0.5805515504075421,0.5749349617199133,0.24058539415128302,0.8538638300239092,0.5460287455297479,0.5504666170692338,0.23268341186326513,0.8274392551963751,0.15121508413117976,0.5336780325190413,0.5087357125120241,0.5074623285472109,0.1805204799490316,0.8284156385440816,0.4846304553551544,0.487854028709623,0.17874382758160667,0.7888316882327594,0.15971051104327957,0.4867501417672248,0.4461381949027516,0.451366612107702,0.1449348355036864,0.7859390642718806,0.4329976653127669,0.4271842419819658,0.15096535111571616,0.7574017743236963,0.15646455154464223,0.4464244931237851,False,,,
c.1686-9T>C,splice,True,1.0,3.0,0.0,P/LP,clinvar,,1,33664273,3.0,0.3333333333333333,,,0.5679346463360814,0.561737765155158,0.23461872819618648,0.8448859228834645,0.5374666462668538,0.5437635400791558,0.239571757003098,0.8114183328110524,0.14613808885131543,0.5268445616493401,0.5237340426211323,0.5221266836221949,0.19209712193924147,0.8301587464062788,0.4981102395890566,0.5010153755041724,0.20169357955595477,0.7892307553044569,0.1539605753013372,0.497298473047853,0.5223540047669304,0.5191797799881276,0.19210502533024723,0.8390070441252953,0.4964326207451998,0.49824129548160645,0.1928660507373499,0.7864257659966281,0.15603982500448296,0.4958087456470571,0.5502375238083598,0.5451628386445868,0.21517755120038848,0.8504535546227675,0.5166435635764566,0.516553868741906,0.1944047017465924,0.8259128513688756,0.1640554747637837,0.5113785959671515,0.5567719733512766,0.5535477025702725,0.21426637573950763,0.8496848786572306,0.5235244895805404,0.5298352073060006,0.21116437316030479,0.8066343359484157,0.1562536256232886,0.5169504962628071,False,,,
c.1732+2T>C,splice,True,1.0,3.0,0.0,none,none,,1,30758498,3.0,0.3333333333333333,,,0.5679346463360814,0.5592389585017872,0.24349392486141605,0.8440655753769329,0.5376858872014528,0.5475896504099385,0.23400415690717893,0.8181182411948801,0.14811306926041654,0.527057390349203,0.5237340426211323,0.5211078225297704,0.19720013703270084,0.8330349962298702,0.5001449268141032,0.5035164351964807,0.1979552896530627,0.7906890951300608,0.1561224670795048,0.4987061096237071,0.5223540047669304,0.5203156648767456,0.19752694847955543,0.8298659082663092,0.49436767909990204,0.49763538101571025,0.19257737098445646,0.7957471539285267,0.15745234869144922,0.4944409640798111,0.4732838882927845,0.47851386597470175,0.14992564067946915,0.817441322183399,0.4573105845645211,0.45392274249733133,0.15775443246766338,0.7788400991165157,0.1612883573661758,0.465667221233927,0.4304742885235544,0.43872249313991085,0.13855264147532356,0.7872732793261921,0.42277544330467026,0.4156604747631659,0.14224997147277987,0.7433614127949684,0.15563235216953342,0.43808109205797774,False,,,
c.386+1G>C,splice,True,2.0,3.0,0.0,none,none,,1,30635621,3.0,0.6666666666666666,,,0.5679346463360814,0.5623362694116004,0.25151264180357397,0.8396869138747636,0.5767149005702603,0.5841165540659314,0.27419019655101695,0.841321775771491,0.14576572276363828,0.5572911387337779,0.5237340426211323,0.5177917481256532,0.19614952674138617,0.8227385395354119,0.5398312357656135,0.5409952672239744,0.24499811011364891,0.8220973711701585,0.15230724944562474,0.52940981131472,0.5223540047669304,0.5232138801928568,0.196777879289536,0.847571786684366,0.5426878921367851,0.5467211624972692,0.24049282558899424,0.8383163026698996,0.1550375942749272,0.5318585862343825,0.4732838882927845,0.4736028259318175,0.15928425409552965,0.8173125909101494,0.5004647961605281,0.49989284419118524,0.20154798018863007,0.8195043961273882,0.1599834285434847,0.49992749976107226,0.4304742885235544,0.43584212256123056,0.14092636814994222,0.7809794056671501,0.46531352394201325,0.4571417942216713,0.17811539143008853,0.7771312241138482,0.15560932390535456,0.47236080138354913,False,,,
c.475G>T,substitution_cdna,False,3.0,3.0,0.0,none,none,,1,26230511,3.0,1.0,,,0.5679346463360814,0.5630365620999683,0.2439715038577224,0.848843674994043,0.5680360318246711,0.5764682267186285,0.2480523799116275,0.852997792381696,0.15577945209543778,0.5504959595707327,0.5781463959934521,0.5734717584119363,0.24596049633306405,0.8541653790920288,0.5792821076757171,0.5873997903962034,0.25369169663068986,0.8639787245114332,0.156735804432951,0.559451605629532,0.6732049630213349,0.6604300933256524,0.30079720528895376,0.9127498768581779,0.6642944431275486,0.6836135151061031,0.2906090468955897,0.921855618222905,0.16482267782229693,0.6284364326563355,0.5087357125120241,0.5059811293762609,0.1818598435633597,0.8315718379144199,0.5180602484769075,0.5209787897838905,0.1789443178109864,0.8382766174680999,0.17402728078886306,0.5130950199114083,0.6316556472635034,0.6227933889965702,0.26184519697809744,0.8967025931195246,0.6287587164233329,0.6439878546528675,0.2690830031486279,0.9021620374159621,0.16659259211446942,0.6020972039830776,False,,,
c.781-2A>G,splice,True,3.0,3.0,0.0,P/LP,clinvar,,1,32893267,3.0,1.0,,,0.5679346463360814,0.5631999157894453,0.2546155872177398,0.8494197942784707,0.5685676171099261,0.573688257862697,0.2475952302084247,0.846389004984489,0.15257993844250844,0.5510842292710244,0.5237340426211323,0.5238693459199179,0.20124284358900524,0.8311032442616587,0.52724026735058,0.5324622753179524,0.20073826724538602,0.8399811958511945,0.1656928737467551,0.519710209858295,0.5223540047669304,0.5239469654106118,0.19727989715605543,0.8301109665273859,0.5304176013429004,0.536976994943517,0.20154324991065112,0.833378119508633,0.1644721416313416,0.5220752992541277,0.5502375238083598,0.5456247573916121,0.21438337503304364,0.8525728778289988,0.554639392192505,0.5648499961480493,0.19761763995338405,0.8611717133902549,0.1748472029122624,0.5415549660290488,0.5567719733512766,0.5507469516374008,0.21284794160219048,0.858991233359026,0.5589180287006933,0.5663153341941088,0.22493723814246097,0.8625798906802857,0.16454217214468797,0.5454464138728636,False,,,
c.98267C>T,substitution_cdna,False,3.0,3.0,0.0,none,none,,1,41569083,3.0,1.0,,,0.5679346463360814,0.5565479011702082,0.23527922463436585,0.8464705704947607,0.5683479557626971,0.5733196960583775,0.254374277972774,0.8523196214397374,0.15316078448066284,0.5510569413387632,0.5781463959934521,0.5732964261350069,0.2504517853016389,0.8562107543380483,0.5778523152196499,0.5788487845017831,0.2666145299376764,0.8574678698231076,0.15358611252784674,0.5582711107705167,0.6732049630213349,0.6600343486158999,0.29615042686637905,0.9187912980518408,0.665790832149643,0.6826900727571543,0.3118669059840627,0.9199042228323385,0.15813430291483685,0.6293085092240388,0.5087357125120241,0.5075130356988415,0.18128538198482252,0.8337748983647214,0.5147724585416416,0.5107746473271794,0.18411433541865369,0.8495525292929735,0.17407636155124992,0.5106361236506337,0.6316556472635034,0.6192528559230062,0.27029301182188054,0.8971540582833967,0.6284971741825217,0.6440673031404927,0.27014946889476654,0.8957739253831721,0.1645290770728591,0.6016523071678137,False,,,
A194P,missense,False,2.0,2.0,0.0,VUS,clinvar,0.9881,2,10973849;21063070,2.0,1.0,,,0.5679346463360814,0.5605292560780955,0.2418722587806365,0.8511929645976201,0.5680307716073648,0.5711245340621778,0.2508122112149934,0.8586114030634246,0.15174181392791783,0.5507131030288288,0.5781463959934521,0.5677359029683052,0.25089375919187396,0.8415914354398836,0.578537891095797,0.5835841405068979,0.26271718607367117,0.8563413599393751,0.15096128663379166,0.5587401618708183,0.5809086107703878,0.5723043107635899,0.2433897309796048,0.8599303226663154,0.5821077878840045,0.5855224436980613,0.25828158328540984,0.8627634991892663,0.15482814059027167,0.5621871955470186,0.6070907159007526,0.5966955524364946,0.2635401338387456,0.8779530413099331,0.6072889468376951,0.6223787984271971,0.26404523424381504,0.8884851297575098,0.16385481083831083,0.5830076980176638,0.6381670146587276,0.627108871701703,0.27251706860318775,0.9007877335365305,0.6346936621915051,0.6555666460347513,0.27326218636335353,0.9010400090860234,0.1659119980246475,0.606839733891053,False,,,
A283T,missense,False,2.0,2.0,0.0,VUS,clinvar,0.6127,2,23571586;34398675,2.0,1.0,,,0.5679346463360814,0.559144083568918,0.2419026820304942,0.8383858083917233,0.5700858396234659,0.5785181322240566,0.25170344994872,0.8511748303137381,0.15386084310084625,0.5522354025937514,0.5781463959934521,0.5747414437845497,0.24972036096779077,0.8563068201411099,0.5793013527491899,0.5874989911276856,0.2575166340847655,0.8614419526823247,0.15506563368181284,0.5594002353070823,0.5335056436753564,0.5288320006820965,0.2107285871428818,0.8335847516196442,0.5361878634290551,0.5425624022155473,0.20845316838350886,0.8428736839725868,0.16096833929586496,0.5263985564892119,0.6070907159007526,0.5962303762899431,0.25158395626240254,0.8862403345806072,0.6063949598241399,0.6210094435969109,0.25691227791872967,0.8862818936523531,0.1675668308140277,0.5823869111690415,0.5913421839132043,0.5806847449287724,0.23778901188751525,0.8673132513410606,0.5937289112365615,0.6033547403896529,0.25667778294462756,0.8778299021834816,0.16172824723996349,0.573215442693563,False,,,
A302T,missense,False,2.0,2.0,0.0,none,none,0.9705,2,16414944;32893267,2.0,1.0,,,0.5679346463360814,0.5607361399511657,0.2481328589695175,0.8435720469039052,0.570244811760883,0.577767268104565,0.2559763380687582,0.8460721920463657,0.15400242193189048,0.5523742562376928,0.5781463959934521,0.5668112536436507,0.2470331002686941,0.848737568790239,0.5778056969388531,0.5882292735692946,0.2652620974240231,0.861390978457145,0.15484289264569676,0.5582948116529238,0.5787385044797176,0.5734670959753595,0.24513474021962384,0.8614947847710954,0.5793757516186423,0.585481472223651,0.256011746725636,0.8630584283750771,0.15818906559829465,0.5602760597292047,0.5087357125120241,0.5109207692931129,0.17620958628769684,0.8391772710730354,0.5176091032512699,0.5150277895786048,0.18715675642330476,0.8412683989758208,0.17027836610489383,0.5128950036460479,0.4441401534675482,0.447722881846696,0.14939497431614823,0.7970024856854877,0.4592269089360162,0.4538677333800408,0.15343592210735912,0.7978021559049002,0.1666666702066368,0.46710825917365545,False,,,
A341G,missense,False,1.0,2.0,0.0,P/LP,clinvar,0.9519,1,38808169,2.0,0.5,,,0.5679346463360814,0.5611780078658766,0.2494118190487188,0.85001923464323,0.5571274207153738,0.5605780217318584,0.2551798600380852,0.8281653895696205,0.14692865633077748,0.5421007512599362,0.5781463959934521,0.568896934767565,0.2546431397537712,0.8484055026323447,0.5694592219326642,0.5775484446742694,0.2695323876598282,0.8389430661339619,0.1478381325471078,0.5515293600518287,0.5764371880490027,0.5664464125063895,0.23728823429064516,0.8550826759406865,0.5614013206770545,0.5678614559036775,0.25693480858229145,0.8459819951180487,0.15068970062310724,0.5458565026769359,0.5863641348225075,0.5773559088123758,0.24191758559038642,0.8660807489388647,0.5704335761067859,0.5784014800768132,0.25281625974492944,0.8540409526903674,0.15409956404121297,0.5533252021954403,0.568833919047039,0.5637481957026675,0.22556618950441276,0.848591714450939,0.5551570693416183,0.5594615113000307,0.25080578333444803,0.8250736302239255,0.14800253453611123,0.5420283448941501,False,,,
C122fs,frameshift,True,2.0,2.0,0.0,none,none,,2,32893267;33614747,2.0,1.0,,,0.5679346463360814,0.5638593443703142,0.24975673771593807,0.8389113645634304,0.5703388585890328,0.5793596488098622,0.2505265188751822,0.8492193710974202,0.1537960054975143,0.5525526497849268,0.5237340426211323,0.5216607253941645,0.19393205095486504,0.8295399824008154,0.5271963150657686,0.5335711472483753,0.20602976445640098,0.8277143378288112,0.16234359051271252,0.5195716621897657,0.5223540047669304,0.5213777900402707,0.1975636367842334,0.8460209643146108,0.5295542296009916,0.5347665783613189,0.20440144715957384,0.8389543436806689,0.16453936455677245,0.521666238136324,0.4732838882927845,0.47758417935596464,0.1434874754366696,0.8074646723479134,0.48232081118690734,0.4817411340215181,0.1492036606358391,0.8320370278953597,0.17704352320668354,0.48512080234562427,0.4304742885235544,0.4346447799619058,0.1424088999042994,0.7774398341007284,0.44544132747188164,0.43426985074293956,0.14003925097564732,0.7924073350279868,0.17010014225671724,0.45583942934929805,False,,,
D564H,missense,False,2.0,2.0,0.0,none,none,0.9965,1,32893267,2.0,1.0,,,0.5679346463360814,0.5641130899077148,0.23779796397876365,0.8426730308635053,0.572767967452235,0.5799881530864665,0.25256645619422236,0.8570487631808249,0.15366182535502002,0.5543393977589463,0.5781463959934521,0.5717087433115458,0.24569131044543005,0.8523393624976976,0.5816230188723386,0.5893833463248392,0.2423963052966388,0.8664077820795715,0.15805431218489796,0.5614265089989033,0.5819416874440083,0.5767373725043629,0.2546822710331622,0.8685988584815534,0.5833657677978515,0.5932275675181287,0.270800369054864,0.8676447444337253,0.15425086515270042,0.5630353086910008,0.5087357125120241,0.5089276294265597,0.1812915966074326,0.8371467989728926,0.5172439257073256,0.5151695053338967,0.18498502778396017,0.8372960454574843,0.170232982496742,0.5127034751531684,0.4476758256909513,0.45090330048928073,0.15359280638135578,0.790643968554962,0.4612693827617083,0.4531981255690015,0.14957028811838963,0.8103909589265353,0.1712300516826483,0.4685675901999184,False,6.56978e-06,,
E160fs,frameshift,True,1.0,2.0,0.0,none,none,,1,25453094,2.0,0.5,,,0.5679346463360814,0.5639568579372081,0.2379487690377451,0.8552081721303632,0.560305949154618,0.5641862267962824,0.2662155694069777,0.8278405224405418,0.1440899483610791,0.5445510008370305,0.5237340426211323,0.5244035293786969,0.20035030822412872,0.8301607122462256,0.5218690594728558,0.5241416492168851,0.20274440785023753,0.8164856323282782,0.156904637834037,0.5155468289945283,0.5223540047669304,0.5211763019669231,0.19268540440546453,0.8317812258019615,0.5205499392883892,0.5241977782027105,0.20539400552993933,0.8184600454419306,0.15994719723736725,0.5145267413947194,0.4732838882927845,0.4775406574781813,0.1638341849957592,0.8089475114291738,0.4752826924968011,0.47635137124210947,0.16816513142660489,0.7888383705053856,0.16209853635399132,0.47959928065477303,0.4304742885235544,0.439944100668434,0.1341546342027066,0.7796022982581764,0.44237528412131144,0.4355083171835648,0.16345487013542523,0.7671661123216005,0.15924405406649364,0.45397458241390126,False,,,
F279C,missense,False,2.0,2.0,0.0,VUS,clinvar,0.8584,1,34712558,2.0,1.0,,,0.5679346463360814,0.5552829424774757,0.2439944737998304,0.8430832986303606,0.5708370761399691,0.5779515720376189,0.24305570953431624,0.8645631776190129,0.15710432328608126,0.5528626372345274,0.5781463959934521,0.5736468386764785,0.25286332324383953,0.8553096258179906,0.579668311365466,0.5899185787549597,0.2631488088564949,0.8601874616257477,0.15415758962968937,0.5596791744399097,0.5647587568934203,0.560320699972045,0.23464839834977336,0.8555125329828929,0.5650020482905503,0.5664718574632255,0.24116770523187292,0.8644596301124509,0.15836320418504377,0.5491274266010925,0.6070907159007526,0.5988774763773964,0.25905372933477944,0.8844647710923247,0.6072308915132876,0.6195788877074832,0.2646822046641137,0.8839631920539871,0.16210191789525694,0.5828400026446301,0.6227201241611421,0.6116676352733331,0.2686878491963097,0.8936621988082101,0.6239831982029347,0.638816956335279,0.2694001746205686,0.8976577308103627,0.1627260946300305,0.5978988114769729,False,,,
F335L,missense,False,1.0,2.0,0.0,VUS,clinvar,0.981,2,19841300;22949429,2.0,0.5,,,0.5679346463360814,0.5614528180915257,0.2344473769523236,0.861247754358302,0.5573340818808438,0.5612662872218535,0.2449681755186587,0.8288726832660352,0.14817610170595127,0.5424720488042573,0.5781463959934521,0.567333373138055,0.23627309204890953,0.8405734605240606,0.5637400828087357,0.572409327113828,0.25386037813427004,0.8426188749632125,0.1529996650050006,0.547254468083403,0.5800340660801138,0.5759108998946127,0.25298767461536725,0.8624325732967665,0.5655877277582203,0.5709206462072727,0.2542752832039965,0.8376950136033947,0.14915700418431074,0.5488514156287334,0.6070907159007526,0.5994869831900942,0.2569103127454394,0.8869044146833774,0.5863312196619676,0.5938942007372727,0.261872661126517,0.8658968633783489,0.15699067127944585,0.5661366000840297,0.6373441736370759,0.6280759084550087,0.2759302738145118,0.9042454930223977,0.6173053164373744,0.6319777045734882,0.2800606180074914,0.8827782211672567,0.1570539010406571,0.5921528597413719,False,,,
G186R,missense,False,2.0,2.0,0.0,Conflicting,clinvar,0.9847,2,19841300;22949429,2.0,1.0,,,0.5679346463360814,0.5604396574344566,0.24157434023208907,0.8454468610372445,0.5715566463760814,0.576967268485846,0.25277864604098943,0.8454607722778232,0.1498637199833878,0.5532368704005987,0.5781463959934521,0.5705910579553236,0.24938280050646877,0.8503456943325314,0.5800281045407357,0.5865657827238263,0.27224500295955256,0.851601053798809,0.15233760259328233,0.5599261351219249,0.5804899675568084,0.5748553588257709,0.25676027640352844,0.8555420823984109,0.580687773105234,0.5870262536419182,0.25681908052694374,0.8578385095362675,0.15505487293089046,0.5610289197914615,0.6070907159007526,0.5938642815939164,0.24226539421064697,0.8840622963752244,0.6066146154172579,0.6197023842661626,0.2498019149655329,0.882957174779172,0.16512674453336648,0.5825455234840169,0.6377733170308388,0.6246841909915456,0.2580880466373024,0.8963858702461742,0.6357065200946406,0.6546309162294531,0.2829230544881905,0.9061684631152379,0.1625336115167018,0.6078296587321729,False,,,
G189A,missense,False,1.0,2.0,0.0,VUS,clinvar,0.9784,1,30758498,2.0,0.5,,,0.5679346463360814,0.560721719046839,0.25409773611838804,0.8377303168510377,0.5594250319312613,0.5645106893384221,0.2664113932842532,0.829110944434551,0.1453319260840547,0.5439463695148444,0.5781463959934521,0.568927004479923,0.24732191638845852,0.853644561246394,0.565595528571259,0.5723545742045937,0.24590986965248576,0.8467061013672139,0.15431427524475572,0.5487125569498883,0.5797135053455914,0.5681213423013534,0.23622605168969385,0.852299076883263,0.566114420259072,0.5702013412071554,0.2480417955549374,0.8457180764765015,0.15204824992575974,0.5496636794892138,0.6070907159007526,0.5990658473951249,0.2429783616432116,0.8813697686577162,0.5893375117162487,0.5998881416979724,0.26341476106908845,0.8562902203051487,0.15426991001710008,0.5681035363321323,0.6370421730215202,0.6220338169257779,0.2637478224246111,0.8956821170329464,0.6159033928952256,0.6272739299993395,0.2843018680634622,0.8797140443485018,0.15342005624933464,0.5909255102630236,False,,,
G189fs,frameshift,True,2.0,2.0,0.0,none,none,,2,10973849;17905336,2.0,1.0,,,0.5679346463360814,0.5608106206381855,0.25044754543137454,0.8400492766414162,0.5680175781838938,0.5722900755991891,0.2570747977143783,0.859984684270424,0.15078975336883363,0.5510028702119798,0.5237340426211323,0.5243603857002455,0.20463208741310213,0.8304745895164081,0.5289032328220121,0.5307489902870578,0.21682460918190663,0.8386321558913055,0.16292400341979724,0.5210515295747465,0.5223540047669304,0.5218978017250565,0.198779955349984,0.8337235740009308,0.5274334990964545,0.5297631299694838,0.20567161437833922,0.8344690716655304,0.16419495402384596,0.5199484784502134,0.4732838882927845,0.47728613646702733,0.1553523673720102,0.8156527427562023,0.48397480541153615,0.48202605633365025,0.15602032855870354,0.8259035274584924,0.1738089551304982,0.48639280273429236,0.4304742885235544,0.4366987942700688,0.13271044584431047,0.7744112432073061,0.440574482009666,0.4297558147134142,0.13827085055938665,0.7885277499057645,0.17059815247478452,0.4522222352681642,False,,,
G219E,missense,False,2.0,2.0,0.0,VUS,clinvar,0.8172,2,33466149;36010573,2.0,1.0,,,0.5679346463360814,0.5610914146465094,0.23647966421047703,0.8417051495100046,0.5730888607497799,0.578756672514271,0.25902028878605615,0.8620124801359381,0.15311824420572775,0.5547796809933351,0.5781463959934521,0.571848951132469,0.2482888890416726,0.8609515663564181,0.5814804098209206,0.5896472235012461,0.24566321949709619,0.8605953269297887,0.1554380257300787,0.5609904523173349,0.5595630685535694,0.5547698099922075,0.22921589982366886,0.8586028035071418,0.5611001962189137,0.5648626225094812,0.23689551532563125,0.864343514291113,0.16260630877880417,0.5461011376742959,0.6070907159007526,0.5970676704102319,0.24949970061181753,0.878618712922849,0.6065563709793163,0.6194307670541521,0.2654503617524484,0.8859146876158424,0.16101408703114745,0.5823710639587657,0.6176378740181497,0.6035998373460437,0.25901144758365524,0.8845472411184313,0.6180057783773628,0.6284363701849314,0.2768875498028284,0.8925793837250585,0.16186604002051372,0.5931182576277062,False,7.99962e-06,,
G239S,missense,False,2.0,2.0,0.0,none,none,,1,15541256,2.0,1.0,,,0.5679346463360814,0.5635378091480189,0.25281950203784725,0.8437893957729288,0.566538618180733,0.5711870771327583,0.23700706382170955,0.85432486773358,0.1578608391261318,0.5499512006385509,0.5781463959934521,0.5764197066488814,0.2513645683021845,0.8618940122512098,0.5783922993203973,0.5846152240656636,0.2506372232097144,0.8612153101367073,0.15233981055919282,0.558684981816094,0.6732049630213349,0.660654902389789,0.29269086393951615,0.9107301964432266,0.6695133867716042,0.6915178899724054,0.3022980479431003,0.9195021042881693,0.15857429256029837,0.6321344439909098,0.5087357125120241,0.5095267265894697,0.18228114860214623,0.8281100301205335,0.513947778485932,0.5172079989811068,0.18943875884956055,0.8346063232556339,0.16907614922376246,0.5099748506441423,0.6316556472635034,0.6210012609946968,0.25336203875799823,0.8944497367745234,0.6294004851464794,0.6449837887598789,0.2683790157312417,0.8952700195076116,0.16336967497091706,0.6021557595045499,False,,,
G245E,missense,False,2.0,2.0,0.0,none,none,0.9978,1,39388802,2.0,1.0,,,0.5679346463360814,0.5621162869658972,0.23094445960127302,0.846581249752677,0.5685029512774559,0.5764395317044557,0.2606873634046473,0.854615474248337,0.15316346355695548,0.5512288096210183,0.5781463959934521,0.5702931460669202,0.2594071079736571,0.8519996675844143,0.5795062760277718,0.5880238667095765,0.25857304059637043,0.8537601756033169,0.1510016378222112,0.5590936951048816,0.5821014118538179,0.5744546822875026,0.24952593991312272,0.8630059105424814,0.5803155606234787,0.5886045751037225,0.2471132490788435,0.87478946232269,0.15925102230253607,0.5608970036113805,0.5087357125120241,0.5025388227570369,0.17449304666345333,0.8145648930818548,0.5146148592932568,0.5196873749641387,0.18732623980951768,0.8308793839784308,0.17126930552513808,0.5105528679484583,0.4478528099713489,0.45129943329250327,0.15140218827379676,0.7845402435601166,0.4615972499861688,0.4515613919478625,0.1513235184208582,0.8043787254419447,0.17001850945078412,0.46899474812091746,False,0.0,,
G269C,missense,False,2.0,2.0,0.0,none,none,0.9863,2,28292826;30758498,2.0,1.0,,,0.5679346463360814,0.5613070921322592,0.23394404086586557,0.8476870761356058,0.5682973555730932,0.5736371772127321,0.24305766925484426,0.8560786245667708,0.15643800391666676,0.5510122483057047,0.5781463959934521,0.5718571509569716,0.24544350668649947,0.8509271107714675,0.578073017621139,0.5844330267312167,0.2636959145270374,0.8590105591666416,0.15520326376201973,0.5585517042187786,0.5806870112578262,0.5726064388009584,0.24992248899654118,0.8566445523848404,0.5824699901667356,0.5875644642297035,0.26257565925899035,0.8659789502609293,0.15413621598580107,0.5625489159727062,0.5087357125120241,0.5085370842211893,0.17421664809388202,0.8283606004841743,0.5197927610490123,0.5227185381315351,0.19517896322543285,0.8400315293270475,0.16929936718231678,0.5147028591814959,0.44628781291644654,0.4544086577580617,0.1439545885482977,0.7935216587683654,0.4567098640549336,0.44890717689326176,0.15779669703401347,0.8024963571399963,0.16957170234812866,0.46514041619645863,False,,,
G297S,missense,False,1.0,2.0,0.0,VUS,clinvar,0.0729,2,19841300;22949429,2.0,0.5,,,0.5679346463360814,0.5628232562461304,0.23869335895784874,0.841255459268238,0.5572344424361138,0.5640115243497008,0.2459909138930693,0.8335917950231035,0.15171534776417808,0.5421982494175809,0.5781463959934521,0.5723383002951483,0.2620629030286644,0.8540483745145322,0.5662024923674815,0.5763980044684898,0.25761067573285207,0.837716270619397,0.14769040234224706,0.549000227910659,0.46596269759016085,0.4658969923236632,0.139991708749122,0.8102111102470944,0.47026098370612357,0.46937841441274,0.16213464296466962,0.7994930744404681,0.16701459347727185,0.4758983524941753,0.6070907159007526,0.5957242138022638,0.25261287112921477,0.8786379470234814,0.5883207065169244,0.5972387279686453,0.2630158999612999,0.8633732352383147,0.15695992377593257,0.5674824527939809,0.5178111746072129,0.5151767284168337,0.1795900675220238,0.8483120078001363,0.5129348504627027,0.5165884046212472,0.18354264026938988,0.8228199320586225,0.1681505263819128,0.5086638671428552,False,5.91218e-05,,
G316R,missense,False,2.0,2.0,0.0,P/LP,clinvar,0.9992,2,29925740;32893267,2.0,1.0,,,0.5679346463360814,0.5637331133160279,0.24548348853231933,0.8513591433730154,0.5721090945143739,0.5776384180438345,0.25717327327820333,0.8427082395360171,0.15078545553772713,0.5537773480149671,0.5781463959934521,0.5752764281693817,0.24862775615388114,0.8566200205865685,0.5818642954641822,0.591179541981177,0.26683080413784593,0.8531529418061725,0.14969532506014555,0.5610335773997814,0.5822733754610893,0.5735802262332267,0.24828960889667523,0.8627151299668386,0.5834855090486307,0.5887498126751664,0.2540447108342282,0.8707389724481625,0.15566524007906832,0.5634019162860201,0.5863641348225075,0.5786122127938855,0.24150845194492282,0.8698806970367094,0.5885204922561472,0.5993328068326111,0.2626642380080779,0.8609540444205824,0.15634551310689782,0.5677585174462343,0.5752506419257981,0.5657152031039684,0.2397007801546715,0.86578856861121,0.5774238451497423,0.5837514283143104,0.2615664777125176,0.8594197931662099,0.15579888196590105,0.5600102116557275,False,,,
G325E,missense,False,2.0,2.0,0.0,P/LP,clinvar,0.9994,1,30758498,2.0,1.0,,,0.5679346463360814,0.5602340397786101,0.23531704813239643,0.842074392828821,0.5698434584473847,0.5742133145693402,0.2459365643020881,0.8514125605981822,0.15663382294012942,0.5521824838660706,0.5781463959934521,0.5713245305143616,0.2595488197930008,0.8567092455808709,0.5799490949814462,0.5864459152612089,0.26435504570810076,0.8587979200927521,0.1524138936543751,0.559874110020855,0.5822979376784299,0.5718325333000479,0.25145352848071556,0.8604560075729072,0.5812171239547071,0.5891092727384364,0.25002075576380717,0.8716750918303696,0.16044536898949546,0.5617699616234126,0.5863641348225075,0.5772338876583796,0.25152803976556093,0.8653755023772339,0.585909223459398,0.5949251254088871,0.2462064100564572,0.8693237453358418,0.16130201317507528,0.5660892359176433,0.5752776451430286,0.5711229383688256,0.24428663074433957,0.8572739860936042,0.5770517208932946,0.5881836937461921,0.26111872089335003,0.8602021644503499,0.15523233722349022,0.5598065491651366,False,,,
G345E,missense,False,2.0,2.0,0.0,P/LP,clinvar,0.9996,2,10973849;32681117,2.0,1.0,,,0.5679346463360814,0.5620951298531386,0.24364761534010368,0.8471139165566914,0.5732244138202042,0.5792701303344865,0.2547720833589061,0.858248589175094,0.1509855576080274,0.55473555469026,0.5781463959934521,0.5705202178307494,0.26006859382856595,0.8534963671539946,0.5814246717671795,0.5905333822828613,0.26207068020959046,0.8593423442033197,0.154590532267724,0.5609677465398706,0.5823224988913962,0.5775621955093221,0.24845834256215685,0.8713573670960246,0.591072077497464,0.5988763247334137,0.2724608419166392,0.8710436505892616,0.1531066397275527,0.5692172757154186,0.5863641348225075,0.5759670805926129,0.25056796092940903,0.869037853439331,0.5879751558465196,0.5931616032572544,0.25504740447088337,0.8746332952070782,0.16062509030446803,0.5678936817956,0.5753046472162406,0.5668363926316861,0.230785794399937,0.8549904418019989,0.5795258663681386,0.5864009194807862,0.2457670695246985,0.8660418320270813,0.15776585635070256,0.561712160043956,False,1.31385e-05,,
G350R,missense,False,2.0,2.0,0.0,none,none,0.9997,2,16414944;24606995,2.0,1.0,,,0.5679346463360814,0.5624956412770005,0.24376335343096908,0.8469579870176326,0.5673011380014636,0.5720475600625323,0.24941176901921902,0.8509372497466626,0.15480889696272612,0.550078602736819,0.5781463959934521,0.5722457558636759,0.25033204474686993,0.854958917199886,0.5791627235999414,0.5856001373440368,0.25309812685728583,0.8609147731822955,0.15511032525007012,0.5593576033952272,0.582334779121104,0.576276961823664,0.24607999849632423,0.8545800897272104,0.5828450280118715,0.5885407733683818,0.2542401673870301,0.8669960374055713,0.1583873755063224,0.5629340737787362,0.5087357125120241,0.5137240558721559,0.19100236950232707,0.8325860790657361,0.5193310197483608,0.5195324786380873,0.19447168956313984,0.8354943957396899,0.16885616906880305,0.514281967040637,0.4481115107936081,0.45407280512499204,0.15067738655424104,0.8117918810535271,0.4596981916139711,0.455516063507127,0.14842522327971236,0.8077866132294683,0.17531360814960276,0.4671800799438209,False,,,
G460S,missense,False,2.0,2.0,0.0,VUS,clinvar,0.0665,2,23304551;30615648,2.0,1.0,,,0.5679346463360814,0.5597054116867505,0.23733482196503966,0.8426266867831903,0.575700482437423,0.5815620542898225,0.2561261000439183,0.8535416363156703,0.15238112063882825,0.5565488827435959,0.5781463959934521,0.5703007120253747,0.24678600259143335,0.847659809219263,0.5858245837535743,0.59536119794013,0.25640236402673355,0.8683763530518948,0.154790576049104,0.5645629266282336,0.46519784409847725,0.469362052127514,0.14694412608359936,0.8111446225082307,0.4807204435665319,0.4783647308753418,0.14394773861193194,0.828410864935056,0.1787582328292351,0.4836463249787518,0.6070907159007526,0.599063806063426,0.245747184316443,0.8803633733642402,0.6079845109657045,0.6220956376823807,0.2601588888833503,0.8861043451160591,0.16149745494182693,0.5834603043704891,0.5169449674053785,0.5150902700687366,0.17248321197397298,0.8376542328511859,0.5274409095774028,0.5313942124021187,0.17870100372579112,0.8563192378854204,0.17913988702583436,0.520496940896611,False,3.94862e-05,,
H126D,missense,False,2.0,2.0,0.0,none,none,0.9982,1,32893267,2.0,1.0,,,0.5679346463360814,0.5599344706895739,0.23573248755946263,0.8451855995029793,0.5715223832390315,0.5753481719239392,0.25324287454434086,0.8499961502040886,0.15147879169139758,0.5533384529637944,0.5781463959934521,0.5713145391740589,0.24673102737150057,0.8480574921924164,0.5784481103326065,0.584146620830844,0.24766287703469603,0.8648617752340729,0.158675681774302,0.5588318353745042,0.5821505493240293,0.571336355093383,0.2503533605636167,0.8627096186612652,0.5825325212303546,0.5873393536963545,0.25824070817945766,0.8673607300381078,0.15573141807161944,0.5625821842714235,0.5087357125120241,0.5089548526899124,0.18294073256723883,0.8263062379473726,0.5151339904160266,0.51658412662531,0.1956459288082444,0.8334413529952674,0.16802922564155248,0.5109428537145346,0.44790727021147225,0.4527326177033073,0.1463950875155371,0.7994299402837511,0.4595538173479691,0.45491541203736796,0.14393346326395123,0.8037374514224362,0.1725507087559865,0.4672122452845375,False,,,
H126P,missense,False,0.0,2.0,0.0,none,none,0.9808,1,30758498,2.0,0.0,,,0.5679346463360814,0.5661694225195804,0.24690166971104288,0.8573863530307634,0.5074875402901613,0.514188396897103,0.19438859016189924,0.7890982445061444,0.1514804281721775,0.5036564722202116,0.5781463959934521,0.568783820145113,0.2401712715888385,0.8505371824269352,0.5150564693882539,0.5235766879682224,0.21120119250523794,0.7946788501073477,0.15196798312290308,0.5096727078908436,0.5800094133333141,0.5694947319719764,0.24307764780475616,0.8656288718802118,0.5117475234118946,0.5198909774540097,0.20398411247976586,0.7884720329134569,0.15176633557741182,0.5071719891707501,0.5087357125120241,0.5119761689136986,0.18064254125836182,0.8290833529562265,0.44946600320307767,0.4463704719268502,0.1443445276993957,0.7651831368856455,0.1626851411272217,0.4589882406870606,0.44553986460227146,0.4479074155731524,0.13939151500453653,0.7894370200202192,0.398902812376527,0.39090332657922805,0.12064028420187778,0.7216862868361715,0.15712282249467205,0.4187086402404994,False,,,
H240P,missense,False,2.0,2.0,0.0,none,none,0.9868,2,29925740;32893267,2.0,1.0,,,0.5679346463360814,0.5639694157618059,0.24726013367291666,0.8418432341044098,0.5689726890908408,0.5760354216410357,0.2594331293019116,0.8515075368297178,0.15310888511650375,0.5514858078826566,0.5781463959934521,0.5715265930645848,0.24143465059558292,0.8591137097046224,0.5772900653302857,0.5845610690761756,0.25541858641761445,0.8559815463444193,0.15478728500420186,0.5576762716148795,0.5807485746191642,0.5744403837918626,0.24488798710424659,0.868503385859125,0.5832691060227684,0.5916601511694114,0.25536245165998406,0.865359829598543,0.15584590360074446,0.5632307077584898,0.5087357125120241,0.5065124904189857,0.17757708716753978,0.8310028091646545,0.516762229410443,0.5157271059504656,0.19319181396787222,0.8355382611371772,0.17259953732912814,0.5122083479612181,0.44635582571262644,0.45117317020975745,0.1513839577992767,0.7999396790195729,0.4618105036882819,0.45562464602444774,0.1539629015482542,0.8059245362882985,0.17024624369029484,0.46914944491309324,False,,,
H258R,missense,False,2.0,2.0,0.0,P/LP,clinvar,0.998,2,16414944;32893267,2.0,1.0,,,0.5679346463360814,0.5607620511353475,0.2465637033796745,0.8366799935350565,0.5697184904729276,0.5757354211534171,0.2500437379146697,0.8478364448794548,0.15215469767739048,0.5519834488976327,0.5781463959934521,0.5712096407762516,0.25970067272353564,0.8471310013244701,0.5772159016113158,0.5851117740992551,0.24907043754656433,0.8618379005895533,0.1571932969006612,0.5579125177601467,0.5821259810895864,0.5722864837832261,0.24022206008277955,0.8651684541837881,0.5836864691166239,0.591301627083738,0.25245212264783184,0.8752858846656492,0.15936549454785778,0.5636841441591334,0.5863641348225075,0.5771282307653095,0.2518239223108595,0.8646964341867003,0.5864144965445502,0.5951932218776439,0.25348419732849875,0.8738150530074597,0.1593226116310002,0.5664351337311455,0.5750885986393349,0.568577290673037,0.24803475730792524,0.8576702498243374,0.5767629768583306,0.5859386245025169,0.24352066472385572,0.8498907189111305,0.155249625572233,0.5592187853972355,False,,,
I198V,missense,False,2.0,2.0,0.0,VUS,clinvar,0.3984,2,22677073;24606995,2.0,1.0,,,0.5679346463360814,0.560572123673841,0.24085490991122907,0.8452043198161547,0.5747388462530246,0.5824368852507656,0.25818401893378284,0.858519527968415,0.15401318620971996,0.5559328530400361,0.5781463959934521,0.5716395450072532,0.24443553152654868,0.8587011751432662,0.5810501013315178,0.587784543024827,0.26439829919703045,0.8557878923926128,0.15020688913405505,0.5605045692478219,0.5061755885847601,0.5032350931425229,0.19014811596022588,0.819322157073744,0.5160282676087988,0.5201528319821294,0.1980570435880794,0.8278195392408565,0.16329683677295737,0.5109125613359847,0.6070907159007526,0.6005449032750179,0.2506330157688939,0.8748250154574465,0.6071564218817881,0.6176698752086929,0.2697305961770362,0.8849477551672577,0.16166091501969548,0.5830015619565564,0.5624109078816387,0.5577317366322512,0.2200973074197953,0.8562866434385421,0.5678011680186151,0.5752125698325758,0.2249100544919766,0.8650523420897321,0.16476408402748824,0.5522878189658249,False,2.00787e-05,,
I201del,inframe_indel,False,2.0,2.0,0.0,none,none,,1,32893267,2.0,1.0,,,0.5679346463360814,0.5653678782882423,0.24208728922008646,0.8438764670463174,0.5698756880880927,0.574052806570168,0.239269124531529,0.8567326144509011,0.15548958402823848,0.5521716119076677,0.5781463959934521,0.5718844648118139,0.24692362389119157,0.8555538777510344,0.5795567784999135,0.587367151000137,0.25733545014988846,0.86183947610521,0.1510307793430351,0.5594920243617562,0.6732049630213349,0.659262577719695,0.2970772238852272,0.9145530929109913,0.6675985789574037,0.6881992342020253,0.31011065122326664,0.919535134912717,0.16001588545150824,0.6307526229506241,0.5087357125120241,0.5056869740573983,0.17407232337944198,0.8244562985578784,0.5139106887419758,0.511579896256143,0.18594293746961593,0.8374966937600894,0.1687153835753856,0.5100725601550974,0.6316556472635034,0.6224440180400809,0.25245434358703994,0.8981035425401539,0.6290320405394518,0.6418715032057678,0.28940625167777867,0.9021693344510797,0.1638145759683454,0.6023362024234027,False,,,
I588F,missense,False,2.0,2.0,0.0,P/LP,clinvar,0.8193,2,27485560;33614747,2.0,1.0,,,0.5679346463360814,0.5616838003764274,0.2434835143008488,0.8435914831281309,0.5686445890607291,0.574613770291239,0.25169782393928264,0.837705439276782,0.14917478133579354,0.550828907687881,0.5781463959934521,0.5707648923500559,0.2599063465641678,0.8479215037407437,0.5786447010758484,0.5868333196401281,0.2484740412275411,0.8613566091919276,0.15527972443130536,0.55884153543797,0.5598285196220173,0.5577995680810466,0.22786150687313156,0.8571840285774702,0.564106553132765,0.5648597612269957,0.2418597453990415,0.8612611247144643,0.15865832961587115,0.5482145048975215,0.5863641348225075,0.5746675312191866,0.2450034112517231,0.8657706776608279,0.5847678569295148,0.5913966367143614,0.25784652512778805,0.8727948003868402,0.15900020958750233,0.5649898082542173,0.5505916176474784,0.5502679441921113,0.21776431907857127,0.8530210996785654,0.5540489021127194,0.565697370137364,0.2159893330206195,0.847840047834481,0.15932961708303758,0.5413763428767656,False,,,
K326E,missense,False,2.0,2.0,0.0,VUS,clinvar,0.9822,2,30758498;36480497,2.0,1.0,,,0.5679346463360814,0.5605750573627257,0.24802224431202827,0.8458781354481635,0.5701401623593765,0.5742445042752866,0.2616051647003535,0.8503554893139346,0.1500445711017281,0.5523853457583556,0.5781463959934521,0.568553902333254,0.23079893403236543,0.8543504644834437,0.5808463209278215,0.5884151258323609,0.26576075958666084,0.8597039738831722,0.15276775952546232,0.560426757833699,0.5801819623024614,0.5703515957662596,0.2526942796092033,0.860240437177567,0.5811463288774102,0.590802795813882,0.246334017609253,0.8617918253336085,0.15713009450359453,0.5613871778323336,0.6070907159007526,0.5989062321299526,0.2593648492037191,0.8752303903980577,0.6044459178528209,0.6139236951169024,0.26262748414198733,0.8839685791544389,0.16395776277731802,0.5808184716027582,0.6374834360013542,0.6230615216646618,0.25909311089472103,0.8982306840441057,0.6340029587534626,0.6504711966412516,0.27807443351612054,0.9089834006638264,0.16399448602094943,0.6063012865665983,False,,,
K358_Q359del,inframe_indel,False,1.0,2.0,0.0,none,none,,1,30758498,2.0,0.5,,,0.5679346463360814,0.5588567405888287,0.24070009341656262,0.8441800805091683,0.5574029621443589,0.5656982076390756,0.2517953872556052,0.8254080774876882,0.14770780119967422,0.5423090471332477,0.5781463959934521,0.5687658980447334,0.23940783156260315,0.8511405792160334,0.5667285563454808,0.574793041379671,0.27363069099126863,0.8277142156917697,0.14362207106216496,0.5492848103192833,0.6732049630213349,0.6604302955163943,0.29345297913692053,0.9181568146448852,0.6479749442152591,0.6630763072128243,0.3115930579918645,0.9016269810587666,0.15268852242754913,0.6140114749547118,0.5087357125120241,0.5090932669204843,0.19130222009116907,0.8346175183742796,0.5088091725762344,0.5064427859184688,0.20757586632962965,0.8201705103304104,0.16106101289405964,0.5061878068967897,0.6316556472635034,0.6208520221483247,0.2574550135193748,0.9016237672606405,0.6120822904767583,0.624041991818245,0.2730086878681535,0.8755833130048618,0.15695000798579495,0.5876693921825159,False,,,
K362del,inframe_indel,False,2.0,2.0,0.0,none,none,,2,27525086;32893267,2.0,1.0,,,0.5679346463360814,0.563446098807018,0.24856019917953714,0.8486364448504116,0.5685811575114895,0.5763258169790977,0.24517384222084704,0.8603206151878942,0.15449190587082703,0.551206381630802,0.5781463959934521,0.5718846871936472,0.25152221639310557,0.8469633646260014,0.5789249714051956,0.5869811715855618,0.26289852347837256,0.855322042672014,0.1524068711727249,0.5590881480478492,0.6732049630213349,0.6596524448448764,0.2962546011906471,0.9112043074494176,0.6653145217533332,0.6858891133126082,0.30914056139900936,0.9184167264613641,0.1585095743548426,0.6288206021217418,0.5087357125120241,0.5063172941490318,0.18679511259911802,0.832510069539068,0.5170366291148416,0.5186238610581737,0.19576146617604576,0.8353859543471535,0.16704142119782672,0.5123396958859023,0.6316556472635034,0.6260500677237765,0.26438236205831345,0.9021371061497993,0.6311786754054962,0.6439839613161775,0.27992444289028784,0.9013701471731151,0.16346319909995113,0.6038565952272463,False,,,
K534E,missense,False,2.0,2.0,0.0,none,none,0.9985,1,36480497,2.0,1.0,,,0.5679346463360814,0.558706345698196,0.24203040999111697,0.8426503124869176,0.5700625587174117,0.57774235310501,0.2529062254983377,0.8486736685851871,0.15082734522743851,0.5519530172215945,0.5781463959934521,0.569907468506937,0.24568743479367178,0.851178824706873,0.5775300320061556,0.5846273283230378,0.24586789939412423,0.867697795094808,0.15830926098290515,0.5581185063888218,0.5821873997972502,0.574673840881283,0.25048520762463594,0.8560960954451249,0.583343232024498,0.5918105150906536,0.24329831340679556,0.8731700031996377,0.16041560872895097,0.563347942889423,0.5087357125120241,0.5064118484058403,0.17899675527177197,0.8327703364066137,0.5167670256986462,0.5139812554112684,0.18650215862881697,0.844917685072154,0.1716260010428876,0.5123137700411778,0.44794811647747956,0.4550192106157787,0.14210382085105355,0.794080335639796,0.4606128238677384,0.4515151373623292,0.14520032435196947,0.8022198424884394,0.17303672030630884,0.46809819950777115,False,,,
K557E,missense,False,0.0,2.0,0.0,P/LP,clinvar,0.9992,1,36277779,2.0,0.0,,,0.5679346463360814,0.5624080745013506,0.25706782181959226,0.8427314319843227,0.5032485198964938,0.5148805358390224,0.18984101398445064,0.7864045476459323,0.1550920199368346,0.5004580322557709,0.5781463959934521,0.5725401344590356,0.24370625719264383,0.8526135079213455,0.514346194995344,0.5234976497651007,0.19658886234232836,0.8047377482988907,0.1557501512783318,0.5090525738974215,0.5822733754610893,0.5779745333320815,0.25663386379730246,0.8600540851080389,0.5156767257724142,0.5209301829000974,0.2028261129451681,0.801488872676549,0.15444978402172194,0.5103574072465629,0.5863641348225075,0.5823635624308857,0.24384942139829102,0.8655128564021072,0.5122534446026152,0.517928308690853,0.19761574505153195,0.7969840165420414,0.1565549659040624,0.5076014263025054,0.5752506419257981,0.5675030562797431,0.2378317063560493,0.8566274250122775,0.508990694148712,0.5183856739624422,0.18707629991725652,0.791390266964324,0.15450690914994814,0.5051907871095136,False,,,
K581X,nonsense,True,1.0,2.0,0.0,none,none,,1,32508908,2.0,0.5,,,0.5679346463360814,0.5604632712733777,0.2512456071046037,0.8421891339322131,0.5541596343468288,0.5588608904942214,0.2428061883417635,0.8283549087684755,0.14906357419432537,0.5399210197278724,0.5237340426211323,0.5222018157867587,0.20735468179597985,0.8237929006887709,0.5200255729716038,0.5233216494486095,0.20366487198725425,0.8215519175521468,0.16137976452560374,0.5141628317763808,0.5223540047669304,0.5201392262882694,0.20380296626398858,0.8290581633068828,0.5169534354334197,0.5213844741662954,0.19824833516969328,0.8186468534670479,0.1596776014427918,0.5116445578717267,0.4732838882927845,0.4789997937166216,0.16231420626252935,0.8110449731351043,0.4756432508388764,0.4739301634023372,0.17458911187318557,0.78813671569404,0.162458723084114,0.4799244588017174,0.4304742885235544,0.4388937049814769,0.14398699268491255,0.7796626794189162,0.445477783533678,0.4376535043621395,0.15135444423275307,0.7671738084688988,0.16111351633347476,0.4561279015258733,False,,,
L137F,missense,False,2.0,2.0,0.0,Conflicting,clinvar,0.9614,2,16414944;32893267,2.0,1.0,,,0.5679346463360814,0.5628726375220493,0.24703846819051145,0.8510570041435455,0.5738551814414412,0.5797391187338388,0.25373416364807777,0.8576366834345669,0.15545104878410673,0.5551271235906948,0.5781463959934521,0.5680269767030499,0.24650509095143205,0.8457382759101782,0.5793939685037824,0.5856895852387225,0.25768255452390976,0.8503989944621607,0.15236589855300992,0.5594093321955154,0.5776135853339304,0.5690006048149532,0.25413573414679275,0.8679029128100497,0.5833959191572631,0.5898008098585348,0.2635045753663576,0.8647091613102961,0.15441712265622964,0.5630784344385781,0.6070907159007526,0.6044798651536957,0.24823921816313266,0.8883711392133048,0.6079193264815136,0.6208800339260506,0.2687598137813473,0.8839015256272384,0.16108061597632564,0.583356355242277,0.6350586404327836,0.631879618273435,0.2771573822062951,0.903173401575699,0.6351907324061615,0.6499765565429476,0.28445401234935824,0.9037344921907566,0.16038543066746852,0.6073278147307155,False,3.97731e-06,,
L163fs,frameshift,True,2.0,2.0,0.0,none,none,,2,22677073;32893267,2.0,1.0,,,0.5679346463360814,0.564888448863621,0.232454121516112,0.8494038491523491,0.5710955289563278,0.5750246275325687,0.2532694142622479,0.8541049376105901,0.1554960756536951,0.553206791686718,0.5237340426211323,0.5219446741911452,0.19702248955854088,0.8263875133444788,0.5306284255750552,0.5361305173417573,0.20792431788796348,0.8313122740880449,0.16323751717746288,0.522284400734654,0.5223540047669304,0.5192698454985125,0.18502044243540636,0.8272665043045062,0.5260535260154996,0.5277169914992867,0.20157150009167693,0.8368269087241527,0.16519182433253798,0.5189827235887364,0.4732838882927845,0.4788921745614522,0.1600994791948743,0.8088023854301244,0.4839768458767541,0.4821373493904984,0.14106673909598183,0.823250076455551,0.17499528022013885,0.48625615484444834,0.4304742885235544,0.435417897626717,0.13779791706204195,0.7731468674069644,0.44330862049505215,0.43302943453638987,0.1475890573472332,0.7863068750048138,0.1671741999215179,0.4545817112887207,False,,,
L250P,missense,False,2.0,2.0,0.0,VUS,clinvar,0.9997,1,37568094,2.0,1.0,,,0.5679346463360814,0.562355284614441,0.23473598441636784,0.8448543217857283,0.5712978025455173,0.579348951579542,0.2577229123710829,0.850455902748233,0.15448354917458088,0.5533461862152651,0.5781463959934521,0.5766774090775024,0.2651463977673024,0.8484875430684053,0.5791961569163673,0.5871925161507341,0.24332399801861374,0.8720395478021625,0.1608079959497099,0.5595646125746631,0.582334779121104,0.5763862961809388,0.24784000781576038,0.8662520620184615,0.5834691463375944,0.5892373021706364,0.25968084680813164,0.86502586996484,0.15432839585730276,0.5633177822805447,0.6070907159007526,0.597451049071394,0.24937464937452863,0.8893170170333964,0.608298995175071,0.6195777202502726,0.27226287705962626,0.8824075457694596,0.16031735417948154,0.5837030332286792,0.6395055125665682,0.6282972399186753,0.2728339863712869,0.9033264765178566,0.6360106485648527,0.6508007431788683,0.27133926755740506,0.9089930922114153,0.16553661742538164,0.6080181557930318,False,,,
L262P,missense,False,2.0,2.0,0.0,P/LP,clinvar,0.9999,2,32893267;36480497,2.0,1.0,,,0.5679346463360814,0.5633764697076777,0.24413712071423557,0.8395299889040533,0.5687503665072772,0.5788615049308186,0.2538250405661103,0.8466886618311465,0.15095668886740618,0.5510669580966787,0.5781463959934521,0.5700048888453487,0.2456249065566772,0.8533399082543502,0.5801886843885128,0.5849241158689278,0.2646406773100189,0.8639662954577386,0.155485911103202,0.5602402019745171,0.5823593388266989,0.5755793048893815,0.24783870484632667,0.8666186419097716,0.5823538407891998,0.5865428695928986,0.25070766382194215,0.8748524679528302,0.16250778956022965,0.5629564419738,0.5863641348225075,0.5776530536386041,0.24153203538151183,0.860468114097721,0.584451401733014,0.5930502810739664,0.2533498958847504,0.873355667601084,0.1615991190840868,0.5650382171953423,0.5753451481794187,0.5699875821841562,0.24214607642611144,0.8577386360008401,0.5720282209462954,0.5799750939386424,0.23772007067443324,0.8681165901012258,0.1633058366468015,0.5561187510623581,False,,,
L273R,missense,False,2.0,2.0,0.0,P/LP,clinvar,0.9975,2,19841300;22949429,2.0,1.0,,,0.5679346463360814,0.5592398114947487,0.24709230313920166,0.8400549160241779,0.570582751427274,0.5748678544841523,0.2576952657675976,0.851173412088951,0.15254005290438505,0.552563232789433,0.5781463959934521,0.569713996292801,0.2502054212371764,0.856417292219894,0.5783374008782184,0.5888956798535563,0.2583003720984352,0.852766748917419,0.1528482693244012,0.558347992769147,0.5820645561236227,0.5762739548055326,0.24424152230706217,0.8645233110395907,0.5825296888483453,0.5884574173521003,0.2477707521348682,0.865901070273922,0.1581419643506982,0.5624969267699528,0.5863641348225075,0.5770636119220787,0.2338531611391413,0.8675695678419426,0.5901946142039426,0.5973453921585873,0.2591318148719634,0.8653151792259135,0.15744008259985184,0.5692529188694733,0.5750210684938268,0.5647683221755156,0.23528926757520519,0.8522250780914921,0.5821306282118887,0.5916080688108534,0.2552147369684041,0.8664239192061242,0.15825291721771914,0.5638255588922807,False,,,
L273V,missense,False,2.0,2.0,0.0,VUS,clinvar,0.9134,2,32893267;36674868,2.0,1.0,,,0.5679346463360814,0.5593074980427115,0.23128484709416794,0.8496593420504814,0.5705072033406535,0.5776416919453377,0.24554912391051556,0.8546089033491621,0.15714853384749225,0.5528703907726668,0.5781463959934521,0.5715235872563087,0.2550366692559626,0.8427107328195108,0.5808414028099306,0.5883424542571791,0.257756122454555,0.8592366950465078,0.15510240595331093,0.5606840751357406,0.5716494526393959,0.5657892486278117,0.24247726470720601,0.8530410703734858,0.5777188915543946,0.5865959709321324,0.23817998068977903,0.8605305465040421,0.1576165633429262,0.558802913539217,0.6070907159007526,0.5984297425928254,0.2471180231707415,0.8795620001828586,0.6074524994619501,0.6183932281922448,0.2681149656879714,0.8850728557932438,0.16392939567040293,0.5831584676487569,0.6293759367757974,0.6174748936581027,0.26380244284545923,0.8907833992155755,0.6288003257933465,0.6423974925962634,0.2859843771458916,0.9017622212357604,0.15975134062718638,0.6019545349285387,False,1.31361e-05,,
L303P,missense,False,2.0,2.0,0.0,P/LP,clinvar,0.9996,2,32893267;33614747,2.0,1.0,,,0.5679346463360814,0.5652526660039149,0.24138965640558077,0.8437626507370211,0.570657523085799,0.5781489209980286,0.25115743549215386,0.8525783004995773,0.15440107478719814,0.5527516938476194,0.5781463959934521,0.5750146634683513,0.2579036724636789,0.855491832136319,0.5795156785990796,0.5844110325913219,0.2575376009646596,0.8534450651529474,0.1515445392641885,0.5594410846282176,0.5823224988913962,0.5768177511450783,0.24317624919784575,0.8632330800924535,0.5825213603517841,0.5911287044078812,0.2516038396878557,0.8684311293159055,0.1579102078706329,0.562505621188971,0.5863641348225075,0.5777427209991789,0.2450428584190311,0.8665410329180321,0.5893269175751294,0.5980867887114221,0.2553716919692048,0.8673102930266245,0.15831253744301782,0.568635629992969,0.5753046472162406,0.5674188108089115,0.24802892846158214,0.85689952359169,0.5775168503406476,0.5847137025369508,0.2550652584851415,0.8618381251285532,0.15541468705259645,0.5601736849910237,False,,,
L342P,missense,False,2.0,2.0,0.0,none,none,0.9996,2,28003625;32893267,2.0,1.0,,,0.5679346463360814,0.564730825453992,0.2546686931292997,0.8457493898644887,0.5699695443710144,0.5772555786499384,0.24997279759777444,0.8469026514390007,0.15230686695867238,0.5523053171213512,0.5781463959934521,0.5723449224407626,0.25824592359547355,0.8499114868356753,0.5790881277079929,0.585372616588071,0.2514033202865033,0.8540263465888379,0.15435540988090407,0.5590711283854725,0.5823224988913962,0.5698912551848073,0.24530912882148856,0.8568519074230471,0.5831160022876195,0.5897112507127757,0.2591893200124414,0.8704213119666363,0.1599252151759627,0.5633636039129374,0.5087357125120241,0.5075448966734416,0.1843917438980149,0.834614599849816,0.5169201748763037,0.5164051483848189,0.19167336301941879,0.8346031048762529,0.16541775291440644,0.512292536206595,0.44809789403770145,0.45267453323250395,0.13806450870996695,0.7937221357721528,0.46036318550090044,0.45209173795943913,0.14096322364529373,0.8044242220865133,0.1743458166268257,0.4677229078271291,False,,,
L374H,missense,False,2.0,2.0,0.0,P/LP,clinvar,0.999,2,31899541;38763038,2.0,1.0,,,0.5679346463360814,0.5634582618605932,0.24085230457314122,0.843158622796648,0.5711094877245181,0.574861830417479,0.258743134460067,0.8492755206875656,0.15235832080925152,0.5530663678966505,0.5781463959934521,0.5697154741502718,0.251789965494557,0.8453026128548088,0.5806372653283006,0.5881355004015135,0.2679629747222097,0.8573940079284739,0.152908072908875,0.5603695913211991,0.5822488122398152,0.5761373110943941,0.24082126696845796,0.8673879213321348,0.5842228066202997,0.5911010657501483,0.24733849478355974,0.8759732819417666,0.1602377593338543,0.5640147844500392,0.5863641348225075,0.5754881306601124,0.24542278512482948,0.8650444695843371,0.5865757892138952,0.5976449787763114,0.24340463974551838,0.8743004169618901,0.16259606573746802,0.5666086095815881,0.5752236375652883,0.5669909562964032,0.24159541584695676,0.8571192279464466,0.577378800977052,0.5830565007388135,0.2526699392213215,0.8622469302176645,0.15663565263333296,0.5599760342520591,False,3.98283e-06,,
L602P,missense,False,1.0,2.0,0.0,none,none,0.9927,2,29925740;30758498,2.0,0.5,,,0.5679346463360814,0.5621962429537996,0.23605008821698797,0.8532184142179792,0.5580763726308117,0.5652017079426139,0.26059009378504217,0.8286173349485216,0.145617335041693,0.5426248744965081,0.5781463959934521,0.5704215951466582,0.24358677681232913,0.8538771814096457,0.5655765596592492,0.5718199713969088,0.26459442685158124,0.8359739113972656,0.1475284926459805,0.5485862164284754,0.5814745593680246,0.5745497501258809,0.25464503696427404,0.8588850333602608,0.5669813720249877,0.5741271897911295,0.26219258006458795,0.8431091825125533,0.14951873017834066,0.5500867231248618,0.5087357125120241,0.5026493576730992,0.17609056294129158,0.8261884024778825,0.5090014473179489,0.5095748102203994,0.20180864330921677,0.821065044995058,0.16186086825722268,0.5061105505484637,0.4471585896079994,0.451406363741941,0.14918190148584412,0.7848383313476084,0.45930106713022745,0.45362490920219567,0.16408465891647364,0.7904079503276378,0.16364455840889308,0.4675700142291425,False,,,
L619M,missense,False,2.0,2.0,0.0,VUS,clinvar,0.156,2,19841300;22949429,2.0,1.0,,,0.5679346463360814,0.5642015313878879,0.25191118219666525,0.8413280963040776,0.567097930371853,0.5724887106470664,0.2415100604726686,0.861507910094411,0.1559266253037779,0.5502925523476673,0.5781463959934521,0.570668637222796,0.2538846419516905,0.8521709414021931,0.5806936749520665,0.58840978212368,0.2590091919774636,0.8580841363393434,0.15409218180945292,0.5603710128704326,0.47599765763907914,0.47683589913221086,0.15185899593096983,0.8166252583285241,0.48494032148004174,0.4882434541491023,0.16714067659905824,0.8137967066257605,0.1717928765157606,0.4870058225980222,0.6070907159007526,0.59755809738934,0.24839718384096254,0.8840782933453846,0.6084699182041879,0.6208055885930621,0.25161699143904065,0.8871736198657764,0.16300415614663993,0.5840494944701379,0.5291234423561609,0.5271713790063913,0.185689364547698,0.8484885596355191,0.5319737509976423,0.5351346840413345,0.19515438266403537,0.8605703979671917,0.1767699241328226,0.5243246263637596,False,0.0,,
M159X,nonsense,True,2.0,2.0,0.0,none,none,,1,19841300,2.0,1.0,,,0.5679346463360814,0.564538576210688,0.2531150340777459,0.8436239000571365,0.5668634238340028,0.574716377106937,0.23927042239755714,0.8603214613380419,0.1567720310010638,0.5500626260740704,0.5237340426211323,0.522213296573738,0.1964012989115728,0.8382807953594434,0.5304115463823518,0.5336404408326659,0.2082274733600144,0.8365323294572684,0.16193626354138704,0.5220092856116237,0.5223540047669304,0.521704680819519,0.19762587420822894,0.8356853329324622,0.5282518740456407,0.5286292985239588,0.19691829690630003,0.8390195893543425,0.16618444818317446,0.5205468102291332,0.4732838882927845,0.47612158636437346,0.1522539845239477,0.8140796997416709,0.4839057973521841,0.4829744519958095,0.15678559908360057,0.8190976524614022,0.17431252828388574,0.48622131918907263,0.4304742885235544,0.432520094752326,0.1383788362460346,0.7770301757848517,0.44467099376097474,0.4363763477970418,0.14094000820942934,0.7877285084368576,0.16866420908685037,0.45528605407021594,False,,,
M159del,inframe_indel,False,2.0,2.0,0.0,none,none,,1,32893267,2.0,1.0,,,0.5679346463360814,0.5591940076873054,0.22432291534664145,0.8391487704547439,0.5706769447760169,0.5749931348672679,0.2680261395425448,0.8502451580756377,0.14736756685004976,0.5526182483417829,0.5781463959934521,0.5744974171676499,0.26101696383851336,0.8512190768461104,0.578186055198947,0.5847162498665222,0.24602689918844442,0.8596928404883399,0.15832954968786506,0.5585128962909981,0.6732049630213349,0.6641738808185415,0.3090780989633025,0.9221882674673723,0.6683782187175245,0.6872212390355239,0.30708609065211856,0.9222537764802482,0.15783090658155083,0.6313354929650514,0.5087357125120241,0.5080308711272886,0.17374501492576339,0.8377607712494827,0.516189599428036,0.5158791577846269,0.1753130768676718,0.8442235104136476,0.17459859889606738,0.5116255432419003,0.6316556472635034,0.6187475236502857,0.26054420204338935,0.900481309576403,0.6280814842555085,0.6444114596069916,0.2578180601583478,0.8999742199474222,0.16604636120586397,0.601420412624378,False,,,
M554fs,frameshift,True,0.0,2.0,0.0,none,none,,1,36277779,2.0,0.0,,,0.5679346463360814,0.5630245327163629,0.24580307117806335,0.8459038579128485,0.5063433206694165,0.5156693888184769,0.207367207062199,0.7994179584158064,0.1550621048015575,0.5030419948903584,0.5237340426211323,0.5194591119769597,0.18748042750369684,0.8276058958147192,0.46657147622221185,0.4655068568854409,0.15101711690495703,0.7771215228551238,0.16278073851397937,0.47270292647133605,0.5223540047669304,0.5180170689547164,0.19251313638330386,0.8320031141401565,0.4624313415778343,0.4583700106339482,0.15620933448647167,0.7774085676072331,0.1636901951672642,0.46946891334482516,0.4732838882927845,0.47656008738574035,0.16045888338355854,0.8146295570815113,0.4195227924327074,0.41451864280732703,0.12997696494286595,0.7498854849074629,0.16355750040675374,0.4355892703940625,0.4304742885235544,0.43319860164624474,0.1335778251297883,0.7750458754864175,0.3857087663488877,0.37941901746511875,0.11612861546281444,0.713195200681316,0.15497958039133894,0.40811198504990626,False,,,
P320R,missense,False,2.0,2.0,0.0,P/LP,clinvar,0.9993,2,28292826;30758498,2.0,1.0,,,0.5679346463360814,0.5609647736801014,0.24456348633570693,0.847150589409164,0.5663029902907951,0.5729661391352077,0.2435581298354219,0.8532110586562642,0.15418806991909367,0.5491930810527255,0.5781463959934521,0.5755715942547466,0.25706618831067585,0.8527070964065674,0.5784235144861228,0.5875124215684413,0.25746628492553736,0.8558795170920455,0.15372124399683,0.5585563578802201,0.5822856566952784,0.5779562680478603,0.25348283233407914,0.8737617188121827,0.5841093725720894,0.591467931896776,0.2566731737627283,0.8687425441325916,0.15611185564293578,0.5637548923350453,0.5863641348225075,0.575158713763484,0.23771396887478577,0.8638328858981521,0.5893287344669388,0.5970268113246133,0.25090847154793094,0.8779803304486274,0.1620260435880252,0.5689204801522064,0.5752641436773708,0.5723025080918425,0.2473189046777555,0.8505306793494677,0.5731336581725237,0.5791783906704544,0.25719165102964253,0.8606114344558545,0.15841346558494535,0.5567899645419571,False,,,
P448L,missense,False,2.0,2.0,0.0,VUS,clinvar,0.0681,1,23392653,2.0,1.0,,,0.5679346463360814,0.5593159327540722,0.24572961393672366,0.8393389370415244,0.5744121206692739,0.5810452334313061,0.24497774277815054,0.8543701649372192,0.15417456812391453,0.5556064350047045,0.5781463959934521,0.5671698578416418,0.2528602055337932,0.8524587803733557,0.5845483523290926,0.5938925027907758,0.2555980828580937,0.8709283109968481,0.1565290135886718,0.5635528613011165,0.4653889459246457,0.4662613577756143,0.13977293663975535,0.820266962767253,0.4796945860381045,0.47489710974488447,0.1490794280802229,0.8306428558847493,0.177741977445775,0.48295814327459796,0.6070907159007526,0.5945165437611722,0.25122241786364113,0.8811473254349967,0.6100724786951637,0.6279260177110926,0.2630373372737717,0.8838492691780007,0.16297651482701683,0.5848872869249239,0.5171614423967684,0.5184966490252806,0.1668172928424774,0.8452220056841767,0.5272565210579602,0.5327654480163642,0.17486133831347772,0.864141700754342,0.18133910986920254,0.5203001281248367,False,5.9177e-05,,
Q147R,missense,False,2.0,2.0,0.0,VUS,clinvar,0.1412,2,17980676;17997361,2.0,1.0,,,0.5679346463360814,0.5641536757173705,0.24389041233160086,0.8496122451917455,0.572028750457925,0.5796201304241073,0.2561071551753656,0.8536873891828068,0.15224240085316532,0.5537799470103422,0.5781463959934521,0.5710125509877043,0.23851827096115766,0.8563380989469742,0.5798426786553996,0.5882054367504217,0.2526322666495707,0.8612226526527834,0.15566344555264341,0.5598815062395016,0.4741968380223806,0.4775413194238627,0.15121429353100646,0.8152254106240892,0.48597043332218026,0.4817764341950656,0.16378213711352016,0.8236970875744488,0.17420791034475272,0.48786767094459277,0.6070907159007526,0.5991546587771238,0.24852636002064024,0.8901036506587962,0.6047961728352689,0.6174041953483571,0.2450926096459857,0.8922898515107622,0.1659542334922229,0.5810660026874493,0.5271009869566285,0.5212781394889454,0.1733365408832545,0.8452187225849876,0.5334689136810662,0.535276534188956,0.19052018180309535,0.8577052116700065,0.17576774377721097,0.5253936447182168,False,3.97744e-06,,
Q234K,missense,False,2.0,2.0,0.0,none,none,0.9947,1,39100276,2.0,1.0,,,0.5679346463360814,0.5631184291037872,0.24436116898693339,0.8504463719804557,0.5706804873684221,0.5739102523922426,0.2557937279792167,0.8551629038328484,0.15349294791795018,0.5527940415426611,0.5781463959934521,0.5640763997174749,0.24591369614514447,0.8483373325574682,0.5782276366847823,0.5865556611593481,0.2451573783904517,0.8571863837858199,0.1559691215166685,0.5584634289048219,0.5817204609795025,0.5786696205717274,0.24172934384500896,0.8627692501501572,0.5825154519060529,0.5897310387705983,0.2525730829721439,0.8732747083122595,0.1561097245576083,0.5623949380122144,0.5087357125120241,0.5093939216251079,0.1798080689022498,0.8254128595865101,0.5142400145783963,0.5142611973304722,0.18918623801419804,0.8393093461044285,0.16898210824022486,0.5104229827641524,0.447430799887925,0.4527835416470206,0.14928388016604183,0.7887335881128384,0.45894352320107107,0.45363276995888535,0.14883771478280022,0.7976703908235179,0.16909867500646236,0.46671205347375083,False,,,
Q359X,nonsense,True,2.0,2.0,0.0,P/LP,clinvar,,2,19841300;22956155,2.0,1.0,,,0.5679346463360814,0.5608662528477074,0.24520239626714535,0.8471362444432979,0.5693660373254532,0.5754042011792101,0.25214550351738835,0.849833102301427,0.1513857635036332,0.5517189949828903,0.5237340426211323,0.5227777846883828,0.20206794218079835,0.8337870317776009,0.5288580357189857,0.5317974695558392,0.20877540937791017,0.8327360946654755,0.16183113845831473,0.5209000063815411,0.5223540047669304,0.5175534391708172,0.19287619105100232,0.8277515986433869,0.5280169952895206,0.5299774251414953,0.19734344036786497,0.849571211829466,0.17027012704953243,0.5205347440119671,0.5502375238083598,0.5483295517120755,0.20432566050505016,0.8548918461536821,0.5549869599787185,0.5648109639852501,0.20396561738073776,0.8633615188452628,0.1704302699630251,0.5417711055582254,0.5567719733512766,0.5500396934479502,0.20180710556411263,0.8568634534679853,0.5592441731743831,0.5703183353670473,0.21598151163943105,0.8630657033414074,0.16755795777539767,0.5457414338563612,False,,,
R147H,missense,False,1.0,2.0,0.0,P/LP,clinvar,0.9861,1,30758498,2.0,0.5,,,0.5679346463360814,0.5568113583959213,0.22887105381861217,0.8508876564523445,0.5553688577143178,0.558831990961952,0.2515026918659095,0.8268543843348938,0.14674246398195648,0.5407930453112757,0.5781463959934521,0.5684668411874915,0.24707731228838015,0.8448478477283066,0.5649242412855088,0.5752383335218185,0.2579346565655011,0.8360012706722918,0.14945643323640243,0.5480972959629408,0.5806623842054585,0.5733590504584888,0.24672684420463595,0.8679637124558595,0.5696130810484203,0.5760040259524265,0.2592657353587664,0.8419668288910889,0.14861455571174312,0.5520719401777541,0.5863641348225075,0.5791473242994135,0.2487870037459964,0.868027878225264,0.5714222301523779,0.5799914001548208,0.25467888636624403,0.8414676211269786,0.15288380364052157,0.5540565200922789,0.5734794759155232,0.5695984341754358,0.24051752547426736,0.8589874318730415,0.5601619866906489,0.5671850487653911,0.24446926216262532,0.839573428481296,0.15323530390295026,0.5461100323485367,False,6.57065e-06,,
R181C,missense,False,1.0,2.0,0.0,VUS,clinvar,0.7689,2,19841300;22949429,2.0,0.5,,,0.5679346463360814,0.5585902213506765,0.2380127177188901,0.8421187996645026,0.5560969352338673,0.5605713077715988,0.2631112935207929,0.8231863092941338,0.14415819223884385,0.5412451231306015,0.5781463959934521,0.5724418030801989,0.24286850264617632,0.8499619469443309,0.5654219066847063,0.5720065450374595,0.2621031198576994,0.8321903277474925,0.1483468887415423,0.5485217391730132,0.5534415712037976,0.5441356037729725,0.21420242607654022,0.848453469366078,0.5456457653838875,0.5493617976099905,0.22874227433765504,0.8314477608108344,0.15369719929636083,0.5336819979513792,0.6070907159007526,0.6004321808622615,0.2483778960469845,0.880740720527726,0.5881055492075262,0.5972988690717866,0.2544780282702077,0.8692641283354058,0.15958224356932507,0.5675062560933506,0.6115803557387657,0.6048197429484408,0.25448102149976776,0.8852359137871393,0.5918661124867833,0.605176976119519,0.26322099890352363,0.8581590587834674,0.1547695351830835,0.5711466065238996,False,1.60186e-05,,
R243S,missense,False,2.0,2.0,0.0,P/LP,clinvar,0.9988,2,32893267;36303204,2.0,1.0,,,0.5679346463360814,0.5585789724387519,0.22792424672113717,0.8406760279303254,0.5688168609646846,0.5722803967897567,0.25675652770076673,0.8511552476631397,0.1508488683940818,0.5512463330497684,0.5781463959934521,0.5726665247525491,0.24794421151435622,0.8462875450557322,0.5772244493571895,0.5847828169651381,0.26824011796443437,0.8515141348828046,0.1547540513235099,0.557836605477132,0.5822242480150359,0.5753715787495027,0.24507874117477946,0.8630884501517118,0.5831321141459536,0.5888809681390583,0.24683182976366277,0.8607012857713808,0.15630925843657323,0.5627876098209312,0.5863641348225075,0.5801121326055266,0.24242395134862857,0.864860958040126,0.5863665606287596,0.5943235915485161,0.25755082970877013,0.8739541177702456,0.16056570984433868,0.5663335770329307,0.575196632062233,0.5638262627176123,0.24683537475862033,0.8509445281312844,0.5773930782932644,0.5836878705521493,0.257722247698463,0.8577286967805314,0.15698206655316232,0.5599844869887285,False,,,
R293H,missense,False,1.0,2.0,0.0,VUS,clinvar,0.0661,2,19841300;22949429,2.0,0.5,,,0.5679346463360814,0.5613032896826824,0.23399244554847656,0.8528238708519412,0.5568403650945281,0.5609256555240661,0.2634226550905368,0.8268860879083966,0.14682261920528702,0.5420050300133056,0.5781463959934521,0.5683255489763623,0.2522080169746622,0.848972471227531,0.565202378072701,0.5732798831252837,0.2567064312488125,0.8391020486072726,0.14917936505156543,0.5481862446632927,0.4651500802948855,0.47098680979701124,0.1425467543661418,0.8119098536981496,0.4712139086267787,0.46713517304574664,0.15831160032851233,0.813807256778197,0.17222690968545587,0.4765127956995723,0.6070907159007526,0.5985683993149048,0.25140537421230114,0.8836904159645015,0.5876035712773999,0.5968107448213205,0.25758183478793373,0.8714842971672203,0.15893354260852632,0.5672107057804158,0.5168908567335964,0.5181605937497822,0.1659495364437656,0.8512620256241094,0.5136398833845376,0.5106095976505697,0.1917386217346398,0.8348174891467591,0.16900570574843493,0.5096138415682131,False,1.59824e-05,,
R326Q,missense,False,2.0,2.0,0.0,none,none,,1,33552729,2.0,1.0,,,0.5679346463360814,0.5616398084571638,0.23548330117442592,0.8494045810757965,0.5698036079526301,0.5753671024403333,0.24717694502227355,0.8571018744807644,0.15622792035389332,0.5523889805419137,0.5781463959934521,0.5713959739428625,0.25743275414766215,0.8466425650777818,0.5797236263091701,0.590690708544032,0.2535472706629914,0.8603070602760949,0.15543012148856591,0.5596887225817015,0.6732049630213349,0.6557229151054319,0.2926745517451374,0.9090730491030454,0.6663099307325532,0.6826749058452499,0.3149809671011866,0.9217007633698953,0.15855373398594155,0.6298971720832404,0.5087357125120241,0.5097264307537192,0.17863532243884025,0.8278931834701415,0.5155307950358912,0.5156646057081307,0.18844186014007466,0.8326999324700639,0.1692869770326681,0.5113826612640302,0.6316556472635034,0.6218693190257591,0.2620706879647208,0.8986165046250378,0.628697725783273,0.6465088896344179,0.26375898329622466,0.9047574159378841,0.16600474293615872,0.6018807025944047,False,,,
R452Q,missense,False,1.0,2.0,0.0,VUS,clinvar,0.0757,2,19841300;41953355,2.0,0.5,,,0.5679346463360814,0.5606338162658154,0.2412673898149472,0.8530456269417073,0.5586600204026533,0.5611923311721929,0.25587988804684864,0.8330125421143516,0.14657865428626235,0.5433811978684507,0.5781463959934521,0.5689577820841684,0.25220988318936893,0.842953810277593,0.5676850115995558,0.5753667451128518,0.26142460302893494,0.8406156354899768,0.14942405804583844,0.5502746997595236,0.4662976939278999,0.4682558641571037,0.14254008828312104,0.8224159544253974,0.47449620696074213,0.4679026458648711,0.1616085320539865,0.8132021176893623,0.17099310806422016,0.47915129098427117,0.6070907159007526,0.5990411329145057,0.24421876960210903,0.880769181379812,0.5919268690184215,0.6023189841194606,0.26943642657519834,0.8652768033050232,0.1548163784871641,0.570297105187232,0.518190395176728,0.5152252602270914,0.17013322542176118,0.8452967060367935,0.5125927020620985,0.5161517098777499,0.19669539609022205,0.8204852261685505,0.1673228305852776,0.5086270006133969,False,0.000124887,,
R518Q,missense,False,2.0,2.0,0.0,VUS,clinvar,0.4935,2,29544605;38014677,2.0,1.0,,,0.5679346463360814,0.5620512912150937,0.23118844954561307,0.8457090921664302,0.5715428049285105,0.5743069532922404,0.25127388085883917,0.8551953955310971,0.15565356157819188,0.5535715839678671,0.5781463959934521,0.5708299808620427,0.2568129856964181,0.8516713471086923,0.5813348804145466,0.5887730864990591,0.27018762744544494,0.8532723501353839,0.15088582446440155,0.560928353947418,0.5182667295874948,0.5144875844976069,0.18872571665781024,0.8213890665331968,0.5283117096441285,0.5300994010695435,0.21163837418774267,0.8377420682226975,0.16340527275354244,0.5205778695873506,0.6070907159007526,0.6026905111278709,0.2574938439202122,0.8877710584427494,0.6107316143060855,0.6220181492874706,0.2591955425198541,0.8888521875114519,0.16463165709230138,0.5857167188520372,0.5753697251265558,0.5641936178966316,0.22180415402191794,0.8650140899708342,0.5809900693726165,0.5902428206175154,0.23655013859467883,0.8761095960826045,0.16443148286517595,0.5631615760045107,False,4.60308e-05,,
R523C,missense,False,2.0,2.0,0.0,none,none,,1,33013630,2.0,1.0,,,0.5679346463360814,0.5637828003993703,0.24316212135180348,0.8485594593653638,0.5649395476683412,0.5720260351638871,0.2374234564980282,0.8463448991196211,0.1552616620760296,0.5482975277357753,0.5781463959934521,0.5747635811805202,0.25664949005803034,0.8581978915181278,0.5806477870614015,0.5875932806397579,0.25919613936682934,0.8644295395641576,0.15394599474224574,0.5604007776317794,0.6732049630213349,0.6577326716992469,0.30665766544738554,0.913278927737238,0.6675495723878261,0.6831006817038119,0.3171107742354938,0.9136487479925893,0.15379504906372188,0.6302503832328864,0.5087357125120241,0.5079647074179514,0.18501821330166032,0.8283139054511565,0.513743787032726,0.514936389037671,0.18415994441409855,0.8372171268715041,0.1702172947227928,0.5098063244740509,0.6316556472635034,0.623983985774555,0.25227340566237166,0.9002547577307042,0.6288134372536471,0.6428350134453654,0.27765631823841047,0.9070972890187216,0.16345418267499173,0.6019031895780701,False,,,
R561G,missense,False,2.0,2.0,0.0,none,none,0.9766,1,29740400,2.0,1.0,,,0.5679346463360814,0.5647908622666609,0.25660483161960956,0.8559208342981399,0.5693197896377509,0.5787300851818163,0.23997145424012362,0.8621534365148532,0.16098116323339923,0.5521230354504346,0.5781463959934521,0.5664444747308525,0.23594934341503793,0.8506828112186786,0.5797453181714453,0.5862204381994971,0.26207138084063103,0.860055298567109,0.15320302986562043,0.5597732840448537,0.5794914837663149,0.5732136891386669,0.24042321278566176,0.8673011139356984,0.5792275815412129,0.583818227928881,0.25725617020050817,0.868449887562784,0.1597751526492555,0.5601317249034691,0.5087357125120241,0.506690943144217,0.18138485065264615,0.8424632516429085,0.5180043691576336,0.5163452346719599,0.20042796765396326,0.8403486063934339,0.16930743794196956,0.5135051257626115,0.4449689483965337,0.4510973840265071,0.14734971552127282,0.8051908665270834,0.45625354733951345,0.4490086047886616,0.14741579625335288,0.8011379486292686,0.1695430564803712,0.46465639496502953,False,,,
R594P,missense,False,1.0,2.0,0.0,P/LP,clinvar,0.998,1,17224687,2.0,0.5,,,0.5679346463360814,0.5601947968937195,0.24618631503528382,0.8488100545959325,0.5562780777107054,0.5650652278692896,0.25216603664417025,0.8274521702193982,0.14883120516625797,0.5415313170452991,0.5781463959934521,0.5731136922006493,0.2562891706658496,0.8426676003763027,0.5667829132577565,0.5717993778395676,0.26136147063266374,0.8318419904094674,0.1515400945074919,0.5495274303695309,0.5821259810895864,0.5757123314040503,0.2516954181207224,0.8673778944257581,0.5691836087591589,0.5753352620338839,0.26618448639284475,0.8325542486526303,0.14923625952876135,0.5517470588081551,0.5863641348225075,0.5802087927292277,0.23703229248362992,0.8713884212908128,0.5678996213418774,0.5791040437473721,0.24781384320657468,0.8415711067860654,0.15308932711440099,0.5514150163914178,0.5750885986393349,0.5671783427556393,0.2392090739793672,0.8604284187446269,0.5595629898777875,0.5669712169160283,0.24874449915847216,0.831041568376987,0.14973012615225523,0.5454840318276405,False,,,
R620fs,frameshift,True,2.0,2.0,0.0,none,none,,1,38014677,2.0,1.0,,,0.5679346463360814,0.5607644507155969,0.2351187868973244,0.8470642321501365,0.5715113744780813,0.5776129039858305,0.246113359096411,0.8430466419553472,0.15295681644321502,0.5531335976789451,0.5237340426211323,0.5240454012561871,0.20423283474394888,0.8313197759295081,0.5308097433952805,0.5391081632396174,0.20561867910189485,0.8338696390078159,0.16354693531129338,0.5224476686121585,0.5223540047669304,0.5225956594366661,0.1904256090015934,0.8326854049307534,0.525465920603084,0.5273259785778569,0.19310974129462594,0.833177621015645,0.16484038490006375,0.5184459239222156,0.4732838882927845,0.47807506282187934,0.1596883813569983,0.810453842496008,0.4825737648946975,0.4819020355497232,0.15966463766767086,0.808768386394695,0.17226383216074384,0.48504855850023243,0.4304742885235544,0.43587595107280647,0.13302746310249355,0.7822113179426436,0.4462282174225838,0.4380117203526436,0.1458526625034448,0.7750444042060752,0.16450879323387987,0.45659325176867105,False,,,
R670K,missense,False,2.0,2.0,0.0,VUS,clinvar,0.1313,2,25786344;32164657,2.0,1.0,,,0.5679346463360814,0.5617889711196651,0.24655547987338974,0.8452966162216643,0.5738157153967391,0.580655097512662,0.2600539327739318,0.8536985385351984,0.1515854426131962,0.5552326866187355,0.5781463959934521,0.5694829638893433,0.24155493177393247,0.8537602667945379,0.5851456382961169,0.5916735504534967,0.2676550057215136,0.8609315143942735,0.1541975091362714,0.5639408277375704,0.47299542917194903,0.4722542743500348,0.14452774038646934,0.8161915047121134,0.4870311368234726,0.48266342078646485,0.1480678215831137,0.8329930087801046,0.1798883040304752,0.4886503589011113,0.6070907159007526,0.5920327890246588,0.24242611622140825,0.8751695152295815,0.6099452100426543,0.624972622066716,0.2589139841463275,0.893765224442716,0.16521758920645838,0.5851879450407086,0.5257497939580794,0.5249444054999781,0.18899414269431464,0.8471947006675087,0.5355999392238445,0.539826983123368,0.1939761198899415,0.8638645011592938,0.17527114773349062,0.5270341661194942,False,2.46521e-05,,
S177T,missense,False,0.0,2.0,0.0,none,none,0.8767,1,30758498,2.0,0.0,,,0.5679346463360814,0.5605597432802539,0.24251549029747874,0.8422749805707227,0.5049116810795848,0.5121836416831818,0.20628975451776416,0.788131165566692,0.14994395121982904,0.5021963750966167,0.5781463959934521,0.5704442427137433,0.25797084741348275,0.855555472667902,0.5127215642586739,0.5198331211798812,0.20780605657350176,0.7881606462634738,0.15101127628823002,0.5079079282764678,0.5670576417628665,0.5624595474089574,0.24667497981588124,0.8500874531234934,0.49816465436450963,0.5038374396611813,0.18155380002722923,0.7892934513720975,0.15619507813193295,0.49668323138528486,0.5087357125120241,0.5058726761090513,0.18670064086432783,0.8304122721240645,0.4469747050268901,0.444367602753021,0.14545529917437597,0.757745252395316,0.16238733912006953,0.4569876202524829,0.4314699574726266,0.43707049145707194,0.14054960488860532,0.7758584175447889,0.3889371420355477,0.3850580923489366,0.11731073127782506,0.7159051224685657,0.15582393321616914,0.4105319134971714,False,,,
S227del,inframe_indel,False,2.0,2.0,0.0,none,none,,2,24552659;25471708,2.0,1.0,,,0.5679346463360814,0.5585153706828069,0.24071387989409332,0.8385802755761678,0.5687202831312551,0.5736084984510885,0.2564450807107568,0.8509028449360388,0.15351657833759863,0.5513771082595352,0.5781463959934521,0.57380656639005,0.2591174668015303,0.8530173651129669,0.5813236425524679,0.5878758352953195,0.26758808378804194,0.8599785733624093,0.15126128039298292,0.5609683275821747,0.6732049630213349,0.6593216298141819,0.3010216540062328,0.9168142579032874,0.6632666650293063,0.6835166880014321,0.2875538267927536,0.9320818533367458,0.16743190752763001,0.6280874658967143,0.5087357125120241,0.5099713045556918,0.184707514241554,0.8406971055789794,0.51763924493925,0.5183918855867946,0.19108221833196884,0.8353209316087711,0.16919133979704382,0.5127441803430535,0.6316556472635034,0.6202138472983555,0.26326216657233414,0.9036874565434595,0.6267833939462378,0.6404088567500257,0.26789548247383044,0.8957381196788359,0.1618845001946453,0.6000253840380386,False,,,
S338C,missense,False,1.0,2.0,0.0,none,none,0.6205,1,34505893,2.0,0.5,,,0.5679346463360814,0.5596447393179688,0.2509043625797976,0.842107795521686,0.5585902905897909,0.5642190871542708,0.25588604288815486,0.8229796263851756,0.1443868099097397,0.5432360790817526,0.5781463959934521,0.5751491209783999,0.2646449620480131,0.8605152835935931,0.5658725930102169,0.5728311417490266,0.255080431670809,0.8395900382330647,0.1502853156695439,0.548838076865408,0.5345036874108074,0.5315919572074589,0.21496172405881944,0.8337062701117977,0.5273928133573014,0.5321612254992525,0.2222202888243702,0.8180384514290558,0.15260182084748272,0.5197183357753539,0.5087357125120241,0.5069161144244859,0.17955403581275106,0.8383763220967062,0.5093640004925967,0.5107836214252653,0.192052024254421,0.8166774097645381,0.16336182784323713,0.5061973085159118,0.3980510497297669,0.4038365051759649,0.12320741489519273,0.7571409912276063,0.4138184488995438,0.40391253097163904,0.13885240761308976,0.7434563878850108,0.1564979849812505,0.43117157072271445,False,,,
S373P,missense,False,2.0,2.0,0.0,none,none,0.9904,2,10973849;32893267,2.0,1.0,,,0.5679346463360814,0.5617057621124388,0.2366438922374133,0.8501548122348679,0.5689528716798262,0.5746326882879584,0.25758479937166995,0.8525172049594647,0.15162734215076534,0.5514295507941201,0.5781463959934521,0.5720092256333047,0.2546303920255789,0.8561643733030471,0.57978606037538,0.5871652858631715,0.2601262182391901,0.8580144276542712,0.15315227354704192,0.5595618993807218,0.5811916501832574,0.572048543708988,0.25294310490306743,0.8493061894399415,0.5813714393568885,0.5883488744068555,0.24527929493133654,0.8741564994686507,0.16062100965616782,0.561825101379988,0.5087357125120241,0.5075840908115774,0.18588308966771952,0.8404047145575172,0.517437310031643,0.5161294934194204,0.19560288428287653,0.8380242031400449,0.1681454608508077,0.512631114573049,0.44684560161778075,0.45409543534097374,0.14903785631400496,0.7947856058358697,0.4622328389953184,0.4568387730758132,0.1589438571783225,0.8041724049089205,0.16892040692615196,0.4694563983724327,False,,,
S504fs,frameshift,True,1.0,2.0,0.0,P/LP,clinvar,,2,16414944;30758498,2.0,0.5,,,0.5679346463360814,0.5602022952960098,0.2396313915914533,0.8458816358263063,0.5589910078748347,0.5654764311602613,0.2596863300930285,0.8244819677658033,0.14681210461851685,0.5435333340299372,0.5237340426211323,0.5215498082520944,0.1971387485721647,0.8321144166656272,0.5189147434977602,0.524545197679662,0.20759832571403444,0.81491614695322,0.15960667058737463,0.5131831219746101,0.5223540047669304,0.5224118223618424,0.19915514826905442,0.831542402812399,0.5192079327466151,0.5185150882075318,0.21440233029002223,0.8146792646991483,0.15747058924641683,0.5137405863722885,0.5502375238083598,0.5454709080806247,0.20735765871664366,0.8571464358522252,0.5438988141896945,0.5492890692757044,0.22755000275433707,0.834444449199215,0.162184871667773,0.5328560720608079,0.5567719733512766,0.5508444416923935,0.2055362748857308,0.86055970746396,0.5483810040720253,0.5542983754883484,0.23308294492690151,0.8377739435121021,0.15844803121707973,0.5370301448413464,False,,,
T144A,missense,False,1.0,2.0,0.0,Conflicting,clinvar,0.9359,1,17224687,2.0,0.5,,,0.5679346463360814,0.5605433593708761,0.2430946929278091,0.8424219533675444,0.5562861131386991,0.5629898234049691,0.2459846902662784,0.8337253630661645,0.14892763921506538,0.5416011288818984,0.5781463959934521,0.572713187564434,0.24399939552516345,0.8576153223307799,0.5656972348327078,0.5738061260943685,0.26289946707064543,0.8430800267061547,0.14818913121120297,0.5487205347890091,0.5744513320239102,0.5611865537610708,0.23446695899431055,0.8495687565532751,0.5633584414553833,0.5705829189775364,0.24544625257828703,0.8432270023721622,0.15339144633710428,0.5473990502348218,0.6070907159007526,0.5936914735322045,0.2508753537534102,0.8774852309317289,0.5886906662502215,0.5971632763099693,0.2670847051426021,0.8619785249773483,0.1549362313067221,0.5677092039551616,0.6320546501383534,0.6236304318503809,0.2650613081445888,0.894630684265159,0.6150306649405689,0.6297706513976488,0.26820658763994865,0.8838013952592876,0.15765599353661774,0.5902499201224451,False,,,
T309R,missense,False,2.0,2.0,0.0,none,none,0.9989,2,10973849;32893267,2.0,1.0,,,0.5679346463360814,0.5616332933648441,0.24164780405501407,0.8455835627813795,0.5704193705401391,0.5755895269200073,0.2530733785296207,0.850531396467493,0.1546546628194478,0.552706190880506,0.5781463959934521,0.5724878839753264,0.25501366491501865,0.8485534060025581,0.577230132084913,0.5869297387283845,0.2607140105945989,0.8483049623368042,0.14963478306137615,0.5574953498847542,0.5822365302528351,0.5745017591649151,0.2404131192374357,0.8650464858327155,0.5837929806760883,0.5896008997211665,0.25554741887450283,0.8717175942242694,0.157557234431053,0.56370340827105,0.5087357125120241,0.5095437981462926,0.18362815831041984,0.8448503682441393,0.5155543497751893,0.515709231460485,0.18394146865137126,0.8461288254513218,0.17409054802518506,0.5114254427912768,0.44800257960835776,0.4513756554809391,0.14949353713887809,0.792550284452417,0.4590040467298081,0.45364483904199565,0.15349100129049628,0.8045357218105157,0.168285075705955,0.4670251040619988,False,,,
T311I,missense,False,2.0,2.0,0.0,P/LP,clinvar,0.9878,2,10973849;29876285,2.0,1.0,,,0.5679346463360814,0.5609865011244094,0.24953373833200515,0.8485457713360098,0.571278089800007,0.5752024377253958,0.2650654531721582,0.8570162440747842,0.15514405087167216,0.5533343713873208,0.5781463959934521,0.5691871591781693,0.24084678262980808,0.848532358041274,0.5814453097645162,0.5905467727060006,0.26676524509523597,0.8571774870578658,0.1514043776285979,0.5611229999324037,0.5808716830201686,0.5723887005391335,0.23554374143276754,0.8607012249547683,0.5819301139791772,0.588485744516551,0.24431517336073302,0.8717817272133517,0.15887576192259434,0.5621478897778395,0.5863641348225075,0.574667885934739,0.24857540677079887,0.8639853636440118,0.5863517010500328,0.5978669845015456,0.2391626945509952,0.8729825351034924,0.16281686053635488,0.5662280910540668,0.5737095915171397,0.5673002628821545,0.23810386476751239,0.8556447185436443,0.5782022987814169,0.5833796076660387,0.2585376482328559,0.8625784086142431,0.15471244248937205,0.5605719857108438,False,3.97886e-06,,
T312del,inframe_indel,False,2.0,2.0,0.0,none,none,,2,30008122;32893267,2.0,1.0,,,0.5679346463360814,0.5602660542632556,0.24531984677273938,0.841180985885268,0.5697396606951604,0.5748910417207497,0.24229227956575372,0.8455591079327986,0.15238562876593423,0.5518263086634162,0.5781463959934521,0.5712608934630812,0.24850093754536987,0.8454831738576992,0.5807464848636134,0.58776208124579,0.2714351770907086,0.8450270214368745,0.150730618050486,0.5603748957546132,0.6732049630213349,0.6600553673882983,0.30048459624497126,0.9176642527752552,0.665280253603454,0.6885163728619407,0.3021182929101226,0.9137633016884766,0.1592949049672585,0.6285407375896572,0.5087357125120241,0.5113473347959586,0.1842922642213394,0.8433191477381429,0.516077607749423,0.5156558517849765,0.1778893989795161,0.8327101579058804,0.17471978086956835,0.5116759127852865,0.6316556472635034,0.6227296863327644,0.2518424696533014,0.8961223553558672,0.6261162653223457,0.6416327971823488,0.2635184449033037,0.8971130414476493,0.16517191749307977,0.599611438666751,False,,,
T322K,missense,False,2.0,2.0,0.0,VUS,clinvar,0.9843,1,32893267,2.0,1.0,,,0.5679346463360814,0.5635421368928232,0.2445233518600329,0.844082784140718,0.568695948990072,0.5734843632170223,0.2539795197883066,0.8470743504351294,0.15132629200551273,0.5511909490700211,0.5781463959934521,0.5712042663675599,0.24949724039620802,0.8491918788917012,0.5782276454630817,0.5842405132694535,0.2581364049348577,0.860183108566948,0.15548403734751037,0.5586519044842301,0.5804406969012166,0.5717208816713181,0.24416946353846522,0.8581993063666817,0.5805557035226743,0.5874579722736061,0.25290038409487686,0.8643996663695428,0.15800268840372889,0.5609645185222646,0.6070907159007526,0.5972317442325265,0.2532970593863158,0.882407506288512,0.606686555193694,0.618591583573131,0.2730601069110381,0.8791637665289125,0.16109922333457938,0.5825163811340662,0.6377269586842896,0.6240349130314453,0.2596675246715907,0.8996527254971607,0.6375774661832602,0.6515624840862511,0.29394709360767807,0.8997457127020608,0.16078760051593124,0.6090888095437706,False,,,
T391I,missense,False,2.0,2.0,0.0,none,none,0.9783,2,10973849;32893267,2.0,1.0,,,0.5679346463360814,0.5605614321090515,0.2500274435434297,0.8471209441042331,0.5698427754334432,0.5751954849160763,0.24842580605096556,0.849151997886077,0.15484030929431958,0.5521705727660757,0.5781463959934521,0.5688904878916408,0.24190164142913081,0.8515279517725814,0.5816425537817047,0.5904457630381867,0.24858312928992377,0.8640506173456983,0.156264234816511,0.5611151990181816,0.5797011728465072,0.5775341565716746,0.24456488878625943,0.8698438328096001,0.5792781607587167,0.5865207664629627,0.2560689425514754,0.8674278949701207,0.1582785391750821,0.5602760535385972,0.5087357125120241,0.5100622539589247,0.18159957953081815,0.831349695939345,0.5169357687258108,0.5176073186507746,0.18546826278805498,0.8414427006150561,0.17261900353535523,0.5123345829348601,0.44520000748795474,0.4515125210152481,0.15566700715337453,0.8009222930242184,0.4586715329982684,0.45424181002117353,0.1484188099866504,0.7915831411228257,0.16716728242085707,0.46629050547018724,False,,,
T444M,missense,False,2.0,2.0,0.0,VUS,clinvar,0.1398,2,29740400;32681117,2.0,1.0,,,0.5679346463360814,0.5591839010101751,0.24170793107587663,0.8437979000736654,0.5737908436291618,0.5815141837000066,0.26005273829721043,0.8571666215716709,0.15138189678797112,0.5551904546226158,0.5781463959934521,0.5661407922799874,0.24203795446510573,0.8539935150303376,0.5811386010770522,0.5880245607690128,0.2682636160549324,0.8514236335146246,0.15052819495419356,0.560564590722992,0.47402678504840495,0.4735526121756071,0.15213984135472636,0.8077000240680484,0.48584764036706113,0.48711206450172834,0.16234451585394294,0.819113707144679,0.1749421121855915,0.48769984070438865,0.6070907159007526,0.5978455573916406,0.2630903784752388,0.8727863307454863,0.6060073469306976,0.6175443455143166,0.256439854822091,0.8914967811137362,0.16713220950169697,0.5822622981231423,0.5269098252099377,0.5245198808808937,0.1778735512200763,0.8406567970534863,0.5336197902998757,0.5379224018646012,0.18819867823259576,0.8550059978597278,0.17711680268962288,0.5254361694197878,False,1.19738e-05,,
T461X,nonsense,True,2.0,2.0,0.0,none,none,,2,29925740;30758498,2.0,1.0,,,0.5679346463360814,0.560037120707337,0.24097510642258654,0.8424392698201725,0.5685528060215643,0.5756050725296498,0.252381038631497,0.8512154247872179,0.15318391297873124,0.5511022364845058,0.5237340426211323,0.5208579302633707,0.19759110145734451,0.8171698515654086,0.5305266284058144,0.5358078764848762,0.20168070859442194,0.8430884252327067,0.16602413888849255,0.5222999533995899,0.5223540047669304,0.5226411327781412,0.19401675239689353,0.8426027038134152,0.5297205253427287,0.530447024643753,0.20124933854901828,0.8493738448501996,0.16767248408345628,0.5219714360809506,0.4732838882927845,0.47731005956821,0.1535873206956195,0.8232795380989515,0.48171026956514607,0.47537034168717107,0.17229603788983655,0.8191572082715869,0.1692762687041259,0.4849625258821084,0.4304742885235544,0.4329785443901236,0.13486829302851347,0.7812925602130406,0.4447232535098767,0.4346765734033049,0.14365502097684504,0.7880690840547367,0.1688699167304049,0.45543445188312415,False,,,
T468M,missense,False,2.0,2.0,0.0,none,none,,1,34308870,2.0,1.0,,,0.5679346463360814,0.5597717833822612,0.2276586909925559,0.8449738340239771,0.569350703070342,0.5775651469567133,0.26149120399296305,0.8448814674675289,0.14929921925221115,0.5515947274577129,0.5781463959934521,0.573732365488267,0.2523800800574654,0.8475950698627581,0.5778905114116811,0.5863192924363902,0.24820611310157809,0.8678287499010233,0.1598530555043315,0.5587270896639787,0.6732049630213349,0.6618272928161971,0.2935989694703175,0.9189891028116358,0.6681734571520267,0.6873638976667042,0.33145241491373256,0.9143169693039362,0.15265324481016476,0.6308235247644639,0.5087357125120241,0.5069951675634214,0.1806676424773768,0.8400350987302188,0.5127296444055142,0.5131866674831731,0.1851194283756035,0.8314084030566951,0.16825254186562988,0.5088673280863284,0.6316556472635034,0.6206518584132235,0.2608100061891608,0.8936743242164787,0.630456465620241,0.6490192127168861,0.26877719387609833,0.9027955534107689,0.16480313093830692,0.6032745250277113,False,,,
T513N,missense,False,1.0,2.0,0.0,none,none,0.8019,1,37901857,2.0,0.5,,,0.5679346463360814,0.560900247904177,0.2430861773470621,0.8398691745864384,0.558703534385401,0.5638310138086863,0.2448201357189092,0.8348076650919493,0.14908335836408643,0.5434024058975475,0.5781463959934521,0.573443571209351,0.25668514394033703,0.8549673055629655,0.5680335198240891,0.5776924321131309,0.2641915851344743,0.8292464692267484,0.14672410767522207,0.5503427070360895,0.5576272101699614,0.5492505818203819,0.21847685646303286,0.8395288822335917,0.5485989968419461,0.5554252794078057,0.24630468501071398,0.8262919739207273,0.1497207056186249,0.5356874184925446,0.5087357125120241,0.5078359937018443,0.17646992569331396,0.8347885490564844,0.5085704996342836,0.5089409082370306,0.19408559800607705,0.8178864598481177,0.15807024781768855,0.5057172500047915,0.4215004673781898,0.43102284932016427,0.1379975028149886,0.7726394925524412,0.43638880320903695,0.4261001435512122,0.15573335029711405,0.7626265891769692,0.15900642567762913,0.4493081016942464,False,,,
V129I,missense,False,1.0,2.0,0.0,VUS,clinvar,0.4371,2,19841300;22949429,2.0,0.5,,,0.5679346463360814,0.5616236748065452,0.2484986587492547,0.8482652002854373,0.5554334092959828,0.559459393475872,0.24983200130148855,0.8321353730998259,0.15243220366851723,0.5409081139038026,0.5781463959934521,0.5690636125173836,0.24633891914994913,0.8547315406716428,0.5664048858772752,0.57514518354566,0.2593052824792632,0.8309891374936293,0.14744399225222085,0.5491248482688545,0.5110847619362592,0.510643451541968,0.18519065954203778,0.821534484247706,0.5092680243595408,0.5115685964095009,0.20259941440544552,0.8202802924052401,0.15935514928511088,0.5058336162641799,0.6070907159007526,0.5992267044434055,0.26169593049249656,0.8763041139937517,0.5888952440222707,0.599716659812662,0.26675224056850444,0.8644008150145802,0.1555656801211058,0.5678553720907142,0.5677013475161721,0.5614016750094499,0.21329742367357246,0.8508720839006092,0.5576338236584594,0.5623608474955265,0.23880859010762095,0.8429347589930613,0.1574513912896855,0.5440881204347651,False,3.94151e-05,,
V162fs,frameshift,True,2.0,2.0,0.0,none,none,,2,15466642;19841300,2.0,1.0,,,0.5679346463360814,0.5610551227803648,0.24279670471090486,0.8410862948645268,0.5690584051293319,0.5739954448088311,0.2536968518641795,0.8442550597130225,0.15003379375802914,0.5513529713111924,0.5237340426211323,0.5183317024423529,0.1939521721048124,0.8292069397633588,0.5308182993465554,0.5362114124453012,0.20509243667073188,0.8346771245775788,0.1625455682893279,0.5222519569741563,0.5223540047669304,0.5225575451163547,0.20025186859064686,0.835236959999622,0.5263311455626377,0.5287713994906404,0.1909472558759783,0.8370880267505737,0.16632100399143435,0.5189877787344894,0.4732838882927845,0.47852627396769015,0.1531111623801084,0.8184678338145934,0.48346203205816785,0.47724241993696115,0.1626092907964919,0.8182176439720945,0.17149240205166857,0.48606593928481673,0.4304742885235544,0.4371436008529946,0.13700417691275937,0.7925743669585809,0.44411641761985426,0.43436694259469477,0.14695154596426752,0.8005695012250645,0.17209020447095916,0.45501318949796976,False,,,
V185_L187del,inframe_indel,False,2.0,2.0,0.0,none,none,,1,32893267,2.0,1.0,,,0.5679346463360814,0.5620320978804728,0.24661365706864255,0.8547505613262498,0.5691270810263657,0.5769224121065236,0.2344342521455481,0.8606752480205151,0.15895999222309742,0.5516720931064473,0.5781463959934521,0.5689848394120425,0.25536566691820295,0.8521196359686412,0.5803660000242209,0.5903972196699012,0.2625097485710805,0.8602692288735241,0.15236080827546528,0.5601696374460683,0.6732049630213349,0.6602294756579051,0.29269458975288887,0.9147664534762043,0.6675248003267482,0.6909558479906941,0.3032104136191765,0.9206670519979476,0.1600810132496082,0.6306889324096192,0.5087357125120241,0.5082591931886727,0.1807716831290326,0.8293916584148452,0.5202296520381985,0.5248525926474166,0.1979059725418887,0.8371725666426514,0.16757694159696573,0.5149819475752827,0.6316556472635034,0.6214661988219456,0.25542206322104566,0.8984612154010883,0.6299493891255428,0.6452707981835485,0.27858577903480763,0.8972990722692837,0.1622011524932642,0.6026576740548653,False,,,
V280E,missense,False,2.0,2.0,0.0,P/LP,clinvar,0.9951,2,16414944;32893267,2.0,1.0,,,0.5679346463360814,0.561294952617894,0.24033866488033645,0.8448515862422414,0.5709206303792337,0.5783920169737347,0.24435839866588108,0.8576574032245031,0.1532438376154993,0.552904840096685,0.5781463959934521,0.5700360555495776,0.254606919784109,0.8557314105014494,0.5801577653043513,0.5909520526944514,0.263238423675812,0.853629135506022,0.15491762085989863,0.5598106839487715,0.5817696293861967,0.571786729723366,0.24263028698293043,0.8609318078141932,0.5794890653594548,0.5895499742568113,0.2545741444965151,0.8697014954540102,0.15911488817277414,0.5602827551871599,0.5863641348225075,0.579293650133076,0.24433631450356116,0.8641555157394496,0.5841377538137458,0.5947078117868877,0.23286022164147102,0.8784909435621493,0.16398476422623195,0.5646377302778706,0.5746968250791646,0.5709562088195332,0.2439380940632687,0.853480271968127,0.5755088902956961,0.5826750645610874,0.2550512181862549,0.8582545418108098,0.15606573455052677,0.5583570599581735,False,,,
V307del,inframe_indel,False,0.0,2.0,0.0,none,none,,1,36277779,2.0,0.0,,,0.5679346463360814,0.5624827463699972,0.24525276068421206,0.849122566166145,0.5045193421143237,0.5113511910952626,0.19027860206285047,0.7858847862466116,0.15374074021768222,0.5015742596809947,0.5781463959934521,0.5712847115083339,0.24413125463798063,0.8554431037873128,0.5094894255377282,0.5163708461222115,0.19934439990663486,0.7834517877174016,0.15471035132237182,0.5053868270535843,0.6732049630213349,0.657274917047595,0.30861371020194434,0.9144781464369722,0.5982021308337726,0.6171968273624497,0.2532351182387283,0.8726232194631264,0.1638184674103147,0.5743254532572133,0.5087357125120241,0.5106986254443956,0.1843426457597045,0.8424565874369466,0.44953685579413916,0.4444941135941365,0.15276644206862375,0.7682043176781064,0.1605724231847459,0.4592209765516277,0.6316556472635034,0.6213726351375158,0.2518344015573233,0.8985094966067205,0.5559521126589035,0.568319500884249,0.19473700597344518,0.84595314865962,0.17128709440653309,0.5418932853159762,False,,,
V307fs,frameshift,True,2.0,2.0,0.0,none,none,,2,32681117;32893267,2.0,1.0,,,0.5679346463360814,0.5604321192059646,0.23186595658439837,0.8455506057895708,0.5698328670929632,0.5740648399072478,0.25405593644962193,0.84121041737493,0.1499834361250952,0.5518791530283005,0.5237340426211323,0.5238543790234415,0.19398618938959958,0.8245475068087116,0.530065095963414,0.5363779907498274,0.20713080097762887,0.8335297285137101,0.16455963886925065,0.5218233458320991,0.5223540047669304,0.5260063317740139,0.19631808985580193,0.8331009357981526,0.5283829124142344,0.5327183657510961,0.18209259554423193,0.8553021463205865,0.17244813186788754,0.5208068836177003,0.4732838882927845,0.4838991968523947,0.15781192368658561,0.8221432394295769,0.4840518916652079,0.4781933292902254,0.1609426720663026,0.8177947257680909,0.17212998162937976,0.48660857998265017,0.4304742885235544,0.43927931247546326,0.13829003558653843,0.7887876951925517,0.44616478604761356,0.4368693494881042,0.13177780862703783,0.7895490925346551,0.1707481662707083,0.4562855136381998,False,,,
V377fs,frameshift,True,0.0,2.0,0.0,none,none,,1,36277779,2.0,0.0,,,0.5679346463360814,0.5629702415969298,0.24676514194235827,0.8454375181876184,0.5042610219910201,0.5109874981535902,0.20343246852591337,0.7861251861881273,0.15194281660655512,0.5014534747691747,0.5237340426211323,0.5200838004917078,0.1968769253406542,0.8286109758287946,0.46847936255411304,0.4696738077524005,0.1675668842835812,0.7719167384546428,0.1574942319772533,0.4743492803288012,0.5223540047669304,0.5192426858154883,0.20382281283958636,0.8280434871458354,0.46223349378833684,0.46789177391660686,0.16049333938304897,0.7656088365097878,0.16050718397668243,0.46926138025759123,0.4732838882927845,0.4790504674129642,0.1606537616006937,0.813333029266124,0.42116894420694734,0.4167997888970231,0.131954836551471,0.7471877112901611,0.16295094349172018,0.43688431801739624,0.4304742885235544,0.4382288666109838,0.13215839768424145,0.7848002859478486,0.38447306460200564,0.37887137403831983,0.11180924435707626,0.7033313824551526,0.15413400849384465,0.40692409881366864,False,,,
W120C,missense,False,2.0,2.0,0.0,none,none,0.8757,1,22199116,2.0,1.0,,,0.5679346463360814,0.5625982068671473,0.2438455341192088,0.8482159250027143,0.5676660698095832,0.5727621699156195,0.2516983188627505,0.8456541942992436,0.1520303933274681,0.5503814598875456,0.5781463959934521,0.5775907763206505,0.2593579730890794,0.8566101788365564,0.5795154560123973,0.5867343543231966,0.2770849938049509,0.8526634376037748,0.151317181891627,0.5595585600633682,0.5669321717136888,0.5610159648677049,0.233871794164205,0.853099988297949,0.5716131036981834,0.5807826039978177,0.24101593453138329,0.8670263747912168,0.15959685550431796,0.5540988034125024,0.5087357125120241,0.5050442887784962,0.18412765421235575,0.8294024528649955,0.5145198026773034,0.5159611667704143,0.17887744185336774,0.8438368752364618,0.17235708658038457,0.510349033809653,0.43133578276135487,0.4377862257303198,0.14151815933709697,0.7815634757007535,0.44231059267590694,0.4276776315472111,0.14009323710824537,0.8102692104417535,0.17175354775100338,0.4537390968470794,False,,,
W176X,nonsense,True,1.0,2.0,0.0,none,none,,1,31565860,2.0,0.5,,,0.5679346463360814,0.5581721741683092,0.2448466526883738,0.8460630989193068,0.5580283885662991,0.5632768541112259,0.26030050351670675,0.8264877266748231,0.14610018050354928,0.5426988885562062,0.5237340426211323,0.5239558974421418,0.1910801521173503,0.83649769224982,0.5189581866135144,0.5231430032493015,0.2043019681945212,0.8123614149541227,0.1604452678710074,0.5132825007750289,0.5223540047669304,0.5226169517692019,0.19334858404953958,0.8404307451954182,0.523560330408185,0.524558970757422,0.22183063685814683,0.8214868104710675,0.15839066476133112,0.5169700063659431,0.4732838882927845,0.473544785746841,0.15976929751748925,0.8054220534644547,0.47602078552504845,0.47199203418613284,0.17479504847605679,0.7958322796512624,0.16289830607709072,0.4803857212439474,0.4304742885235544,0.4371713886578912,0.14165224644262445,0.7878346710821209,0.44479139820549857,0.4359492387066357,0.16276667588606156,0.7604589886136679,0.15541626417315962,0.455935171497719,False,,,
W248F,missense,False,2.0,2.0,0.0,none,none,,2,30758498;32893267,2.0,1.0,,,0.5679346463360814,0.5610201422131372,0.23410196038973882,0.8437405746037119,0.570089425303968,0.578224825267047,0.24207311242172738,0.8513390011825978,0.15648757595445806,0.5522959801082599,0.5781463959934521,0.5721255283479276,0.2490559708274851,0.8618040665127082,0.5791705367880701,0.5858075719092612,0.26573662259660286,0.861215072778714,0.1537664170887659,0.5593453973520482,0.6732049630213349,0.6596160151852747,0.30271110072850005,0.910557825742005,0.665356940574144,0.6825176584026086,0.31116015911167755,0.9191189034148035,0.15929113248559987,0.6291127382060117,0.5087357125120241,0.5098138883396636,0.1870275522536875,0.8311089090084434,0.5129416972055654,0.5140373811521934,0.1781967887474654,0.8340793446085822,0.17149510175117338,0.5089572230934539,0.6316556472635034,0.6235163968305936,0.2846283010129555,0.8989002683724259,0.6277930074428724,0.6422536126979606,0.26031608109224413,0.9049409459030637,0.16572959624351735,0.6011714821095094,False,,,
W248R,missense,False,2.0,2.0,0.0,P/LP,clinvar,0.9998,2,10973849;32893267,2.0,1.0,,,0.5679346463360814,0.5653802754668852,0.25041146819245297,0.8544903814637664,0.5722521261313367,0.5772489516959005,0.2636676216235023,0.8506064922858486,0.15109118045575376,0.5538699317367212,0.5781463959934521,0.5719125429657926,0.2545902366718053,0.852893398702506,0.5814154972329555,0.5884007757678531,0.2534132493760724,0.86303803870334,0.15533260368763208,0.5610900859018065,0.5823470590995569,0.5757035636412149,0.2513335882342058,0.8616282165895286,0.5809812626468046,0.5870377170102593,0.25730969394856407,0.8679723079546351,0.15926470569580814,0.5615092793067001,0.5863641348225075,0.5798557200165355,0.24759151701138513,0.8677412484919913,0.5864373892740316,0.5953589751603793,0.2535976539388042,0.864352544574026,0.15923911491119785,0.5661797530590578,0.5753316481447022,0.5676285278894606,0.2364601956636191,0.8539006681418249,0.5762875021966664,0.5838323964893443,0.2617317444559259,0.8539370125223531,0.15376772085621976,0.5591623359577939,False,,,
W305R,missense,False,2.0,2.0,0.0,P/LP,clinvar,0.9998,2,19841300;22949429,2.0,1.0,,,0.5679346463360814,0.5630879432564638,0.2408551901486442,0.8448950865399991,0.5697367760871114,0.5760035956373006,0.2538346177963186,0.8504768030811599,0.15384360745813486,0.5521544264378586,0.5781463959934521,0.5740977578065546,0.25322170048150594,0.8566001027309068,0.5789580506299776,0.5866521200679985,0.2744883331931972,0.8462137089316244,0.14994055094429806,0.5588016578112612,0.5823470590995569,0.5752534707511692,0.2368370697308292,0.860688905316055,0.5811709416661419,0.5884929245200738,0.23994595795068832,0.8723801020055107,0.1622831173795406,0.5616230758859694,0.5863641348225075,0.5794986242730201,0.23985403581888035,0.8631926869083928,0.5862538847017001,0.5969281836880409,0.2672360282443583,0.862663986316614,0.15254221405239146,0.565876214340343,0.5753316481447022,0.5633545279499427,0.23294909772931804,0.8546413132633327,0.5778377696642543,0.5856131186855275,0.2623192088804574,0.8598457481914891,0.1536886518592525,0.5604468317820933,False,,,
W379X,nonsense,True,2.0,2.0,0.0,none,none,,1,32893267,2.0,1.0,,,0.5679346463360814,0.5592222516252906,0.24152729094278197,0.8433136975120187,0.569501073657419,0.5742604925019454,0.25099905656742305,0.8511477354724194,0.154259311478164,0.551907443101309,0.5237340426211323,0.5236092861311564,0.19637933616672637,0.8337574543878118,0.5286700237841198,0.5322986866090051,0.19795071939142564,0.834136900278615,0.16618277135539933,0.5206996444828734,0.5223540047669304,0.5161816564877559,0.19900251894228985,0.8273450376804723,0.5290588440584482,0.5327989253217824,0.20453980189704024,0.8414526840948149,0.16723069148697262,0.5212031051648791,0.4732838882927845,0.4725980356211199,0.14658791375552183,0.8105445239594615,0.4869429422040854,0.4883550316066127,0.16479083884994034,0.8108044156037342,0.16982172491041658,0.4884875087390705,0.4304742885235544,0.4386737515688311,0.13744596903385553,0.779812167340835,0.4442926793534239,0.43710025765154015,0.14224031790835806,0.7875591111247573,0.16911136065645846,0.4551994024335458,False,,,
Y148X,nonsense,True,2.0,2.0,0.0,none,none,,2,15194462;32893267,2.0,1.0,,,0.5679346463360814,0.5580617306472296,0.2245310696466538,0.8451760402455022,0.5684448109283877,0.5728990224439696,0.2500672488251777,0.8594156330278319,0.15666762316091457,0.5513264707240392,0.5237340426211323,0.5188837092223442,0.1944992632543474,0.8287656090911073,0.5300914683516547,0.5353581062059176,0.19620136964375126,0.8341930304825981,0.1638366111846286,0.5218670104908167,0.5223540047669304,0.5175794504928134,0.18984146643961597,0.8334219160170367,0.5288674051499132,0.531078129515173,0.1982736263841347,0.8406608793426634,0.16687026014935594,0.5210543371519692,0.4732838882927845,0.47348197619416105,0.15279570128415873,0.8180424382724263,0.48329701196845415,0.4796168966136799,0.15933782307107347,0.8244203791165777,0.1717801773009879,0.48574714625629084,0.4304742885235544,0.4376895720849878,0.13673457062444647,0.7861080029160673,0.4439117493171901,0.43556843613468754,0.13786592749910817,0.79022740259889,0.1705129701904335,0.4547169491623003,False,,,
Y281C,missense,False,2.0,2.0,0.0,P/LP,clinvar,0.9734,2,10973849;32893267,2.0,1.0,,,0.5679346463360814,0.5622142616506461,0.24535927324273427,0.8436508654943089,0.5715197139422739,0.5813289814867334,0.2637217990912268,0.8474076113399317,0.1507899219179891,0.5533268856355665,0.5781463959934521,0.5715631680001354,0.2509916208841778,0.8512769823246171,0.5802804564678398,0.5909382452928789,0.2571432810927089,0.8531703864605621,0.150003767276158,0.5598445986175943,0.579096588115517,0.5733576428689467,0.25494153780774437,0.8569157761185637,0.581958375815017,0.5863824991172781,0.2577522837241786,0.8636711535107121,0.15483697933672866,0.5621442742581313,0.5863641348225075,0.5786689119612463,0.24521850245718502,0.8741516360471568,0.5858632929651265,0.5950628405166627,0.2506552248829166,0.8701919198594893,0.15726769669374807,0.565720648061199,0.5717579061042721,0.5614060729145499,0.24031003476931745,0.8499378110288244,0.5738585681141681,0.5778728878967039,0.2480776930678747,0.8598145559983214,0.1571561961932493,0.5573947553433569,False,,,
Y315H,missense,False,2.0,2.0,0.0,P/LP,clinvar,0.9991,2,24667783;32893267,2.0,1.0,,,0.5679346463360814,0.563762892096761,0.24130751390459387,0.848514469496538,0.568365253177683,0.5721994370308681,0.2512320452450752,0.8608208031090749,0.15687105553967365,0.5511746638516039,0.5781463959934521,0.5716692895891169,0.25440809899703243,0.8565720137661967,0.577383969529763,0.5812126638071726,0.26451231530084823,0.846245952459429,0.1516389057308687,0.5577014597940977,0.5822610939759172,0.5734511442333033,0.24274813644643548,0.8638874978104008,0.5810841846096834,0.5859361689849198,0.2483343273539157,0.8745236029148903,0.1593206776753716,0.5615547070711001,0.5863641348225075,0.5777213436448301,0.23900663551839374,0.8656991765341355,0.5850933807213026,0.5951665048403512,0.2556040861907472,0.8693084929425731,0.1629191481637005,0.5653894808533357,0.5752371398884072,0.5717962891617083,0.254618233496062,0.8613092416417105,0.5745726346131507,0.5818032167155678,0.24460398484079648,0.8610571475134117,0.1556245307863477,0.5577896962823216,False,,,
Y315N,missense,False,2.0,2.0,0.0,P/LP,clinvar,0.9948,2,32893267;37975542,2.0,1.0,,,0.5679346463360814,0.5608579084274989,0.24473510976830076,0.8520433273769826,0.5715015147872656,0.575609243723522,0.25407097586119837,0.8527667806392472,0.15250441751281887,0.5534551442848096,0.5781463959934521,0.5737543677347995,0.24887246166400437,0.8584754983741022,0.5785265713745694,0.5893982842945142,0.25355110357173943,0.8562030935993559,0.15700718941413996,0.5587642112963753,0.5817327534541104,0.5755445157256595,0.24661886910058578,0.8666182025441556,0.582735845395945,0.5890415195257896,0.25391703388385106,0.8646894884892138,0.15418286188350003,0.562526021677451,0.5863641348225075,0.5764603065313141,0.2371331419837945,0.8650116217625289,0.5866135230952227,0.5989769426633174,0.25455513782812506,0.8669697541788631,0.16006452872484134,0.5663369157641481,0.5746562832037352,0.5714040206099534,0.23277686585169027,0.8552452093048755,0.5750742800330361,0.5822255394274803,0.25382231317850024,0.8589096119563834,0.15606418867244537,0.5582966357128424,False,,,
Y597C,missense,False,0.0,2.0,0.0,none,none,,1,36277779,2.0,0.0,,,0.5679346463360814,0.5612330690479929,0.24245607183458423,0.8409194129609918,0.5059788250042216,0.5117774525671817,0.20033453614678384,0.7879085685746527,0.1519532011078428,0.5027068730172386,0.5781463959934521,0.5722797834585316,0.24946799990598673,0.8652406330637964,0.5134900863720374,0.5180272936080113,0.20245517966171467,0.7929338120592611,0.15138256938817019,0.5083984705265833,0.6732049630213349,0.6615745178945062,0.30939038125814644,0.9124524833159268,0.5950081958177129,0.6135399539090469,0.234786009640487,0.8653667765655388,0.16555636857826989,0.5716527070519948,0.5087357125120241,0.5065662014276339,0.18184171406128627,0.8315636577592985,0.44801953670094735,0.44493151961594496,0.14581854364099597,0.7618345604428447,0.16244821659945458,0.4580171003346338,0.6316556472635034,0.6191760377403164,0.2575346785158535,0.8968030374128323,0.5578418973971844,0.5745817374039941,0.2091209405943025,0.8456259827611833,0.16814299926790643,0.5437674046862598,False,,,
Y662X,nonsense,True,2.0,2.0,0.0,VUS,clinvar,,2,31018519;37589201,2.0,1.0,,,0.5679346463360814,0.5607312909354004,0.2432387282290987,0.8430062883958283,0.5740298608072284,0.5808556547899068,0.267776328571583,0.8602772202595439,0.15080082457410013,0.5555506808927777,0.5237340426211323,0.5191051604835805,0.19617502834986233,0.8199381731642619,0.5341929619508795,0.5394088922987259,0.218512160858744,0.8272418582845857,0.15965820705027742,0.524869732274526,0.5223540047669304,0.5219486399246086,0.190587991525895,0.830547821775338,0.5331853125799614,0.5352679182379695,0.19998277674799225,0.8448075461973901,0.16711815891148898,0.5245258547992944,0.571251173730399,0.5628807101251462,0.20275384888073156,0.8714755850117913,0.5788942649724288,0.5905474809724899,0.21529753782957903,0.880788878762612,0.17660821395832577,0.5606434678763312,0.6218270920581075,0.6136013006371027,0.23843252272324783,0.8982787830808345,0.6254790937313575,0.642371337126795,0.2581350685320121,0.9073171064496953,0.17159795009457168,0.5997994416858493,False,5.03716e-05,,
c.1032+3A>G,splice,True,2.0,2.0,0.0,VUS,clinvar,,1,21810471,2.0,1.0,,,0.5679346463360814,0.5606208066179295,0.24309306511828438,0.8518400487018805,0.5704223074817492,0.5790484994825251,0.24608314379182838,0.8567807846434258,0.1559708995662731,0.5525842197075345,0.5237340426211323,0.5197426612624237,0.1938461031600216,0.8161071918870492,0.5322540271943975,0.53536307560383,0.21322786803783852,0.8400725948176717,0.16159647684473427,0.5237140947681066,0.5223540047669304,0.5217579725653668,0.2008525019005084,0.8368220218798876,0.5283629304041244,0.5320228273226847,0.20424611417374375,0.8387727702437038,0.16453243259272202,0.5208640818417893,0.571251173730399,0.5662696872169486,0.20807067237483387,0.8751385369918736,0.5726512736150858,0.5863444398629085,0.21404786414186194,0.8814762193050675,0.17996954890953593,0.5559288006122453,0.6218270920581075,0.61427661329745,0.25057858525156124,0.9013528140341248,0.6152136860418949,0.6357905450309053,0.23432411035751108,0.9003489269123358,0.17489570413388636,0.5916029082216196,False,,,
c.1032+5G>A,splice,True,2.0,2.0,0.0,P/LP,clinvar,,1,32893267,2.0,1.0,,,0.5679346463360814,0.5612296908179296,0.2531132534410646,0.8450430286909038,0.5688253309830212,0.5735804431677819,0.2552359220493894,0.8499452281089902,0.15455611527701782,0.5513968661251035,0.5237340426211323,0.5207386804246916,0.19721658963200198,0.8250220926185091,0.528065415980987,0.5331658928530513,0.20042419443861706,0.8224527990911777,0.1632842226533527,0.5202851187657452,0.5223540047669304,0.5214227343006975,0.1977444842601992,0.8287877456150654,0.5300009834364386,0.5328591081851209,0.21333274251374704,0.8407014048247817,0.16594126887415375,0.5220500642987165,0.5502375238083598,0.5457454787835456,0.20299460901238037,0.8554371425741378,0.5566424422004065,0.563191261777584,0.20480985649690478,0.8662931997523108,0.17272316339486335,0.5430175601559779,0.5567719733512766,0.5522046063294106,0.21731640928519338,0.8507114371316145,0.559962745007085,0.5682020453011942,0.21868210478974917,0.8615448932029479,0.1655926869584915,0.5462801592048177,False,,,
c.1032G>C,substitution_cdna,False,2.0,2.0,0.0,P/LP,clinvar,,2,10973849;42126717,2.0,1.0,,,0.5679346463360814,0.5633422528676049,0.246862380447322,0.8489399919563958,0.5671470071720046,0.5689230017365678,0.25411981641431974,0.8584779049664119,0.15343610370274602,0.5502363139132013,0.5781463959934521,0.570528082928115,0.2496820090177148,0.8515213156599065,0.5797559334604252,0.5868972816628966,0.26201456216153657,0.8576708565199274,0.14984221909602766,0.5596577150388504,0.6732049630213349,0.6620959025489,0.30483326689356055,0.9207196706954813,0.6658783396596556,0.6833660116242465,0.3137700558344553,0.9138066389031501,0.15718865605408222,0.6291801458865245,0.5863641348225075,0.5805591567718922,0.2506589312135162,0.8658668263058178,0.5839909948303993,0.5916293450131449,0.25341819471678156,0.8681456247082293,0.1595434256318218,0.5645833860624736,0.7378165423451553,0.7205031914787356,0.3447191071024659,0.9364927590957681,0.7280432126388072,0.7543110619783401,0.373484454372905,0.9430966214900539,0.14916545106764803,0.685714258796924,False,,,
c.1251+1G>T,splice,True,2.0,2.0,0.0,none,none,,2,24372464;28438721,2.0,1.0,,,0.5679346463360814,0.5603356031848485,0.2379008067988784,0.8466663876408619,0.5708207559033486,0.5753946283399491,0.2552127352691881,0.8504228680706127,0.15186675468797792,0.5526738280708042,0.5237340426211323,0.5273222643242141,0.2109963103904492,0.8317854728807625,0.5308816481694353,0.536334971583545,0.21160136752694644,0.8322583322657218,0.15900211865797562,0.5223863716892061,0.5223540047669304,0.5241899428511317,0.19595756221546165,0.8396321586277119,0.527868879915578,0.5307066387020198,0.1919046612976721,0.8477579043945211,0.16805131591396028,0.520527087509848,0.4732838882927845,0.47879252209882694,0.16514234824645457,0.8134063857484594,0.4837223613834267,0.48053074053963524,0.16614726036461913,0.8243794775761496,0.17314885606083236,0.48616267538057284,0.4304742885235544,0.4356492977953345,0.13675780676289406,0.7752062535202616,0.44696306206822106,0.4395318590425037,0.14724643265584245,0.7846806579918325,0.16526824497335552,0.4572236730698586,False,,,
c.1426_1429delATGC,indel_cdna,False,1.0,2.0,0.0,none,none,,1,30797226,2.0,0.5,,,0.5679346463360814,0.5604420580166921,0.24162320807667642,0.8448671434997973,0.5577964056055409,0.5608259741784314,0.259081584568546,0.8280573632554394,0.1473616590840742,0.5426913617640183,0.5781463959934521,0.5663314044125201,0.24103740652180783,0.8489106248178473,0.5667500330250975,0.5718017356587447,0.2558751804066856,0.8422967066437765,0.14877964246164868,0.5495689240010566,0.6732049630213349,0.6624963420537574,0.30928469877611536,0.9165367669263343,0.6450783762445343,0.6625981207368021,0.30169063347446684,0.8957012219605283,0.15432163649923356,0.6117280128071154,0.5087357125120241,0.5087954408797701,0.1858392830131047,0.8353334329867803,0.509922383916812,0.5095574306017083,0.19883091418115814,0.8224543113214805,0.1627674931760068,0.5069955464989839,0.6316556472635034,0.6234518507447672,0.2726825691947996,0.8979244627416648,0.6120424015168374,0.6251865824399268,0.2738882456796513,0.8800142256083782,0.15699260864620332,0.5876600150148752,False,,,
c.2122-62G>A,splice,True,2.0,2.0,0.0,none,none,,1,37821546,2.0,1.0,,,0.5679346463360814,0.5613198764092687,0.2342703491833348,0.8471176507879811,0.5702086364314992,0.5760509484106182,0.24001230632026124,0.8607471349481226,0.15639098552865055,0.5526240857836935,0.5237340426211323,0.5276887760380516,0.20681571548563765,0.8334133404760464,0.5315803830337749,0.5354360180148008,0.21691802446663036,0.8247970805949086,0.16022646538435056,0.5229911013447509,0.5223540047669304,0.5194663529624964,0.19808735799867958,0.8399261826633404,0.5303546370042533,0.5310445582071631,0.21068893577756118,0.8435993895071019,0.16397183620251277,0.5223427979247285,0.4732838882927845,0.47453718190334504,0.15641964730652494,0.8130887260045819,0.4834138947535218,0.4824062904889301,0.16639889921729473,0.8150186679770013,0.17044045287900408,0.486176442020359,0.4304742885235544,0.43773974784823994,0.14043635368751603,0.7799430153224207,0.4467254414864677,0.4405159296295377,0.1480257347537811,0.7936866670156555,0.16948292070210244,0.4570137132876472,False,,,
c.3803T>C,substitution_cdna,False,2.0,2.0,0.0,none,none,,1,26230511,2.0,1.0,,,0.5679346463360814,0.5563311510695396,0.23996327869726952,0.8350619853137914,0.5716394405129526,0.5760151360600149,0.26299104358671743,0.8506876494056079,0.14845205456953905,0.5533346111788595,0.5781463959934521,0.5695192558303146,0.2564399192069104,0.8507237520212709,0.5787953020930231,0.5894297031114932,0.2534706809794737,0.8612488030054123,0.15848998573100972,0.5591411706686122,0.6732049630213349,0.6600359951243906,0.2930406269864623,0.9119426474018045,0.669522552742652,0.6875257310558638,0.3156615161688585,0.9216514300627436,0.15684654350145,0.6323877128878851,0.5087357125120241,0.5077688705701434,0.18302940239199417,0.8263763518233914,0.5167766878727506,0.517906353580986,0.19210535079628452,0.8382530975643332,0.17025119449527015,0.5122057381587398,0.6316556472635034,0.6198024593792,0.26234525537214204,0.9006797801769396,0.626874804622395,0.6410070758378603,0.2691741093687652,0.9005409575933127,0.16444509032066484,0.6004392856693763,False,,,
c.386+1G>T,splice,True,1.0,2.0,0.0,P/LP,clinvar,,1,32393365,2.0,0.5,,,0.5679346463360814,0.5608068617311094,0.2495433752065296,0.8449639237441067,0.556898670412433,0.5618859092351494,0.25938923724670093,0.8272688284528049,0.14552661147535353,0.5419101699423357,0.5237340426211323,0.5179333014106061,0.2061231409161813,0.8288894982905175,0.5196592620406009,0.52250225347275,0.2159934010899863,0.8150495301060713,0.15549950167378485,0.5137579216873024,0.5223540047669304,0.5187868882066164,0.18387419429427357,0.8275727723133567,0.5166102276201783,0.5204233474765858,0.21056216621737245,0.8137345393898219,0.15711001408250316,0.5118442048880412,0.5502375238083598,0.54964778576734,0.21326075931379504,0.8561172417245112,0.5435011202534334,0.5519655097645673,0.2094097545382452,0.8398897615352049,0.1670530094947838,0.532736882001637,0.5567719733512766,0.5500374600209247,0.20894389205802094,0.8525920563981816,0.5472446801254258,0.5536470511515657,0.22735687573231053,0.8345263144188172,0.159295749817708,0.5358479774333983,False,,,
c.4916A>C,substitution_cdna,False,2.0,2.0,0.0,none,none,,1,36480497,2.0,1.0,,,0.5679346463360814,0.563232947151112,0.24274806588904507,0.8493906580596238,0.5685405818919405,0.577091023913527,0.2235694461787166,0.850521868142458,0.1583100450606812,0.5511061774595356,0.5781463959934521,0.5705019175351137,0.2512867875072768,0.8479827525703922,0.5804752716062191,0.5887747415327285,0.270032053582936,0.8542877642069796,0.1508868280810322,0.5601048202170826,0.6732049630213349,0.6609305776407927,0.2884306272822246,0.9139026082659911,0.6669983354786554,0.6882076620874542,0.30022965001647256,0.9135331822239124,0.15866860211207057,0.629973229938927,0.5087357125120241,0.5120525567310671,0.1848618823095222,0.8402856447869187,0.5157634835057847,0.515640991491778,0.1878935949715468,0.8297970189960622,0.1683992693164346,0.5112490095752735,0.6316556472635034,0.6214322679633387,0.26104932701214656,0.8967050100378401,0.6269432398514545,0.6423037368113131,0.25790861569818974,0.9036796561053234,0.16675734791491612,0.6006791394102075,False,,,
c.4926_4927insCGTCACAA,indel_cdna,False,2.0,2.0,0.0,none,none,,1,37821546,2.0,1.0,,,0.5679346463360814,0.5627602422924116,0.2424372543520487,0.8496886615641931,0.5698931620842775,0.5745151043227215,0.2483969242288479,0.8411945016087106,0.15231053271352754,0.5518900406481411,0.5781463959934521,0.5714482433436072,0.24899157363894475,0.8420432531413432,0.5792778363493906,0.5896384865286048,0.27064483679066154,0.8605600556091124,0.15003688960096961,0.5592994185641152,0.6732049630213349,0.6577519039804173,0.2866255062524131,0.9184056341532117,0.664773699843476,0.6844382477688091,0.30569121074302613,0.9141020164654828,0.1598537327530353,0.6285867038887286,0.5087357125120241,0.505983120597352,0.18828538775012998,0.831531079623654,0.5183656196081327,0.5214375425318698,0.18358505718499196,0.8333432980034993,0.17045227350261735,0.5133582521247463,0.6316556472635034,0.620806581691638,0.27510945751571136,0.8979155654706992,0.6319413640076662,0.6478940229293999,0.27319842230787844,0.9022995824077813,0.16601981617449332,0.6047808146046041,False,,,
c.820_830del,indel_cdna,False,2.0,2.0,0.0,none,none,,2,24372464;28438721,2.0,1.0,,,0.5679346463360814,0.5585186541111795,0.24679722681697383,0.842181918992357,0.573194782862106,0.5802086827554617,0.2552306548772852,0.852472775966791,0.15202891554001838,0.5547138040855724,0.5781463959934521,0.5717833372614394,0.25469446667999246,0.8556194367566591,0.5762969594639032,0.5829156976135994,0.2551624970382975,0.8546738381506244,0.1543507922295284,0.5570048909612253,0.6732049630213349,0.6593335591047121,0.3072620723317338,0.9125402542389911,0.6649697740415248,0.6825290651553413,0.3082325551185387,0.9178426877203455,0.16124555143990274,0.628989480420238,0.5087357125120241,0.504746695363844,0.18635116277064304,0.8273958288923746,0.5139896799823344,0.5147567192283324,0.1850292142630492,0.8311449041947426,0.1721665029008918,0.5099883201456965,0.6316556472635034,0.6216268616080387,0.2657445428672503,0.9022989874848769,0.6277119079856339,0.6455303673894426,0.26264960349421423,0.9030458566895753,0.16867020937744456,0.6011732203461773,False,,,
c.921+1G>A,splice,True,2.0,2.0,0.0,P/LP,clinvar,,1,32893267,2.0,1.0,,,0.5679346463360814,0.5618631860393685,0.2298993594609678,0.8560514482552294,0.5720524585135276,0.5801624561597833,0.24146895096053517,0.8464437895863205,0.1530203999933033,0.5537457353758771,0.5237340426211323,0.5209502163119472,0.19701715648886514,0.8340012767675846,0.5290326272346544,0.5341296718782831,0.1942653483087752,0.8430131493102881,0.16795763906019698,0.520950642795815,0.5223540047669304,0.5221246073345158,0.19515986094870594,0.8319576468271779,0.5316602692553373,0.5348358447450363,0.203452510723841,0.8382434083601186,0.16504058681511835,0.5232299094779365,0.5502375238083598,0.5443361795407403,0.19326201553918657,0.8595646098211678,0.5554191687734807,0.5631765712081256,0.20818839287952465,0.8624050540418187,0.17215253178033887,0.5420544563744987,0.5567719733512766,0.5539082608147621,0.2305023756411006,0.8538828289518653,0.5561258645403258,0.5632070558791512,0.21995061239202487,0.8492295331356372,0.16491725468687748,0.5432642514260199,False,,,
A128del,inframe_indel,False,1.0,1.0,0.0,none,none,,1,32893267,1.0,1.0,,,0.5679346463360814,0.5603703826332885,0.24398678885918992,0.8438933310712713,0.564709713682117,0.5716909668649026,0.23539605715797549,0.85439575635547,0.16030401983969422,0.5485582725448725,0.5781463959934521,0.574793317046524,0.2624047024807944,0.8570401723045076,0.5779059550506732,0.5865608387682473,0.25882421548436724,0.859885173544979,0.15374299899650087,0.5582140613110519,0.6732049630213349,0.6628966357933634,0.30471775168342746,0.9200424529258319,0.6667220944487785,0.6832042187651364,0.3123121239631773,0.9144763674549389,0.15509501741232956,0.6297836770825685,0.5087357125120241,0.5094668914927317,0.19262445880548915,0.8355771442534959,0.5181354945307849,0.5162725410226374,0.19920114124080823,0.8358063723997483,0.16949162443283994,0.5132093573771691,0.6316556472635034,0.6215509529397932,0.2643378766337057,0.8951508690029137,0.6259707317412218,0.6374100663924769,0.27531797904127375,0.9018244746251809,0.16360346850238477,0.5997496481413976,False,,,
A150T,missense,False,1.0,1.0,0.0,VUS,clinvar,0.1078,1,31899541,1.0,1.0,,,0.5679346463360814,0.5620274544599414,0.2463948838254966,0.8556330710398014,0.5722081554217191,0.5770432990034917,0.2590605193223701,0.8435093318065372,0.1505538971253993,0.5536632761857888,0.5781463959934521,0.5705815803760673,0.25117710587984493,0.8522277867830382,0.5821087490695208,0.5890538862614583,0.2578736753485933,0.8617108195682255,0.15344549882734734,0.5615212510091196,0.47015411444042127,0.4712644199456587,0.14359137972025562,0.8180369326829925,0.48308400723978956,0.48168253514477977,0.15528204083926292,0.8245549344174378,0.1758823875797088,0.4856430299085572,0.6070907159007526,0.5947004407030345,0.25654261340414464,0.8778450439646344,0.6083292802060756,0.622624705948045,0.26042885513247016,0.8925627202424177,0.16556358200859633,0.583785850485087,0.5225483257037675,0.5218744236160477,0.18477859230277482,0.8494422893873281,0.5285396577089636,0.5276987929434027,0.19014065987567166,0.853659816940635,0.178146747752427,0.5216829362596725,False,1.97094e-05,,
A178G,missense,False,1.0,1.0,0.0,none,none,0.8041,1,32681117,1.0,1.0,,,0.5679346463360814,0.55985687037237,0.2426189040451223,0.8424204532646432,0.5678214844533146,0.5737241002375969,0.24637720998560347,0.8594796327672732,0.15481554752247134,0.5506394531637517,0.5781463959934521,0.5714180112610188,0.25003876322410223,0.8573544958676562,0.5796192001672482,0.5890467865502755,0.2597349289289216,0.8552243438110282,0.152628060300288,0.5595471800483793,0.5579057653113169,0.55313347257788,0.23242065052203956,0.8441630146596271,0.5607080440025353,0.565174660687136,0.251109806915719,0.8502423816783228,0.1544126615879536,0.5454926824719462,0.5087357125120241,0.5128036061811878,0.1842303755977799,0.8345151121300814,0.5138852920261793,0.5096655660357235,0.1963050522082201,0.8364451110972934,0.16774769832959088,0.5102314909783308,0.4217915867187596,0.4271289394048016,0.14130164699058817,0.765968838824864,0.43289450429435894,0.42196412327935195,0.13971192510269573,0.7788605274696355,0.16827985059918837,0.44609106356703737,False,,,
A178_W188del,inframe_indel,False,1.0,1.0,0.0,none,none,,1,32893267,1.0,1.0,,,0.5679346463360814,0.5618569808086841,0.24826346609358765,0.8492621726419477,0.5708616824440267,0.5766776117333547,0.2558704489203206,0.8479496064420327,0.15017202134454305,0.5527160287901105,0.5781463959934521,0.5713845813366901,0.25107555132400283,0.8561746203068934,0.5773876374298536,0.5856761809135378,0.25884268264809324,0.8543619957484775,0.1536764736759267,0.5578908972494923,0.6732049630213349,0.6576784331625782,0.2933240488533779,0.914861965186673,0.6658596067414307,0.6862112558780724,0.3029089639794658,0.9168724990851949,0.1583799900411533,0.629202442872378,0.5087357125120241,0.5083650813167618,0.17425947876018646,0.8370664172597501,0.5132251548577053,0.5150034206553655,0.17736645526944822,0.8443467144437656,0.17453147229734237,0.5093388924153626,0.6316556472635034,0.6211817792984026,0.25708998233008445,0.8931201554897316,0.6288463687405964,0.6437706575187123,0.27065543360877975,0.9012357715150191,0.165052634146916,0.6020907229588159,False,,,
A287E,missense,False,1.0,1.0,0.0,VUS,clinvar,0.3247,1,16414944,1.0,1.0,,,0.5679346463360814,0.5612959801076597,0.2442193775276205,0.8446523229858408,0.5723648125377792,0.5834812387220271,0.25341453576378414,0.8536498812626875,0.15287505427901718,0.5541313538966728,0.5781463959934521,0.5714180893751611,0.25909221288846074,0.8525939199516792,0.580287713359486,0.5865258961762065,0.2733850987798105,0.8600903537136843,0.15306318027503504,0.560249776208651,0.4968831200294582,0.4968609754928261,0.17212376353006165,0.828606162628092,0.5075011743253657,0.5098547169913646,0.18431994951302497,0.8190513864149065,0.1635692458240512,0.5044713585752645,0.6070907159007526,0.6004906286590517,0.2604744693177275,0.8871705021933913,0.6089150812881483,0.6222627926612301,0.2761537299526493,0.8856189183100421,0.1602457509019407,0.5841971133685216,0.5522944593702586,0.544011527230444,0.2034810326774359,0.8479950556855601,0.556266214080554,0.5659420753295421,0.21654224864608082,0.8561753029892689,0.16820371391889619,0.5433592372882117,False,5.91327e-05,,
A287S,missense,False,1.0,1.0,0.0,VUS,clinvar,0.1095,1,32893267,1.0,1.0,,,0.5679346463360814,0.559954923628958,0.2587291077161319,0.8499925001277667,0.5680991512190727,0.5759704006413244,0.24921897958465217,0.8587051205380171,0.15428368884265492,0.5507340928761261,0.5781463959934521,0.5700202577766116,0.2490318293540058,0.8516286077051662,0.5789468920712741,0.5885821736932428,0.25282331915124506,0.8620496370773402,0.15595404608863256,0.5591844058422489,0.47035915188425453,0.47101260928829963,0.14362001695589863,0.809093647910972,0.4827602973271491,0.47916027442936693,0.14732483235168586,0.8300178968024093,0.18056101523553517,0.4852518708444529,0.6070907159007526,0.5932138294755976,0.23865555738541222,0.8839954248481264,0.6043424538599134,0.619266165467173,0.2602777843182394,0.8843047222193425,0.1629551833035385,0.5804907420229967,0.5227796250119652,0.5198396808789139,0.18829207414465596,0.8413119447394266,0.5281787486371209,0.5270826127794062,0.1843199666883555,0.8547325328172051,0.1788509672972739,0.5211832070458053,False,1.9706e-05,,
A287fs,frameshift,True,1.0,1.0,0.0,none,none,,1,20403459,1.0,1.0,,,0.5679346463360814,0.5626391578817916,0.2504281473004997,0.8463722190116206,0.5690248836631034,0.5765249435682747,0.2490763881290414,0.8497476098897067,0.15378953200377068,0.5512768291761614,0.5237340426211323,0.5194287174326091,0.19603436804250204,0.8330395880928728,0.5292886030367187,0.5353886838165545,0.19888134346622197,0.8362893828655037,0.1669595848451996,0.5211382638297692,0.5223540047669304,0.5211970117165511,0.19503527281470032,0.8348443982180479,0.5284575447731822,0.5318059423433708,0.1942033908719137,0.8428303011893195,0.16833884022833606,0.5206385111288434,0.4732838882927845,0.4757459352698511,0.15385171434233855,0.8074731716229128,0.4874010270892673,0.4853451983428474,0.15744823337525934,0.8202680497467792,0.1718765710165271,0.4891426878413691,0.4304742885235544,0.43748985387676104,0.1367150291172419,0.7881212441211775,0.44589413735799427,0.43796579027351623,0.13743739881038752,0.794681230385221,0.16995331941009453,0.45621208139001446,False,,,
A302E,missense,False,0.0,1.0,0.0,P/LP,clinvar,0.9977,1,36277779,1.0,0.0,,,0.5679346463360814,0.5636226976745717,0.2409700192712814,0.8467769212079657,0.5231846599107705,0.5304692387425274,0.22367140270370175,0.8027435866493254,0.1486418897870968,0.5159109622250159,0.5781463959934521,0.5746083026577691,0.261366088095291,0.8553791672985214,0.5321357805090088,0.5411990797309605,0.21257739056682073,0.8141439507364393,0.15381163316805713,0.5228278678837958,0.5820891268605712,0.5771999556197983,0.24884472216244943,0.8654024474422614,0.5337609977608854,0.5399753616720537,0.21949367169559814,0.8295435331433398,0.15896806675903136,0.5244868015689458,0.5863641348225075,0.5800280883549895,0.24919491906338273,0.8572765935350526,0.5388347574938405,0.5448360934343225,0.21365441240825703,0.8224633585028864,0.1541478516146552,0.5284283431420239,0.5750480814054328,0.5671616493925967,0.23569002514788173,0.8599943089006918,0.5296464738175228,0.5391835947404333,0.22093956597952574,0.8137986086488737,0.1527451500421694,0.5217191598633736,False,,,
A336S,missense,False,1.0,1.0,0.0,VUS,clinvar,0.3656,1,41331780,1.0,1.0,,,0.5679346463360814,0.5608099985052603,0.2392530687451098,0.8437270681573553,0.5689779853254778,0.5753884194566348,0.24599262070702527,0.8603176561660844,0.15422343030910826,0.551396067920272,0.5781463959934521,0.5725342971648364,0.24547721173998177,0.8588584922961748,0.5806883525770027,0.5906855116659641,0.27125016314674594,0.8589047011995297,0.15090528049225363,0.5602714095093926,0.5020299088709252,0.5041200940589395,0.1735398488060322,0.8235709773548462,0.5102794390276764,0.5114558851191514,0.18940412317596306,0.8286399033749487,0.167553052501839,0.5065952018833279,0.6070907159007526,0.5985899524765096,0.24809718354185425,0.884095260878125,0.6020909722229599,0.6122422022086825,0.2450370939395006,0.8943575146063055,0.16839589261352556,0.5792368676275192,0.5579137154634547,0.552347575177031,0.21891202158396908,0.8506896924889562,0.5610389907893037,0.5647530075992461,0.2232155215436252,0.8570293503581918,0.16427046101830137,0.5469632355436378,False,3.9788e-06,,
A372D,missense,False,1.0,1.0,0.0,none,none,0.9997,1,16414944,1.0,1.0,,,0.5679346463360814,0.5638803117940463,0.2479554812019094,0.8449668344463219,0.5651076467224846,0.5728066543379381,0.2488865880209125,0.8503199107483597,0.15279244681002477,0.5485152016845967,0.5781463959934521,0.5699362928444567,0.24829980213875022,0.8455182141974827,0.5780785552191314,0.5870671492059514,0.25926222683243266,0.852939377365911,0.1545973049185934,0.558317873861651,0.582334779121104,0.5763311406407577,0.24050011869664498,0.863299912710329,0.5805402058887992,0.5863249611353456,0.2528233924933669,0.866726988544499,0.15648075191695868,0.5610009271349107,0.5087357125120241,0.5108239129280516,0.19116309359334643,0.83800638824879,0.5150414017741884,0.5140786450536882,0.18708228259328022,0.841053896698749,0.16828633401549417,0.5109762376720316,0.4481115107936081,0.45556138176683403,0.15014097630661422,0.798708351291447,0.4635493784789031,0.45899407594754016,0.15559557506290458,0.8066110763141512,0.16993722323053362,0.4705025279757061,False,,,
A384fs,frameshift,True,1.0,1.0,0.0,none,none,,1,26496715,1.0,1.0,,,0.5679346463360814,0.5615123610197787,0.23652329253784465,0.8522671181462086,0.567797612118804,0.5754413862006698,0.2444535905530944,0.8455072346733836,0.1538672440171947,0.5505179782415024,0.5237340426211323,0.5207463306189226,0.19384705236850322,0.8275952050927844,0.5284182948225558,0.5306630602431288,0.1943574099221338,0.8370859396032836,0.168089044272594,0.5206193337523854,0.5223540047669304,0.5188284954147034,0.18749754031689222,0.8298157061778968,0.5281694298867765,0.5323199892304162,0.20533744237676776,0.8373515762144248,0.16396367292827266,0.5204609885999552,0.4732838882927845,0.4764789282441895,0.15370878821923037,0.8142368941804149,0.48289585034260263,0.48097909880845413,0.16591429001125926,0.817892127827052,0.17387575369654235,0.4855333217142201,0.4304742885235544,0.43495872304727395,0.13447119938363444,0.774892042874721,0.4433179489787412,0.43568264405289,0.1443029846350031,0.7958085152310963,0.16805731823238168,0.45427129417070716,False,,,
A422T,missense,False,1.0,1.0,0.0,none,none,,1,31378668,1.0,1.0,,,0.5679346463360814,0.5618535982427729,0.24420495997685257,0.8505116989345597,0.5676319061809211,0.5743206394787318,0.23231560863375458,0.8586269063591913,0.15766812807318228,0.5505869893879852,0.5781463959934521,0.5706146050215609,0.24577219366654648,0.8500578402016266,0.5788814207200836,0.5848118203888919,0.2574025882536856,0.8550262892335463,0.1530024368046779,0.5590541492455718,0.6732049630213349,0.6553976121203979,0.2931576196472684,0.9150156701876544,0.6680296621394741,0.6859005559528781,0.32548080913682775,0.9145216315624616,0.15565195064925966,0.6310112595059889,0.5087357125120241,0.5063745532474612,0.17196768487678188,0.829869250732854,0.5172494442939268,0.5207177212828566,0.19214437529660203,0.8346956981421423,0.1676820386218255,0.5127896464340389,0.6316556472635034,0.6167999397649953,0.2546861983723377,0.8915008135116316,0.6291686316064329,0.6480003748206635,0.2643791797509612,0.901267355037626,0.1667824121295898,0.6021848097349414,False,,,
A561V,missense,False,1.0,1.0,0.0,none,none,,1,24606995,1.0,1.0,,,0.5679346463360814,0.5625626884539886,0.23964494190507443,0.8432337940081411,0.5692537093489685,0.5768802032581523,0.2593326180485787,0.8418667270869734,0.15067581054764587,0.5514616951894633,0.5781463959934521,0.570659698293954,0.2415987115552479,0.8483799393881328,0.577954701908609,0.5862539773009958,0.2567949562580506,0.855969178753623,0.1536706306481873,0.5582564172539957,0.6732049630213349,0.6588294019717212,0.29227461828319445,0.9158009061281048,0.665032016229205,0.6847849295567117,0.3066859764851808,0.917212329850363,0.15784043434997336,0.6285094406208959,0.5087357125120241,0.5075871924948799,0.1840836203685147,0.8347074893103513,0.5142553869453893,0.5166098650095414,0.18216952745880954,0.8309860970080887,0.17074643192666417,0.5101344539155012,0.6316556472635034,0.6213833232488293,0.2677768851136924,0.8943638488797588,0.6315351255775706,0.644631834351959,0.29157852177528315,0.897754760348871,0.16115018720337837,0.6040611302682849,False,,,
A58P,missense,False,1.0,1.0,0.0,none,none,0.0707,1,32893267,1.0,1.0,,,0.5679346463360814,0.5607045514178268,0.24251525389248396,0.8368687173144986,0.5680644998258338,0.5736556142344783,0.2563115415972601,0.8399732452174483,0.15142231540680864,0.5505220988687909,0.5781463959934521,0.5701009127314604,0.25286372312256405,0.8473904645994473,0.5743626335090459,0.5826241382606491,0.256501891877932,0.8527038508096825,0.15444963575008042,0.5557118502166829,0.4656996451459699,0.47149476476424623,0.13858189120375558,0.8153460615789994,0.4769883907683932,0.4793588414994955,0.13471232571214917,0.8158439943120933,0.17850066841382653,0.48031875958377424,0.5087357125120241,0.51056867157902,0.17759732255565852,0.8392746410977997,0.5130582079332587,0.5133890165519319,0.19542188272063604,0.8302708322887992,0.1683929959194957,0.5093648366147947,0.3364256138951053,0.3467805095396227,0.07360229202131756,0.7456061396059426,0.355247598125618,0.3316197825870586,0.077125807357298,0.7513333176886383,0.18236739757805806,0.3813928290948546,False,,,
A75fs,frameshift,True,1.0,1.0,0.0,none,none,,1,40100472,1.0,1.0,,,0.5679346463360814,0.5577560702221569,0.23837256094580436,0.8456003109319485,0.5694723073007164,0.5752610511177836,0.26282732781178003,0.8468425917891553,0.15067237440706438,0.5518095257119227,0.5237340426211323,0.5230426817213161,0.19760246933053602,0.8337175250443923,0.5298470532425406,0.5328068088180558,0.2075385750411624,0.8353588166458987,0.16372415016565206,0.521756761745416,0.5223540047669304,0.516208618041817,0.18753474296803438,0.8306411850327553,0.5270285999521799,0.5277071775591742,0.20105382036737948,0.8400142101438873,0.16670892502041215,0.5196862088902403,0.4732838882927845,0.47408250858306805,0.15530372443648757,0.8074645988849974,0.48229130528913,0.4799944687026067,0.1639180666515539,0.8157062168690341,0.17163273837666823,0.48518578523934985,0.4304742885235544,0.4387561493959546,0.1394389630723968,0.7745347111532118,0.4442829382682386,0.43538458335629937,0.141666035180799,0.7862414247294688,0.16721779446704896,0.45506892938579824,False,,,
A78P,missense,False,1.0,1.0,0.0,none,none,,1,22949429,1.0,1.0,,,0.5679346463360814,0.5585065550253111,0.2397822913814175,0.841801460394954,0.5673677623876038,0.5759823498072107,0.23851818640627298,0.8560791620006036,0.1569296386511883,0.550169451605797,0.5781463959934521,0.5725388503357511,0.250086903313095,0.8505989385959798,0.579040223967484,0.5874060875292106,0.26069049863213084,0.8555273494463783,0.1509169429124429,0.5590163067610369,0.6732049630213349,0.6583508034667828,0.29783860237185034,0.9145199402365676,0.663060568902419,0.6811310217080099,0.31534783596045496,0.9153934130761955,0.15788516769327895,0.6269364238962936,0.5087357125120241,0.5018264188406335,0.17482880185998065,0.8324381994505421,0.5185858596110738,0.520467135525243,0.19696981738068134,0.8343537066458707,0.16721850259073656,0.5136724908659345,0.6316556472635034,0.6239695006966123,0.26904872487529197,0.8970819292051093,0.624313444946074,0.6423700824943401,0.2603642708805378,0.9008830920858452,0.16653155976745534,0.5982589935463419,False,,,
A83fs,frameshift,True,0.0,1.0,0.0,none,none,,1,36277779,1.0,0.0,,,0.5679346463360814,0.5618934012196501,0.2377907610508086,0.8449710353288017,0.525992846254563,0.5363482858756725,0.197647400665332,0.813395202956118,0.15829231191420323,0.5182437206923565,0.5237340426211323,0.5201655874907636,0.19577591791958335,0.8316596024641125,0.4854631540118834,0.4872853527183544,0.1779538523446115,0.7933553124849025,0.1616577386829694,0.48735051155453524,0.5223540047669304,0.5189313848408926,0.1934368538216495,0.8394608582188026,0.4823439581303112,0.48781115219488513,0.16312394745652836,0.7987863978582689,0.16331806715257635,0.4847106159942795,0.4732838882927845,0.47459522930419845,0.15396738022766276,0.8121017289438833,0.43919498315842154,0.4345612704850317,0.13713699204587315,0.7606271104421624,0.16453146179064054,0.45107298948741303,0.4304742885235544,0.43531731385708866,0.13451368562794247,0.7903745187618254,0.40593188957530557,0.39716730784629284,0.1264828002856588,0.737724839823591,0.15853255530429267,0.42446716479561925,False,,,
C214Y,missense,False,1.0,1.0,0.0,VUS,clinvar,0.428,1,41013213,1.0,1.0,,,0.5679346463360814,0.5617992978055826,0.2402379007864821,0.8495876331383496,0.5683217333781618,0.5756116533660324,0.24256676643971606,0.84912328185877,0.15534070891927662,0.5509065206684308,0.5781463959934521,0.5729381973831206,0.26435605394396083,0.8465961876639521,0.5777262226062996,0.584166938431006,0.26051840882999794,0.8580340912282203,0.15452145658424277,0.5581741480455794,0.5099288459365027,0.5101697560887068,0.18975020749432112,0.8242519022449251,0.519567654948573,0.5250809901819569,0.19244899236230517,0.8263228938975689,0.16486231634949536,0.5137073494925866,0.6070907159007526,0.594314373283453,0.2418735833556573,0.8829874078399136,0.6085303451420183,0.6222125634724016,0.26098417273460495,0.8793893449111613,0.16130692598488947,0.5839460221666484,0.5664591485575858,0.5601190500704236,0.22391617081955756,0.8535644827271379,0.5695183249023871,0.5783694743217017,0.22489207641318235,0.8595851160006448,0.16413313220219342,0.5538180916603478,False,1.59758e-05,,
C331X,nonsense,True,1.0,1.0,0.0,none,none,,1,32893267,1.0,1.0,,,0.5679346463360814,0.5585341996966294,0.24765215529644502,0.8440199180826427,0.568161414839678,0.5773522633263206,0.24636671331842802,0.8533682465307493,0.15640433610563126,0.5509169137166273,0.5237340426211323,0.519117006432618,0.1990389099110347,0.8232218239896657,0.5275858760891139,0.5309397596940464,0.20144225539734284,0.8291951472888742,0.16214655023343916,0.5197935988405586,0.5223540047669304,0.5203879439648005,0.18888083110443044,0.8389390724332836,0.5267080617040413,0.5281714010023368,0.20581011449003703,0.8406419078316357,0.16619258889381272,0.5194926445246713,0.4732838882927845,0.47416854049291673,0.146475725611912,0.8129366191302053,0.4856807054271424,0.47940333077361674,0.1602910619918088,0.8276292939543188,0.17516264759733835,0.4876679454246393,0.4304742885235544,0.43562943022414574,0.135776371879021,0.7875526369960358,0.4448294526904003,0.4401109340321906,0.14542236318614649,0.7759847078270246,0.16737210085067583,0.45536467354542104,False,,,
C34X,nonsense,True,1.0,1.0,0.0,P/LP,clinvar,,1,32893267,1.0,1.0,,,0.5679346463360814,0.5579622577509029,0.2423760182139641,0.8441868116877298,0.5701534172971268,0.5764094470838466,0.24458479339410824,0.8524402178180732,0.1566949109508443,0.5525186835792725,0.5237340426211323,0.5257321745277418,0.19574567669309845,0.8320737905554035,0.5309937182179462,0.5359225013341451,0.2109782375716695,0.8332562658436868,0.16142819017615997,0.5224575038044059,0.5223540047669304,0.5229431294798991,0.19292612278501622,0.8427474972550156,0.529008592929027,0.5330481719501257,0.20804894597268994,0.8420353238241223,0.1664189385479996,0.521157498526412,0.5502375238083598,0.5485198477644293,0.21649016915364855,0.8500489528853399,0.5562298546035007,0.5630508758893148,0.20818235140023222,0.8618908902211715,0.17202374713657634,0.5429494340569039,0.5567719733512766,0.5548739280883696,0.2211443189220743,0.8482257919221985,0.5584606695307187,0.5661849310569051,0.22383011601952593,0.8634986155002137,0.16748110478071887,0.5451286345398859,False,6.75156e-06,,
D202H,missense,False,1.0,1.0,0.0,none,none,0.997,1,16414944,1.0,1.0,,,0.5679346463360814,0.563512669487167,0.25181272129578025,0.8398836885302255,0.5706799473883564,0.5757891002054955,0.2534217785813483,0.8381409746557604,0.151479452115156,0.5526413803112767,0.5781463959934521,0.5719491919560775,0.2455556773341461,0.8515481733410456,0.5787167271059916,0.5866570040704643,0.2643044964827123,0.8569429448682906,0.1551269039861564,0.5588819710251751,0.5820031249061617,0.5796487202132795,0.2434907733888992,0.8632041015980492,0.5823289264753846,0.591256032783301,0.2537145765522706,0.866588050563729,0.1567666044548366,0.5624127052207926,0.5087357125120241,0.5057060878294043,0.1796144222440421,0.8320607788133974,0.5188629115002421,0.5197714615295946,0.18491963773674405,0.8459134544257767,0.17109010877222167,0.5139993868204149,0.4477438944787557,0.4519924507825265,0.14628747413008422,0.794897206715817,0.46106081312256614,0.45500777724833863,0.16032436449806328,0.8062069203943192,0.16841454618924037,0.46867622806421616,False,,,
D2Y,missense,False,1.0,1.0,0.0,none,none,0.1068,1,30816480,1.0,1.0,,,0.5679346463360814,0.5612502236307088,0.2442616186169409,0.8470449576366251,0.5711980366496516,0.5793574089494717,0.25322435180324204,0.8469341216549733,0.15251293260931023,0.552978497924171,0.5781463959934521,0.569419411839609,0.25443515523606686,0.8473507413409854,0.5760887003692777,0.5826979488982458,0.25862039140080345,0.8578414280465305,0.15605267976322126,0.5570730615431237,0.470033541377405,0.47508042289728253,0.1454418982882957,0.8220266467947777,0.48048073534080615,0.474752898187743,0.15516738230886865,0.8206738561476774,0.1742138881509486,0.4836220716874217,0.5087357125120241,0.5093353176932822,0.18234801094210343,0.8350769708016346,0.5176719345141058,0.5200235128185677,0.1843658234597494,0.8398291991329979,0.17104603933200346,0.5129163415399923,0.33996573665253843,0.3534899519816068,0.07264796202285055,0.7543720302060998,0.3600655929037635,0.33507766022051744,0.07695568609845468,0.7620147807982716,0.18402375820306963,0.385449279780874,False,,,
D428G,missense,False,0.0,1.0,0.0,none,none,0.2104,1,19841300,1.0,0.0,,,0.5679346463360814,0.5609674054246004,0.24401246707989896,0.8451405419307121,0.5222020552230037,0.5290689769340025,0.21086998565582657,0.7969548343308973,0.15019420780451392,0.5152243290242762,0.5781463959934521,0.5717274879618294,0.2622912617710739,0.8450865685960823,0.5326087649139668,0.5398423658461742,0.20887336152634298,0.8300452024596862,0.15861520064875115,0.523268852440371,0.48266387766553515,0.4840960205175714,0.1584603421601267,0.8224559954606466,0.4502515697579109,0.4496244559617138,0.13356077227329277,0.7855355296360312,0.16870786765287882,0.45979167345489397,0.5087357125120241,0.5047194628289727,0.18763247632956262,0.8301036960963358,0.4689833915099793,0.46863982669252013,0.16408865143030904,0.7800004839653559,0.16431055861019633,0.4744861654884523,0.3505344269323452,0.3635691650973974,0.08615190184798813,0.7632041975106426,0.3320112206720106,0.3117450239675181,0.07972962700537894,0.6941248114134572,0.1647007061956263,0.3631430282276758,False,,,
D454fs,frameshift,True,1.0,1.0,0.0,none,none,,1,24667783,1.0,1.0,,,0.5679346463360814,0.5611138915210656,0.23453262874240113,0.8501859018793109,0.5688550989537021,0.5758711563757973,0.24265733128693165,0.8495794061016569,0.15333581368211982,0.5511015076303455,0.5237340426211323,0.5223100969150049,0.20224728407852596,0.8230059916746884,0.5279956312966272,0.5301877566364525,0.20756892659467469,0.8272055331710082,0.16113951416933925,0.5202528941242686,0.5223540047669304,0.5190390501521231,0.1843108187681983,0.8347708185200691,0.5276431874857636,0.5298159943957892,0.19193800345538503,0.8469453927098188,0.1668207361615884,0.520162366882079,0.4732838882927845,0.47866481130910266,0.15209321578584373,0.8016315778920736,0.485915253995993,0.4849380834694838,0.1666993288234198,0.8229369421807687,0.17248552277362542,0.48803148769202004,0.4304742885235544,0.4346128741544444,0.1401106679221032,0.773288781799834,0.4437533818067147,0.4364077347916584,0.15119050779485063,0.7971066872813376,0.16946096366117072,0.454806226895556,False,,,
D611N,missense,False,1.0,1.0,0.0,VUS,clinvar,0.1753,1,33614747,1.0,1.0,,,0.5679346463360814,0.562695380197292,0.24405004631412489,0.8480681314282958,0.5740803041034721,0.5823669386861619,0.25462742161932667,0.8527474171321765,0.15493042836021995,0.5554928203747282,0.5781463959934521,0.5723470737628382,0.26156153024945156,0.8593474783023359,0.5817287506831594,0.5904528199145641,0.2624586321467726,0.8596218440570698,0.15368621148614506,0.5611146006260124,0.47835441062755024,0.47961994795124346,0.15766406170161884,0.8134648861213651,0.49179967375811057,0.49089320730427505,0.1562029487098301,0.8258479259108469,0.1735515898292452,0.49229953545480915,0.6070907159007526,0.5954341490166725,0.24259159552137596,0.8716836502790862,0.6096146408366245,0.6218176012777182,0.2548977222146524,0.8859893646289151,0.16391253492311303,0.5848598652230473,0.5317648790161292,0.5270921063763474,0.18741504994992234,0.8543878277909949,0.542741967615055,0.5440925758021105,0.19975340427190985,0.8650461445681471,0.1752648304626575,0.5326927339711862,False,7.22999e-05,,
D76N,missense,False,1.0,1.0,0.0,none,none,,1,24561134,1.0,1.0,,,0.5679346463360814,0.5674346000218911,0.23651729728059026,0.8556588761928937,0.5696946228972845,0.5785506711854702,0.24900365314258985,0.8475047998480022,0.15078849893365084,0.5518492196865219,0.5781463959934521,0.5715789179067943,0.24875837995388986,0.8467761455094944,0.5775627710119433,0.5833008817212819,0.25836955365704245,0.8595312393863274,0.15427733343350947,0.5579556498797501,0.6732049630213349,0.662845705928994,0.3044048616327126,0.9177235359745287,0.6648324965632899,0.6831546291899369,0.2989906659752769,0.9233994521055672,0.16013834395911758,0.6285541833007328,0.5087357125120241,0.503587221146249,0.17722926812057135,0.8236806088317645,0.5179690706915242,0.5182001980929005,0.18739031359051417,0.8396097522245191,0.17049653043691054,0.5131765542908807,0.6316556472635034,0.6195659134863117,0.25256664073422835,0.8885704375355308,0.6250694653610225,0.6413803197289274,0.2586362367350751,0.9041456202135383,0.16645898270806725,0.598951252854721,False,,,
D78H,missense,False,1.0,1.0,0.0,VUS,clinvar,0.1316,1,32893267,1.0,1.0,,,0.5679346463360814,0.5634418667020921,0.24783913637872024,0.8500303682063683,0.5680139890668531,0.5740572797336554,0.23889107294845116,0.8550834724400457,0.15721331850262368,0.550824918075144,0.5781463959934521,0.5707202127574355,0.2554538686416748,0.856071591375034,0.5830967118081207,0.5895169802125083,0.27324160298951056,0.8512555637724261,0.15041597748832372,0.5621963474364624,0.4730317973937853,0.47680093638158455,0.14505188365701027,0.8187844060575117,0.48390807340985864,0.4816087880535577,0.14808321534956795,0.824028247069115,0.17772832207936734,0.4861694577647624,0.6070907159007526,0.6007201316049046,0.2523797505011304,0.8850608392326889,0.6073943993280102,0.6210428856855577,0.26757147435422574,0.8836779007137022,0.1608999355096738,0.5829993189811339,0.5257907185315847,0.5257939715386721,0.1900937053850384,0.8469110438635858,0.5326310463792558,0.5362855168194038,0.18439700782949814,0.84701513173719,0.1739722687743429,0.5247341618172278,False,6.60005e-06,,
E115A,missense,False,1.0,1.0,0.0,none,none,0.9922,1,32893267,1.0,1.0,,,0.5679346463360814,0.560302453553572,0.23620475058690735,0.8497967863707063,0.5690807916470312,0.5772643521191989,0.24705299187733262,0.8503296007270383,0.1532940387021671,0.5514232132739348,0.5781463959934521,0.5700720443733381,0.24783100295867053,0.8526897780717064,0.5771095988966832,0.5865731111431338,0.2533832470770433,0.8675760467259573,0.1577497358192631,0.5579659260419165,0.5814130684830936,0.5725419114890253,0.24235678984541922,0.8604732735987648,0.5799241314275387,0.587411480137946,0.2582183090012187,0.8615920913095669,0.15631152727420775,0.5604181325278718,0.5087357125120241,0.506211282390892,0.18117859957437107,0.834713463233191,0.5144675658512968,0.5159565937800181,0.19430856470252572,0.8362243609488546,0.16801454788700015,0.5103481242248273,0.4470905438051987,0.4550877099718072,0.15157936750865122,0.7916455739202198,0.45920347885653423,0.4525504564793694,0.15383704069738008,0.7954003416874208,0.17157120863074257,0.46703213642777636,False,,,
E115G,missense,False,1.0,1.0,0.0,P/LP,clinvar,0.9869,1,32893267,1.0,1.0,,,0.5679346463360814,0.5620001075734109,0.25882206008448067,0.8491770084172304,0.5695413065511176,0.5781920021907072,0.2540992220259595,0.8516472312856144,0.15255947058896502,0.5516960864097644,0.5781463959934521,0.5721857414074113,0.25651094768015836,0.8559323710233586,0.578967681779639,0.583587182267787,0.2588891831496814,0.8639912278958627,0.1554394773251069,0.5592691739237062,0.5807608865590602,0.5744463603786861,0.260142248869966,0.8665236037717815,0.5814134338938358,0.5900677876411982,0.24193802054152502,0.8665389844476286,0.15826965734941353,0.5615918900721891,0.5863641348225075,0.5777603045604236,0.2529487539824309,0.8610545645083186,0.5842745889605414,0.5950567175662974,0.24465794527210424,0.8662388778727181,0.16136040703185367,0.5644781685383594,0.5735877754902435,0.5723583393296502,0.24237879079735394,0.8549049675424836,0.5770719453927853,0.5827937583120228,0.253483889247874,0.8630486072337566,0.15551342585671876,0.5597354967837981,False,,,
E11K,missense,False,1.0,1.0,0.0,VUS,clinvar,0.2101,1,33614747,1.0,1.0,,,0.5679346463360814,0.5631263094942984,0.24867841314052405,0.8478792540008702,0.5677382541141855,0.5749545880805925,0.25819920055610507,0.8416570115475613,0.15022820503838205,0.5503534928929089,0.5781463959934521,0.5755895765058826,0.2601185957816285,0.8486710699963684,0.5780631996456014,0.5854499408600551,0.26467533270668103,0.8517165152463104,0.15222991607443,0.558436295046328,0.482626921251787,0.48723649566444904,0.15191916741051928,0.8168354977040381,0.49380196008994365,0.49607484393247014,0.16552372398196608,0.8243640912011256,0.1743231028478279,0.49381386940144,0.6070907159007526,0.5993164842811801,0.2576555246794642,0.8822300055834766,0.6042576058157704,0.6149695260294605,0.25373934661057074,0.8893529779166047,0.16809182480661833,0.5808580422829857,0.5365372558471815,0.5355592829894058,0.19088897567039112,0.8572383410658869,0.5413155257421582,0.5465512494209686,0.1952300316608376,0.8486114223980591,0.17016657071490426,0.53145197313713,False,0.0,,
E146G,missense,False,1.0,1.0,0.0,VUS,clinvar,0.2524,1,26734131,1.0,1.0,,,0.5679346463360814,0.5639867228949643,0.2496978075065413,0.8520225663783726,0.5699468214191896,0.5777134169286313,0.24223348701663502,0.8569058853380717,0.15512577755127757,0.5523617570738925,0.5781463959934521,0.5695389743754997,0.25692346535403676,0.8627072758099497,0.5806951557749659,0.5902780461631334,0.2447266359954336,0.8724778956900917,0.15787896174290558,0.560462964226874,0.48785768243799904,0.485953151956486,0.16290097786210875,0.8298718501240805,0.4997317590750404,0.4991156534274913,0.17512386295514418,0.8250641688100339,0.1690832569933431,0.49854287857288776,0.6070907159007526,0.5999394601724246,0.2440334062495651,0.8843123310446519,0.6082822475007873,0.62071904206566,0.27117592958584164,0.8898711373022541,0.16150183962951442,0.5836920170396218,0.5423498206236562,0.5407590797734473,0.21399601812008848,0.8526684864258504,0.5503277230535819,0.5545992108179838,0.20801750738670233,0.8539778441018065,0.1677408290585913,0.5384509278177843,False,1.31489e-05,,
E160del,inframe_indel,False,1.0,1.0,0.0,none,none,,1,32893267,1.0,1.0,,,0.5679346463360814,0.5573320279189443,0.23255765633734277,0.8333364683696868,0.5660177482258056,0.5700485973515463,0.2585569680847306,0.8521386336222256,0.1515026740507838,0.5492368058634781,0.5781463959934521,0.5665782925882581,0.23876805632385062,0.8494824626831,0.5794510007063994,0.5889784063151551,0.2543024909246813,0.8589079864187072,0.15518892192276026,0.5596194474793477,0.6732049630213349,0.6614909786012958,0.3038559155327084,0.909900576511599,0.6654661412269439,0.6825109848149966,0.3212534969819347,0.9113309735993144,0.15632334421935787,0.6287684238581543,0.5087357125120241,0.511199692060047,0.18414845102253447,0.8332635099151943,0.5142931043596758,0.5173927340442928,0.18428358637963682,0.8334195979030831,0.16919533559999503,0.5101385480392051,0.6316556472635034,0.6205780698532384,0.2560809175091852,0.894684787809023,0.6256026447388876,0.6399231998107404,0.2764570762341493,0.8949838966275125,0.16057543419507983,0.5991262008871042,False,,,
E261G,missense,False,1.0,1.0,0.0,none,none,0.9979,1,33614747,1.0,1.0,,,0.5679346463360814,0.5636524653554046,0.2484753044528147,0.8447422403495282,0.5710331751009143,0.5787538933531923,0.2538696634113864,0.8533396398729184,0.15278636382423424,0.5530117593613292,0.5781463959934521,0.5704007625156519,0.24823408766272206,0.8543912677670776,0.5801965944330204,0.588505682192423,0.27078534521224,0.854056279513982,0.15055286194931172,0.5599477468678575,0.5821136965968438,0.5729455084935626,0.24810357308504488,0.8655770020159587,0.5812450259230042,0.5875950600712264,0.2538487031309683,0.8651485685272259,0.15730036538612013,0.5614653000484673,0.5087357125120241,0.5064154543553531,0.18178990733366757,0.8344405901308625,0.5135943938531639,0.5112989161516694,0.19375575680242557,0.8341407588877952,0.16914013684717902,0.5096120566988189,0.44786642487595385,0.4546037928644531,0.14225195293342133,0.8029208575883091,0.46031808923509526,0.4575624421577455,0.15444549974232202,0.8105934007069978,0.17098751550595928,0.4679422242166354,False,,,
E261Q,missense,False,1.0,1.0,0.0,P/LP,clinvar,0.9945,1,28725320,1.0,1.0,,,0.5679346463360814,0.5583613765848001,0.24562626633855508,0.8394249874377968,0.5691313925564433,0.5769875024083602,0.2529858489655138,0.8472325891630264,0.15129585384066344,0.5515147682441243,0.5781463959934521,0.5694621229719748,0.2616228641064686,0.8435030271739679,0.5803365979129449,0.58629783887867,0.26618583838477644,0.8533649175348126,0.15110909994237284,0.5601762979137102,0.5816958752847375,0.5779871789590216,0.2568273221113388,0.8645053604039705,0.5818316577841368,0.5875146974825278,0.24571742369874336,0.8710355488259622,0.15824166517386062,0.5622463917384276,0.5863641348225075,0.5765044960685599,0.23832925276923517,0.8650179242801207,0.5836781569124029,0.5932941720705915,0.2559603553380253,0.8628824350778795,0.15729941973815756,0.564253708012973,0.5746157387924985,0.5669965087164621,0.24674999078286292,0.8537145660593909,0.5769829288185958,0.5835987700750831,0.2596164735622829,0.8495228056639516,0.15419948221471402,0.5596403967435208,False,,,
E261X,nonsense,True,1.0,1.0,0.0,P/LP,clinvar,,1,28725320,1.0,1.0,,,0.5679346463360814,0.5647733797654727,0.25687238711758315,0.8502614981764385,0.5673277348219009,0.5757521795564418,0.2466800529000511,0.8501754258282572,0.15384407596602617,0.5501688288104076,0.5237340426211323,0.5213345498083432,0.20132377922770042,0.8185232458966779,0.5310937115040942,0.5349980608016847,0.21732106752281216,0.8301364096386059,0.15813401053743387,0.5226139718264613,0.5223540047669304,0.5240693793668677,0.19439379615642416,0.8427393671236565,0.5264428987112794,0.5285831016966889,0.20512981144029946,0.835220063445924,0.16261359669053194,0.5191732774511135,0.5502375238083598,0.5464296252919288,0.19982447244234383,0.8557329183666148,0.5537926182143152,0.55759858244699,0.21023193419408245,0.8583944116249046,0.16945118218507674,0.5407147519228936,0.5567719733512766,0.5535417512800532,0.2108651864255609,0.8578167527991809,0.5602957028814275,0.5698585788535002,0.20612082272598975,0.8587608846288775,0.1670039324019358,0.5463932346671877,False,,,
E290K,missense,False,1.0,1.0,0.0,VUS,clinvar,0.115,1,32893267,1.0,1.0,,,0.5679346463360814,0.5640798681828367,0.250044835892105,0.8426104107606228,0.5743463757050108,0.5835778264512363,0.2593267295464896,0.8566517118824802,0.15129050495837607,0.555573690944592,0.5781463959934521,0.5701851097693926,0.25036811452395386,0.8513577588134839,0.5838142925407558,0.592987391228462,0.25574181158918236,0.8624783886527314,0.15674632295438276,0.5630278736078554,0.47102305172494674,0.46839227698953695,0.1332480282588245,0.8097987761117932,0.48230220897019493,0.4789500118156107,0.1486425583681952,0.8205123309458706,0.17717054576408756,0.4848389389026585,0.6070907159007526,0.5960868467065076,0.2536117053293312,0.8851863972098225,0.6048303573958274,0.6160862019162938,0.2664976877026568,0.8847981851421904,0.16132735104593007,0.5809795151410385,0.5235282722970671,0.5197956337019687,0.18203884377901872,0.8431056108468667,0.5308122962541231,0.5326473373074387,0.18376968066499463,0.8572148138241925,0.17814578340210535,0.5233238424362996,False,4.598e-05,,
E385X,nonsense,True,1.0,1.0,0.0,none,none,,1,32893267,1.0,1.0,,,0.5679346463360814,0.5594740635376337,0.24445025232402637,0.8412031762849873,0.5697908564066803,0.5726352459742863,0.25769111984642984,0.842064732756803,0.148979701791277,0.552037182390316,0.5237340426211323,0.5203961834899908,0.20210981293137578,0.8259000769232264,0.5305674409028294,0.5375458575244132,0.2077269513927294,0.8392935113086536,0.16426230242498388,0.5222042740374347,0.5223540047669304,0.5212535760119014,0.20057579741985912,0.8319559398321743,0.5290202910522661,0.5291056292880016,0.2037755631834627,0.8407895020694245,0.16441713476451583,0.5213290084329554,0.4732838882927845,0.47769287963784957,0.15823786070174395,0.8213868528747089,0.48621456528094353,0.48766004950632325,0.15894962912461266,0.8072475148289455,0.17193016883728843,0.48788757682297934,0.4304742885235544,0.4366863450970395,0.14169645432951022,0.7869025309740203,0.44527595056043767,0.43761445028009316,0.14970408502100138,0.7901718835252404,0.16983195264225165,0.4560295285758258,False,,,
E508X,nonsense,True,1.0,1.0,0.0,P/LP,clinvar,,1,32893267,1.0,1.0,,,0.5679346463360814,0.563692256678631,0.2525838105549499,0.8420153151515113,0.5705753484600107,0.5745254483499378,0.2696025811885646,0.8483297782889145,0.14852735205132878,0.5526627115767356,0.5237340426211323,0.5244338512059484,0.19646602540850572,0.8264352479401372,0.5267793751030928,0.5356861276499515,0.19236392753069775,0.8366162648674066,0.1679129637558632,0.5191160848282965,0.5223540047669304,0.5200685149754916,0.1862542144689077,0.8297356833527753,0.5271000627078787,0.5324549636902343,0.19744610159392764,0.8386594988149542,0.1657241592635923,0.5197596317819371,0.5502375238083598,0.5415515009072345,0.19759713357367134,0.8545708851850574,0.5533397204813055,0.5611940517331386,0.20487724023729792,0.8619933037828929,0.1723857887412343,0.540342619557311,0.5567719733512766,0.5533637610675898,0.20836733050001094,0.8511402798144188,0.5592255594528336,0.5682120282869922,0.21943614446812928,0.8512940553071804,0.1658387880222513,0.5456047341709808,False,,,
E578V,missense,False,1.0,1.0,0.0,none,none,0.8005,1,32893267,1.0,1.0,,,0.5679346463360814,0.5642465598830986,0.2443923741960704,0.8558746451531427,0.5692495123745257,0.5741777802997874,0.2559585001792884,0.8448815124663198,0.15104958562021817,0.5516145715474209,0.5781463959934521,0.5741918451655853,0.25585727208642167,0.858715270218077,0.5772930758147321,0.5902046565882519,0.2577051576243988,0.8575490124483879,0.15675531586954874,0.5578565770457576,0.5574499143616345,0.5539723562266776,0.22443397274583837,0.8447595898133065,0.5578874345015221,0.565098137422755,0.22061286450776013,0.8583665147880825,0.16141095783231163,0.5433130094413073,0.5087357125120241,0.5064600155066815,0.18144114575949769,0.8305949750579326,0.5156410459039353,0.5167177784289951,0.18989281357592153,0.8319082968431418,0.16859184294069707,0.5114135632883497,0.42131528147068265,0.4259176069459116,0.1378405745834227,0.7728367307350416,0.4360102922157007,0.42848928260067665,0.14458372192241084,0.779074066125726,0.1649553945437731,0.4486554840704335,False,,,
E633fs,frameshift,True,1.0,1.0,0.0,VUS,clinvar,,1,29688407,1.0,1.0,,,0.5679346463360814,0.5629905774118151,0.24315333990554147,0.846096709503125,0.5688441593608089,0.5733793841930155,0.26980665654553443,0.8447425681464376,0.1507967077813812,0.551365429677039,0.5237340426211323,0.5245750569356308,0.2007170221092811,0.8349381621579088,0.5261205522897431,0.527682600372417,0.20703148555402873,0.8366001357854772,0.16266601224444716,0.5189255420279447,0.5223540047669304,0.5226666182921264,0.19731518191046318,0.8294013205432113,0.5265488075934727,0.5288519484609897,0.20177238326656086,0.8430142528824522,0.16520061256516155,0.5194817281802032,0.571251173730399,0.5686831733197206,0.20641211188351094,0.8807471366223951,0.5746702624395205,0.5901539173769397,0.21567341516872923,0.8757286604520886,0.17245427932817886,0.5570605297068454,0.6218270920581075,0.611666479123723,0.24029725510775082,0.8970779749543808,0.6185277062051997,0.6320088773377995,0.24588091136464998,0.9026144951710775,0.1730146306699208,0.5940702008850104,False,,,
F166del,inframe_indel,False,1.0,1.0,0.0,none,none,,1,36674868,1.0,1.0,,,0.5679346463360814,0.5649657724172024,0.2547556095038027,0.8430449395715105,0.5713298659971339,0.5756038392096603,0.2615555177703279,0.8542083071854982,0.152441890981499,0.5533050586098821,0.5781463959934521,0.5770012729853388,0.25436842051601427,0.8499428407010193,0.5782733491084542,0.5879940702137958,0.25599876244015285,0.8573032429171557,0.15516290461391272,0.5586029549443687,0.6732049630213349,0.6607078625853273,0.297377813710144,0.9171341553012723,0.6658139139406405,0.686980848535294,0.30580599436250944,0.9211139215634985,0.15886441493183756,0.6291595852047028,0.5087357125120241,0.5085872592289074,0.175959068857135,0.8293346407412866,0.5165650349976727,0.5193615630696562,0.18750751488325493,0.8396719416850532,0.16817433663301778,0.5121552426268188,0.6316556472635034,0.620054690857624,0.27404152557287237,0.8969547585160031,0.6225042808867525,0.6364813488244256,0.26934295191643287,0.8986505076361939,0.16325258230752848,0.5967397735195237,False,,,
F167del,indel_cdna,False,1.0,1.0,0.0,P/LP,clinvar,,1,10973849,1.0,1.0,,,0.5679346463360814,0.5605386605511512,0.2507359575035223,0.8504954900973895,0.5675902036579641,0.5766354476358873,0.241534875606304,0.855916715221365,0.15402443929174628,0.5503220185356186,0.5781463959934521,0.5694625155982866,0.2560723791944904,0.849295562385596,0.5785291079719247,0.5854395558330383,0.2711268184343855,0.8542583690306692,0.15025870014522505,0.5587292526954216,0.6732049630213349,0.6573274705918792,0.2908977111594475,0.9128758019223597,0.6656757538851642,0.686782179248721,0.3182533873113975,0.9149128215274336,0.15654897937903647,0.6289524753063672,0.5863641348225075,0.577937254265733,0.24671305733805152,0.8573982807566346,0.5858569904421911,0.5935415191981379,0.2524162520732018,0.8717607441646466,0.15880239914761665,0.5660888951953723,0.7378165423451553,0.7194340818842341,0.377251043544543,0.939294548337159,0.7277282561165375,0.7527603500942713,0.37794942533148934,0.9368361794841031,0.1460990881272938,0.6849795648106674,False,,,
F222fs,frameshift,True,1.0,1.0,0.0,none,none,,1,32893267,1.0,1.0,,,0.5679346463360814,0.5587572879801861,0.24200122135616015,0.8439334030172717,0.5680821730633081,0.5726954472405679,0.2455264735017503,0.8529988918522536,0.1547669695436594,0.5507290615521531,0.5237340426211323,0.5239381978708982,0.20035253485053076,0.8293658995999654,0.5304526797069383,0.5352652308067032,0.20748248469214073,0.841902124508911,0.16404376479140237,0.5222644244761853,0.5223540047669304,0.5188457987406124,0.18747611494024694,0.8326197244496161,0.5267222744215114,0.532112065186167,0.1952870373599908,0.8422635873165326,0.1671177203188401,0.5195434711912192,0.4732838882927845,0.47323806416291686,0.1559554579089033,0.8159907415130531,0.48516552163790155,0.48118034823171946,0.15606794331653218,0.82229168974238,0.17590554748280082,0.4874646205094147,0.4304742885235544,0.43680699065044837,0.1369054441482625,0.7745317402896477,0.44332908879306104,0.4322212845584882,0.13463924169643793,0.7996563218792744,0.17261298203651024,0.4542044325553862,False,,,
F269S,missense,False,1.0,1.0,0.0,none,none,,1,19808498,1.0,1.0,,,0.5679346463360814,0.5594500982806206,0.2372230308280386,0.8357168416343448,0.5699583307026908,0.577130701702726,0.24784767977696937,0.8500825308253056,0.15466438639234525,0.5523866014077974,0.5781463959934521,0.5698912085217378,0.2366994077330783,0.8478447358745103,0.5800355752871945,0.5841042384314046,0.2532193606165565,0.8647352760870513,0.1567495224787733,0.5602488674017777,0.6732049630213349,0.6622765135772313,0.3184864590052035,0.9168886884595681,0.6663684238825519,0.6824211073880548,0.3270800610167791,0.9115966041664598,0.15431062235089785,0.6294430035149172,0.5087357125120241,0.50416175272979,0.17421872160449345,0.8275853218679142,0.5170731393543118,0.5157880074126651,0.19233145768638685,0.8433790587697401,0.16972164179041122,0.5126276486731551,0.6316556472635034,0.6200404645045248,0.26825384791740253,0.8955543550596035,0.6312429299678727,0.6467127618127902,0.27533591634642635,0.9002871381181148,0.16027793637704332,0.6038613606781068,False,,,
F296L,missense,False,1.0,1.0,0.0,none,none,0.9978,1,32893267,1.0,1.0,,,0.5679346463360814,0.5610468523698958,0.24236132720067857,0.8454458097864203,0.5681996321399398,0.5767708388270751,0.25176302027799036,0.8498940802758819,0.15456515383380734,0.5508475799969264,0.5781463959934521,0.5700543727160454,0.24367972300208307,0.8540172567216288,0.5797119622911981,0.5870006513971154,0.24490393727392024,0.859873681823046,0.1574762344539055,0.5597496974327866,0.5821014118538179,0.5714937016234551,0.24836788114373684,0.864783073334566,0.5814042384972467,0.589894451284132,0.25469030516241464,0.8701214825322084,0.15781900068736376,0.5616562179506734,0.5087357125120241,0.5089938480034282,0.1852937447267106,0.8258547425321721,0.5146080626133671,0.5171215039173838,0.18507777907970366,0.8378639531785342,0.168880229171753,0.5102641559228434,0.4478528099713489,0.4514983911911815,0.15193540591880278,0.8014083804503711,0.45866362990397597,0.453872567180381,0.14768284906423026,0.7954909790484237,0.1693507241080875,0.4666474543303817,False,,,
F29L,missense,False,1.0,1.0,0.0,none,none,,1,24606995,1.0,1.0,,,0.5679346463360814,0.5593887594021272,0.24376260336274194,0.8426896908642553,0.568216159469262,0.5745195053705778,0.25099320143454995,0.849755894503534,0.15457598019363178,0.5509559586838036,0.5781463959934521,0.5721007909677606,0.25458702371722197,0.8479080848226418,0.5801531539354639,0.5875376314161334,0.2595807427979413,0.8620434817299291,0.15364402164149418,0.5600642481768665,0.6732049630213349,0.6628831166789122,0.31386069949819023,0.9173321281927136,0.6646137911244635,0.683030850640876,0.31175409737451315,0.9177284731296425,0.15783646082990713,0.6283100740040783,0.5087357125120241,0.5088574502959764,0.18340113872711783,0.8264181272827126,0.5161100152999717,0.5132716459744615,0.1966340599612902,0.8297026065719908,0.1669702639217299,0.5116900462416589,0.6316556472635034,0.6229350929242968,0.2709000853801487,0.894578023131431,0.6280956299315451,0.6423875115366071,0.27012851506041113,0.8962259654198795,0.16139405734691384,0.6011615207585207,False,,,
F351S,missense,False,1.0,1.0,0.0,none,none,0.9998,1,16414944,1.0,1.0,,,0.5679346463360814,0.5612631807538406,0.23968260516344111,0.8518548863581684,0.5682086164876525,0.5718631094260889,0.24723327329852055,0.8514431220685321,0.15460465250422456,0.5509013075048579,0.5781463959934521,0.5679902729311025,0.24950539019409296,0.853136306910187,0.5765666088142387,0.5860476277630591,0.25891416887401647,0.8652754607440452,0.15710757060643363,0.5574451941522496,0.5823470590995569,0.5773411823414729,0.2563368789671946,0.8675804430222959,0.5819877537631954,0.5878593613007059,0.24927269783236616,0.8774272612373889,0.15871598262256503,0.5622618166551648,0.5087357125120241,0.5043557213583524,0.17747364993172351,0.8361103529476462,0.5189918374263773,0.5183975569333763,0.1998279569067054,0.8376700055773427,0.16762024171587453,0.513976086835742,0.44812512765143403,0.4515217149856844,0.14318667946865285,0.7929886687034547,0.4612137436725136,0.44939704224625715,0.15928294123868028,0.8055591606841211,0.17113858853720967,0.4688088998190079,False,,,
F351fs,frameshift,True,1.0,1.0,0.0,none,none,,1,32893267,1.0,1.0,,,0.5679346463360814,0.5599109725446951,0.2415635877367922,0.8409295694423986,0.5692603620070767,0.573669777192595,0.24339035242482365,0.8583856861977714,0.15616353060790544,0.551747318114419,0.5237340426211323,0.5227002094780019,0.20660600297964257,0.8328825662204712,0.5284957311369123,0.5329880796971824,0.1935840975762821,0.8383650490748971,0.16513780430734745,0.5207411943203129,0.5223540047669304,0.5201938410791526,0.19676438559476897,0.8388926033690535,0.5264163844423211,0.5314569762402885,0.19695408378154972,0.8430388308231989,0.16696712937668381,0.5192451146693103,0.4732838882927845,0.4739039794265965,0.1561197423719055,0.8116897968416943,0.4822458186027903,0.4780897420337765,0.1600174593588811,0.8210391095891091,0.16912825790285785,0.4851538930748929,0.4304742885235544,0.43571717479060584,0.13712739825715528,0.778624618642932,0.44281253074603205,0.43254611594063896,0.1429688850922505,0.7865773710074628,0.16801445601645473,0.45398970930974564,False,,,
F364S,missense,False,1.0,1.0,0.0,none,none,0.9994,1,32893267,1.0,1.0,,,0.5679346463360814,0.5619805991566666,0.2474882794721359,0.850176423872742,0.5679076425991127,0.5735777986304247,0.2459118770239949,0.849308282546693,0.15500537480031676,0.5506017598070769,0.5781463959934521,0.5680316748537099,0.25258596605802985,0.8463628604953306,0.5769154701645417,0.5833708984308441,0.25729041820330445,0.8558257914924761,0.15339000632458177,0.5575059997578431,0.5822979376784299,0.5725972270338875,0.24368560176486112,0.859195351414728,0.5775214301304071,0.5834864805941284,0.23364622966234427,0.8685562699726586,0.16050286159451255,0.558606730216766,0.5087357125120241,0.511816596769094,0.18401310618050337,0.8301479018299114,0.5140195168414745,0.5165748791343827,0.18379076323673144,0.8388223198467585,0.17404301615802723,0.509939813862144,0.4480706608320436,0.45209590125176646,0.1467206895048824,0.7985678174031547,0.4599020170909732,0.4533558142850992,0.14724150369119698,0.8024976868933272,0.17098514297214504,0.4676072176913529,False,,,
F423fs,frameshift,True,1.0,1.0,0.0,none,none,,1,32893267,1.0,1.0,,,0.5679346463360814,0.5581238818810859,0.24868893511867027,0.8381269653347279,0.5708481144120577,0.5787797516358242,0.25951236919158976,0.8410036137175069,0.1501678318116089,0.5527231439486598,0.5237340426211323,0.5247482408367289,0.19585285524917295,0.8359910021856334,0.5274630321779339,0.5274637362466039,0.2048094148976939,0.8275099670018702,0.16158131858733382,0.5197342427449966,0.5223540047669304,0.519479737246329,0.19048825599911148,0.8368168703635456,0.5287502364562653,0.5301635376487415,0.20063229489548298,0.8441370542927741,0.16761900202989763,0.521166810131641,0.4732838882927845,0.4794442149849182,0.15259669933692582,0.8224472578138459,0.4856264416098255,0.48115343616188067,0.1578077624880821,0.8267277237779027,0.1753420234957597,0.4877556261623935,0.4304742885235544,0.43860726399858846,0.13397807104447573,0.7800023339374959,0.44526841666326933,0.4400336018296841,0.14658432114341843,0.7884420888679705,0.16592544077805602,0.4560520028775246,False,,,
F479L,missense,False,1.0,1.0,0.0,none,none,0.6663,1,32893267,1.0,1.0,,,0.5679346463360814,0.5645218658080069,0.23789684624018992,0.8463983879339427,0.5681534055952567,0.5737658199924526,0.24919603808304214,0.8452093348833531,0.15032187216940499,0.5506065822543383,0.5781463959934521,0.5728386799809768,0.24082783726715631,0.8542201842026608,0.5790996438839349,0.5856183656450098,0.2619604366527158,0.8540585124713901,0.15136224235181495,0.559181970089686,0.5403614487904705,0.535627665310331,0.20724487390037358,0.8407338779165601,0.5432921581800766,0.5469111500879168,0.2214121467355788,0.8394205165120684,0.15682057533012717,0.5319946170830293,0.5087357125120241,0.5125379174846716,0.191017341404435,0.8411472332142825,0.5147047105624569,0.5136570702162673,0.1823848042826854,0.8465559291752484,0.17242274928985765,0.5107685973755073,0.4038573066098716,0.40823503914619497,0.11934542067186062,0.76388478273805,0.4194244512380102,0.40881018517105455,0.1265806811616668,0.781674440269372,0.1701830199816527,0.43517437583010804,False,,,
F592L,missense,False,1.0,1.0,0.0,none,none,,1,19837917,1.0,1.0,,,0.5679346463360814,0.5593252482721579,0.2494917078980019,0.8457566704247673,0.5703498555273506,0.577212133858953,0.25184142206769194,0.8475718807661203,0.15231724308358463,0.5524276533188314,0.5781463959934521,0.5718082374369865,0.2578881843518617,0.8535997547876362,0.5789892516050038,0.5858853410590699,0.25972637578363056,0.8620015654374225,0.1553631522781413,0.5594053737452288,0.6732049630213349,0.6616499447191831,0.2980012675995693,0.9174669191652671,0.6651037975656544,0.684050297516913,0.2980013846728834,0.9187732345191016,0.1592838024436191,0.6287013190275526,0.5087357125120241,0.5073664464765788,0.18502202396934567,0.8320355351169382,0.5188313143667797,0.5223610564956629,0.1858705015718815,0.8315059443515704,0.17100445528436356,0.5137854908405414,0.6316556472635034,0.6205557540211926,0.26535703172666325,0.8961627415358491,0.6294311965667586,0.6491109038516305,0.2608274011727588,0.9009248441824752,0.16511255399543673,0.6022512178464694,False,,,
F640del,inframe_indel,False,1.0,1.0,0.0,none,none,,1,26823142,1.0,1.0,,,0.5679346463360814,0.563174780216574,0.2511929267205502,0.8539457281132022,0.5693938311369223,0.57763123916753,0.2583591837020446,0.8512515317321724,0.1493313322520936,0.5517352011332636,0.5781463959934521,0.5731921939630105,0.2478236534039524,0.857194508364423,0.5779309921464324,0.5859282014932581,0.2584247422315546,0.8584942459678149,0.15406570222700292,0.5582446500197448,0.6732049630213349,0.6608130545671076,0.2995747971318452,0.9125954134941275,0.6664996759308304,0.6816313029386001,0.31379587953468735,0.913579265089985,0.15660530387698923,0.6296254639517569,0.5087357125120241,0.503272556716887,0.18781777731481286,0.8303474119311997,0.5174934497331191,0.5168080929916208,0.1937050051847462,0.8441639091932892,0.1718620083087614,0.512938806993223,0.6316556472635034,0.6202426238638588,0.2576105411245434,0.89632598541034,0.628560604834188,0.6461619732875747,0.26072627828584666,0.9006589200433189,0.16637078555967857,0.6017199165258422,False,,,
G119D,missense,False,0.0,1.0,0.0,none,none,0.8807,1,16487223,1.0,0.0,,,0.5679346463360814,0.5631313135396524,0.24549314500602473,0.8544810034716843,0.5255397445177278,0.533793425031834,0.20227620485475303,0.8105101207628562,0.15260916632061053,0.5176125693220018,0.5781463959934521,0.5740295936762978,0.26143685976334674,0.854109423667247,0.5316765534974183,0.5391123150570984,0.2251604351615999,0.8060330112330172,0.15104109887480865,0.5223688261790568,0.5675593415635785,0.5627253829359666,0.23701194185634658,0.8553976195965791,0.5231661155430053,0.5331915734971593,0.2006699047655633,0.821325932002783,0.16058601830159586,0.516081308598511,0.5087357125120241,0.5113093065327023,0.1862928469764684,0.8352899352169496,0.46606457656563316,0.46678283650743313,0.14761154612395191,0.7891743190991948,0.16675656950172152,0.472245733921825,0.43200687455620285,0.4389753546843753,0.13816637785108776,0.7878114762714012,0.40402112032767956,0.3950422255373526,0.1245797264431798,0.7428746207211449,0.15957664223454754,0.4229583917579435,False,,,
G119V,missense,False,1.0,1.0,0.0,VUS,clinvar,0.9589,1,32893267,1.0,1.0,,,0.5679346463360814,0.5638392403191663,0.2485178249189539,0.8490163185310748,0.567480487532078,0.5737639259060305,0.25746790730594504,0.8438755021758056,0.14966445309814674,0.5500837943687438,0.5781463959934521,0.573082908203896,0.25568119834887865,0.8464896699171969,0.5795032052116831,0.585395844007355,0.259422426506564,0.8608924693304095,0.15285876722816685,0.55947228054251,0.5773042063381972,0.5696929719702836,0.25533609199623225,0.8653743942307328,0.5778586484104188,0.5848621351398549,0.24157970921994493,0.8686995114690497,0.16192817165111026,0.559083546222523,0.6070907159007526,0.5953272091253169,0.2441637551202302,0.8834488014829268,0.6030212577755198,0.6110333619831405,0.27077255173912973,0.8897059713580268,0.16412553893212903,0.5796418280516212,0.6347656468345102,0.6235329457628113,0.26924578473907396,0.8993895451677089,0.63098970590524,0.6459765946514454,0.27759516637145515,0.8992971873747104,0.16337393974917847,0.6038853871572978,False,,,
G179fs,frameshift,True,1.0,1.0,0.0,none,none,,1,32893267,1.0,1.0,,,0.5679346463360814,0.5625196885253835,0.2393097191976946,0.8489119175502575,0.5681468703510512,0.5736001934744686,0.25778674386032036,0.8424519911202668,0.15195461960934842,0.5508212273193659,0.5237340426211323,0.5201578496512934,0.1922574511250035,0.8205618592868924,0.528149216158295,0.5322710974162166,0.20761602869833823,0.8250014370154624,0.1614983334950395,0.5202386405617213,0.5223540047669304,0.522206221874821,0.19915390864025095,0.8302154669909249,0.5290757069266447,0.5307203892430481,0.2114702865853004,0.8352553273062812,0.16347199436956572,0.5212800195992123,0.4732838882927845,0.4777939158173832,0.15737614339697656,0.8173473319290706,0.48471752904558446,0.4803547485049547,0.17384976454738763,0.8166668703806693,0.16922053706682233,0.48705507915156915,0.4304742885235544,0.43753452080133015,0.14464743184369364,0.7787619540003833,0.44048407881708196,0.4336426253001553,0.13598634465261547,0.7797180591025608,0.1683008851616665,0.45198120520978585,False,,,
G186S,missense,False,1.0,1.0,0.0,P/LP,clinvar,0.7383,1,34546463,1.0,1.0,,,0.5679346463360814,0.5598770082899247,0.2322173303643825,0.8411280953349912,0.5695366145544555,0.5735924837854076,0.26195683422589094,0.8440265399110003,0.14847610717501403,0.5516380985111168,0.5781463959934521,0.5711045582286763,0.2585665274271279,0.8517374199796519,0.5787617677663105,0.5860155954148512,0.2577623996380682,0.8544877916804484,0.15328360160757926,0.558735112809902,0.5495494850002162,0.5457403987491862,0.2205773053368957,0.8505853717319338,0.551660046748649,0.5586159553651182,0.2258760921268175,0.8447937823077754,0.15898302429736821,0.5385323602862556,0.5863641348225075,0.5755562650190371,0.23754555126456234,0.8552995636477425,0.5870346408164934,0.5948666619230667,0.25695070228980116,0.8709354950130921,0.1581841313030347,0.5668298775049307,0.5393403757483296,0.5333283385917834,0.20652301616289273,0.8410203818853151,0.5456430891240808,0.5521048688704766,0.21457052156752418,0.8546117945531048,0.1639707545152481,0.5349040985420715,False,,,
G220K,missense,False,1.0,1.0,0.0,VUS,clinvar,0.2995,1,26228265,1.0,1.0,,,0.5679346463360814,0.5582493784618756,0.25133899216842776,0.8401479585557717,0.5726429228924758,0.5778581815592735,0.24936581890521362,0.8559512339323044,0.15215743242806265,0.5542902650746812,0.5781463959934521,0.565728263637685,0.24187061484270686,0.8498296821169977,0.5813901266970724,0.5899356545735762,0.26568951784855577,0.8583657660674954,0.15285216881772276,0.5609713643188221,0.4937260747563209,0.4920776775060133,0.16363312923025472,0.8258376689531335,0.5047243105094686,0.5081208021742596,0.17307342368935125,0.828785967219638,0.17040995591508631,0.5022931276496994,0.6070907159007526,0.600068071606747,0.26019886403314707,0.882384187178063,0.6078818143009697,0.6201265638975166,0.2765400315624921,0.8896153084937656,0.1617621642648202,0.583628765586102,0.5488286243497813,0.5442136072120147,0.20512109846770557,0.8586935892314744,0.5568490840980491,0.5619968211982045,0.2308425665058086,0.8554427568918993,0.16494148577363815,0.5437308086640871,False,4.0025e-05,,
G245R,missense,False,1.0,1.0,0.0,VUS,clinvar,0.9981,1,35357185,1.0,1.0,,,0.5679346463360814,0.5648747245813646,0.24524474018551645,0.8544687188687997,0.5684071311155863,0.5757801283826242,0.24982781300057277,0.8535328710720509,0.15542764611650278,0.5509305435315593,0.5781463959934521,0.5745656056964112,0.2526404445710535,0.8567826043970806,0.5788123969730594,0.5858221132784367,0.25664643353036404,0.858418786930963,0.15521824927349057,0.5590553505482058,0.582138265332001,0.5755666831047155,0.23517923682859174,0.8612928554619308,0.5802643513064882,0.5859321825224327,0.2623014693175658,0.8602952013420107,0.15576770155023362,0.5607367237401719,0.6070907159007526,0.59946236751755,0.2626209525391094,0.8870910020372434,0.6074261800602881,0.6218816227742883,0.24086622276371797,0.893125667305586,0.16672775388165875,0.5831720388193367,0.6393213260458113,0.6308512639521324,0.2761354345792998,0.9056820765255931,0.6380411700822732,0.6538525295201245,0.28505184031158026,0.9039744037393637,0.1628966972240034,0.609575469672126,False,,,
G245V,missense,False,1.0,1.0,0.0,none,none,0.9945,1,32893267,1.0,1.0,,,0.5679346463360814,0.5677120338259424,0.2571590342348645,0.8482622958823595,0.5693327771113806,0.5730313320380924,0.24993888785304694,0.8502680724445257,0.15225379057211325,0.5517151005053534,0.5781463959934521,0.5700072013925949,0.24918821303475813,0.8457602588778822,0.5801609398143963,0.5870128224755133,0.2621334566509691,0.8710774608546008,0.15494108168140633,0.5601164915687495,0.5816958752847375,0.5754849692338129,0.2452376261200488,0.8600473787196892,0.5804237202803532,0.5872101027283396,0.239486897907526,0.8737497330122659,0.16210980579073753,0.5610854611826901,0.5087357125120241,0.5080234838722082,0.18122023900326478,0.8316464159850977,0.5169357894288408,0.5139083690511603,0.20587521728428984,0.8311497719998114,0.16587528692351686,0.5125040450212468,0.4474035769244642,0.4514902328619769,0.14720044845669883,0.7952724639809113,0.46389574892519564,0.45525208205174567,0.14974769087296586,0.8056372790143642,0.17096262828081177,0.4707136478916366,False,,,
G269V,missense,False,1.0,1.0,0.0,P/LP,clinvar,0.9938,1,38740897,1.0,1.0,,,0.5679346463360814,0.5648771760951882,0.2473896648006729,0.8454417630641278,0.5671119776325082,0.5721574935108797,0.2605790154892483,0.8468511797497011,0.15061556154358266,0.5500373520341395,0.5781463959934521,0.5650751762013304,0.24575566184537442,0.8456423176294451,0.5757552543143216,0.5824283857169776,0.2663763315601417,0.8521079208326923,0.15210384640678182,0.5565399516051979,0.5816098175305742,0.5736242014899939,0.23629521330518347,0.8670047016845748,0.5815409387517922,0.5860755853479137,0.27212304581088415,0.8542316214614648,0.1528813266939558,0.5617105314243275,0.5863641348225075,0.5802022651883152,0.255705030144103,0.8695211787009626,0.5865133424310709,0.5959309755463273,0.24708949996574972,0.8730831465031721,0.1607443265207491,0.5664103044775172,0.5745211253188608,0.5677827981017484,0.2424706821050764,0.8535408565257173,0.5742704612239208,0.579223900855236,0.2502277697631362,0.8678418182050037,0.16004407495669817,0.5576962083662977,False,,,
G272S,missense,False,1.0,1.0,0.0,VUS,clinvar,0.2331,1,28549997,1.0,1.0,,,0.5679346463360814,0.5608592185555622,0.23984067538954298,0.8493340353800147,0.5725892454088428,0.5786341295729822,0.25557156913431983,0.8570405752392346,0.15415115213220673,0.554512198373469,0.5781463959934521,0.5740728453975282,0.2552241718510622,0.8550430898196983,0.5801700839184433,0.5885838957154197,0.25543177792385524,0.8575783350778468,0.15638380550202316,0.5602136990784673,0.48546617807590287,0.48965631714381086,0.16644942872183574,0.8181029878346633,0.4955115964813798,0.4941157439254969,0.1646926191769881,0.8185089380884727,0.17516511549905883,0.4951744322175444,0.6070907159007526,0.5931788239780206,0.24918699862485194,0.8885762447908848,0.6060364018333814,0.6168249222270663,0.27318469792933653,0.8945398620395261,0.16333817672424647,0.5822851019992247,0.5396965733024834,0.5334115475594449,0.18820409272504696,0.8472438386764622,0.543022177826873,0.5488710895666984,0.2053845803456652,0.8594923898871331,0.17329065299814245,0.5328481498386172,False,7.98633e-06,,
G314A,missense,False,1.0,1.0,0.0,none,none,0.9913,1,30758498,1.0,1.0,,,0.5679346463360814,0.5622314560254587,0.24774467748239537,0.8498285978977091,0.5693946004401653,0.5774635159845769,0.25106544161017086,0.8492088722693429,0.15312565150414806,0.551703312253401,0.5781463959934521,0.5703926806540442,0.2529762794803099,0.8508307449683148,0.5781542191103133,0.5841978115511346,0.26709446524117586,0.8511121449150411,0.14833852434689937,0.5582046466334541,0.5813023693233923,0.5741749936003044,0.24131114568373385,0.8678634258799984,0.584086613936302,0.5889250367864014,0.261468990904179,0.8662468594418536,0.15607526815681833,0.563789544050614,0.5087357125120241,0.5050495728654961,0.17792761905500465,0.8258925101354839,0.5159327134556164,0.5179199696338508,0.18451780524151656,0.8393178613314295,0.17201541628518047,0.5115228641821437,0.4469680682512092,0.45085749528365343,0.14217796387458828,0.7889682513696338,0.457320734999138,0.45156354614703964,0.1553797448743392,0.7933485034425021,0.16956617669719912,0.46522718944515834,False,,,
G325W,missense,False,1.0,1.0,0.0,P/LP,clinvar,0.9997,1,32893267,1.0,1.0,,,0.5679346463360814,0.5623234042985963,0.2497943615792804,0.8434213654101675,0.5684569698697177,0.5733982031643281,0.25200660980430606,0.8549815936246264,0.1542599517771624,0.5510125143343367,0.5781463959934521,0.5699670896720197,0.2505848635925636,0.8499624917162522,0.579024866129662,0.5887808322961984,0.25621870257822904,0.8582495257615936,0.1547094728774585,0.5591134426397397,0.582334779121104,0.5761365994849343,0.25176135550798423,0.8645376971312181,0.5802167392722279,0.5884070995020751,0.24838311693088186,0.8686903011536848,0.15694886805016095,0.5607068890616771,0.5863641348225075,0.5800908006560244,0.2501605670008373,0.8722611479393364,0.5842139920507954,0.5918462962441177,0.27079183626564185,0.8637558367179148,0.1533068732390528,0.564408008853052,0.5753181478236145,0.565790536262637,0.24934092559791232,0.8584674808623434,0.5749526351441469,0.5842385807697471,0.2525897328499242,0.8466918085532996,0.1544196306350712,0.5578173186427531,False,,,
G345A,missense,False,1.0,1.0,0.0,none,none,0.9843,1,26496715,1.0,1.0,,,0.5679346463360814,0.5628827592362631,0.24120207749118,0.8546802026000889,0.5696930557030631,0.5777644567774652,0.25403811676579535,0.8510313321212212,0.15368413445841209,0.5520962840196809,0.5781463959934521,0.5674724666798111,0.24117856426886705,0.8592875276623055,0.5778271477915862,0.5863197576947536,0.25783643715552024,0.8602572110981642,0.15377941382337965,0.5580920538446634,0.5804406969012166,0.5750264611660185,0.2522351751403669,0.8683740104799189,0.5805374056747707,0.5873550455487695,0.26296498407424357,0.8587633901763069,0.1528533040919744,0.5607727921954486,0.5087357125120241,0.5080388125366228,0.18889883845521013,0.8368308833216462,0.5172989762362342,0.5200346861093695,0.18400270862289866,0.8362820072963814,0.16719522711224893,0.5122716407926892,0.4460157906056809,0.4512565386301353,0.14966607733397672,0.789560666934361,0.45816608499604045,0.45020352665881225,0.15242604771655277,0.7961021557201908,0.1674205631380813,0.4660577322293869,False,,,
G348D,missense,False,1.0,1.0,0.0,none,none,0.9999,1,34505893,1.0,1.0,,,0.5679346463360814,0.5669716756418333,0.24186739555291112,0.8531859568422115,0.5718753735641489,0.579514092856689,0.244453189487127,0.8500427452915897,0.15450106876751188,0.5535816092425736,0.5781463959934521,0.5716266776787086,0.2508873998709063,0.8561388982049742,0.5788919588699939,0.5868383926582806,0.2594049917945073,0.853731856279362,0.15280880948519207,0.5590851126887029,0.5823593388266989,0.5726718599467905,0.23405418337270092,0.8650287321928143,0.5795589521110336,0.5859135889565832,0.25306613466458905,0.8630634537441135,0.15583269717838058,0.5601036785626137,0.5087357125120241,0.5099820769804824,0.18766227634277152,0.8358498684136538,0.5154535863733809,0.5177940130897849,0.18812877497620972,0.8333867135941218,0.167807376961685,0.5112774591448208,0.4481387446110826,0.4576679869574537,0.14814762371123993,0.8007458930857245,0.4596980184884007,0.4542906257905827,0.15214996905103503,0.8105829638199006,0.16974775359670508,0.46726841748874937,False,,,
G350W,missense,False,1.0,1.0,0.0,none,none,0.9998,1,32893267,1.0,1.0,,,0.5679346463360814,0.5637721619477356,0.24886701133514094,0.8461331374450047,0.5705357006288062,0.5777721383629454,0.24944052752780455,0.8552696197545567,0.1551292032299994,0.5526804037420008,0.5781463959934521,0.5702499434314156,0.24827897613356126,0.8510337104618707,0.5778754695578323,0.5841441354297581,0.26379497652422107,0.8524145962637703,0.15226499230726784,0.558205048685678,0.5823470590995569,0.574597043550926,0.2578851607853206,0.8700636587570876,0.5824674068370613,0.5904555415584334,0.24960665058252596,0.8747837661914079,0.1595399513176751,0.5627546998833207,0.5087357125120241,0.5083660359242309,0.19339131579426755,0.829774992973536,0.5174235901667605,0.5165981751333067,0.1851620521013003,0.846403214754411,0.1716320233988035,0.5127102803972744,0.44812512765143403,0.4517841147378535,0.1471841294179633,0.7938377896831067,0.4564426653488535,0.44856726041281436,0.1539285737274782,0.7976270878041117,0.1695086126564102,0.4650442849088041,False,,,
G417A,missense,False,1.0,1.0,0.0,none,none,,1,30758498,1.0,1.0,,,0.5679346463360814,0.5595062060785154,0.24138122173917276,0.8471430743665221,0.5672727317253349,0.5704545577356626,0.24716324625702377,0.8468444472386292,0.15084153270020828,0.5499475214815501,0.5781463959934521,0.5712966193497598,0.2436060475522212,0.8516409290817856,0.5767951023255706,0.5872002636875793,0.25489413139728456,0.8533704742758402,0.15349601135213675,0.5574923720728585,0.6732049630213349,0.65892705978045,0.29967481232832366,0.9154111538949562,0.6624532421136243,0.6827373979672278,0.3119413884418318,0.9185064835702236,0.15802857648250745,0.626433092567712,0.5087357125120241,0.507823232510598,0.18106021382338347,0.8288619989753945,0.5172821480035434,0.520737983499596,0.19717068206049504,0.8335453644232943,0.1677163435848274,0.5126406533514106,0.6316556472635034,0.6223414657017967,0.26601875721815427,0.9025005286344845,0.6278915920093658,0.6456336202854155,0.27211089293789187,0.8980254711921716,0.16573560050459352,0.6012079057648715,False,,,
G430fs,frameshift,True,1.0,1.0,0.0,none,none,,1,16414944,1.0,1.0,,,0.5679346463360814,0.5604630907770518,0.2421510801568794,0.843129039991646,0.5707741478795998,0.5752676082721208,0.23677064706721257,0.8634585065717335,0.15881774031355245,0.5530709824406715,0.5237340426211323,0.5221419626770537,0.1931335002414528,0.836734482382945,0.5275330653007508,0.5315484713067811,0.1990255420209145,0.8321399006519516,0.16453424321725732,0.5200067034646846,0.5223540047669304,0.5214578925736709,0.19104160597235523,0.8321494000771237,0.5272830509865802,0.530236250589152,0.19309409546302134,0.8409939172215495,0.16399362220675892,0.5197828723808903,0.4732838882927845,0.47552882446511163,0.15759011883484883,0.8138720769298078,0.4859249562809557,0.48019865426403047,0.15786911937281906,0.8271153179649706,0.17600387306670148,0.48801975889405874,0.4304742885235544,0.4388996206425801,0.1359791427150769,0.788725842733875,0.44319032978620904,0.4356169270436587,0.14563685439483853,0.7785009205965449,0.1661677944113121,0.45429898612063285,False,,,
G548D,missense,False,1.0,1.0,0.0,VUS,clinvar,0.9993,1,16414944,1.0,1.0,,,0.5679346463360814,0.5602108787045438,0.2498503350459036,0.8385253083243497,0.5683623686299427,0.5744288551059806,0.24483091107606297,0.849848698896347,0.1532092488140268,0.5509718468468496,0.5781463959934521,0.5701721913186354,0.2500464729531094,0.8486676651788457,0.5762311345370058,0.587906141452217,0.25341011096034943,0.8610967338523242,0.1577783654295009,0.5571384374311621,0.5822856566952784,0.5741011606624576,0.2549852806147214,0.8590353614581108,0.5838262114310202,0.5928322096552392,0.266689632010658,0.8614882908012054,0.1567583269546106,0.5635513545487992,0.6070907159007526,0.5933472989739982,0.2387430602217172,0.8804730170634407,0.6071024408796442,0.6168779627068977,0.25096953660350685,0.8830946687027124,0.16485277964233577,0.5829067617599745,0.6394594789815737,0.6299046863887429,0.25897704362826146,0.9002095357014809,0.6338741812100408,0.6506889012838071,0.2773739017370588,0.903140334046199,0.1647246119341931,0.6062841797783979,False,,,
G572R,missense,False,1.0,1.0,0.0,none,none,,1,34531279,1.0,1.0,,,0.5679346463360814,0.5593412731578554,0.24672983934019763,0.8422028099315491,0.5669673422376493,0.5742766945835038,0.23801071011081534,0.8586432508045813,0.15766278897581076,0.5499969104687904,0.5781463959934521,0.5711906996018115,0.2506023608526386,0.8451408218442013,0.5762609827791497,0.5828734264707132,0.25384537038894217,0.8557547476097154,0.15267327173520726,0.5571365867042475,0.6732049630213349,0.6594871466071915,0.30911829618826075,0.9132618639151256,0.6658167690253308,0.6831166590860503,0.3184203325810493,0.9152999690464393,0.15547107375578315,0.6289797622229684,0.5087357125120241,0.504020111682824,0.17685842020218806,0.830429432644195,0.5150643449301081,0.5148522833993435,0.19265083504241484,0.8424927984363453,0.17112082671224094,0.511121138574968,0.6316556472635034,0.6146077752524994,0.2535922326536638,0.8993245283298579,0.6280806460636364,0.6417496833314322,0.2584035457905959,0.9059871949185382,0.16489023275967304,0.6014076469552243,False,,,
G57V,missense,False,0.0,1.0,0.0,none,none,0.1041,1,36277779,1.0,0.0,,,0.5679346463360814,0.5588318723228806,0.24583370951271483,0.8417045290283088,0.5222661800047049,0.5298938865211821,0.20510694630629525,0.8062694152665825,0.15457942925438486,0.5152858999357699,0.5781463959934521,0.5710407218220958,0.2524071855276077,0.8592727416799495,0.5318551991422028,0.5424729619359212,0.2068379698737616,0.815371792896062,0.15858090396766575,0.522490281354952,0.4697081320982504,0.47032166306761086,0.13677810507147112,0.8089549449394708,0.4389651152643973,0.43716322351671677,0.1284052074566573,0.7788986239778667,0.17002138612490017,0.45094781914160076,0.5087357125120241,0.5021781774619235,0.1819583476080281,0.830148510594552,0.4687031398600286,0.46738088409035894,0.17316575752317387,0.7788296152129911,0.16083422831061706,0.4744463833150045,0.33969841215468477,0.3546937015595855,0.06757119718439207,0.7441164246645063,0.32568378238551837,0.3013752383148399,0.06902498858423925,0.7052421140359493,0.16988714718452946,0.3572643619355569,False,0.0,,
G589V,missense,False,1.0,1.0,0.0,none,none,0.9097,1,37460236,1.0,1.0,,,0.5679346463360814,0.5611787915884595,0.2464375545749588,0.8448323361709252,0.5659424423059917,0.5734901498837106,0.25168911167971453,0.8457620640596591,0.15587319950594844,0.5490078108120027,0.5781463959934521,0.5730890314331386,0.2532010463145604,0.8599333674070027,0.5780656348362742,0.5853414835426068,0.2681604742185869,0.850452321611641,0.15055719960090932,0.5583986924761078,0.5711877019324227,0.5676041272395023,0.23687946855756115,0.8551145540046888,0.5703026398910559,0.5777159595861084,0.24480922108604636,0.8508498506485286,0.1548972838445144,0.5529850307842002,0.5087357125120241,0.5112179219795877,0.18450004276880616,0.825868741399982,0.5170689973582073,0.5168243182525074,0.18463268005876704,0.842176413821248,0.17089102490654376,0.5125952361418176,0.43590946528250846,0.44329892480403366,0.13877270453619964,0.7953300372799987,0.4484234943966718,0.43900176039993477,0.15102686479304006,0.7860286346324619,0.16780014690563894,0.45849108915840325,False,,,
G621D,missense,False,1.0,1.0,0.0,VUS,clinvar,0.1106,1,32893267,1.0,1.0,,,0.5679346463360814,0.559885560191719,0.24030082837435585,0.8418045077040432,0.5707176296262039,0.5753161385212262,0.25319105982629886,0.8490207257972576,0.1542980117513718,0.552726019097494,0.5781463959934521,0.5708402651700368,0.251137027251417,0.852505725477946,0.5758178319522584,0.5847859246613396,0.25335957579467044,0.8631691755221027,0.1558487993551073,0.5567946464750084,0.4704918655268476,0.4721380592940487,0.14262463955656154,0.8179666475540145,0.4801511597184695,0.4744156590024987,0.1487487292775633,0.8224622816695331,0.1763282766728957,0.4834261250385159,0.6070907159007526,0.5975099979715349,0.258409242984888,0.8826133495616155,0.6068189868941071,0.6198748832941916,0.25899662757457576,0.8886682828887738,0.16470645524356123,0.5826975373517305,0.522929314821989,0.5202615549478331,0.16919997459441805,0.8509887584239725,0.5290540794329738,0.5331015775646499,0.17753386746908512,0.8531458212929314,0.17781049364376417,0.5217529717168269,False,,,
G621S,missense,False,0.0,1.0,0.0,VUS,clinvar,0.0849,1,19841300,1.0,0.0,,,0.5679346463360814,0.5623531589358733,0.2447248680249658,0.8479162479655028,0.5219901103659397,0.5275769000767199,0.2113529469146507,0.804334250176576,0.15123317617431242,0.5149872629020019,0.5781463959934521,0.5755538661094484,0.25965615221167004,0.8501663650846434,0.5362077647525623,0.5452285167304145,0.2161020560411788,0.8103576774167843,0.1497552020348982,0.525746805487335,0.467399981799475,0.4701924464427997,0.14331390798223617,0.8193404723539774,0.43639554277078163,0.4319208011624196,0.11812276786315488,0.7810091122152091,0.17174925399114493,0.44894559455894256,0.6070907159007526,0.5968765437628966,0.24936841131720505,0.880097344838303,0.5547896786572624,0.5640720064764978,0.22052364958762266,0.8432754607639786,0.16351236737771468,0.5409477052090906,0.5194374698441094,0.5162274795587135,0.1756393869264563,0.8435158738262672,0.48142913067992293,0.48341695808772,0.14492933156254745,0.8118177184611156,0.1772462249183083,0.48350940184724656,False,0.000229967,,
H105L,missense,False,1.0,1.0,0.0,none,none,0.1618,1,16012827,1.0,1.0,,,0.5679346463360814,0.5580892714295732,0.23582878530676574,0.8428712318523475,0.5683649832899224,0.574965688067105,0.2566254393946878,0.8444427997958779,0.1503975331737496,0.5508394942596491,0.5781463959934521,0.5719431276867278,0.23470313991950098,0.857798532367558,0.5779160297493878,0.583294358803941,0.26555381063320616,0.8562517519798304,0.1497476595784803,0.5581944630292471,0.4767049185765251,0.48040651139542206,0.15456679114636868,0.8188181456329443,0.4878238562730559,0.48775163732153815,0.15404418199231024,0.8286929790104723,0.17398647523121916,0.4893845336072418,0.5087357125120241,0.5053394693591184,0.18912655988121416,0.8290047074474584,0.5164472425251898,0.5146879055241786,0.192218415009465,0.8390830078306274,0.16878163371660712,0.5119847144786942,0.3455010247597823,0.35348836787752375,0.07550658346764062,0.7405902472226978,0.3634427417962248,0.34160253267073404,0.08354941632225849,0.7411964801197877,0.17630818755007344,0.3887967452294316,False,,,
H105fs,frameshift,True,1.0,1.0,0.0,none,none,,1,26496715,1.0,1.0,,,0.5679346463360814,0.5596836891324084,0.24502920399409928,0.8358856665654019,0.5679070720558748,0.569693647821627,0.25584958099790756,0.8521906544962353,0.15362834725157865,0.5507975052079211,0.5237340426211323,0.5212983483612074,0.1970543958625559,0.8237099234010689,0.529934216748318,0.5331178009700979,0.21332790157560275,0.8371144866659749,0.16291097551213937,0.5217708526506747,0.5223540047669304,0.5201217409254184,0.1905454853347178,0.8376049937190748,0.5283550063838853,0.5352688712728146,0.20287000349737674,0.8364655934957079,0.16527149162995605,0.5206677306085197,0.4732838882927845,0.4725147470938434,0.14826178765668932,0.8071350005761357,0.4819849304902179,0.4789536975584702,0.16241074973491984,0.8199493454676586,0.1707540886194176,0.48493548044670154,0.4304742885235544,0.4366960114445834,0.13853575140501084,0.7835952125969865,0.44264121940663204,0.43355508339682874,0.14035512972681533,0.7914168658543653,0.17013202535688024,0.4538817716233375,False,,,
H126L,missense,False,1.0,1.0,0.0,VUS,clinvar,0.9821,1,29740400,1.0,1.0,,,0.5679346463360814,0.5644750351535527,0.24997857956632752,0.851446864255528,0.56751069464455,0.5735481009671648,0.25202318580717537,0.8462054877293025,0.15054137112981228,0.5501884114791827,0.5781463959934521,0.5700714770633318,0.24725263907959766,0.852115598104144,0.5771331686374499,0.5849365408330663,0.2501193734473918,0.8554077961096739,0.1548826965014042,0.5577375396672609,0.5801696389450348,0.5738555888798473,0.2511450017923757,0.859233753137456,0.5811679506658665,0.5899251883162886,0.2552335756232152,0.8605407635944777,0.1582044382382803,0.5614591108787766,0.6070907159007526,0.5965716427886387,0.24893795242785757,0.8817532828705636,0.6035458174050516,0.6180983868725454,0.2705470544690405,0.8840147107595497,0.1608589842774028,0.5799652029575484,0.6374718337625517,0.6223504928794757,0.25227970813664796,0.8963200851899719,0.6340694405880994,0.6522547644612775,0.28552648184383145,0.9036379256818049,0.16464960386212668,0.6065621269303811,False,,,
H222Q,missense,False,1.0,1.0,0.0,none,none,,1,33552729,1.0,1.0,,,0.5679346463360814,0.5600474484189165,0.2305069632806625,0.8450480314048118,0.5693307978856028,0.5771581017673338,0.2526405631325712,0.8516043807926424,0.1538706730190139,0.5518220366229611,0.5781463959934521,0.5697046627724642,0.23883764483143957,0.849476248013548,0.5769718652002841,0.585207743975916,0.2590367891381874,0.8545973946780687,0.15375714248543199,0.5575846866797034,0.6732049630213349,0.6616221273237617,0.31108243627555665,0.9210100937599821,0.6677250764460959,0.6883118278462591,0.30780384934425903,0.9103900072590293,0.15490882682796953,0.6303618022909456,0.5087357125120241,0.5125691440468589,0.18784259560628086,0.8353850521326102,0.5135105021643322,0.5159829796569317,0.18602434187422134,0.8295198370528292,0.16867809008452667,0.509781173388294,0.6316556472635034,0.6176387725270688,0.25271555689915015,0.9032417251059125,0.6259885664313587,0.642431591077155,0.27192486909091146,0.9010376987667997,0.16514358234623577,0.5996676330958858,False,,,
H258L,missense,False,1.0,1.0,0.0,none,none,0.9954,1,35580545,1.0,1.0,,,0.5679346463360814,0.5574058223847805,0.2427213846495691,0.8428292749985336,0.5713092227425565,0.5761099560532648,0.24547453754221957,0.8564932846967602,0.15408548488877155,0.5531546943692033,0.5781463959934521,0.5717613821857249,0.24864597699158153,0.8553442078065329,0.5762667928148717,0.5809327065395548,0.27039624955656943,0.8559901926231285,0.15213794140509762,0.5571358607589818,0.5818065030795175,0.5672205427006479,0.24285434420836155,0.8553941783647127,0.5829287146542527,0.5902045983477097,0.25014846691500536,0.8736907291609944,0.15838399910973008,0.562861951223021,0.5087357125120241,0.5068385816667895,0.18790740570644818,0.8405667291223381,0.5150936495621491,0.5123654539384018,0.19171358776495395,0.8343169751338838,0.1654178329373091,0.5109201442153237,0.44752608361940294,0.4520593455715755,0.14647904883208906,0.7954428585168919,0.458651229906877,0.4508445940380972,0.1518546204996675,0.8021598541537377,0.17025414355120974,0.4665009774389412,False,,,
H258N,missense,False,1.0,1.0,0.0,none,none,0.9976,1,16414944,1.0,1.0,,,0.5679346463360814,0.5656474612313388,0.24549416269029814,0.8529581894406933,0.5700732265319688,0.5757132271070913,0.25267811182179734,0.8561891814031014,0.15412436323856457,0.5525033576554325,0.5781463959934521,0.5743034555909774,0.2653838652518362,0.8581318433453621,0.578331117827321,0.5861112590893465,0.2534280621723159,0.8582469016161413,0.1540749991074034,0.5586160968593252,0.5820768416171551,0.575163136147648,0.2522979135669516,0.8614632451307349,0.5807744145321503,0.5866870479773167,0.2654825149897583,0.869377004464887,0.15510836928104296,0.5613216446577296,0.5087357125120241,0.5103845840737001,0.18070535102157032,0.8400331619619812,0.5190653842159088,0.519856406383516,0.19054940050989252,0.8355177060070053,0.16997537302205762,0.514026054739114,0.4478255804735691,0.4572247369796551,0.1567628333854946,0.7930851166133964,0.46159025896458883,0.4542768347486551,0.14976682010822215,0.8074456992368773,0.17265513750908268,0.46894047321209303,False,,,
H403P,missense,False,1.0,1.0,0.0,none,none,0.0632,1,26496715,1.0,1.0,,,0.5679346463360814,0.5652823620145409,0.24842192581887393,0.8572933082220873,0.569759458390081,0.57496703466942,0.24133960484357495,0.8485879682441486,0.1509310166325918,0.5518211923264361,0.5781463959934521,0.5740016477284305,0.25060811712433445,0.8542567232323106,0.5765705178378225,0.5827596370257124,0.25982059985012335,0.8619857644435233,0.15656739038370832,0.5573479350490594,0.46480393240453766,0.47103510861963016,0.14668000855671276,0.825292479728859,0.47308085729741023,0.473321254827487,0.14217358121166912,0.8167829350193563,0.17742832488446894,0.4774835777147615,0.5087357125120241,0.5092569924537238,0.1864537177078864,0.8395392187317405,0.5151946482409989,0.5170242266338756,0.18437691911801857,0.8371031148273449,0.16947231462511178,0.5109366898589829,0.33569937476033224,0.34486293626468684,0.07030980697155205,0.743442113813166,0.3559763265960103,0.3340605981103995,0.077476417485966,0.7494159077189207,0.1824625842526571,0.38211075077991635,False,,,
H614del,inframe_indel,False,1.0,1.0,0.0,none,none,,1,19841300,1.0,1.0,,,0.5679346463360814,0.5674365324436311,0.24770695225010675,0.8528453679954834,0.5692735712125246,0.5755309256336696,0.2623915428310232,0.851552742015255,0.1537370956978169,0.551739185802125,0.5781463959934521,0.5702939406270198,0.24375526824206528,0.8529397852267703,0.5771758881820419,0.5829284857987095,0.27511358465751873,0.8449728621656071,0.14792242090548213,0.5576473417732108,0.6732049630213349,0.6564603962165245,0.2937448930448979,0.9185062313861907,0.6627152919851214,0.6819981523238624,0.29612130031283035,0.9113949103840306,0.15937651515997156,0.6266303165422535,0.5087357125120241,0.5035573705282113,0.17506558830382338,0.833257604833297,0.5119909239255286,0.5098330291612132,0.18709914464089195,0.8378933805655928,0.16747517689053099,0.508521250424282,0.6316556472635034,0.6214091625514188,0.26157536920838126,0.90199162203142,0.6310973613741742,0.6425298399489475,0.27135472767318214,0.905327223547374,0.16450665406562254,0.603788677246304,False,,,
H637fs,frameshift,True,1.0,1.0,0.0,none,none,,1,16414944,1.0,1.0,,,0.5679346463360814,0.5654337677967158,0.2415867231315762,0.8392560901549299,0.5668150144407951,0.5721731570753865,0.23452004134316362,0.8532599978646138,0.15635403252986732,0.5498023527604895,0.5237340426211323,0.521862859719364,0.20239296038138613,0.837957123822917,0.5295529275009492,0.5258147396360858,0.21258088003956757,0.8296550453026897,0.15926154564775136,0.521559038449791,0.5223540047669304,0.5181243981208538,0.19080867118588005,0.8424682824202574,0.5318053148647434,0.5325354113857006,0.20488596115554478,0.8395186438784678,0.1633567865521563,0.5234550903900965,0.4732838882927845,0.4767819396252461,0.1571768354052422,0.8147695954208242,0.4841823341742592,0.4781310481689385,0.1675737064771724,0.8164028055918795,0.17250208725475613,0.48667540160892375,0.4304742885235544,0.43623584683643823,0.13011573288904446,0.7811016452008859,0.44427526799787836,0.4348606597889745,0.14152342238687338,0.7890977506938858,0.16883892679853987,0.4550842693443432,False,,,
I249V,missense,False,1.0,1.0,0.0,none,none,0.9858,1,41858555,1.0,1.0,,,0.5679346463360814,0.5604165677972247,0.2404434314174937,0.8486214207159217,0.5697915532326527,0.575298650234608,0.2588898906678526,0.8506597771721417,0.15164736476312715,0.552101127525005,0.5781463959934521,0.5741144032848278,0.2555699640127324,0.849259671971835,0.5777780772869812,0.5865080545920576,0.26118682008743505,0.8583069671724538,0.15084742813327517,0.5581770951398941,0.5806254417984636,0.5724546699215843,0.24172173673471137,0.8598165572246738,0.581907821594715,0.5844521561799207,0.25772969627386694,0.8674000272268628,0.1605055495947557,0.5623952287652058,0.5087357125120241,0.5082042506479799,0.18197878638696915,0.835820728688704,0.5128219962117304,0.5137017486304454,0.1924020972162901,0.8313030626750356,0.1678852334323307,0.509041345169109,0.4462198029954778,0.4500313833210634,0.14063034786104098,0.796696995459652,0.4612879535298204,0.45326473990223026,0.16205564670980782,0.8010683304040269,0.16705798645175723,0.4688447546100844,False,,,
I268V,missense,False,1.0,1.0,0.0,VUS,clinvar,0.6743,1,32893267,1.0,1.0,,,0.5679346463360814,0.5647164199491514,0.24160431875928048,0.8467441007417515,0.5736799992627575,0.5817978518227584,0.2660286998583816,0.8514819432475144,0.1509411393052269,0.5551298297353798,0.5781463959934521,0.5684948448367152,0.2496288071779861,0.8521298596256107,0.5799008399985551,0.5856560039890417,0.2659440663074847,0.8609538326079147,0.1530004937382454,0.5597481447748884,0.5413838965238122,0.5337822554299849,0.21411818269888547,0.8427426849716354,0.5459583462377278,0.5485777045344644,0.23490302099198634,0.846144531180879,0.1583548757487585,0.5340975929775114,0.6070907159007526,0.5964210126819115,0.2518453624275509,0.877264443270099,0.6060603184136029,0.619397562238529,0.28128634553381027,0.874769634379167,0.1574221409800294,0.581750297918783,0.5994316757047515,0.5892245872534122,0.24328435848553712,0.8656105152307342,0.5989780835219336,0.6088865142784695,0.26094873416241254,0.8797367249908569,0.1607217265672764,0.5774016069763097,False,7.98244e-06,,
I313M,missense,False,1.0,1.0,0.0,none,none,0.911,1,10973849,1.0,1.0,,,0.5679346463360814,0.5601203897252159,0.23429055596970838,0.850130271590062,0.5669639962457924,0.5722514697440269,0.2388640834307328,0.846223603615496,0.15715072072062525,0.5498841096713672,0.5781463959934521,0.5770049130782755,0.2549801519242246,0.8407182517358809,0.576329802509954,0.5841145574948361,0.2524826334512622,0.8668365923975266,0.15563482706354173,0.5571908345029427,0.5713499699931971,0.5665502503078029,0.2355940373241037,0.8625915182095403,0.5705350923876533,0.5762403544213479,0.2535373250655577,0.8589425669199598,0.1552812459466124,0.5531232644137862,0.5087357125120241,0.5059374115503832,0.18722098445230037,0.8282047635232311,0.512280234683535,0.5152538959743764,0.18445684924730857,0.8347690224418607,0.16866356788018314,0.5087060599736789,0.4360847972748571,0.44104364467088875,0.14327832510467398,0.789117476643057,0.4478591398476895,0.4363704198123671,0.14228966901447854,0.7910368079165949,0.1699377069047514,0.4580025873348049,False,,,
I397V,missense,False,1.0,1.0,0.0,none,none,,1,33013630,1.0,1.0,,,0.5679346463360814,0.5635131635795593,0.23858535640638717,0.8438542568386649,0.5708432564957658,0.5794902312878432,0.2556290104822139,0.8521837320582605,0.15401844629391073,0.5528324095173107,0.5781463959934521,0.5719350666570944,0.25943423219127393,0.8484755458953842,0.5774280026587492,0.5854598786926343,0.2695921216274887,0.8612737500136681,0.15345324353650064,0.5579092267384791,0.6732049630213349,0.6601989336746078,0.3043296242706549,0.9140124473094353,0.6680048120765985,0.6824969706558203,0.3255883265776519,0.9143511995866694,0.15242094987078986,0.630716879967338,0.5087357125120241,0.507726244563314,0.18392263707792003,0.8400850148360504,0.5153137569120882,0.5180032112224595,0.19057072544204248,0.8349080730931601,0.16791940265184727,0.5110643351912202,0.6316556472635034,0.6207935342802238,0.26733484359641946,0.9026253626684665,0.629647128661218,0.6429824913214872,0.271633538688095,0.8978640056459521,0.16483522588698116,0.602780024387225,False,,,
I556N,missense,False,0.0,1.0,0.0,VUS,clinvar,0.9964,1,30758498,1.0,0.0,,,0.5679346463360814,0.5608109159136966,0.23390260139401273,0.8477017233750165,0.5238336763361339,0.5312936479631458,0.21466444428263864,0.8084316223461199,0.1554424131240289,0.5164846766249442,0.5781463959934521,0.5654689597178535,0.2336938833343028,0.8466517598452319,0.5348149358964991,0.5418256793454502,0.2305694598448839,0.812850758804109,0.15158757873353723,0.5249073990802772,0.5819293992028126,0.5775901814099993,0.2516482568996293,0.871819502406936,0.5333147805009661,0.5410170339989544,0.2151564944589069,0.8258403661339642,0.15928081692572807,0.5239675045763588,0.6070907159007526,0.5967974985894631,0.24980258221545898,0.886395877039633,0.5572841837626931,0.5712044796256788,0.2110220845638476,0.8509035552621766,0.17017381173927532,0.5431907848310354,0.6391254754881136,0.6264732744002222,0.27269760490326983,0.8983382999459204,0.5854013188347348,0.595648735947962,0.23497812806048213,0.8707611891730773,0.16661945576050882,0.5664617363453751,False,,,
I96V,missense,False,1.0,1.0,0.0,none,none,,1,22949429,1.0,1.0,,,0.5679346463360814,0.5590227297413958,0.23147199523679432,0.8438633556243524,0.5683376018943485,0.5755742108491488,0.25478773281972494,0.8479994807206335,0.1521128626000938,0.5509427371353417,0.5781463959934521,0.5714497474502639,0.24825868699708273,0.8496258395886711,0.5799581371910618,0.5869745040171428,0.2592551633812077,0.8694228931101988,0.1581078222551168,0.5603075718949536,0.6732049630213349,0.6596651851770527,0.30018484486709984,0.9122220186355429,0.6692304519008212,0.6890263493140627,0.3075132400176488,0.9196638850616957,0.15861779858130717,0.6319114084557476,0.5087357125120241,0.5049760578533876,0.17735334415545942,0.8310648531608936,0.5149148412066079,0.5151845376847406,0.19102834015462047,0.8377013599860818,0.16980513281148837,0.51077235568104,0.6316556472635034,0.6197997378696862,0.2507810769719722,0.9005426715783912,0.6275565995176263,0.6432549100022966,0.270525566361787,0.9015299875115615,0.1657523253187033,0.6008065678182364,False,,,
K12E,missense,False,1.0,1.0,0.0,none,none,,1,30568157,1.0,1.0,,,0.5679346463360814,0.5632074384711302,0.2518444883475653,0.8470088824291716,0.5684610396432023,0.5753870788834635,0.25761740754366025,0.844335828960955,0.1525120533854494,0.5511622000585186,0.5781463959934521,0.5682452818020046,0.24843850359903322,0.8593278070570747,0.5774256963730366,0.5829902940577323,0.2512371909182396,0.8532472301461638,0.15171718521304026,0.5577345168259958,0.6732049630213349,0.6600738330381891,0.309701670410419,0.9112509448799846,0.6638233575283097,0.683556971042599,0.30500856650038705,0.9096406221962281,0.15876771369103662,0.6274020016972061,0.5087357125120241,0.5121552289671439,0.19366475117765303,0.8343374578115972,0.5163354209195683,0.5167416826093895,0.1882370297256641,0.8278496639185087,0.16887203908393128,0.511887479432908,0.6316556472635034,0.622185783620075,0.2731119386786866,0.8929769160818942,0.6284865012923714,0.6462968761956602,0.2778467822439887,0.8992478793737302,0.1633025725484781,0.6017377467186268,False,,,
K177N,missense,False,1.0,1.0,0.0,none,none,,1,33552729,1.0,1.0,,,0.5679346463360814,0.5622721933530094,0.2449127262551669,0.8487240447739398,0.5655592885417567,0.5709890854481072,0.24810097989149568,0.8499487180103891,0.15442244302744482,0.5490281318365372,0.5781463959934521,0.5701955877668972,0.24294637378952946,0.8574858361197968,0.5774247024146204,0.5805510583569233,0.2670899064533483,0.8508755044955862,0.14994215572703107,0.5578056617906474,0.6732049630213349,0.6565464959891476,0.2999672911000107,0.9095229804737701,0.6677884345419992,0.6841363087039115,0.32513392500323257,0.9175712180738089,0.15415951134631686,0.6307740973509546,0.5087357125120241,0.509866261720793,0.17677120624387938,0.8284632260635371,0.5149246035152335,0.5146110200581585,0.19405776242310396,0.8306519603952176,0.16394697177432788,0.5107803224279267,0.6316556472635034,0.6202746814924756,0.2571944198466509,0.8957094253849212,0.6286415035358707,0.6418594578758272,0.26826964159169464,0.900894416731032,0.16338775164166391,0.6016544331977229,False,,,
K183R,missense,False,1.0,1.0,0.0,none,none,0.2202,1,32893267,1.0,1.0,,,0.5679346463360814,0.5638342262293691,0.245013590575792,0.8444984117676445,0.5709749329846834,0.5769727750019081,0.25428627994425385,0.8486602856390386,0.15093086455954816,0.5528858305560179,0.5781463959934521,0.5701349987971186,0.2529206673854749,0.8514500841986398,0.5790327797904957,0.5881838554770241,0.25029972857448507,0.8571969982563131,0.15807029195981098,0.5594234791786598,0.4838722552843439,0.48627289526111245,0.15813721384475923,0.8268478207347381,0.49698426848985794,0.5007237164713447,0.17023927604028583,0.8191167195491931,0.17043494220985683,0.49615252962911255,0.5087357125120241,0.5049737708573675,0.16469324255573467,0.8305524405584526,0.5181292703454805,0.5195276035372238,0.18955120543206336,0.8361321467509973,0.16901489909773426,0.5133220529173055,0.3515655000860038,0.36062545140283386,0.07947144361543029,0.742688399688799,0.36731276443328104,0.3444850822694935,0.08685195431628999,0.7496513327634579,0.17837445801581553,0.39211870436278456,False,,,
K196fs,frameshift,True,1.0,1.0,0.0,none,none,,1,32893267,1.0,1.0,,,0.5679346463360814,0.5611753635734431,0.2602763123342888,0.8493284423539434,0.5684747899931776,0.5736205735991449,0.24567741186892164,0.8436145399357267,0.14993070718846724,0.5507489280421302,0.5237340426211323,0.5220653643092318,0.20088377459499998,0.8320433119260127,0.5334733235380803,0.5402458881478053,0.210427464123082,0.8288608934593118,0.1628690009430172,0.5243532191557763,0.5223540047669304,0.5237264885532373,0.19189138064827915,0.8341843740982902,0.5263406879037433,0.5300940518907666,0.201772571389153,0.8380108912963203,0.1647682908728683,0.5190731392017415,0.4732838882927845,0.4778241288376703,0.15958292705115723,0.8185358588996748,0.4819765037853922,0.4784071544419666,0.15636567162252463,0.8191789158240994,0.17515024569846066,0.48484377151948294,0.4304742885235544,0.43869742500818204,0.13807529744002373,0.7751544488237421,0.44724368772555484,0.44156845918782306,0.12941833655172152,0.7890143868927427,0.16946594634845058,0.4572490191719431,False,,,
K285N,missense,False,1.0,1.0,0.0,none,none,0.9339,1,30816480,1.0,1.0,,,0.5679346463360814,0.5661204850120296,0.2417644061254221,0.8424658682291891,0.5712116300509578,0.5740414686771588,0.248546641522676,0.8547701641440132,0.15456615345429459,0.5532165539881446,0.5781463959934521,0.5711118360579538,0.24235394791634937,0.8525589758284274,0.5789835809448345,0.5897486276680324,0.25849646804110005,0.8546140570328201,0.15284652520186298,0.5588668680041089,0.5742027076093462,0.5651588304043996,0.23775307085456937,0.8626355621523994,0.5736723939980966,0.5799358674329645,0.24804271772553668,0.8652210416137104,0.15882411810901587,0.5559833357758193,0.5087357125120241,0.5099994211710415,0.18409792964588306,0.8388973019173392,0.513675511684378,0.5144250361015638,0.17929454684215168,0.840892855419522,0.17113910323633255,0.5098041778050831,0.43917833889607677,0.44506921657626836,0.1437275982574617,0.7840549122303688,0.45346343252175053,0.44610261325284356,0.14484523115998885,0.7948760718784572,0.17104512482977177,0.4624627263165645,False,,,
K318N,missense,False,1.0,1.0,0.0,VUS,clinvar,0.9462,1,10973849,1.0,1.0,,,0.5679346463360814,0.5610203655450945,0.24698825939441033,0.8493407714782522,0.5696752038005871,0.5767218182783828,0.25040337013940056,0.8482359290188275,0.15349311269677218,0.5519486108795535,0.5781463959934521,0.5694564829986775,0.2556482953677557,0.8490668349883991,0.5778116281551124,0.5820781129558932,0.26720106206654404,0.8555791771305639,0.15069224819068325,0.5582355608497155,0.5757303737766858,0.5684514416374152,0.24026319159958798,0.8585196259256044,0.5765108208268928,0.5827049448194872,0.24548657339903043,0.8618899011465205,0.15827511509679043,0.5579973382835479,0.6070907159007526,0.5954721213414153,0.24701018366790375,0.883375941669733,0.6074251362638421,0.619920278789706,0.26526273197378,0.8893834806597833,0.16131159668930442,0.5831340877379632,0.6332721394952274,0.6213698698225465,0.26352315340951865,0.8942519792033322,0.6272312101348102,0.642538310666125,0.2848829198556159,0.898590827399485,0.16151259737412677,0.60071092981325,False,,,
K32X,nonsense,True,1.0,1.0,0.0,P/LP,clinvar,,1,27871843,1.0,1.0,,,0.5679346463360814,0.5591338444239177,0.2398525471378165,0.8405375219413251,0.5669343140500063,0.5765245324509478,0.2553452665352864,0.8411824728307544,0.15098725929291099,0.5496237660327559,0.5237340426211323,0.5230746320160973,0.20161565158286043,0.8376363884260645,0.5291458301667017,0.5320809112733509,0.19841996880998466,0.8435799212905838,0.16689516481537242,0.5212179837546127,0.5223540047669304,0.5238969023117259,0.19326358098385857,0.8409072166229761,0.5278013491706618,0.5318161022461751,0.17847209544077244,0.8531017995255835,0.17460605471066304,0.52031701531259,0.5502375238083598,0.5436733278937566,0.20941590927808756,0.8544137835798266,0.5529714227343188,0.5598074744533135,0.21827007410776475,0.8551928056293537,0.16939050791555124,0.5401562482070961,0.5567719733512766,0.552834132877292,0.2171673138647533,0.8559948027647216,0.5577445281624003,0.5637676554592059,0.22347420110850985,0.8517113136792036,0.16328171485765489,0.544534429534138,False,,,
K393M,missense,False,1.0,1.0,0.0,VUS,clinvar,0.4581,1,16414944,1.0,1.0,,,0.5679346463360814,0.5609234061280787,0.23750627383073414,0.8401354070769483,0.5716123189295715,0.5753340703625955,0.266973658742675,0.8510497382399271,0.14911147520373746,0.5532209167555538,0.5781463959934521,0.5703306459701156,0.25762018726139063,0.857892572794656,0.5789920424663884,0.5856689185700259,0.2645873267541948,0.8478128532338933,0.15251360671529135,0.5588747551466887,0.5137555429658296,0.5130986150295125,0.18476102425793053,0.8302597415113785,0.518161801005305,0.5201138709376504,0.1970459414259317,0.8371560126039617,0.16383211621343746,0.5128042905431727,0.6070907159007526,0.5990272982119126,0.2527737736733091,0.883402338202917,0.6078316451955877,0.6199706988300748,0.2632486604868362,0.8884897947098679,0.16298525197214217,0.5834059330595008,0.570563101664516,0.5634035236148885,0.23146202689689435,0.8594473533450162,0.5696205204128084,0.5816504772552333,0.23569256086092924,0.8684390351923867,0.16509067237379071,0.553904118778634,False,,,
K420N,missense,False,1.0,1.0,0.0,none,none,0.822,1,32893267,1.0,1.0,,,0.5679346463360814,0.5547921522309486,0.2394850471836566,0.8449426153855827,0.5696975793879954,0.5745789002063163,0.2527709884557127,0.8514648139844954,0.1530502179573917,0.5520220187972505,0.5781463959934521,0.5717580223665044,0.24532916672340563,0.8498024322748207,0.5765302460258696,0.5872321321888136,0.25405893103058536,0.8507579444247344,0.15169699868289724,0.5568873823943128,0.5601697206313824,0.5518545883655955,0.22295480632349382,0.8554888443099936,0.5635770556873907,0.5691166945328707,0.24609261663940535,0.8541554563940091,0.1564412720909618,0.5477947065816413,0.5087357125120241,0.5053889005727701,0.17887937813275537,0.8388745491123327,0.5167563245719609,0.5203430121213828,0.1852100643243298,0.8385372016880129,0.17209946991251462,0.5120903116404405,0.4241652587498017,0.43108529075046464,0.13920826085631335,0.7772699423074296,0.43957866595133593,0.42979401660176997,0.14149655311773607,0.781468289698884,0.16831440993218813,0.45146165748536377,False,,,
K421X,nonsense,True,1.0,1.0,0.0,none,none,,1,32893267,1.0,1.0,,,0.5679346463360814,0.5633587821940645,0.24146567614217201,0.8502204647536235,0.5677705313041926,0.573216879663329,0.2559880006159253,0.8461104561824966,0.15066345516565222,0.5503519661351718,0.5237340426211323,0.5213206479138429,0.19125132089735805,0.8309086683405432,0.5282974972517185,0.5361020434085666,0.20596774706683577,0.8338921055066317,0.16414609252104317,0.5206039022875978,0.5223540047669304,0.518807793267283,0.19473845388791652,0.8317556669920201,0.5282689911667053,0.5299211119530487,0.1959892733055254,0.8355658540850571,0.16506055433371594,0.5205832205622021,0.4732838882927845,0.4734522912057198,0.15996437550799456,0.812446757860255,0.48806326597661287,0.4842105011809417,0.165631908603538,0.8234759982034776,0.1743288523343461,0.4896566301395728,0.4304742885235544,0.4372486037383943,0.13695074347761368,0.771232446321182,0.4423483774258745,0.431504506084025,0.13688459832243682,0.7877390026321246,0.17109957219945998,0.45344252885585984,False,,,
K422X,nonsense,True,1.0,1.0,0.0,none,none,,1,32893267,1.0,1.0,,,0.5679346463360814,0.5625245428282333,0.24330834151007108,0.8470873084415557,0.5683092536448796,0.573116657596058,0.24744381819840944,0.8572730364515682,0.1550443471774908,0.5509703458907453,0.5237340426211323,0.5244655671012401,0.20315230335208764,0.8363245368832537,0.5317415828697871,0.5363954597826613,0.21998863379377473,0.832912781027822,0.1615186978184432,0.523220513832009,0.5223540047669304,0.5206489711890705,0.185223377080507,0.8337921174853435,0.5311899413396741,0.533241506878531,0.21197376421095784,0.8330288854606875,0.16129687452385516,0.5228662368732663,0.4732838882927845,0.4756835091059929,0.15175267422616454,0.8091474432735014,0.48177149285728005,0.48038422285890114,0.16067104592444373,0.809295327510725,0.16951011009150674,0.48467133793792805,0.4304742885235544,0.4363911389389896,0.1455508718254012,0.7844987070517997,0.446131992172304,0.4381764884801346,0.15331010871174505,0.7748890829621058,0.1641728652919027,0.4565601456289157,False,,,
K515N,missense,False,1.0,1.0,0.0,VUS,clinvar,0.9136,1,30816480,1.0,1.0,,,0.5679346463360814,0.5614124747257221,0.23849495708055193,0.8476615485301141,0.5699255029654268,0.5780491830213526,0.25502930205320634,0.8643243983439649,0.15514035406174478,0.5524135081519315,0.5781463959934521,0.575188526656562,0.2556405828759503,0.8521415866038929,0.5804619807575755,0.5888412211874401,0.255265693307568,0.8653332520454722,0.1563961143015406,0.5604996682363282,0.5716744042854132,0.5626304017244055,0.2280114723045516,0.8568255193803361,0.5728861978409805,0.5813803891661691,0.25392282671979477,0.8546068450235925,0.1552204709818851,0.5548843758199656,0.6070907159007526,0.6029349600429841,0.25855434323910764,0.884613830341098,0.6091202656885462,0.6198991809773513,0.27354005517116087,0.8761614274607982,0.15757963440651912,0.5841417539604409,0.6293998622663792,0.6168665803335528,0.2518316976798161,0.8913438758139105,0.6256801268891115,0.639714448907178,0.2749924172862869,0.8913325992764969,0.16016600281503648,0.5992552347740886,False,,,
K638del,inframe_indel,False,0.0,1.0,0.0,none,none,,1,36277779,1.0,0.0,,,0.5679346463360814,0.5640837888024494,0.24162771003683822,0.8491167583711647,0.5226881693788649,0.5354046724944685,0.20299693231107419,0.8148579784930233,0.15755800468772946,0.5155785333657109,0.5781463959934521,0.5708514354433144,0.2592561911458616,0.8504242879478758,0.5322901136112592,0.5378878678493713,0.22111721879466834,0.8140443547936282,0.15213691383633565,0.5229372525137429,0.6732049630213349,0.6568599478686535,0.2915955955283658,0.9085391403466504,0.6183472747863764,0.633661114657011,0.2633016252424172,0.8862016330757463,0.1611220189819044,0.5904780416193346,0.5087357125120241,0.5110275273334023,0.18700027093056745,0.8280318715705637,0.4689286920623322,0.46985461224369324,0.15674178642079936,0.7878971148400736,0.1647431898657653,0.4743351031236103,0.6316556472635034,0.621002394318246,0.2687451546152016,0.8975159922048969,0.5796553115864445,0.5900150507447572,0.22846998486008582,0.8675639365301728,0.16843787243098307,0.5618835935505708,False,,,
L175fs,frameshift,True,1.0,1.0,0.0,none,none,,1,14998624,1.0,1.0,,,0.5679346463360814,0.5594261994686796,0.23876838475705045,0.8319966633470516,0.5689836004571294,0.5725720916867852,0.24724241122210003,0.8514248184964109,0.15704229423070246,0.5516864765443124,0.5237340426211323,0.5233844201248079,0.19948381842363588,0.8307491468249829,0.5313347637712331,0.5343063794426163,0.20848348235430403,0.833840185917051,0.16182089699476504,0.5229141496260915,0.5223540047669304,0.5163531937588822,0.19359392793252259,0.8402895987416817,0.5295783408399397,0.529577720822499,0.19824848354267388,0.8515903534096558,0.16740376129952295,0.5216726916102893,0.4732838882927845,0.47902985630270406,0.15462680063588471,0.8159858302246498,0.4839064458173837,0.4817125563755368,0.15453986371674147,0.8303568624355576,0.1760492180487846,0.48646561662365256,0.4304742885235544,0.4383043180481463,0.14527984596117302,0.7818533014782914,0.4446641741327995,0.43854264600864556,0.13592180040077376,0.7887306642148781,0.1699607569460175,0.4552297561287034,False,,,
L203P,missense,False,1.0,1.0,0.0,P/LP,clinvar,0.9976,1,21459285,1.0,1.0,,,0.5679346463360814,0.5610837067985436,0.2416468451292483,0.8441440465554337,0.5695008357315896,0.5727014498786118,0.2548894886969073,0.852639373349528,0.1527727652912829,0.5518000245926371,0.5781463959934521,0.5716695038180151,0.2544485979748823,0.8488097002614275,0.5790118831424779,0.5879758449617811,0.25359185323441985,0.8665638541034052,0.15510671625310415,0.5592804613571841,0.5820768416171551,0.5741672654637124,0.24379189436750195,0.8631788349143021,0.5830310538926328,0.5926135142879838,0.23547000533754214,0.8740354492847765,0.1608714139929405,0.5631513498919783,0.5863641348225075,0.5805037791846593,0.24542192134729585,0.8649688331850318,0.5864511826452495,0.5966056010288164,0.25505268705696765,0.8684583359431519,0.15955308475142332,0.5662301538363208,0.5750345750918038,0.5661901068073983,0.24121840593716865,0.8585352340381632,0.5711847831117836,0.5776527535209504,0.25157336077228937,0.8623384020344174,0.16079692290623024,0.5551562419505772,False,,,
L236Q,missense,False,1.0,1.0,0.0,none,none,0.9975,1,32893267,1.0,1.0,,,0.5679346463360814,0.5620291590803118,0.23570107483335997,0.8420382523953591,0.5699677219758986,0.5776605075336423,0.24040026819676463,0.8564975082937651,0.1570078266815032,0.5524722688650551,0.5781463959934521,0.5701131373956789,0.25279585986594816,0.8618815668414544,0.5774882736065432,0.5841594266012893,0.26377176837776184,0.8600521373150267,0.1551589338273948,0.5579806495511077,0.5820645561236227,0.5741246115120683,0.24177794929834137,0.8533504436617048,0.5796657882050892,0.5875195264483462,0.2397883643144692,0.8659425008771154,0.15946199267965966,0.5602758460296826,0.5087357125120241,0.5089675912736545,0.1839574620549952,0.8425921746984143,0.5162452581742146,0.5128091029177672,0.1915577434034972,0.8343401257703076,0.16696539333240965,0.5117174487125878,0.447811965880592,0.4524894348838223,0.14930585784595127,0.7955551610145748,0.4567402138462926,0.45023845593902423,0.14533534532523334,0.7939887891014202,0.17071027726392962,0.46488380050339484,False,,,
L236R,missense,False,1.0,1.0,0.0,VUS,clinvar,0.9971,1,26066609,1.0,1.0,,,0.5679346463360814,0.5592259775035703,0.2336039650948748,0.8545823491572883,0.5702988297634185,0.5773326698315273,0.247965332885377,0.8520661842324885,0.15652733769106003,0.5525909278507719,0.5781463959934521,0.5695742098235094,0.2551811222419326,0.8431983829097266,0.5780023309335155,0.5828009807093909,0.2654986874940479,0.8569110203443576,0.15295953515742883,0.5584612775762005,0.5820154116494483,0.5688635021663714,0.23709061771471618,0.8511567969748113,0.5832384370755737,0.5903059105391351,0.26370699553513977,0.8648226896442354,0.15548329763413155,0.5629168328160867,0.6070907159007526,0.5989936949471723,0.2528249617409991,0.8800184020914574,0.6030569785189549,0.6128219126088281,0.25297669283658625,0.8892044775220419,0.16310514423370376,0.5797946115538344,0.6392061388391912,0.627238578378233,0.2703934430913743,0.8927808542890473,0.6326658856536435,0.6501031392274734,0.27504168317749517,0.9023010005646243,0.16564450533006397,0.6054023337348478,False,,,
L239P,missense,False,1.0,1.0,0.0,VUS,clinvar,0.9985,1,16414944,1.0,1.0,,,0.5679346463360814,0.5666626154386308,0.25333888226234946,0.8474398299713944,0.5703946428142515,0.5798190086479699,0.24736519082994365,0.8554894687708228,0.15532637274930028,0.55259648094256,0.5781463959934521,0.5742234616496977,0.2608276983203787,0.8579263591134425,0.5811212937470892,0.5884522910840434,0.25230497199443186,0.8621245118344742,0.1573061814473561,0.5608333408857801,0.5821873997972502,0.5776868751556378,0.24423298275822755,0.8679792941700561,0.5827162367557834,0.5883829109661658,0.2505825424947858,0.8653308584012602,0.15651239808649656,0.5627464118077922,0.6070907159007526,0.5974256546378277,0.2430161385528403,0.8762720683935907,0.6036355648008592,0.6152501546507354,0.2651216178140296,0.8790641659453778,0.1618093573371811,0.5800465829653018,0.6393673857191597,0.6265842859684392,0.26553397570567183,0.8971898851869602,0.633638066662203,0.6496454041920522,0.2622485550687033,0.8996962064315998,0.1647428670367268,0.6059660314461256,False,,,
L251Q,missense,False,1.0,1.0,0.0,P/LP,clinvar,0.9988,1,26496715,1.0,1.0,,,0.5679346463360814,0.5671106319478205,0.25222423874214467,0.8488891323965827,0.569532758672799,0.5725720144026409,0.2583593658324524,0.8566329264703129,0.15522578235740359,0.5521963851875776,0.5781463959934521,0.5729433678828338,0.24672539067803007,0.8505833653679409,0.578136741251525,0.5843758917403281,0.2718153407810609,0.8490451084505325,0.1493783629460313,0.5582840644972465,0.5822242480150359,0.5766489564728832,0.2501531540856965,0.8679522984128583,0.5826108419533151,0.5922018466676064,0.25244940567404806,0.8683079465817262,0.15891870924037194,0.5627361803876415,0.5863641348225075,0.5821788445290266,0.2524931025222522,0.8630752041794045,0.5869555584382323,0.5940590180358699,0.2596555219557444,0.870400054727434,0.15948233091152894,0.5667983052360913,0.575196632062233,0.569097483082571,0.24422894560277245,0.854358058721959,0.5774807601884182,0.5846717333864777,0.24658922667928207,0.869971016671893,0.16074276937915385,0.560347684625993,False,,,
L262R,missense,False,1.0,1.0,0.0,Conflicting,clinvar,0.9985,1,32893267,1.0,1.0,,,0.5679346463360814,0.5666810935822829,0.2570862103070033,0.8470477151524272,0.5693013372384281,0.5762744181850541,0.25085439357972406,0.8502925023074965,0.1522548108114183,0.5516885119604427,0.5781463959934521,0.5683781848441232,0.23857143802017233,0.8555144301175134,0.5786194230581109,0.58726243160186,0.26179896914316686,0.8456697300684141,0.1511724015055069,0.5586778048053312,0.5821873997972502,0.5713457079857261,0.24701701933469986,0.8569517707587778,0.5818607272912019,0.5872766061269685,0.24998164182614743,0.8656767072892261,0.15717954930846104,0.562136308156318,0.6070907159007526,0.598369541389043,0.25951531948267337,0.881167239582503,0.6041105476386125,0.6173168075307323,0.2656258023709496,0.8803820357957767,0.16073423520256283,0.5803360553481224,0.6393673857191597,0.6245662214448339,0.2732060346934001,0.8995655691070726,0.6352016621471782,0.6503852981248086,0.2864729054433237,0.9094371325786061,0.16145631268149102,0.6073659680996297,False,,,
L262V,missense,False,1.0,1.0,0.0,VUS,clinvar,0.9526,1,16414944,1.0,1.0,,,0.5679346463360814,0.5621287587558543,0.24011803431154224,0.8516692395166366,0.567307705873325,0.5740513651573296,0.24096515684621725,0.8554849455917289,0.15370229041497283,0.5500807094824129,0.5781463959934521,0.5719705172870618,0.2506582418987211,0.8519002604422907,0.576916899965254,0.5858078221203129,0.25809193586393997,0.846075620860046,0.15261798409599378,0.55714685102352,0.5765239397162306,0.5688762800841729,0.24911008152047132,0.8519863480077502,0.5772714333832313,0.5790180359938264,0.26459712721079015,0.864115858071388,0.15471890416416828,0.5586048839223087,0.6070907159007526,0.5936706549625546,0.24693660848347748,0.8820624631010314,0.6062109624052682,0.6170996696770632,0.2607409604188767,0.885391798674275,0.1650673526968961,0.5822288840351854,0.6340258360636002,0.6236417606754469,0.26575349343370464,0.8925914009890893,0.6276331141926749,0.6444425324690828,0.2561990854155986,0.9026583264606504,0.16883819696886546,0.6014776362582543,False,,,
L282P,missense,False,1.0,1.0,0.0,P/LP,clinvar,0.9987,1,32893267,1.0,1.0,,,0.5679346463360814,0.564110932200281,0.24682416745493768,0.8464786955214898,0.5701060867409724,0.577817563386354,0.2548051623434969,0.845820884420646,0.15226561189753834,0.5522912548071379,0.5781463959934521,0.570313189085937,0.24987483976852876,0.8443492045991879,0.5800948291684417,0.5901164214197282,0.24521474625109063,0.8606909926346693,0.1582030500166929,0.5601458228477022,0.5822119655264691,0.576780794893233,0.2519183134535488,0.8585862915276141,0.5820983400709583,0.5881868714210439,0.26682371897021023,0.8659262754136384,0.1557788859191558,0.5623805462693185,0.5863641348225075,0.5764286353271305,0.24548532060624662,0.8645214169177318,0.5842834247692431,0.5937794223902144,0.251840498609336,0.866462293367965,0.16150655769541722,0.5649213756328059,0.5751831288824825,0.5671829061190005,0.24079362801108034,0.8591090349062147,0.5747963536414994,0.5833783162151742,0.2502153688814644,0.8498698860179922,0.15352510137271713,0.5577463760153861,False,,,
L347P,missense,False,1.0,1.0,0.0,none,none,0.9995,1,26496715,1.0,1.0,,,0.5679346463360814,0.5616675594451382,0.23880996480314723,0.8475624201432705,0.5676564581499449,0.5758863109517014,0.2488380966742601,0.8487342531105762,0.15262278392704665,0.5503231165832877,0.5781463959934521,0.573244373547559,0.25397678523826633,0.8537793000963445,0.5768238449212713,0.5846174171908611,0.25184405307198904,0.8596839626732515,0.15415999169270267,0.5575339110933756,0.5823102184104867,0.5753866067240072,0.24932004035711736,0.8597577315267416,0.5805444532434203,0.5877397111013123,0.2570268893244752,0.8645739714466965,0.15572031185536064,0.5608459946375886,0.5087357125120241,0.5050639273842606,0.1837571870433934,0.8393303060840396,0.5158755677920813,0.5159563653671866,0.19388566041637292,0.8312671430119344,0.16687838950803205,0.5114066372828481,0.4480842773838143,0.4504204062205522,0.15058223393685724,0.788496570775018,0.46350410559430005,0.45795417791477977,0.15873094112705713,0.796564551519583,0.16704241031911723,0.47055294053693403,False,,,
L50fs,frameshift,True,1.0,1.0,0.0,none,none,,1,16414944,1.0,1.0,,,0.5679346463360814,0.5596475993310014,0.24217246059696643,0.8412614011310157,0.5704541851960528,0.5780048991943216,0.25269896415332677,0.8520933462626818,0.15472969075089132,0.5524271361551968,0.5237340426211323,0.520619792377275,0.2033428618491603,0.8337555825133879,0.5273645816916177,0.5325299000572582,0.2090253829879739,0.832077613665434,0.16322440665048638,0.5198201810315101,0.5223540047669304,0.5245439156744021,0.19275633034197856,0.8322495804884029,0.5276040479243865,0.5299284082957277,0.20169499498759735,0.8463256313237507,0.16854171218693906,0.5203160090135892,0.4732838882927845,0.4759317359997646,0.14410762400135177,0.8165291053919144,0.48553495706429195,0.4867574476708399,0.1622628880890987,0.8171770738567796,0.16988078185801017,0.48759973652262467,0.4304742885235544,0.4399743205934294,0.13960684634614584,0.7729982089650536,0.4438569384715038,0.4326637925663552,0.14849604017160403,0.7875740042824095,0.16674674876329823,0.4547795074543442,False,,,
L559P,missense,False,1.0,1.0,0.0,VUS,clinvar,0.9998,1,32893267,1.0,1.0,,,0.5679346463360814,0.5661536137236182,0.24837811819623615,0.8456621474536061,0.5680101001867596,0.5755372753039804,0.2554990979649547,0.843098732091934,0.14927483304955538,0.5506504854149211,0.5781463959934521,0.5758825521689328,0.2461574675389409,0.8541701566008975,0.579703498486799,0.5882100563620922,0.2684373353731409,0.8560746399509788,0.15315368841705976,0.5595994304504535,0.5823470590995569,0.572880119057164,0.240913797504807,0.857665992834003,0.5804535116699451,0.5877974059343407,0.255176926167788,0.8652337728999022,0.15711117887975895,0.5611633923604861,0.6070907159007526,0.596677656664379,0.24656185942414616,0.8811470848508205,0.6036220880601659,0.615914836004017,0.254896097719366,0.8931610358175147,0.16522939259931127,0.5802852664181679,0.6395170196034958,0.6271211851730201,0.2773161660304334,0.8993628185968362,0.636571404488235,0.6527644634787839,0.2795338225590061,0.9093542226130965,0.1661159688781939,0.6087439616504204,False,,,
L606Q,missense,False,1.0,1.0,0.0,VUS,clinvar,0.9433,1,28292826,1.0,1.0,,,0.5679346463360814,0.5624954320022475,0.23825777740350185,0.8487991568724084,0.5709139985269106,0.5784840184379729,0.254654536878624,0.8499001439859585,0.15267770187512805,0.5528680680293093,0.5781463959934521,0.5700775223760606,0.25525745402701716,0.8499557508548946,0.5767927533978917,0.5821660620629002,0.26352509379239447,0.8623205846097608,0.15342707767899125,0.5576509788414932,0.5753704899174451,0.5668469841548,0.23495416088439444,0.8619561164564883,0.5781488964192991,0.5843245008489693,0.26177901851135416,0.8671382021146402,0.1548556308857916,0.5592242251869773,0.6070907159007526,0.6017171196975332,0.2529564341324615,0.8818509951286337,0.6067448002870941,0.6176498312846876,0.2537660800426452,0.8903967606746896,0.1652795191282618,0.5826006035335319,0.6329299124494748,0.6194131573329765,0.2690202185918749,0.8920917225388323,0.6276914674851743,0.6450822593347989,0.27489748979027756,0.8996593787865681,0.16423989127977512,0.6010987974698682,False,,,
L65F,missense,False,1.0,1.0,0.0,none,none,,1,18313602,1.0,1.0,,,0.5679346463360814,0.5599412633763677,0.23773953185035782,0.8450241536976488,0.5663101447916506,0.5718480770499186,0.24957718330890524,0.8440938151161449,0.15333833147724646,0.5492896802432942,0.5781463959934521,0.5701968340161441,0.2514043589869691,0.8499563507839166,0.579689348183351,0.5893068164553171,0.266279295177299,0.8547350000986301,0.15323384950753066,0.5596624465972053,0.6732049630213349,0.6616094670899758,0.3022315249570465,0.9147137634444276,0.6646109709287455,0.6841599546839723,0.29725442822478504,0.9178011255312721,0.16172593623235512,0.6285062912479255,0.5087357125120241,0.5078332249899341,0.1828175629808605,0.837902514257261,0.5124224418876331,0.5107678249976397,0.19903770886438968,0.831648349339585,0.16747885482447306,0.5088387245724446,0.6316556472635034,0.6193164814659794,0.26492739811776894,0.8918537642308048,0.6283537070100018,0.6443165563488675,0.2654880890416831,0.9024446064307625,0.16704172708285803,0.6016424038709901,False,,,
M124T,missense,False,1.0,1.0,0.0,none,none,,1,26715165,1.0,1.0,,,0.5679346463360814,0.5622930780147462,0.2423405274193429,0.8459420617906772,0.5685146664841274,0.5769301494880474,0.24460802723127498,0.8550488672358529,0.153111988414868,0.5510841355453117,0.5781463959934521,0.5675569172994616,0.25429780620325426,0.8536923012740479,0.5785995888100501,0.5859242777987241,0.26774061486870837,0.8585019023781554,0.15531228799149077,0.559000972257787,0.6732049630213349,0.6600803301086394,0.2965888172397261,0.913349568553536,0.6646262734160969,0.6841701532217761,0.314292103698449,0.9166435950621452,0.15614030551620417,0.6281112761631198,0.5087357125120241,0.5085378641178533,0.1871731277857345,0.8365010274065083,0.5167740160341935,0.5167903291113041,0.18289825523142447,0.8436561239782425,0.16839722906889734,0.512148378777248,0.6316556472635034,0.618022100893299,0.25702433014474607,0.9023567360398137,0.629048424405778,0.6468797622924022,0.2704250529125595,0.8992987503266007,0.16406719555750215,0.6020607636492743,False,,,
M476L,missense,False,1.0,1.0,0.0,none,none,0.082,1,32893267,1.0,1.0,,,0.5679346463360814,0.5642218111950402,0.23504857859795592,0.8497793058596147,0.5699561261019075,0.5732043588253155,0.25520057031845733,0.8452571437732169,0.15085342799599216,0.552132267798759,0.5781463959934521,0.570252450436649,0.24693487554578153,0.8480175999827647,0.5790088322142893,0.5880186005639709,0.26051762072044704,0.8528022426383246,0.15234720342568409,0.5590893018353456,0.4670522601347936,0.47248832177508954,0.14918681167755865,0.8171089256082005,0.4754083522218766,0.4710060124436526,0.1495050933700318,0.816854136208557,0.1757596174812509,0.4795842055592901,0.5087357125120241,0.5082042731951933,0.18475201805935745,0.8323211879457573,0.5155927345879832,0.5137080335148461,0.1870307348646495,0.8413116082013289,0.16875249068556641,0.511475436776992,0.33752581659596675,0.3520570969745726,0.07562285941709708,0.7460823083110977,0.35924691094511857,0.33640491286677787,0.07705784383797624,0.7557446323462459,0.18069997388023606,0.38506062799780577,False,,,
N629S,missense,False,1.0,1.0,0.0,none,none,,1,24606995,1.0,1.0,,,0.5679346463360814,0.5635106424423236,0.2435050766252852,0.8522564849852573,0.5708696778419062,0.5753193590692549,0.27208949847547104,0.8527583226779527,0.15097520948668575,0.5528568502589531,0.5781463959934521,0.5690573252488483,0.26333110194515796,0.8571649617607547,0.5810378624064609,0.5884559677487852,0.2773385486048776,0.8569288903525835,0.1522963919167457,0.5607709405524773,0.6732049630213349,0.6612330732436984,0.2953032810750032,0.9132897532010089,0.6637328843019015,0.6846950398184326,0.2905824809132172,0.9220325057708858,0.1632099453119416,0.6278886942788672,0.5087357125120241,0.5079635531360285,0.17831398009133176,0.8336758840258952,0.516368031571617,0.5154185871576886,0.1821570465309431,0.8473559909864556,0.17587556657242112,0.5120221467114747,0.6316556472635034,0.6200494201979617,0.25656179356985864,0.8949390110051848,0.628770552173994,0.6451393984730931,0.2609257417361479,0.8966763280863278,0.168607848555051,0.602013785392195,False,,,
N633S,missense,False,1.0,1.0,0.0,none,none,0.0604,1,24606995,1.0,1.0,,,0.5679346463360814,0.5565831258783374,0.24504150713600195,0.8400206905829252,0.5664496869077177,0.5731964636107573,0.23272113768417604,0.8522777557719325,0.1572255717093196,0.5495133545150952,0.5781463959934521,0.5712264755003724,0.2412235055408643,0.8587699779461849,0.5772623072926211,0.5844058935589818,0.24855710954007423,0.8580487521664034,0.1551383361622023,0.5578775848549371,0.46446995419797166,0.46822897112191597,0.1394303180180799,0.8207736995813452,0.47199799929778974,0.46811622832798316,0.1456182183463267,0.818997048001819,0.1758312620237965,0.47688703241769526,0.5087357125120241,0.5075402848469076,0.18753276114733983,0.8290560981425437,0.5136985623704785,0.512307607802263,0.18791626175000592,0.8320492670595763,0.169685248855169,0.5098641428045388,0.33542905992664535,0.34656375870471845,0.0721208364238144,0.7558980358054355,0.35622142560385,0.33088348299434855,0.07544275628160849,0.7678259109579645,0.1852240767844445,0.3822741634629143,False,,,
P151fs,frameshift,True,1.0,1.0,0.0,none,none,,1,24606995,1.0,1.0,,,0.5679346463360814,0.5618138382417551,0.2440815339279576,0.8456229943441504,0.5677876913176656,0.575700956263408,0.25095212142935563,0.8523327781508246,0.15292951308198732,0.5505887662120483,0.5237340426211323,0.523990531713203,0.20683495629596815,0.8273311757696871,0.5300463042872959,0.533739072713812,0.20063299655383582,0.8342767033119645,0.16339094264120116,0.5217091636904314,0.5223540047669304,0.5190379112236533,0.19753838239858895,0.8334770164479064,0.5258806716006843,0.5264883458124587,0.1979499815681211,0.8405522620052095,0.165675554502376,0.518995775150951,0.4732838882927845,0.47310163179523834,0.14590289716169577,0.8086225897512328,0.48451794748035387,0.48267612475222876,0.16755059660426241,0.8108407054649047,0.1696376292473116,0.4868706258574554,0.4304742885235544,0.4346990232626061,0.14529763783260788,0.7748745414580076,0.4429961029425629,0.43472064712986436,0.1379563814422078,0.7873165397308477,0.16959030005012143,0.4539067645628104,False,,,
P197L,missense,False,1.0,1.0,0.0,VUS,clinvar,0.9781,1,41013213,1.0,1.0,,,0.5679346463360814,0.562300028797333,0.2450715803602626,0.8405842959602255,0.5716505202332465,0.5809984174206915,0.25657552381261106,0.8471084538605773,0.15100278767248754,0.553437593162734,0.5781463959934521,0.5706566303542568,0.2501163166425464,0.8573334181796055,0.5801008405651279,0.5859581576104114,0.26858119334247227,0.8563392267705903,0.1504763350113365,0.5599605625377596,0.5796765071299371,0.5719132522053288,0.23818648318987612,0.8626022314068906,0.5810762685893741,0.5893278180232591,0.25395259990123076,0.868626730272616,0.15862490105194896,0.5616567626383427,0.6070907159007526,0.5984288119824667,0.2532310181066418,0.8821209804660284,0.6059394645007262,0.6197126603398913,0.2646274093184007,0.8917299316192003,0.16364836657303372,0.5820857065567483,0.6370073034387018,0.6245683170457731,0.26616395068618365,0.8987153955410884,0.6362345077902374,0.6499373327044188,0.28669758322929617,0.9045467379419854,0.16246682245151844,0.6081197381527449,False,5.22021e-05,,
P297S,missense,False,1.0,1.0,0.0,none,none,,1,22949429,1.0,1.0,,,0.5679346463360814,0.5615588810335752,0.23413464720746585,0.8472205086984351,0.5674639429352302,0.5734717997251391,0.25736008550088685,0.8476962603407459,0.1516118239649895,0.5501980272222085,0.5781463959934521,0.5680015075182183,0.2393724232897109,0.8577109894973693,0.5780600455196442,0.5863700500585234,0.24419701260343124,0.860930419369079,0.15287971840351242,0.5581879255689188,0.6732049630213349,0.6589726601863352,0.29255235254369394,0.915439468144264,0.6656332261918484,0.6849259290866974,0.3097306369956007,0.9128127144152725,0.1581678573685995,0.6288091437568337,0.5087357125120241,0.508165964645618,0.19180420106103752,0.825928864783351,0.5153924199873301,0.5146281969466617,0.18439376032431437,0.8420525988195677,0.17122915124238472,0.511445061783306,0.6316556472635034,0.6214698051626355,0.26083247954904965,0.8951886491688714,0.6248091254562078,0.6408711427809286,0.25957717711434436,0.9079567931095675,0.16697925252382786,0.5989189062565276,False,,,
P310fs,frameshift,True,0.0,1.0,0.0,none,none,,1,36277779,1.0,0.0,,,0.5679346463360814,0.5609827861352985,0.23935979308355287,0.8446302662789302,0.5249966344451353,0.5321838931894476,0.21069639186529102,0.8053816646151034,0.15232262920925074,0.5175612733844244,0.5237340426211323,0.5189575473886878,0.19806229413069887,0.8321511747695666,0.48798320857454314,0.492839642429034,0.17578634799220863,0.7847942179199435,0.15926485953559627,0.48925915725351066,0.5223540047669304,0.5197960084520977,0.19471685351867482,0.8239149000238282,0.4824368158300828,0.4825456916973083,0.16798449743872682,0.7990878870287713,0.16371757355550212,0.48508144371657375,0.4732838882927845,0.4744563826643604,0.14904903206125966,0.8117206387956444,0.4374169706720994,0.4351196903351127,0.13695900131311964,0.7608234838567663,0.16615213569874696,0.4495987586507365,0.4304742885235544,0.4362107390409851,0.14206683887926558,0.7887469940674326,0.4058823439148837,0.40044149205687773,0.12597175473922634,0.7268374206028337,0.15685366759327565,0.42441094389533807,False,,,
P397fs,frameshift,True,1.0,1.0,0.0,none,none,,1,10737999,1.0,1.0,,,0.5679346463360814,0.5639110541790153,0.24584864897691389,0.8573502326589184,0.568965561467192,0.5714009813948684,0.26847857477149845,0.846109483040235,0.14672825460570663,0.5513430228538765,0.5237340426211323,0.5248138533527303,0.20022645693246166,0.8336135190261307,0.5287698023790176,0.5336524168719385,0.2032019639574571,0.8334962103377253,0.16419415414127614,0.520938455138686,0.5223540047669304,0.5240175191082915,0.2020784096119357,0.8371878427625835,0.5285999932395304,0.5315414688635738,0.20361653657631926,0.8426332815819376,0.16328625502475363,0.520825657158499,0.4732838882927845,0.46992734253735713,0.1593522635389586,0.8080235894511225,0.48184458260076213,0.47895816817454695,0.16046542949346485,0.8188836458214034,0.17276858798236044,0.48467182308396073,0.4304742885235544,0.43477226035046085,0.1335338912572967,0.7720770238082304,0.4420708218569365,0.43188828343160157,0.13799985551500388,0.8002259940163075,0.17190319534883214,0.4532819234807127,False,,,
P441L,missense,False,1.0,1.0,0.0,VUS,clinvar,0.4609,1,36386331,1.0,1.0,,,0.5679346463360814,0.5643912900754139,0.24138717579942875,0.8489040365006508,0.5676530957171848,0.5750451553122401,0.24877338089884815,0.8493051687964517,0.15367017351542234,0.5504564875087062,0.5781463959934521,0.5699204675182734,0.253073119220422,0.8506320240990259,0.5773666365215443,0.5879384835347532,0.2565005990815146,0.8566141559596698,0.1541250260525199,0.5576605088366736,0.5141119705775055,0.5167523132692046,0.19725770299060974,0.8280172323886428,0.5218753360611954,0.5264337621976138,0.19517999495609592,0.8331576327696741,0.16567504897469668,0.5155433556324459,0.6070907159007526,0.5979003913549912,0.24988766295449716,0.8858413800826842,0.6017789310795685,0.6169509564577855,0.24876089306098953,0.8822281362667478,0.1650280556603182,0.5786666651125006,0.5709441208062587,0.5660799914697623,0.21779011997899023,0.866928450646701,0.5729718376724166,0.5805382497860401,0.23580107390304503,0.8671646596189732,0.16512785443905115,0.556838670358151,False,6.58077e-06,,
P441S,missense,False,0.0,1.0,0.0,VUS,clinvar,0.39,1,19841300,1.0,0.0,,,0.5679346463360814,0.561576414623106,0.24509897345167783,0.8448806793529547,0.52588598477749,0.5360114213744078,0.20958034190303332,0.8132438964408162,0.15461515390522135,0.5180127376236668,0.5781463959934521,0.5749293449452146,0.25419641551762173,0.8571327101856815,0.5356778635180748,0.5433224728858893,0.22448970552041314,0.8157887952579392,0.15019156645976428,0.5255719135555581,0.505112477712436,0.5038403084543136,0.18011102461615605,0.8268057330759186,0.4689814990192778,0.47349350538453416,0.15574274018244852,0.7742812577604267,0.16015954160147375,0.47424593149711225,0.6070907159007526,0.5983569708989624,0.25038313560134623,0.8800524466556634,0.5524320701294255,0.5591010437999125,0.2272364436792866,0.8365811926148576,0.15990890144994938,0.5389588650300307,0.5612601907352684,0.5524364546434842,0.2059774520048566,0.8599857396402592,0.5178190360249304,0.5208162995835,0.19567186825229035,0.8127270542954819,0.16135083285064414,0.5123977693373019,False,2.39341e-05,,
P570fs,frameshift,True,1.0,1.0,0.0,P/LP,clinvar,,1,16414944,1.0,1.0,,,0.5679346463360814,0.5631044256380955,0.24111034821770003,0.8463705869789094,0.5662315559554493,0.5731896307821804,0.24344651872175682,0.8506402886967886,0.15727596993653,0.5495468523290471,0.5237340426211323,0.5246451660932672,0.20380159855744115,0.827566424152394,0.528804051905372,0.5334008128777243,0.20394359901809378,0.8395146830586978,0.1631924238692336,0.5208810755948898,0.5223540047669304,0.5233835029143968,0.20435445368749264,0.8336451559737807,0.5283654502776316,0.530303563484916,0.2080353258697649,0.8387526033416393,0.1658546756515503,0.5209022726848794,0.5502375238083598,0.5418620923711529,0.19847641531076887,0.8605259068051365,0.551295726710091,0.5603705152322744,0.19448370191348974,0.8631760967857807,0.17326859402293146,0.5387331154420987,0.5567719733512766,0.5508029925073915,0.21053745714203645,0.8585422654925253,0.5646278835808273,0.5696927187576468,0.23100247791039497,0.8506820511134608,0.16056938061018974,0.5499141965674249,False,,,
P61T,missense,False,1.0,1.0,0.0,VUS,clinvar,0.0727,1,32893267,1.0,1.0,,,0.5679346463360814,0.5603028221506352,0.24165975941778822,0.8349197452296104,0.575313379993677,0.5819203797319348,0.2599888064355689,0.852785745114048,0.1512873166942666,0.5563215992260467,0.5781463959934521,0.5716664122742141,0.24936587527033457,0.8500222536435597,0.5804273018186289,0.5891819119383883,0.2633667867580916,0.8616205035957559,0.15596434436616857,0.5603444273970827,0.4659387779436299,0.46642095534705796,0.13573740584943747,0.8148231788687439,0.4778021650502827,0.47577804375224186,0.15013291952020832,0.8277627542733922,0.17875684024141256,0.4815404141950167,0.6070907159007526,0.5971201166550542,0.25421499729519637,0.8825534971792388,0.6106217337988674,0.6211895006325707,0.27243050987477385,0.888158138150895,0.16118193980966924,0.5856462849415691,0.5177840933096234,0.5144869064600008,0.17139076826053617,0.8428870395620943,0.5262851559555328,0.5320198915191677,0.1796335367345018,0.8545207567836937,0.17840228979046338,0.5196968387744609,False,2.66934e-05,,
P630fs,frameshift,True,1.0,1.0,0.0,P/LP,clinvar,,1,10973849,1.0,1.0,,,0.5679346463360814,0.5633286941410363,0.23763434505137143,0.8412313208824617,0.5711691356930906,0.5778329447985493,0.2553801702260162,0.8449543418469154,0.15325406507119055,0.5530716656520528,0.5237340426211323,0.5167038110714921,0.18970944871624837,0.818508627886118,0.530977172669479,0.53486426575162,0.2024326916381615,0.8376943736407445,0.16510329663963658,0.5226304445351019,0.5223540047669304,0.5191040603788738,0.193184448933599,0.8448827706396058,0.5269567298202176,0.529350690514135,0.19587996885130704,0.8313731915652885,0.1655019230804956,0.519629100882186,0.5502375238083598,0.547422668408184,0.20357092351457703,0.851632250742373,0.5532938846991073,0.5579768902750752,0.21142926791670594,0.8685450113458588,0.17262853519029736,0.5406393935690241,0.5567719733512766,0.5502960862346084,0.21729976489429942,0.845821501636709,0.5610251223907702,0.5688894382906193,0.2239819840204041,0.8537471564265992,0.1653007455092557,0.5471266015809555,False,,,
P64fs,frameshift,True,1.0,1.0,0.0,none,none,,1,29588980,1.0,1.0,,,0.5679346463360814,0.5631610033207619,0.24687030006602703,0.8588226603167174,0.5656383484746947,0.567358833983777,0.2523316128480676,0.8543064155402739,0.15348958946748748,0.5490126581132955,0.5237340426211323,0.5214137966487952,0.2012035236182438,0.8299341553774422,0.5303730147037297,0.5324030971216414,0.20344082053944273,0.8390786350947645,0.16509582817184093,0.5222319271341925,0.5223540047669304,0.5205375590507647,0.1941608126209857,0.8350797420974437,0.5287611317955263,0.5347525901960323,0.1993796858607919,0.8434798569229294,0.167215149965724,0.5211751171652561,0.4732838882927845,0.4757526910013118,0.15521338339927823,0.7990612441684251,0.48417810410572193,0.48249837361522163,0.15854747295161736,0.8242460408979454,0.1731529626068355,0.4867681002025828,0.4304742885235544,0.43465251547985556,0.13634158964879547,0.7670747441495104,0.4458909548561635,0.43954122117473615,0.14386161430774239,0.7917507960900596,0.16958245702075042,0.45630987507024395,False,,,
P67fs,frameshift,True,1.0,1.0,0.0,none,none,,1,32893267,1.0,1.0,,,0.5679346463360814,0.5627310630215487,0.24111843979175307,0.8425401648563982,0.5698206391546254,0.5772358153063551,0.24855172962790012,0.8462676584937691,0.15140994617800788,0.551935650837893,0.5237340426211323,0.5216669675524992,0.19546939585838072,0.8226565886222548,0.5287496628468932,0.5332545559130878,0.20776868093075485,0.8332161324906748,0.1639041398710982,0.5208066680663943,0.5223540047669304,0.5198197624657576,0.19670357360230953,0.8322295939454717,0.5246785146208356,0.5272925719869475,0.19114836885536615,0.8452368851727746,0.16717669115984649,0.5178789537377331,0.4732838882927845,0.4793058670181008,0.15362392870903022,0.8113550036182539,0.48242404907213154,0.4797244973678892,0.15925969420204752,0.816820399785513,0.1746081056645913,0.4850033984576749,0.4304742885235544,0.43705068893164223,0.1381435592611855,0.7745528039039885,0.4436329176100001,0.4380536116517546,0.1337206919976985,0.7812495436771415,0.16659150039066595,0.45437175314592576,False,,,
P73del,inframe_indel,False,1.0,1.0,0.0,none,none,,1,19841300,1.0,1.0,,,0.5679346463360814,0.5632011263204951,0.24068308734608862,0.8553540469455031,0.5740154555957309,0.5780187246608949,0.25619224642331573,0.8554586198662448,0.15121544813952534,0.5553506247498716,0.5781463959934521,0.5693827219452884,0.24201756682690678,0.8470266784696142,0.5818669158729771,0.5879135188270717,0.2638842363916363,0.848709328151272,0.14983512379077804,0.561244975189231,0.6732049630213349,0.6569448799695838,0.28833548742421905,0.913313950132871,0.6674116348612401,0.692057833173964,0.30272452781399045,0.9158141648329062,0.159085653472757,0.6304584433291697,0.5087357125120241,0.5074696129848145,0.18766255095083953,0.8264491321336345,0.514181566156972,0.5150538790654492,0.19116790841862363,0.8351724267212682,0.16909178953831971,0.5102621453321041,0.6316556472635034,0.6225010272608306,0.25387244827670324,0.893773874516241,0.6277836482076873,0.6468908422618675,0.2725725309280477,0.9010777529350426,0.16573681429934534,0.6011450400485698,False,,,
P7S,missense,False,1.0,1.0,0.0,VUS,clinvar,0.0668,1,18452873,1.0,1.0,,,0.5679346463360814,0.5605706645473175,0.24350165038493807,0.8469614906792636,0.5731534134412705,0.5773855286236064,0.26254315454575883,0.8499326144850505,0.1515420446150905,0.5548224049005419,0.5781463959934521,0.5711443272894111,0.24307216430847206,0.8415725492356847,0.5821877565289489,0.5873892449370719,0.26674726709637225,0.8614719686336831,0.15307636246528983,0.5616800379725998,0.46523367001174853,0.4713747903679337,0.14534627096574487,0.8248384000086086,0.4824052244328314,0.47933979907478186,0.15316418535233062,0.83329479898698,0.17853608930377515,0.4849761998190892,0.6070907159007526,0.5961216142812297,0.2452649493172993,0.883532437099113,0.6078034579279618,0.621018741539455,0.24544766936739157,0.8902431976913234,0.16734968945291376,0.583620853380983,0.5169855525329442,0.5178769817882121,0.17101727122427865,0.8458225338109499,0.5244306911045137,0.5256588425681279,0.1707597053791534,0.8454558089673492,0.1783880007815091,0.5180874593488548,False,0.000182391,,
Q107H,missense,False,1.0,1.0,0.0,P/LP,clinvar,0.9778,1,32893267,1.0,1.0,,,0.5679346463360814,0.5638335679219977,0.2544049372909869,0.8407003958726239,0.5664816673900926,0.5740445471473375,0.25436724051232085,0.8503290036293554,0.15282996065937857,0.5494910772137492,0.5781463959934521,0.5686740931068492,0.2474381565709112,0.8533495920257935,0.5791668477429212,0.5889541788513633,0.25244413795188075,0.8632825113380848,0.15682231386219586,0.5592472398114005,0.5796395067599209,0.5693360916100705,0.24901258198758047,0.8611564986694784,0.5794964341520715,0.5850940231901308,0.2588290034704637,0.8693890753420673,0.1572743708023556,0.5605342288398671,0.5863641348225075,0.5760008055236954,0.2331855143213142,0.8622633872821256,0.5847789365179238,0.5917372618537207,0.2645660475913671,0.8682702089820321,0.15429793007090803,0.5648810012625683,0.5723548431921791,0.5656685194499306,0.23851193975674437,0.8514717232916926,0.5718020003223377,0.5790001204598649,0.24704864204048294,0.858438493458049,0.15543287081533252,0.5554178658470752,False,,,
Q107X,nonsense,True,1.0,1.0,0.0,P/LP,clinvar,,1,32893267,1.0,1.0,,,0.5679346463360814,0.5634128605916682,0.25159248530685563,0.8491340384402783,0.5702393027194772,0.575735406020009,0.24806487135463598,0.8603521808082651,0.15512842854980297,0.5524283953450687,0.5237340426211323,0.5206342764012821,0.19622688362112284,0.823851013840027,0.5295858354837545,0.5377573662050574,0.19527985111023569,0.8380951169830498,0.16834150177188992,0.5215279775528514,0.5223540047669304,0.5220581427167995,0.19728621152421888,0.8395217989087503,0.5279393615103642,0.5345196962502006,0.20177827284711622,0.8411596307108367,0.16632514999424636,0.5204991179955418,0.5502375238083598,0.548812373734414,0.2133040098278968,0.8575236001333572,0.5578341942542343,0.5631121266648327,0.21389590689516344,0.861791031437952,0.16815134038978527,0.5440358546930595,0.5567719733512766,0.5485399845843894,0.20589104683783196,0.8496470476177622,0.5607092184333713,0.5687656514281481,0.20842301575138758,0.8739374916355475,0.1708052949185025,0.5471675358575954,False,4.4678e-06,,
Q169fs,frameshift,True,1.0,1.0,0.0,none,none,,1,10737999,1.0,1.0,,,0.5679346463360814,0.5623644021258385,0.24458536846618026,0.8501932136650382,0.5685886840058292,0.5736825417961566,0.25723743867309345,0.8526931533918829,0.1519900862446603,0.5511514847596951,0.5237340426211323,0.5232289494779502,0.20404570342863748,0.8244617320120726,0.5286760370020273,0.5323203258974015,0.20676527294215863,0.8327721249477696,0.16000060045845063,0.5206272587497203,0.5223540047669304,0.5190817021132014,0.18768767935643638,0.8359664828397955,0.528626743733567,0.5322754473909859,0.18946983750273355,0.844497117885049,0.17033428150069643,0.5208436567694904,0.4732838882927845,0.47621770808317304,0.14972717346707884,0.8071092950734018,0.48215798928159426,0.4793219769135457,0.15858800585899913,0.8185416072046137,0.17400640884968074,0.4850238243226476,0.4304742885235544,0.4355043782003937,0.1388358177527981,0.7731826200312244,0.44480738231492384,0.43865605753563874,0.1450597122418322,0.7849648243383126,0.16618001072866254,0.45560156233321325,False,,,
Q220fs,frameshift,True,1.0,1.0,0.0,none,none,,1,32893267,1.0,1.0,,,0.5679346463360814,0.5605974584842961,0.2517095397466134,0.8364817907289247,0.5697541431889303,0.5777948944196435,0.24357766354118693,0.8527661405165727,0.15454501030550233,0.5520758656069166,0.5237340426211323,0.5220235890315685,0.21634648850890886,0.8283531001420087,0.5306336624620791,0.5366128761692269,0.20597023174706858,0.8286047598207658,0.16156625509605435,0.5221335784056008,0.5223540047669304,0.523451943122701,0.1972344778705387,0.8374300344353862,0.5247886943582384,0.5270397907515225,0.1948877645460322,0.839848240375821,0.1707100317709289,0.5179641327874918,0.4732838882927845,0.4745612239803594,0.15972305682071686,0.8087542959649471,0.4843765153147968,0.4808106095999654,0.16348584292195942,0.8275364556009568,0.17477220094625265,0.48691432381517424,0.4304742885235544,0.4323124623791029,0.13412771290719547,0.7652522453608207,0.4456747853726427,0.43569679877194323,0.15087939704663003,0.7945731799876469,0.16855970325403863,0.45631619833778725,False,,,
Q234P,missense,False,1.0,1.0,0.0,P/LP,clinvar,0.9832,1,41013213,1.0,1.0,,,0.5679346463360814,0.5660698591561715,0.24928741582787792,0.8452017413916911,0.5693873738330997,0.5754966088418781,0.25104060788897126,0.8523301963767603,0.15237561010919254,0.5517466029650351,0.5781463959934521,0.5694631659649212,0.24559615239921742,0.8568058387744346,0.5777403931167485,0.5893426088479095,0.25705408225660775,0.851605415686338,0.15155171151588728,0.5580410894214759,0.5803051825766616,0.5726312774753671,0.24406754598788974,0.8613574699008688,0.5794999490566312,0.5860359694458265,0.25776085682655286,0.8636473677298308,0.15451421192017567,0.560095250798316,0.5863641348225075,0.5781917494395973,0.2366811637788991,0.8678935568887418,0.5846080003807511,0.5938760222020705,0.25528909739650113,0.8649219108389625,0.1573056406838545,0.5648772132502511,0.5730867434892283,0.5656093943714254,0.23769092930483915,0.8531561661755237,0.5738360963092884,0.582256240763123,0.2436491381532484,0.8553324143959864,0.15705535376776067,0.5572207461375007,False,,,
Q361_K362ins,inframe_indel,False,1.0,1.0,0.0,none,none,,1,30758498,1.0,1.0,,,0.5679346463360814,0.560636357982476,0.25306252087463976,0.8421686953121302,0.5695917529960092,0.5769736776732441,0.2474807020769445,0.8533898132503845,0.15408454168335625,0.5519372319762951,0.5781463959934521,0.573729912403865,0.2549529830031022,0.8484965375860303,0.5789575835265942,0.5878493511263585,0.2617635247008849,0.8561849013481686,0.15438323078644603,0.5590036818518714,0.6732049630213349,0.6595206051643355,0.3012496845615348,0.9166469491758757,0.6669583309530851,0.6841221392514227,0.31626427294323095,0.9171431669160958,0.15823785153209607,0.6302071379852578,0.5087357125120241,0.5073607602977498,0.17715286241047845,0.8301019851885797,0.5150172617595681,0.5165179858713308,0.19105702352121193,0.8357099016328292,0.16717254655268157,0.510943807068953,0.6316556472635034,0.6174072062771184,0.25859698810298604,0.8905181549225647,0.6280622962533159,0.6397451273660871,0.28260076661419287,0.899372031580429,0.16136469851101523,0.6013316548231041,False,,,
Q367H,missense,False,1.0,1.0,0.0,P/LP,clinvar,0.9991,1,32893267,1.0,1.0,,,0.5679346463360814,0.5609138112102285,0.2489897218072765,0.8449347652640218,0.5671930906149439,0.5748628782026994,0.2533234058925857,0.8573470891349927,0.15374042198325177,0.5501649072702759,0.5781463959934521,0.5716405441925733,0.2503804014802257,0.8612226532549843,0.577928802670544,0.5863727736062152,0.25396633325908546,0.8650762465539693,0.15895704541819128,0.5585510167184535,0.5822610939759172,0.5778342386425179,0.25571474411616696,0.861662071120603,0.5829236645985953,0.5893708939394038,0.2663919902072775,0.8688829958476664,0.1543709720733452,0.5628368170972485,0.5863641348225075,0.5775340910583098,0.23933987677770396,0.8707780732390067,0.5838671033528413,0.5922663127512076,0.2518562307676788,0.8684971116430681,0.15855499238640391,0.5642827061333243,0.5752371398884072,0.5698627671600648,0.25125638771326503,0.8514872090573458,0.571764811893456,0.5777631212579497,0.24970663405735788,0.8573131393533513,0.15673450850547624,0.5556392011794755,False,,,
Q376X,nonsense,True,1.0,1.0,0.0,P/LP,clinvar,,1,27707468,1.0,1.0,,,0.5679346463360814,0.5626859440555203,0.23731931863835262,0.8467292525774661,0.5689190873560875,0.5757393173373552,0.2522005757587895,0.8533156869075712,0.15285343830125156,0.5513730055615448,0.5237340426211323,0.5196653574163486,0.19984450270472565,0.831043330044711,0.5299266734967052,0.5342869804213097,0.20966023309915957,0.8302065292080777,0.16421009355381744,0.5218316575389649,0.5223540047669304,0.5226538383777748,0.19452891038098835,0.8220666833493202,0.5280178929403222,0.5299649082221873,0.19940166538681986,0.8345931179356582,0.16682522150447346,0.5204634268444663,0.5502375238083598,0.5449181840062843,0.20180516217244196,0.8476812317439913,0.5513878446085712,0.5570934623428828,0.22151828147081057,0.8552719743511822,0.16952152910988993,0.5388964094035249,0.5567719733512766,0.5502308500915671,0.20916601065872903,0.8512293757317103,0.5604693767915845,0.5666548416713484,0.208458517500841,0.8616876453377222,0.168248483791827,0.5465490231170729,False,,,
Q376fs,frameshift,True,1.0,1.0,0.0,none,none,,1,32893267,1.0,1.0,,,0.5679346463360814,0.5609051785848849,0.2517407136796357,0.841268805310892,0.5667798923141939,0.574507889240981,0.23783008285799978,0.8493717233819611,0.1559716126715739,0.5496481877746952,0.5237340426211323,0.5261393897348425,0.20714278300625244,0.8368785049265411,0.5309767806185752,0.5363692548142696,0.20657213463792137,0.8305211995708515,0.1613203900668627,0.522473951187696,0.5223540047669304,0.5169244889960437,0.19334094325498039,0.83022223108232,0.5277357858323946,0.5346323118332953,0.19921051804144413,0.8387845441330687,0.16735466020990133,0.520397169491512,0.4732838882927845,0.4754369627400234,0.15060471706950165,0.8075320883304279,0.48346828022758637,0.4790385955498411,0.16536855981798695,0.8234579691360053,0.17449182643862995,0.48594649019280495,0.4304742885235544,0.4395979091096202,0.14364872870018264,0.78783228791648,0.445121628009199,0.43802500349156426,0.141815293028696,0.787161605809664,0.16728358902595064,0.45595206606143485,False,,,
Q505X,nonsense,True,1.0,1.0,0.0,P/LP,clinvar,,1,19841300,1.0,1.0,,,0.5679346463360814,0.5609800445221671,0.24647592756453315,0.8424560980606912,0.5715389140728768,0.579097886508774,0.26088771636854524,0.845918756731265,0.15276066830461088,0.5535679068927372,0.5237340426211323,0.5210856858277622,0.20109623848849206,0.822135906834581,0.5292775727554443,0.5344453617105454,0.20539481701223333,0.8363183111455841,0.1637766991644429,0.5212430951888428,0.5223540047669304,0.5186764074881068,0.18426716007804533,0.8316896574565296,0.5292313807775368,0.5320734903273491,0.20371356089790643,0.839450167995735,0.1636389821783963,0.5213377903969797,0.5502375238083598,0.5470812214102877,0.20231988775814672,0.8592465216175865,0.5547302440899641,0.5631539639603254,0.21254300054009118,0.8528105604053164,0.16759576906063886,0.5412661348282994,0.5567719733512766,0.5528769215466873,0.2282651467591203,0.8581325933029755,0.55626018012127,0.5581268047385634,0.22608209335966864,0.8592507054691098,0.16448662085022656,0.5434370131969221,False,,,
Q560L,missense,False,0.0,1.0,0.0,none,none,0.9836,1,30758498,1.0,0.0,,,0.5679346463360814,0.5587758334088675,0.2375777692622987,0.8495098743095499,0.5243912609721796,0.5326606981252686,0.2029603977928455,0.8071022220160636,0.15324593910140197,0.5168620112918108,0.5781463959934521,0.5709169099399758,0.2582003942320623,0.8537975026925322,0.5330533272279565,0.5402411047995022,0.22605390004769235,0.8110145543705447,0.1495103605348505,0.5234180401330337,0.5803544639076396,0.5724543803039189,0.24545829574191966,0.8579972683168429,0.5357438162100765,0.5461986229322773,0.21180246843402628,0.825135649044987,0.15755122379874334,0.5257225549851972,0.5087357125120241,0.5054012397606892,0.1866779454551523,0.8267855315381588,0.47184363994175316,0.4701248453038227,0.16301671640795756,0.8015852315600168,0.1677031363472084,0.47688741317245265,0.44592059380950705,0.45291504444772634,0.1439427741457925,0.7900485504648459,0.4161928381372125,0.40681228742796005,0.12693621735757438,0.7482248993659975,0.1625392212388551,0.43266944861130435,False,,,
Q565fs,frameshift,True,1.0,1.0,0.0,none,none,,1,32893267,1.0,1.0,,,0.5679346463360814,0.5649572654888573,0.24002879016304704,0.8419066045317949,0.5670647151488747,0.5741240648947736,0.24941935457920966,0.8484745644910573,0.15408077922187732,0.5502415718482511,0.5237340426211323,0.5199133371979839,0.19789331421468837,0.8195981598536397,0.5279789713136286,0.5324963518338375,0.20300622812722455,0.833206086602451,0.16283912764650973,0.5201915989882633,0.5223540047669304,0.5206912856035958,0.18558446228196476,0.8410730378237062,0.5276684333228997,0.5274189467370554,0.19590797859832848,0.8401844429926782,0.16753149578891463,0.5203435187722357,0.4732838882927845,0.4787888070312113,0.1579167768996566,0.8183681154078426,0.4852880771551501,0.48407909003188165,0.16587738440858243,0.8186269443500722,0.17003052444276837,0.4874910937444441,0.4304742885235544,0.4371326562580659,0.13461949380690727,0.7785770642794577,0.4453864791298457,0.44052580767015387,0.1437387969628771,0.7804393057739643,0.1663612179602491,0.4559286833950689,False,,,
R174P,missense,False,1.0,1.0,0.0,P/LP,clinvar,0.9961,1,16414944,1.0,1.0,,,0.5679346463360814,0.5586492397718407,0.2450662343924384,0.8408618382356747,0.5717224243688882,0.576828493911914,0.26719524933372013,0.8379516297215509,0.14684768894490355,0.5532012075915183,0.5781463959934521,0.5719002487087015,0.25145325988990713,0.8407260837382933,0.5788388863793594,0.5863136484257458,0.26526314436578197,0.856440501581597,0.15048618476897632,0.5589421606664831,0.581892532982681,0.5726480536529892,0.2550861875174635,0.8654439018164984,0.5823456104504106,0.5862388143732891,0.2564691436826877,0.8705724336362809,0.15766644336298524,0.5627318436896686,0.5863641348225075,0.5806739495120908,0.25150818167455186,0.8645594343732855,0.5829313475525946,0.5908483712672895,0.24566816368479066,0.8713280241734412,0.16267075177617776,0.5637696445991451,0.5748319463176929,0.5695413310356605,0.23913010091547954,0.8586406425413761,0.5770320974939841,0.5803716675256356,0.25725666540505704,0.863306341385805,0.15534932666338294,0.5599013642392722,False,,,
R181fs,frameshift,True,0.0,1.0,0.0,none,none,,1,36277779,1.0,0.0,,,0.5679346463360814,0.5607836145685466,0.25763192235718735,0.8447822706431348,0.5256471536848388,0.5351366787756587,0.21234159655645016,0.8047863021042312,0.15332385129561862,0.5177504272372081,0.5237340426211323,0.5221379409821458,0.1950054044892777,0.8314437514738378,0.48512002321753733,0.49025638895989987,0.1691734562731473,0.795496477634738,0.1643734207792523,0.487083387989652,0.5223540047669304,0.5193771615584613,0.18527938397483285,0.8311931055469057,0.48566925710846875,0.4882456995743356,0.17015346866888573,0.7867193061883584,0.16223103824414303,0.4873560589256527,0.4732838882927845,0.47648157381820433,0.16992486744307791,0.8138356036534382,0.4402374716587882,0.4353668606241336,0.13922401533698453,0.7545645722376024,0.16566209478048302,0.45183022451672417,0.4304742885235544,0.43517772541774874,0.14236324223822525,0.7866573571118831,0.4007944471909839,0.3897845301285897,0.11441368111126016,0.7549036289160492,0.1664593982030527,0.4197659282871927,False,,,
R192H,missense,False,1.0,1.0,0.0,VUS,clinvar,0.2242,1,33484326,1.0,1.0,,,0.5679346463360814,0.5642234548125495,0.2421881428364366,0.8488292682601349,0.5691613743777213,0.5771713019089635,0.2445064923971868,0.8523500217411066,0.15482932175626457,0.5515370679545747,0.5781463959934521,0.5707586948875332,0.26017237842311525,0.8478834797361543,0.5762060395228459,0.5866415492036241,0.251431251693009,0.8524341950930151,0.15369100451121373,0.5568389660309662,0.48436609727678515,0.4832450294690469,0.14972262611336065,0.816502350834239,0.49569208076373134,0.4966112070534055,0.17223743318632467,0.8267708567924266,0.17299638610334497,0.49522273991659527,0.6070907159007526,0.5971293876012159,0.23452701286318192,0.8809681564948503,0.6063667145169773,0.6169888891010304,0.26766466203764516,0.8791177064538578,0.1618148461572255,0.5821521800833773,0.5384736648629193,0.5345417484236328,0.18857268759610146,0.8460771571898292,0.542313423954416,0.5488180874993323,0.196417778966027,0.8566739627994328,0.1736700209719307,0.5323810351007212,False,8.02311e-06,,
R192L,missense,False,1.0,1.0,0.0,VUS,clinvar,0.5654,1,29851656,1.0,1.0,,,0.5679346463360814,0.5613376055425554,0.23417011693674225,0.8442166955146312,0.5680767099165112,0.5735736029842452,0.26282799181662925,0.8416957675875756,0.14856301600031444,0.550612183716143,0.5781463959934521,0.5692444719570621,0.2513623995699417,0.8534830958025805,0.5766846581308803,0.5830473957482545,0.26247881474737517,0.8615884321041343,0.1549229083798714,0.5574688530126719,0.5274536226446361,0.5285457978623456,0.1987945050977801,0.8296887303362739,0.533538969405305,0.5386759274094599,0.21504881688874894,0.8447094377709014,0.1631009809130032,0.5245160405957535,0.6070907159007526,0.5992598699875684,0.25784038063230075,0.8826829905988507,0.6048577398932676,0.6174861663812785,0.2498545964190027,0.891091709240383,0.16676460942122193,0.5810910724292416,0.5850489890066305,0.5784837911745028,0.23443198219837336,0.8683600354203251,0.5854294717456007,0.5975557817661219,0.22825318314621484,0.8716085896182115,0.16518405918398768,0.5664692324795582,False,,,
R192P,missense,False,1.0,1.0,0.0,VUS,clinvar,0.9757,1,16414944,1.0,1.0,,,0.5679346463360814,0.5639498755051258,0.24890427980076055,0.8487282216306231,0.5709087376253072,0.5759128801570765,0.24964649685957352,0.8469622595173892,0.15197029871436488,0.5527657614367448,0.5781463959934521,0.569305846262867,0.2470712507193221,0.847576890027879,0.5776753611092608,0.587940546323529,0.25637025519395024,0.8559255887768463,0.1547574366066555,0.5581011643615801,0.5793804439740846,0.5681214379002142,0.24983326041184628,0.8553132592878183,0.5794937897954963,0.5844817838190601,0.254928539601837,0.8696710214632243,0.15541867459639852,0.5601131644330342,0.6070907159007526,0.5966737280351392,0.24924110535320962,0.8849270085910956,0.6048950251787514,0.6183155142472866,0.2545209982974316,0.882508371728892,0.16461408776899322,0.5811534363297677,0.6367281729982998,0.6242246144081387,0.2711868097326466,0.8992439463375436,0.6302944500934187,0.6426487180251212,0.27524048930743533,0.901520660849697,0.16292386252018987,0.603388751055719,False,,,
R195W,missense,False,1.0,1.0,0.0,Conflicting,clinvar,0.4218,1,25786344,1.0,1.0,,,0.5679346463360814,0.5622029570152492,0.24286485220190263,0.8444180590404067,0.5747078170635882,0.5801183597063275,0.24515470362353328,0.8587603498795369,0.15639508881480763,0.5558720489914506,0.5781463959934521,0.5703602536093837,0.2510928467121642,0.8446615848195979,0.5806743004649456,0.58911658993244,0.25453194643115723,0.8627313532772087,0.1549512082262124,0.5605363738765239,0.5091418266187709,0.5080317145054568,0.18785869820856027,0.8280503141439273,0.5186686721555986,0.520854810660458,0.19615755884271738,0.8232840082243711,0.1609228077192151,0.5129827943834635,0.6070907159007526,0.5943924712006939,0.2477692469963443,0.8881504502639829,0.6083697778907697,0.6209304063022438,0.26298268730438484,0.8890633202088698,0.16176440196142106,0.5838627698664282,0.5656121425155632,0.5588667122656352,0.23476796583174608,0.8616057917621983,0.5714469961650129,0.5814922307059243,0.22125109346321714,0.8687053065963779,0.1654822481176635,0.5552717054758015,False,3.2858e-05,,
R228X,nonsense,True,1.0,1.0,0.0,none,none,,1,19841300,1.0,1.0,,,0.5679346463360814,0.5635260753713925,0.24253641547445987,0.840205482117297,0.5672547856211946,0.5697151337714887,0.25068607563069983,0.8521607822841408,0.15451220815610445,0.5501470687608243,0.5237340426211323,0.5173896133571447,0.1943459378083582,0.8279103562848056,0.5290541316617755,0.5328659811530458,0.21015229612445874,0.820250296947501,0.16024785780206013,0.5209648545663121,0.5223540047669304,0.5236716238945959,0.19713650617197642,0.8364091567486,0.5276027015441562,0.5294821579194738,0.20919476112445146,0.8302703700317062,0.16290298371386885,0.520220584856415,0.4732838882927845,0.4762182742382209,0.15152184438226293,0.8272860911221649,0.48487361138648183,0.48221285850819057,0.16577844597329253,0.8281188313660526,0.17290799520507455,0.4871907245703103,0.4304742885235544,0.44172635178892883,0.14344198840138497,0.7778884807333235,0.44271736794115363,0.4343328650171412,0.1471247348685638,0.7880005817121353,0.16577436920078328,0.4538850958951565,False,,,
R231S,missense,False,1.0,1.0,0.0,P/LP,clinvar,0.9944,1,19618328,1.0,1.0,,,0.5679346463360814,0.5636624111312459,0.25141328172359184,0.8381414235101249,0.566556893123271,0.5682518975734232,0.2586029029773891,0.8512424546413332,0.153901889720849,0.5496656243970043,0.5781463959934521,0.568969574138108,0.24294727720522435,0.8522120290297083,0.5791210771406825,0.5854825305553317,0.2640831561756165,0.8525174070020639,0.15166713975456833,0.5590384382777819,0.581683582064691,0.5782007981491609,0.2455074702422655,0.8730668910980192,0.5783356343911165,0.5831066785065666,0.2481043855705971,0.8699381514308281,0.15843915205425904,0.5595119830369197,0.5863641348225075,0.5745482056795473,0.2398554981989593,0.8544479971821204,0.5862748464899267,0.5946979484998487,0.2600039999325871,0.8722402255520035,0.15857430911939915,0.5663118995989841,0.574602223425672,0.5643004304493141,0.23631590937740046,0.8493731021307115,0.5770852912595461,0.5843562956518176,0.25470554151591773,0.8575320915543568,0.15440580056913916,0.5596103861098622,False,,,
R237P,missense,False,1.0,1.0,0.0,none,none,,1,30758498,1.0,1.0,,,0.5679346463360814,0.5672281600586978,0.24497165065268445,0.8520024067114614,0.567857218530613,0.5712312400619657,0.2440859785516463,0.8435505432236118,0.1512282932085428,0.5503334944448675,0.5781463959934521,0.5760078423747819,0.25916347622724073,0.8588790015849982,0.5758493058767595,0.5817506022069998,0.2568052030947369,0.860208706525721,0.15647788588774394,0.5568133703581456,0.6732049630213349,0.66002310374736,0.2951759853216237,0.9168166623282198,0.6665832446960748,0.6811836392645603,0.31724949178233186,0.9150018419920862,0.1553221402491605,0.6298375160960549,0.5087357125120241,0.5069187037117252,0.18111637437488975,0.8346064762841057,0.5130694946835274,0.5149219969042977,0.18711751461643633,0.8376703899947131,0.16939484214806946,0.509379125465752,0.6316556472635034,0.6171266375387244,0.2581578205555857,0.8965878863030945,0.6256319086799563,0.6378362065734304,0.27361787786070085,0.9022353847424799,0.16296949922344392,0.5992505827277146,False,,,
R258C,missense,False,1.0,1.0,0.0,none,none,,1,24218437,1.0,1.0,,,0.5679346463360814,0.5622874666751134,0.2412241727151444,0.84341941583172,0.5697654073168226,0.5780025577093089,0.26974390737109555,0.8382730180937169,0.14837823611582657,0.5518168413823017,0.5781463959934521,0.5724141733852817,0.24870333879163342,0.8523556942981955,0.5784751884400557,0.5875709806031064,0.26167417859361475,0.8471113671857013,0.15363907743278035,0.5584938229267483,0.6732049630213349,0.6573173067596524,0.30484673527830525,0.9123351156553712,0.6646571816753004,0.6840988283323342,0.31375245263259816,0.9178362200344811,0.15962744172243246,0.628417766093522,0.5087357125120241,0.5113392929024179,0.1779840533563937,0.838909102121325,0.5163131244015496,0.5172337353694871,0.19359551343721007,0.8377911816418648,0.16849259363785615,0.5118428564273992,0.6316556472635034,0.6234102556029396,0.2610400711791851,0.8988083803449904,0.6329010769725759,0.651175085147196,0.2973793872132917,0.8962917749709742,0.16050120179615232,0.6051690600280414,False,,,
R360T,missense,False,1.0,1.0,0.0,VUS,clinvar,0.9993,1,16414944,1.0,1.0,,,0.5679346463360814,0.5637792495411119,0.24142573365520872,0.8468881275946162,0.5698083556978495,0.5754891897951948,0.2518535659824902,0.8557220968111379,0.1574865754229254,0.5522735295143743,0.5781463959934521,0.572345384067251,0.2502943413127996,0.8467063159198636,0.5772739696626376,0.5833973393646186,0.26065981309736797,0.8525091877269892,0.15021438953632216,0.5577392644973792,0.5822856566952784,0.5763576075017741,0.25315108578435735,0.8644130100954985,0.5837425825100858,0.5883206083566498,0.26547897307649027,0.8680069436675262,0.15784271071257294,0.5635875977429516,0.6070907159007526,0.6028149728007793,0.25477435507219226,0.8776516678418643,0.6041480192105758,0.6132134572683278,0.26503899158619504,0.8852903864233909,0.16175916387570477,0.5803859112180294,0.6394594789815737,0.6303999176649338,0.28131388879230856,0.9001108137126692,0.6312406961157461,0.6456057792711387,0.2662474293438099,0.9082938788067229,0.16665733131077484,0.6042152507361571,False,,,
R380G,missense,False,1.0,1.0,0.0,VUS,clinvar,0.9942,1,26496715,1.0,1.0,,,0.5679346463360814,0.5626145265278889,0.23765999770018414,0.8513941798092324,0.5719162427460508,0.5805025480785193,0.24819477351686797,0.8504681886271643,0.15225354769463176,0.5535895873148887,0.5781463959934521,0.5723335226085164,0.2564586223744335,0.8446826247091155,0.5781038932999146,0.5882511157497206,0.26066709043188635,0.8510004707461573,0.15354335138102868,0.5583731792531454,0.5816589948795459,0.5764749878339136,0.263748086244441,0.8649126729077444,0.5803297159882448,0.5845235912107235,0.26270288846534173,0.867095073342976,0.15449666434102927,0.5606859055179491,0.6070907159007526,0.6007143505410004,0.26153652769401853,0.8792106344968489,0.6041822139124006,0.6169812320317987,0.24573954259627112,0.8863384135901404,0.16726885098601935,0.5806422986416596,0.638871789026149,0.6278281674132963,0.27378262550919824,0.9027725051253764,0.6316740962577898,0.649159320581254,0.2656095688808835,0.8997866895936824,0.16671321427026842,0.6045468696751,False,,,
R414C,missense,False,1.0,1.0,0.0,none,none,,1,16436635,1.0,1.0,,,0.5679346463360814,0.5608232006019932,0.23374618579873618,0.8491616612134745,0.5694009776935782,0.5763159249863179,0.2542358544203126,0.8454460713536762,0.15083833208356237,0.5517166664647513,0.5781463959934521,0.5671111090268126,0.23382607658922436,0.850453597109395,0.578244548530942,0.5873596428460415,0.24418927634323778,0.8677724376350564,0.16126042348071057,0.5588895798850018,0.6732049630213349,0.6564179463566905,0.31110584979603734,0.9144596374925241,0.6682945891911264,0.6859005819515747,0.3159820209216976,0.9171834712426277,0.15614779156941036,0.6309193883965777,0.5087357125120241,0.5093368076866198,0.18230607918437125,0.8276529879852453,0.51627281952541,0.5141076150433248,0.19889226579112945,0.8326383863102819,0.16661239873181055,0.5118310066425297,0.6316556472635034,0.6173374991672815,0.2608042034716125,0.8963227492506414,0.627000981722552,0.6411842427656818,0.26079035313727145,0.9034642912714627,0.16751641895243977,0.600667178636931,False,,,
R451W,missense,False,1.0,1.0,0.0,VUS,clinvar,0.1109,1,32893267,1.0,1.0,,,0.5679346463360814,0.5590233224477263,0.2392727533930599,0.8448598929649305,0.5708576590460801,0.5759839969018596,0.2504435133101276,0.8536931669644652,0.1545972126696975,0.5529829916719029,0.5781463959934521,0.5744119638305416,0.2546796680757074,0.8526909302867303,0.5757480036740836,0.5805465150223849,0.26755613426903385,0.857588995589917,0.15200541778260457,0.5566044970277225,0.4705280659236974,0.47587589689237314,0.1486908346956042,0.823116849496506,0.4826749869367114,0.4828300070989481,0.1506630187981384,0.8305697997045959,0.17650481487461941,0.48532842023722306,0.6070907159007526,0.6029637797958014,0.2559566015151153,0.8912590439542691,0.6054877403869006,0.6159673388374916,0.25225365148056045,0.8871347368225848,0.16539169497801529,0.5818698195205164,0.5229701427810869,0.521089695914897,0.1713016315954675,0.8505344183797372,0.529726617949796,0.5326784046712707,0.1910581578307739,0.84861672520085,0.17421691550402965,0.5223689767267097,False,6.57186e-06,,
R518C,missense,False,1.0,1.0,0.0,none,none,,1,29071820,1.0,1.0,,,0.5679346463360814,0.5600967847898457,0.24932132241457783,0.8516678399942138,0.5667775401218466,0.5714977228838614,0.24718566547923743,0.8519751326908396,0.15222814198573537,0.5496756591638857,0.5781463959934521,0.5754876532342019,0.24590696663528752,0.8635562094782904,0.5795006502205229,0.5861250881890866,0.26485786860470656,0.8531010952382334,0.15243595592978873,0.5596217031135815,0.6732049630213349,0.6593427199396118,0.2919726991753319,0.9120727097574821,0.6643990535498567,0.6845135690036341,0.2986294221363133,0.9203446879010797,0.16207777017484015,0.6284503460446998,0.5087357125120241,0.5121176733850806,0.17850234242902202,0.8373330400044218,0.5151990140967593,0.5181397290780797,0.18268732633183618,0.8380294550130737,0.16848451586891078,0.5110306002425224,0.6316556472635034,0.6211374388391744,0.2715531694283427,0.8965554581445154,0.6311958742077844,0.6475922146096932,0.2793217798440366,0.8988653095063468,0.16465526739941322,0.6038958078295744,False,,,
R518P,missense,False,1.0,1.0,0.0,VUS,clinvar,0.9983,1,16414944,1.0,1.0,,,0.5679346463360814,0.5639459121362,0.2468024799130945,0.8464025227628741,0.5683592923849156,0.5719073900804323,0.2543624710409488,0.8459179109177886,0.15101739285411034,0.5508829457687047,0.5781463959934521,0.5699046730940911,0.24139927578463533,0.851097248472651,0.5782823687532525,0.5858918311984133,0.2626185212038365,0.8579547416473353,0.1525687168803245,0.5585924201172208,0.582162833065617,0.5725525611159806,0.24629385806627385,0.8536777660039588,0.5815646775046147,0.5910289422538388,0.248200862149833,0.8719246247722662,0.15820631828226303,0.5618492794224891,0.6070907159007526,0.5929600033987797,0.2383711188799571,0.881178571004136,0.6034582405131989,0.6139073402629814,0.2682277039937706,0.8870929040196458,0.1629771814857715,0.5800462216471095,0.6393443569691184,0.6281415142914849,0.259920435425056,0.9007505923214912,0.6312416030398512,0.6494925040317157,0.2752922702975376,0.902911270042477,0.16603256902719832,0.6042049612248632,False,,,
R519C,missense,False,1.0,1.0,0.0,VUS,clinvar,0.6866,1,35091851,1.0,1.0,,,0.5679346463360814,0.5651721272828253,0.24774387286872518,0.8481291602783654,0.5752938296461415,0.5828147498490261,0.27095251792959557,0.8418698008809319,0.1467354815771502,0.5560635447108864,0.5781463959934521,0.567906552805343,0.24600714635911186,0.8433947774618015,0.5824430559225865,0.5874582035016915,0.2639435787152476,0.8588190483041469,0.1519176198651264,0.561753465810019,0.5429552953734793,0.540131054058832,0.21271558258844706,0.8394338695021448,0.5484803481162838,0.5510267438060055,0.22101509240806055,0.8484170071463699,0.16165720135079345,0.5362314249315909,0.6070907159007526,0.5961000343537448,0.2584970607820133,0.8826309513667394,0.6041218019714706,0.61677988915232,0.2577172363815058,0.8845656965475323,0.1661462000723968,0.5804719588636376,0.6010310211572452,0.593654690671713,0.24624306049898756,0.8746825972696431,0.6015276607294767,0.6128657270974318,0.2645590299630184,0.87285331834207,0.15955355956658002,0.579445244763584,False,4.37539e-05,,
R539Q,missense,False,1.0,1.0,0.0,P/LP,clinvar,0.8706,1,32893267,1.0,1.0,,,0.5679346463360814,0.5658367266969484,0.24381313644484287,0.8471169574622331,0.5708798958177672,0.5765105353104538,0.24690166736591815,0.8603796408581837,0.15750975681801968,0.5531500913240976,0.5781463959934521,0.5713624992687764,0.25504181145058735,0.857180741137189,0.577077336017157,0.5823960554189198,0.25840065540992,0.8501822482091589,0.1529088860427844,0.5574826022081898,0.566291997080864,0.5586291241918018,0.22509512516638688,0.8561202119178216,0.5673460672657714,0.5715106803278965,0.24403275493279372,0.8562425304233583,0.16039353254081212,0.5507111660588044,0.5863641348225075,0.5772116816929423,0.24773885165054088,0.8582227435462833,0.5856491941773545,0.5941992417854834,0.25209848784338873,0.8657340747910695,0.15864096570463362,0.5656109632322512,0.5576846129743402,0.5533115842609947,0.22917956427703673,0.8462712300074137,0.5613290425286798,0.5657291228971186,0.24839801299281986,0.8465221996389074,0.15386467615611407,0.5472274258527812,False,,,
R555Q,missense,False,1.0,1.0,0.0,P/LP,clinvar,0.979,1,41858555,1.0,1.0,,,0.5679346463360814,0.5597550162904901,0.24519432723660448,0.8412193918896926,0.569691841619516,0.5766351725591554,0.25500472091575976,0.8524252989312172,0.15213050520194993,0.5519217170626965,0.5781463959934521,0.569924579344,0.2584817130321016,0.8551419298375496,0.581134140215851,0.5878526636101338,0.26988725998284946,0.8537621927145217,0.15224364692161943,0.5606271824837272,0.5797874953077905,0.5711262441278668,0.25046259571825125,0.8597346737810457,0.5844240042905302,0.5913109300875887,0.2739134008006885,0.8645233785046039,0.15290722675969862,0.563945774926953,0.5863641348225075,0.5788541704471506,0.24407231556446285,0.8668321468997494,0.5886629153719922,0.5932363492114557,0.26791856360888555,0.8666764826930112,0.15526421510695587,0.5681229634911648,0.5725175552232779,0.5675718084666868,0.2411009986167603,0.8541240159722635,0.5741676388440763,0.580577277230728,0.24450635880928726,0.8590867885009112,0.1571326224297176,0.5572572994267716,False,2.27118e-05,,
R583G,missense,False,1.0,1.0,0.0,VUS,clinvar,0.6056,1,24606995,1.0,1.0,,,0.5679346463360814,0.5605684429762452,0.23618572030268167,0.8480839466576687,0.567434583486554,0.5763798074524382,0.25952892091405605,0.8466942328273177,0.15212454379295462,0.5501393622494967,0.5781463959934521,0.5643126095431052,0.2540731388139113,0.8566250898230843,0.5796061326522152,0.5854371441536516,0.2664886724757266,0.8542364554804012,0.1533603862818215,0.5597362038539834,0.5325971296942468,0.5291326720769771,0.21525440380013308,0.8267075535363351,0.5376303637048223,0.5432578939661346,0.20718585221085298,0.8447766869842268,0.16407109945854106,0.5276410304863236,0.6070907159007526,0.5935398296417209,0.25043996208975783,0.8737827146415491,0.6042560090898061,0.6173545497807699,0.2573846317892812,0.8878336502413087,0.16514204104689134,0.5806266022259384,0.5904017835903451,0.5827301944411896,0.24405221791854403,0.8682470460128586,0.5937845642322032,0.601588801752949,0.2534511400498433,0.8815936172540654,0.16285443760096574,0.5736066236556387,False,,,
R591L,missense,False,1.0,1.0,0.0,P/LP,clinvar,0.9731,1,32893267,1.0,1.0,,,0.5679346463360814,0.5645526524203384,0.25117967091860777,0.8490398096997149,0.5679622238197436,0.5756081772500591,0.24724586072613777,0.8524749656850167,0.15513357276682627,0.5505578173125728,0.5781463959934521,0.5713311414609523,0.2514893574250811,0.8602826151090489,0.5777358141633958,0.5853257576023121,0.2645133219272574,0.8542503531461888,0.15174823888700448,0.5581028565360471,0.5790595541906005,0.5722787106205941,0.2424581513973734,0.8672180670322439,0.5798425941141535,0.5866861439427475,0.25844135352255937,0.8640328335108659,0.15793859688948036,0.5605410742814636,0.5863641348225075,0.5781978409670738,0.23463718256273502,0.8628021338944796,0.5840790464929367,0.5939284844395394,0.26036558842380725,0.86400592315745,0.1556301847779403,0.5642923496402308,0.5717171873067066,0.5663335258621599,0.2392169610425989,0.8464725234561823,0.570852640708446,0.5766322958308321,0.24923008870229713,0.8475597237344088,0.15381074367151962,0.5544099358147623,False,,,
R632S,missense,False,1.0,1.0,0.0,none,none,0.144,1,34546463,1.0,1.0,,,0.5679346463360814,0.5613085107503616,0.2439281806967301,0.840298554508393,0.5666861023706021,0.5704531383691551,0.24757827571839797,0.854904436339598,0.15328627818835325,0.5498595173228037,0.5781463959934521,0.5686998972391557,0.2406031190426369,0.8481992258110862,0.5772361493085765,0.5857180136996358,0.25838895797652983,0.8559911645168311,0.15109952920427971,0.5575975724210269,0.47453709784780995,0.4744540780452548,0.14449859685936264,0.8158373795696021,0.4870383443787202,0.4856613051412489,0.15209065343450315,0.8234231788126001,0.17813334866969052,0.4885936313300594,0.5087357125120241,0.5053274027030854,0.17770068963527277,0.8315199144373547,0.5127588682611421,0.5142547499353833,0.17856426977738038,0.8319876338211237,0.1703359339992794,0.5088358200143974,0.34369087430020945,0.3539602171992027,0.07952737999227659,0.7436966769260709,0.3622558462521626,0.3411029234546757,0.08020696425532271,0.7594528648918883,0.18198211149006693,0.38728993434110326,False,,,
R67H,missense,False,1.0,1.0,0.0,none,none,,1,41331780,1.0,1.0,,,0.5679346463360814,0.5636758953204635,0.2445436173115523,0.8480813076863822,0.5696376106238441,0.5755608338036324,0.25508071130236915,0.8498556836799309,0.15458954137292685,0.5522254509937813,0.5781463959934521,0.5688461766935525,0.25057857112199994,0.849475545962603,0.579123922628564,0.5882057012481229,0.2607328732668944,0.8551559096340262,0.15352784063733924,0.5589748877708359,0.6732049630213349,0.6596082242189109,0.28955436729162015,0.9097956567456175,0.6642240288288596,0.6823997660271099,0.30965543771476095,0.9146268994874269,0.15808371774643593,0.627851566353892,0.5087357125120241,0.5011782579465068,0.17149620566728394,0.8362660112759075,0.5161529014290115,0.5147822886651209,0.18677419055032998,0.839201164162442,0.17191151063632606,0.5117694236282808,0.6316556472635034,0.6169627811289956,0.26028637032875396,0.8927537800141163,0.6279951382534625,0.6423340703430549,0.2678008474275533,0.9053187102225467,0.16478427397699885,0.6014027016654848,False,,,
R98Q,missense,False,0.0,1.0,0.0,none,none,,1,24561134,1.0,0.0,,,0.5679346463360814,0.5626912298567761,0.24117608599620996,0.848400178246304,0.5230499722998687,0.5273540726413457,0.21279443792030195,0.8085552737964093,0.1530474819845967,0.5158704384904366,0.5781463959934521,0.5715975563540231,0.246881037012844,0.8561112393060778,0.5311648956456742,0.5373776336057617,0.21369861334427087,0.8160763799881774,0.15572132968725036,0.5221965507151253,0.6732049630213349,0.6582031048717967,0.2920826222989179,0.9115105729994148,0.6200924540170858,0.6412355173720699,0.2553532078415808,0.8830202043124019,0.1646945620246354,0.5917876239759667,0.5087357125120241,0.5093787042323629,0.17858749115022526,0.8322912256434861,0.4644585780133286,0.4630447500761267,0.16489197489754265,0.7745096436956614,0.16201171563128122,0.4711246240213019,0.6316556472635034,0.6211299649211431,0.25649597053815226,0.9021685152149286,0.585728749817683,0.6022214594166235,0.22650503031294372,0.8630233308433812,0.16499223998243698,0.5662120743169587,False,,,
S140R,missense,False,1.0,1.0,0.0,VUS,clinvar,0.9993,1,26496715,1.0,1.0,,,0.5679346463360814,0.5608859499724165,0.24244875168710284,0.8475459514170817,0.5693224011403676,0.5747550205262222,0.2526878940328938,0.853351999251342,0.15342384896459157,0.5518426783174631,0.5781463959934521,0.5671474135649157,0.24616517787132397,0.8490246782293189,0.5810708926204642,0.5861008560327041,0.2553004909632576,0.8586472300078153,0.15425547735846287,0.5607968743831414,0.5822856566952784,0.5796172529146892,0.24701560797433422,0.864938465308096,0.5843222226101984,0.5903257366681475,0.25230773804948964,0.8698734285194365,0.15789822390747307,0.5639453639006541,0.6070907159007526,0.6000588857259309,0.2559592304936042,0.8849229522712159,0.6047860589230692,0.6176286017742287,0.25759986167513343,0.8860056236072403,0.16562542828670146,0.5810265989219108,0.6394594789815737,0.6274402281370224,0.2644045323241365,0.9019216521694516,0.6361252115591643,0.6511315903317396,0.29045851602497996,0.9077151348452762,0.16288978427220574,0.6082976522071496,False,,,
S143F,missense,False,1.0,1.0,0.0,VUS,clinvar,0.9529,1,32893267,1.0,1.0,,,0.5679346463360814,0.5592975797022631,0.2336636979271201,0.8416623986848379,0.5695740628763041,0.5746106938214254,0.2350672122872166,0.8599501332799441,0.15859285596783135,0.5520805736132703,0.5781463959934521,0.5679671726029308,0.2412490076550723,0.8490136835585244,0.5782180400006784,0.5850217125349213,0.26059205076193953,0.8601026021120824,0.15580704153218428,0.5586726552763057,0.5765611156289996,0.5692376403399292,0.24586855430172158,0.8621016234544484,0.5789558978250842,0.5849846314480669,0.25761865169817466,0.8674886095844749,0.15627555109562752,0.559691945441973,0.6070907159007526,0.6020753973869084,0.2642151382258692,0.883240598679136,0.6038870779190108,0.6139599484994833,0.2600011356517483,0.8893304689329812,0.16354854990000361,0.5802066993777626,0.6340611126781625,0.6243869447697927,0.27696361120748947,0.9015371319949164,0.6305301152369082,0.6469204346631573,0.2917740673590965,0.901111068483641,0.16167074430289924,0.6031548110885461,False,,,
S143P,missense,False,1.0,1.0,0.0,none,none,0.9838,1,32893267,1.0,1.0,,,0.5679346463360814,0.5579018201580556,0.24467194671532455,0.8441996651198383,0.5676062281757427,0.5740892101041872,0.2495647631154602,0.841494151742125,0.15110517525539077,0.5502225120535807,0.5781463959934521,0.5688175869083917,0.24646688828918312,0.8567903127307176,0.5764409001921913,0.5833676657801973,0.2623331002093472,0.8518580435994237,0.15139370287842324,0.5571157243583585,0.5803791031187769,0.567717817930816,0.24138715890056744,0.8589872643077805,0.5805534678919335,0.5883098261908046,0.2529100839757478,0.8650046479387046,0.15910877777194807,0.5612313109122327,0.5087357125120241,0.5094162060454538,0.1825488975903432,0.8370440299125042,0.5144368990061882,0.5160497824593939,0.19009080790387214,0.8434064432566989,0.17086028663036912,0.5105624727616153,0.4459477923073913,0.4475325589113686,0.14457926585772954,0.7889566276728066,0.45616582269130995,0.44838046212953386,0.15685705564391117,0.7906681824954157,0.1666006317958928,0.46452206167038695,False,,,
S145L,missense,False,1.0,1.0,0.0,none,none,,1,16831322,1.0,1.0,,,0.5679346463360814,0.5663431882687756,0.25015745663461014,0.8473193933586376,0.5688442596180433,0.5722741744683487,0.256698335954032,0.8579862646821701,0.1501755917870045,0.5513178720346639,0.5781463959934521,0.5716419560685031,0.25373560952791757,0.8516650305931793,0.5786567948116971,0.5889160076756095,0.25029188215942033,0.8643137242168486,0.1586806744570094,0.558923902418695,0.6732049630213349,0.661929393424244,0.31104345628621827,0.9180418035606072,0.6642445980976748,0.6839020159073697,0.3049876857354145,0.9222079130362433,0.1563621002335195,0.6279207913705069,0.5087357125120241,0.5056894896688812,0.18766072330456743,0.8306040585784389,0.5174721767372061,0.5193846322460288,0.18796424229326347,0.8436325560005958,0.17271925218410092,0.5128964223146241,0.6316556472635034,0.6200065028820854,0.25741046754682395,0.8944602959195542,0.628882873244448,0.644527076561392,0.28459226118577996,0.9036356685764765,0.1618226876067091,0.6019217635603135,False,,,
S177F,missense,False,1.0,1.0,0.0,none,none,0.9958,1,32893267,1.0,1.0,,,0.5679346463360814,0.5625180862356141,0.2373001208913547,0.8495303550719586,0.5709109554292969,0.5753806708268193,0.25549081630458215,0.8534048496997385,0.15226978757824888,0.5530250905029792,0.5781463959934521,0.5690884603177482,0.24824112602240242,0.852743627275043,0.5788469935586527,0.5842568661825865,0.27331767311197486,0.8537603798425184,0.1502582496083435,0.5590363791788244,0.5818556645188756,0.5741469624072345,0.2461686273617093,0.8582844077498517,0.581582522060322,0.5855327249621609,0.25956354402294124,0.870084915144435,0.15663594242968643,0.5619149016293157,0.5087357125120241,0.5067920839906532,0.18654943806313135,0.8299818625688725,0.5169052848793895,0.5181784983750715,0.18933356605321536,0.8359787391707619,0.17258476553393318,0.5122943200152771,0.4475805338028697,0.4537255136648066,0.14439434096461393,0.796458885653634,0.4616804570208591,0.4551800975823353,0.16499777172694577,0.7912892009993278,0.16677904825425124,0.4691316913594979,False,,,
S182fs,frameshift,True,1.0,1.0,0.0,none,none,,1,32893267,1.0,1.0,,,0.5679346463360814,0.5644356623406213,0.23991363297005075,0.8507708004338393,0.5723576733638505,0.5774698652929022,0.2519312172697299,0.8572065746200239,0.15407940818610905,0.5541109254825067,0.5237340426211323,0.5180396581441564,0.20410987769727731,0.8170058205084685,0.5290206195262855,0.5315774892586862,0.2117915586662841,0.8451537020595274,0.16845093320536667,0.5212992637634906,0.5223540047669304,0.5196539276998334,0.19413257900719785,0.8336645540861997,0.5278857518340521,0.5318264164927287,0.19750445655533302,0.8355041962946126,0.16664155484635926,0.5200309353274508,0.4732838882927845,0.47604903083024924,0.15262927321715802,0.8167292360112619,0.4829064589264054,0.4758259380343502,0.16572401107861412,0.8214543781212623,0.17358644223903286,0.48567977895279885,0.4304742885235544,0.4362567810783035,0.13191550837740565,0.7806886407236235,0.4429308965879506,0.43548101437103104,0.15338357271437142,0.7766921677818112,0.16487445051643326,0.45423072395509,False,,,
S209F,missense,False,1.0,1.0,0.0,none,none,0.9958,1,16414944,1.0,1.0,,,0.5679346463360814,0.5617246315498141,0.2491022012110534,0.8441543998360747,0.5669820199999438,0.5730214130408082,0.2426291895862718,0.8477797739740799,0.15458776754080186,0.5500142003986305,0.5781463959934521,0.5709561201667501,0.2547276417608047,0.8447600065960581,0.5773157124178523,0.5875543482067226,0.2610697798862226,0.8525816376926222,0.15222358022446295,0.5578160122987482,0.5818556645188756,0.5728012192780636,0.2396359869216823,0.860763949404436,0.5808337351374526,0.589164005849895,0.24639271690253509,0.8673027933746651,0.1606507864373176,0.5613679715549909,0.5087357125120241,0.5050764457550142,0.1790901002246094,0.8316314494125668,0.5162860836076045,0.5172773479828124,0.19262495918564693,0.8356439826598977,0.16893749358001917,0.5118414639789981,0.4475805338028697,0.45318352980336113,0.15029847666089374,0.7981437366241437,0.459437287324889,0.4525061855691517,0.16154612666595697,0.79627501325918,0.16589049179946463,0.4673220557769172,False,,,
S253C,missense,False,1.0,1.0,0.0,Conflicting,clinvar,0.96,1,27485560,1.0,1.0,,,0.5679346463360814,0.5631189820432201,0.23993427437744214,0.8456405665022267,0.5686708668373908,0.5750119549489496,0.26171153360485044,0.8478555050696086,0.15126979861406695,0.551326882000576,0.5781463959934521,0.571917282197414,0.250394002145415,0.8533707828434344,0.577080970743442,0.5865982726698978,0.24058264142658095,0.8614922437595535,0.15790238740080034,0.5576933997352138,0.5774403507477021,0.5671567984249618,0.23529566868967025,0.8564597113988062,0.5773774109429085,0.5822453988210584,0.25914777736875816,0.8640769014294861,0.15420236109527463,0.5585764194295028,0.6070907159007526,0.5982042909150486,0.24812876870806158,0.8836656521661798,0.6034721361897529,0.6131246112187805,0.25908547774108975,0.8881264904531719,0.1628815110331351,0.5798063690006576,0.6348946048364473,0.6206106665385942,0.2669408301504113,0.8983341066425822,0.6291579401691917,0.6454756720639481,0.2768687016203606,0.9033289029026855,0.16552314263062365,0.6023820226600864,False,,,
S298I,missense,False,1.0,1.0,0.0,none,none,0.8996,1,32893267,1.0,1.0,,,0.5679346463360814,0.5618943845726777,0.23754692758635207,0.8464770518491884,0.5672624861827036,0.5751561488899302,0.24767156771898036,0.8511684226886663,0.15355168374882056,0.5501286640148711,0.5781463959934521,0.5739619309403301,0.25035668472485334,0.8521173972373851,0.5750396565404694,0.5851089534728112,0.24525096846566125,0.8529768217422258,0.15642046384211802,0.5559960378016185,0.5699258637386935,0.5665638275824139,0.24220689704490359,0.8584422125390204,0.5709895710425211,0.5777140694147516,0.2456735567041321,0.8650117532872427,0.15894238896141316,0.5536866154837154,0.5087357125120241,0.5075680717709476,0.19008229898195542,0.8305176348065442,0.5159501754162326,0.517436113785375,0.19715794429489028,0.8274129852294753,0.16432846066396958,0.5114084180031143,0.43454837165331284,0.43959654261334524,0.13550828460533354,0.7789018558518985,0.44636675508581947,0.43773018119740054,0.1428582463709164,0.800254929762569,0.1680908675992157,0.45690144866159277,False,,,
S333fs,frameshift,True,1.0,1.0,0.0,none,none,,1,32893267,1.0,1.0,,,0.5679346463360814,0.5570697979073802,0.23585260258704213,0.8362339129772643,0.567326051411485,0.5753878527692229,0.24382029902387276,0.8483587647483761,0.15418947369244965,0.5501040384238117,0.5237340426211323,0.5201015464239653,0.19811316920714328,0.8348581551433242,0.5307062303054474,0.5356940300493047,0.20860775516897473,0.8322703600875829,0.1629641746250393,0.5223156068788306,0.5223540047669304,0.5175364464784532,0.19920204981655423,0.8349219625688704,0.5291730457865346,0.5327697675864126,0.1981720670336493,0.840842265892547,0.1647068051242126,0.5213590083915827,0.4732838882927845,0.48144939236621515,0.1538164528751197,0.8194493931579023,0.4842093200989394,0.4825034412647557,0.16031731998289536,0.814915954446356,0.16932266166313972,0.4865831539732364,0.4304742885235544,0.44239889614432537,0.14319898030570108,0.7856161462500277,0.44543048790698037,0.43879859259080944,0.1452746662971329,0.7924526893662669,0.16895943137623,0.45607363018939306,False,,,
S349P,missense,False,1.0,1.0,0.0,Conflicting,clinvar,0.999,1,16414944,1.0,1.0,,,0.5679346463360814,0.5601369243662341,0.24709197926992282,0.8416699356538292,0.5677774640523778,0.5774034069237387,0.2469648852722231,0.8505966585012239,0.15339169626052487,0.5504633611770753,0.5781463959934521,0.5678772359716237,0.24962984465408772,0.8474135760388793,0.5785135452307313,0.5865550715339283,0.25759309283887805,0.8553052944757554,0.15329733224175934,0.5586529066211248,0.5822488122398152,0.5767884702747396,0.25675655934633895,0.8620873691496823,0.5830467270371293,0.5890012038275325,0.2551768387226268,0.8748775214594063,0.15686714983286865,0.5630707948445174,0.6070907159007526,0.6011678719088288,0.2533548097896542,0.8844310508043285,0.6026281271456847,0.612974961527613,0.2515579451303563,0.8844240355803044,0.16506960426343814,0.579161019792985,0.6394249480845543,0.6262720390572669,0.26660524889695497,0.9011586238392937,0.6310582703912581,0.6457233474284043,0.27738607555132777,0.9051937552815932,0.16495412523495157,0.6041147502168837,False,,,
S428L,missense,False,1.0,1.0,0.0,none,none,,1,24606995,1.0,1.0,,,0.5679346463360814,0.5623284724517279,0.24182090274456175,0.8503382124548668,0.5687739095734294,0.5739496547276438,0.24716647107891895,0.8587459421342802,0.1542002183536984,0.5513153567424436,0.5781463959934521,0.5732204018878801,0.25347925728566706,0.8596803121737472,0.5783161173949931,0.5853838197172672,0.2459963712744934,0.8615664319072103,0.15697667902916917,0.558513880902268,0.6732049630213349,0.6611425033583431,0.2944086761056363,0.9115124256078906,0.6647953054850123,0.6819323136861853,0.30383421722155013,0.91703882474036,0.15712765311259583,0.6282292485864783,0.5087357125120241,0.5157052805935302,0.19630216025412223,0.8353119622670282,0.5157782428322067,0.5162916145468559,0.18187026225364933,0.8365080380536564,0.17113599028524826,0.5113359883042304,0.6316556472635034,0.6229856118207497,0.25302007274882005,0.8973211280157759,0.6285107347276904,0.6460629181936777,0.26819410638784025,0.9026975480264804,0.166367612441782,0.6015784783706568,False,,,
S546W,missense,False,1.0,1.0,0.0,none,none,0.9983,1,32893267,1.0,1.0,,,0.5679346463360814,0.5640401976656098,0.24483955875432678,0.8451316709173211,0.5698245769896507,0.5769722871787022,0.254636456589313,0.8501137458204594,0.15368779726402504,0.5520995578882995,0.5781463959934521,0.5703975777611322,0.25058023396016477,0.8528982137559622,0.5797075366233988,0.5911435077432016,0.26888254316476323,0.8509417245735689,0.15167161184098046,0.5593704957440916,0.582162833065617,0.5682440149078215,0.24023286636458338,0.8610401335078021,0.5812853761580518,0.5884174011698831,0.2523676552418589,0.8663760661909118,0.15638781484959638,0.5614925030649642,0.5087357125120241,0.5113022702887849,0.18193661022084784,0.8266105416255535,0.5186658296821312,0.5197345861109616,0.19352792517069148,0.8435542413054349,0.1694054215138699,0.5136039663933532,0.44792088553021686,0.4518807847222241,0.14290816669534917,0.7943537924458733,0.4584685359118509,0.451021808082784,0.15390239861106933,0.8007795141236684,0.17199151150621406,0.4664398714113057,False,,,
S546X,nonsense,True,1.0,1.0,0.0,none,none,,1,30816480,1.0,1.0,,,0.5679346463360814,0.5619559805976563,0.24702754343686179,0.8399997665881886,0.5682048590282928,0.5715561343485789,0.2568661925501712,0.855154064308374,0.15413169685645448,0.5510973227555198,0.5237340426211323,0.5218105431323244,0.19696630012292282,0.8348588202785551,0.5253046459257515,0.5294931686990867,0.20859022228805446,0.8259661068674533,0.15925103346989514,0.5183117865403076,0.5223540047669304,0.5204465413526962,0.19221163489474918,0.8400943283922941,0.5272640129565612,0.5329301288647316,0.198717233627749,0.8418660951343263,0.16887082095893222,0.5197742874436124,0.4732838882927845,0.47381662857792056,0.15022533261062948,0.8075168839291907,0.48724142486251776,0.48603586048662434,0.16199395246582307,0.8110987462476613,0.17073243477840883,0.4889497199459548,0.4304742885235544,0.43263330732063265,0.1316940866721739,0.7664258306417026,0.4404295714184338,0.4291009242381079,0.1333299676660177,0.7895581279882233,0.1689675987544732,0.4518224009703216,False,0.0,,
S575fs,frameshift,True,1.0,1.0,0.0,none,none,,1,16414944,1.0,1.0,,,0.5679346463360814,0.5652493129506548,0.2521992843864034,0.8396729145546509,0.5666979265011188,0.576225514963699,0.23993861499491573,0.8570438203990528,0.1590304422033619,0.5498143511426844,0.5237340426211323,0.5177115678673029,0.1968343425659833,0.8245779221958417,0.5303106675008794,0.5312460955956345,0.2105591024929565,0.8421680512856881,0.16620164598236048,0.5221456219542173,0.5223540047669304,0.5185007362986919,0.2044091478181393,0.8406351088692856,0.5280993027308182,0.5330368413973153,0.20377691014148522,0.8353109349337154,0.16331603596681946,0.5206680618854103,0.4732838882927845,0.4756972209344432,0.15017132721398962,0.810730157066527,0.48306610222394436,0.48502148431792425,0.16363287571095542,0.8178886318365955,0.1693928115286005,0.48564973055478594,0.4304742885235544,0.43855437633454514,0.1374064866354674,0.7901322065952605,0.44104962362323585,0.4294573688402239,0.14334509991549862,0.7883326900771953,0.170299767982902,0.45264799453608856,False,,,
S583fs,frameshift,True,1.0,1.0,0.0,none,none,,1,27286732,1.0,1.0,,,0.5679346463360814,0.5659613194858701,0.24460030493325868,0.8523064287781487,0.5697423896994435,0.574584046609306,0.25638275954908163,0.8566913503302547,0.1545129664523532,0.5522532955040147,0.5237340426211323,0.5191969771450811,0.19724927935576173,0.8401643604684113,0.5297607249000322,0.534773401887036,0.20229948480735196,0.8418614882641671,0.16413861558309142,0.5217852587816948,0.5223540047669304,0.5228753178162175,0.19250012421901358,0.8412740893997139,0.5264797137947067,0.5312726194804926,0.20333452640696156,0.8398367107401398,0.16543368348659726,0.519270493921614,0.4732838882927845,0.47844048647512366,0.1597651488677914,0.8072769722993391,0.4848539233169542,0.4835997489299907,0.1601290374510829,0.8146813669637293,0.17179631259487782,0.4871059648199245,0.4304742885235544,0.43846307628561454,0.1445847858670894,0.7824088678104321,0.4432234507310899,0.431454011257142,0.13639519691493357,0.799050634805212,0.1724537122742386,0.45449280175642714,False,,,
S621N,missense,False,1.0,1.0,0.0,VUS,clinvar,0.1106,1,24606995,1.0,1.0,,,0.5679346463360814,0.5589327370086242,0.2413669360947728,0.8501150627021056,0.5670211418551271,0.5706762277254813,0.2570874431734199,0.8487241408917626,0.1513216707215597,0.5499037207452415,0.5781463959934521,0.5688284849400416,0.24476811215749808,0.8562356964943877,0.5762199942317089,0.5840282796006018,0.25217767731789414,0.859653147992988,0.1560764932012925,0.5570508281100016,0.4704918655268476,0.4729737427635183,0.1435240483906889,0.8273547460518209,0.476835510796375,0.4733204387549632,0.1482677143571061,0.8167870721731619,0.17448304429866954,0.4807524668018221,0.6070907159007526,0.5987106590490856,0.2525546581767095,0.8829166139828756,0.6053692736100016,0.6189955665880595,0.2672143259339889,0.8778219342495022,0.15792281816678388,0.5810744123476769,0.522929314821989,0.5197716582246342,0.17746115376143468,0.8471613002856875,0.5263281045893314,0.5280228532470266,0.18900534714691872,0.8518435198110821,0.17643815375183336,0.5194928821875647,False,,,
S77F,missense,False,1.0,1.0,0.0,VUS,clinvar,0.1473,1,29544605,1.0,1.0,,,0.5679346463360814,0.5571881734710618,0.23810276561915447,0.8439729849501064,0.5705955869743671,0.5755142399323989,0.2639331075593634,0.8468731228511229,0.1500568920872632,0.5525587470649775,0.5781463959934521,0.5749593209431425,0.2563379128240247,0.8543604938823057,0.5825535883902836,0.5898410284569193,0.27416273114600315,0.8585768507884719,0.15152207946221427,0.5618217324304738,0.47493838068382127,0.47948396810619154,0.15177206434534193,0.8177424741159897,0.48900938192225807,0.49038780805862353,0.15775830843323987,0.8192965505266241,0.17432349710267933,0.4899245334008618,0.6070907159007526,0.599753096032977,0.24860572765992775,0.8844495534979354,0.604347785733144,0.6177981142804152,0.2624227075959043,0.8890897038380196,0.16425998045262052,0.5806676482419854,0.5279342177937912,0.5216993740626494,0.18246795926760204,0.8525205632605015,0.5354071543101495,0.5388650169851437,0.20113817331860695,0.8623028337944314,0.1732128035785573,0.5269884605192936,False,3.2985e-05,,
S77fs,frameshift,True,1.0,1.0,0.0,none,none,,1,32681117,1.0,1.0,,,0.5679346463360814,0.5636347090513361,0.24772579900444192,0.8454862249544808,0.5660594672151541,0.5724990910400442,0.24883215252419272,0.8501214370982663,0.1546025396370835,0.5493000526186017,0.5237340426211323,0.5176140724273659,0.19672531162688345,0.8235888992091516,0.5304557857840123,0.5301760737648873,0.2045652399962015,0.8420253119957958,0.1646370225113853,0.5221980834115679,0.5223540047669304,0.5179644667643164,0.19252798705622276,0.8311155993976338,0.5283499908393017,0.5345413197559893,0.19972439029443015,0.8373721618127732,0.16451925963690003,0.5205829248015488,0.4732838882927845,0.4760943502269301,0.15404277612358835,0.8112751483974611,0.4818458176905368,0.4826516891352673,0.1517979973535026,0.8182115166841509,0.17364364388725215,0.4845724867441009,0.4304742885235544,0.43699571496354983,0.1505689667932993,0.775434459198537,0.44401758002514524,0.4368376246318494,0.1381182450755345,0.7983306471214248,0.16855969407057306,0.45491270178612414,False,,,
T169fs,frameshift,True,1.0,1.0,0.0,none,none,,1,32893267,1.0,1.0,,,0.5679346463360814,0.5649225789870975,0.2509152608984755,0.8469634991555444,0.567475900601774,0.5761436188214396,0.2534581540124172,0.8421088140559189,0.15202375613833424,0.5500894779446749,0.5237340426211323,0.5233538552429178,0.19382257876306996,0.8332067041945801,0.5278888866490973,0.5307481779422003,0.20751553544269158,0.8374949481442312,0.16509872992730681,0.5202536624834687,0.5223540047669304,0.5189637153030868,0.1934395364090557,0.8284739481867457,0.5265538702032004,0.530760074387651,0.20234832584386858,0.8388012001844133,0.16503015465617246,0.5192988790863174,0.4732838882927845,0.479405787640478,0.15530704409970802,0.8141687194963719,0.4839136486124738,0.48068853149784485,0.16664374808736818,0.8113196652353168,0.17022368303840169,0.48635249294108085,0.4304742885235544,0.4401669447967263,0.1435974696207728,0.7798105008773478,0.44574947613036203,0.44040684542799713,0.13844200636620552,0.7827865807990639,0.1697995270391458,0.4561059863771557,False,,,
T247I,missense,False,1.0,1.0,0.0,VUS,clinvar,0.9977,1,32893267,1.0,1.0,,,0.5679346463360814,0.5613111263778232,0.2509921827961648,0.8520629058364185,0.5643611963878795,0.5714934113684702,0.250906993610678,0.844116483029652,0.15479511138036728,0.5478743509426661,0.5781463959934521,0.5715792904873807,0.2635931429539167,0.854206716934451,0.5790538338004536,0.5892033679770092,0.24689282244364494,0.8650053452584328,0.1604223020314857,0.5593482849825551,0.5820891268605712,0.5788103541140907,0.26310367893337017,0.8620124480363996,0.5818732595900205,0.590572992605644,0.25694011777036846,0.8640036241808122,0.15591812456785548,0.5619321944653779,0.6070907159007526,0.5991372569416485,0.25750770005646983,0.8837396856412357,0.6036633184821024,0.6162793088452888,0.24793660326480585,0.8827355124374325,0.16619384743875765,0.5801256088983234,0.6392752576804115,0.628391087151226,0.27058571769000506,0.9046947581480449,0.6355483239714662,0.653599336187717,0.2914667371550985,0.9024101272174746,0.16279200124926654,0.6077271250091221,False,2.053986994154353e-06,,
T265fs,frameshift,True,1.0,1.0,0.0,P/LP,clinvar,,1,16414944,1.0,1.0,,,0.5679346463360814,0.5611737636373559,0.23842518703608798,0.8462849569577428,0.5688275385824288,0.5774641853669276,0.25995967288549887,0.8401589530429685,0.1509191927215693,0.5512418549924418,0.5237340426211323,0.5225503110689383,0.20786445262353545,0.8236129015467912,0.5285951047508304,0.5342542325096047,0.19982936315182262,0.8192923995244628,0.16125243184463092,0.5205906683622612,0.5223540047669304,0.5240595976381157,0.19103621190101094,0.8429771630600851,0.5282247503757938,0.5308962314497463,0.18911752984723998,0.8369514722210755,0.16826283144449053,0.5204106300660922,0.5502375238083598,0.5488512420371039,0.205051937025016,0.8513815501976515,0.5553126355900933,0.5633661146878404,0.2121128154912385,0.8582567922429142,0.16684072616900467,0.5419528956805368,0.5567719733512766,0.552694052346586,0.21002793390952146,0.8568628760368876,0.5622879441116443,0.5671921166692453,0.21644950130732804,0.863897127154932,0.16863328237181854,0.5484576750511534,False,,,
T495fs,frameshift,True,1.0,1.0,0.0,P/LP,clinvar,,1,16414944,1.0,1.0,,,0.5679346463360814,0.559974623674962,0.24292581205247876,0.842591884551439,0.5691896598016183,0.5755081833246668,0.25330813652343664,0.8509517995829516,0.15292666953878925,0.5517443917942669,0.5237340426211323,0.5196528401413747,0.21063896397775964,0.8290578963189814,0.5294225471944399,0.530644127435601,0.20491196831683856,0.8411703234499133,0.1659840593393405,0.5214286002558133,0.5223540047669304,0.5225208864450881,0.20208122458270347,0.8363807991224113,0.5294147168127908,0.5313240864675874,0.2000942264454397,0.8303338151295239,0.16497841431287574,0.5213381751165749,0.5502375238083598,0.5468882939000765,0.20014128097988773,0.8570745133710194,0.5538966980802409,0.5583743494870674,0.2131602737756814,0.8592736078699926,0.16855194074864932,0.5408970362539934,0.5567719733512766,0.55012523413127,0.2155627397947298,0.8501683378318603,0.5588312516257793,0.5644584389550977,0.224063175596136,0.8531242571224096,0.16366534942972172,0.5453550418319715,False,2.736191467734146e-06,,
T513fs,frameshift,True,1.0,1.0,0.0,none,none,,1,16414944,1.0,1.0,,,0.5679346463360814,0.5615377202792197,0.24157332718473473,0.8503607550608444,0.5679475991160429,0.5743713558492786,0.24828705649218447,0.8511180046922601,0.15322171853203495,0.5506469227311879,0.5237340426211323,0.521826791526063,0.1958558201022065,0.8241327975589445,0.5291183205060139,0.5299546621443483,0.209287725897501,0.8348276382661102,0.16043473866801752,0.5211103725156364,0.5223540047669304,0.5243172954784846,0.2070998205009772,0.8312103711868083,0.5281482566298958,0.5313026458515673,0.20958897718558156,0.8452769014421925,0.16642169409667568,0.5206567674191914,0.4732838882927845,0.47580331862687375,0.15891358397866087,0.8187251873796108,0.48077317790806295,0.4793466313569138,0.16669358512118712,0.8256710794613422,0.17028344522412844,0.4841017418181807,0.4304742885235544,0.43242393876080804,0.1463834650673951,0.7780995805501466,0.4436187596007741,0.4344692473036454,0.1446778654828014,0.7852320763559801,0.16663094660897437,0.4545466747835833,False,,,
T610N,missense,False,1.0,1.0,0.0,VUS,clinvar,0.527,1,31337358,1.0,1.0,,,0.5679346463360814,0.5606739252031365,0.2423786640249687,0.8395528915048078,0.5706811245761825,0.5757676274039111,0.2493699733769244,0.8596390097722189,0.15510533189183828,0.5527986240813907,0.5781463959934521,0.5683089038565307,0.2527749001838177,0.8536306517785162,0.5772049498010804,0.5857657361849127,0.2625051721899247,0.8630442363501838,0.15419831890408164,0.5577955555578884,0.5225440237825499,0.5218692407745029,0.19771997415298595,0.8303695070058208,0.5260846780193948,0.52866599433847,0.20830079323350337,0.8367821151356181,0.1625155870871711,0.5187984535595965,0.6070907159007526,0.5997890817423563,0.25351395358175777,0.8834805555294808,0.6048780331493587,0.6165943181675488,0.25645786654831065,0.8844257511327313,0.1608213284588895,0.5807486726457108,0.5798948268267253,0.573257892184493,0.23806388917265248,0.8722532418429394,0.5771432521205375,0.5866744886459312,0.23622866555773298,0.8727274201999945,0.16283476143817766,0.5598904383587655,False,,,
T74M,missense,False,1.0,1.0,0.0,none,none,0.1012,1,24606995,1.0,1.0,,,0.5679346463360814,0.5594471155260959,0.24067761419887188,0.8475273735081945,0.5686345839475717,0.5774475080244758,0.2563370683457415,0.8529697117922445,0.15350567907713983,0.5511379239069876,0.5781463959934521,0.5711719029487272,0.25089497358767815,0.8539178670910286,0.5805365190921545,0.5886176052173266,0.2690189793012728,0.8607403501141996,0.1543865623647509,0.560333764502322,0.46935884345856005,0.473064485829776,0.1484348928207192,0.8168208004087375,0.4792969162001842,0.4750568973967433,0.15589253149831317,0.8290126004688435,0.1767556160238028,0.48263023258236154,0.5087357125120241,0.5080618789767368,0.17652651172711287,0.8253537555751195,0.5130970575069258,0.5170327270478189,0.1854475404284614,0.8272383866270238,0.16998861985159983,0.509220842576046,0.3394117453487631,0.3519130813039048,0.07462193029141888,0.7500151427754717,0.3602867437100412,0.33541764172672267,0.07544409678182706,0.7538052275898735,0.18154076368258162,0.3858623737072502,False,,,
V100fs,frameshift,True,1.0,1.0,0.0,none,none,,1,32893267,1.0,1.0,,,0.5679346463360814,0.5601369327695439,0.23705839712141086,0.8465372742276475,0.5690879132602548,0.5728911117461023,0.25245326053344835,0.8516145070316806,0.1538275153561304,0.5516907243415541,0.5237340426211323,0.5187842656091725,0.20279900943188,0.8259632625220547,0.5309624777034081,0.5329086068722917,0.20796858709180308,0.8345743982086187,0.1604395610876837,0.5224267965447987,0.5223540047669304,0.52259541522026,0.19857176506215396,0.831579404138349,0.5281731477781173,0.5282374371139198,0.19608456832343382,0.8408786384373056,0.1655736817838114,0.5206972092020554,0.4732838882927845,0.47881368364632704,0.14832442506715604,0.825093743371733,0.48266311726032934,0.4782397313049333,0.1654434556061023,0.8235172902181547,0.17382363572189508,0.4855236431397851,0.4304742885235544,0.43500104890483293,0.13874614007360303,0.7753825272954076,0.44408535789380765,0.4360084478245383,0.14621350321910587,0.8006195082757525,0.16889017584990934,0.45506216413938433,False,,,
V180L,missense,False,1.0,1.0,0.0,none,none,,1,34557911,1.0,1.0,,,0.5679346463360814,0.5604751757313413,0.23468418348231587,0.8453885579050169,0.5688343303574344,0.5751202125174341,0.2612396340430812,0.8531537570589609,0.1494085959312632,0.5511859050068486,0.5781463959934521,0.5720807096702583,0.24485836525644805,0.8588062670972272,0.5801353072584698,0.5882701822786707,0.2536617357221421,0.8680234706521682,0.1559261821956398,0.5600961488746602,0.6732049630213349,0.6549874296205285,0.291990053917638,0.9131139995617056,0.66360799339281,0.6798643015841449,0.3132411477595842,0.9196702615586511,0.15984964068963872,0.6277203375313326,0.5087357125120241,0.5105015537702043,0.19447302044153492,0.8295081571865238,0.5169362801300404,0.5196957324378939,0.19191750666032092,0.8386494274082885,0.17063385567267247,0.5123677544233098,0.6316556472635034,0.6204118104547445,0.2743034813334237,0.8989398246956514,0.6247068444424332,0.6405506646072283,0.26531345246628024,0.8962803058764781,0.16574860978691747,0.5985655539123165,False,,,
V207_V212del,inframe_indel,False,1.0,1.0,0.0,none,none,,1,32893267,1.0,1.0,,,0.5679346463360814,0.5606562559537172,0.24641591278402752,0.8434816874391984,0.5671007369114637,0.5747459664922825,0.24463438265120505,0.8491474647303894,0.1547568705422382,0.5499111188405662,0.5781463959934521,0.5691491688526811,0.24647121287648566,0.8550137078511321,0.5781333849885146,0.586724358951051,0.2660333796816675,0.8496269471190389,0.15331316452573113,0.558406196424473,0.6732049630213349,0.6593669052401667,0.299841275810506,0.9133227801341779,0.6662120470256024,0.6859173732766999,0.3022825747798279,0.9111135306495585,0.15675464817563678,0.6292630198594664,0.5087357125120241,0.5062403729906906,0.18009886387633167,0.8285935501083738,0.5149848677758089,0.5168534256393049,0.18750669242542414,0.8350447726406417,0.17024442991408248,0.5108538292740358,0.6316556472635034,0.6220591894519907,0.25963923260833477,0.8951222633417246,0.6293805121750657,0.6443661104291175,0.2773607379578335,0.898913734109371,0.16314601826491726,0.6025515193987026,False,,,
V215L,missense,False,1.0,1.0,0.0,none,none,0.3086,1,32893267,1.0,1.0,,,0.5679346463360814,0.5583775375677493,0.2385658548852132,0.8436480176528381,0.569002357581203,0.5745618334333866,0.24483276858404718,0.8544256770226976,0.1531950547957076,0.5515305458779086,0.5781463959934521,0.5752962685420832,0.2532408241429234,0.8571670090247939,0.5759673907276374,0.5857969533451105,0.2537764232893267,0.8541185116561101,0.1569705078945539,0.5569769967694482,0.49486480351957846,0.4935602638351931,0.16495121808386318,0.8272211229312076,0.504040986354433,0.5054829345305354,0.18020073833681224,0.8190893256760381,0.16909526555153068,0.5017329175713865,0.5087357125120241,0.5052875254226121,0.17512191482150344,0.8262021017418384,0.5152731794292291,0.5182768694260746,0.19472722680606522,0.8244916214614872,0.16721680643900522,0.510847088307281,0.36110825158716003,0.37635369552507264,0.09380477645281325,0.7535446563839661,0.3798335670753566,0.3637645249455821,0.0862698908422074,0.7689567991249135,0.1763218452375006,0.40250011286684517,False,,,
V241I,missense,False,1.0,1.0,0.0,VUS,clinvar,0.4432,1,35357185,1.0,1.0,,,0.5679346463360814,0.5622332561082563,0.24583772194250497,0.8433393441116519,0.5721002105318227,0.5772915321433998,0.2420173425165932,0.8594108312624839,0.15392141524089611,0.5539145362836787,0.5781463959934521,0.5704698470968256,0.2595137422985393,0.8529871599934312,0.5808565822939996,0.588789335203777,0.2626464779574327,0.8560832835676526,0.1532172659623901,0.5604114030691207,0.5118601024243767,0.5102725066543722,0.19046208268686385,0.834186588591914,0.5206663041768892,0.5223752851773724,0.1962226441453222,0.8286368296046116,0.16054406430086476,0.5145667404484863,0.6070907159007526,0.5972622166598724,0.25247521737265394,0.879465734528013,0.6042525933450078,0.6177225579880552,0.2579310364673512,0.87942927711413,0.162910689777435,0.5802938232095991,0.5685333402310215,0.559641919346544,0.2162959242874275,0.8604572250352746,0.5693397713533233,0.5792013696702549,0.231019433514749,0.8637065815122226,0.1639194094776911,0.5537634029523176,False,1.2043e-05,,
V308D,missense,False,1.0,1.0,0.0,none,none,0.9979,1,16414944,1.0,1.0,,,0.5679346463360814,0.5625215278569535,0.2285978797601652,0.8473400817988577,0.5698418126890372,0.5759927593633478,0.24855654707944874,0.8548696936868101,0.1559240228903082,0.5520758586846068,0.5781463959934521,0.5679286732203931,0.2513000294333039,0.8554978230229958,0.5798222308065824,0.585775870394859,0.26799275126784605,0.854296392186679,0.15332146181538353,0.5597905117277469,0.5821136965968438,0.5762076300480922,0.24530534361902043,0.8570389166076587,0.5820960622818527,0.588132649632056,0.251273224390842,0.8622787732394716,0.15690479864569357,0.5622341859409323,0.5087357125120241,0.5068958137824218,0.18183933406410052,0.8275406813268137,0.5144769347736903,0.5141442635784209,0.1814931112906821,0.8402379314704372,0.1722472093919366,0.5103322870740938,0.44786642487595385,0.45598245722036357,0.15013462019295568,0.7962198632155317,0.4587284372832073,0.4529677531693086,0.14441595679913702,0.8122897451550342,0.17186927665184024,0.46650760105393524,False,,,
V308F,missense,False,1.0,1.0,0.0,none,none,0.9843,1,32893267,1.0,1.0,,,0.5679346463360814,0.5593708379262959,0.24507222132342676,0.8471485881732901,0.5703284365315103,0.5772272415904203,0.2460940662219426,0.8619800318660008,0.15707943834895388,0.552676070597066,0.5781463959934521,0.5699882527283279,0.2560065837818417,0.8525081751613008,0.5777817732792191,0.586183406577212,0.2642987640342964,0.85440824918337,0.15162374627603306,0.5580065534558144,0.5804406969012166,0.5723327160737781,0.23923739664695953,0.85701664019563,0.5780244465575125,0.5841137401830092,0.24464054645133276,0.8620518582355713,0.15774581316831846,0.5590040828581229,0.5087357125120241,0.5091305051999047,0.18650681671436892,0.8341526313213078,0.5147670355580306,0.5174593396835583,0.17882860687628366,0.8382825533398551,0.1719622874677412,0.5106018337599804,0.4460157906056809,0.45250091572999157,0.15379962445126952,0.7920247024569749,0.4608078723838915,0.4547941688857171,0.1512380421963581,0.8004522980129786,0.16960624059183163,0.4682555041029998,False,,,
V310I,missense,False,1.0,1.0,0.0,P/LP,clinvar,0.3548,1,10973849,1.0,1.0,,,0.5679346463360814,0.5605764141722166,0.24851272558640636,0.8467551786938209,0.5660850159278924,0.5720820327345452,0.24802844194889778,0.8568456996182361,0.1543272245639015,0.5492706989289465,0.5781463959934521,0.5713335767912393,0.24403582952604505,0.8504865533122389,0.5768717808658511,0.584839242492079,0.2545872958250425,0.8606936014399614,0.15744695228486316,0.557589449936264,0.5006682740257503,0.4993961095357138,0.18355897227442705,0.8197815490732069,0.5068476322443627,0.5084577771147596,0.18913261638126055,0.8280835254399361,0.16861727638001875,0.5040106602147943,0.5863641348225075,0.5769135226895651,0.24571390860377135,0.8765981251550519,0.5880672184624717,0.5950345320175094,0.26429990399574815,0.8687747981396616,0.15629274602925888,0.5675938210252272,0.4867602128795313,0.48835710854931774,0.16093259033376056,0.8324441048737146,0.4936830081576528,0.4934321020759306,0.1610030503131367,0.83234185601155,0.17951761287485155,0.4936942841817053,False,,,
V319L,missense,False,1.0,1.0,0.0,none,none,0.8996,1,32893267,1.0,1.0,,,0.5679346463360814,0.5643503254414498,0.25976245697600187,0.8417102299895154,0.5701997189127243,0.5769109051896972,0.2504743935781386,0.8523830171807336,0.15393239596956712,0.5523380012756266,0.5781463959934521,0.573015600512697,0.24233863897650232,0.855834008747006,0.579859721167686,0.5871807050952831,0.2755478691448865,0.8483661320603021,0.14730864010551786,0.5593890050728163,0.5699258637386935,0.5629937042344393,0.2415147677772488,0.8501904390882505,0.5752707690800406,0.5784762443294411,0.2570831503746366,0.8661191473534179,0.1563337175008039,0.5567945279555935,0.5087357125120241,0.5044106125936126,0.17473506584345438,0.8245388498114482,0.5158161561110637,0.5164177661489119,0.18481159507943748,0.8350481511266169,0.16901834380530473,0.5113112874234981,0.43454837165331284,0.43848983476530484,0.1437382710825709,0.7807096802647805,0.45070691226793097,0.4404661541117341,0.1384827400037886,0.8010228171133679,0.17281282581762195,0.460056705804914,False,,,
V334A,missense,False,1.0,1.0,0.0,none,none,0.9464,1,32893267,1.0,1.0,,,0.5679346463360814,0.5624528600977032,0.24377954680388242,0.8413452006805243,0.5649274937298625,0.5720994026449672,0.2599059297370824,0.843596507872055,0.1523629193150824,0.5484501760923773,0.5781463959934521,0.5699140339106638,0.24889512402603614,0.8497105117968209,0.5808508784589747,0.5921544872162899,0.251303042905635,0.86659615204456,0.15774023674847618,0.5606574474684232,0.5757551865098404,0.5675473720690761,0.2345099034725628,0.8655272280120727,0.577530896788351,0.5830898790333389,0.24046517965912953,0.8760033441146613,0.16063827525007449,0.5587087628359831,0.5087357125120241,0.5090437403141879,0.1882367360575664,0.8244311479528348,0.5187931205954601,0.5199059509017823,0.19637636202026398,0.8427980509352524,0.17106062348229625,0.5139246264328672,0.44087068978130795,0.4471139633290695,0.1472591913400421,0.7956249352032984,0.45520068778497735,0.4436687263357788,0.1664104358144946,0.7870122296264106,0.1657633258448803,0.46400644489535164,False,,,
V431_G434del,inframe_indel,False,1.0,1.0,0.0,none,none,,1,32893267,1.0,1.0,,,0.5679346463360814,0.5617423882351523,0.24342969708869827,0.8436875761686116,0.5667255826894703,0.5739219501038096,0.24468617299874476,0.8413121857300897,0.15302083733931338,0.5494581386485512,0.5781463959934521,0.5735419478724358,0.25056504105468974,0.8521016254202585,0.5770035564343944,0.5850289517334721,0.2531767053654231,0.8532091408300082,0.15409769425968922,0.5575518961991635,0.6732049630213349,0.6603128209217034,0.3051110976126967,0.9110066252226717,0.6661147329993765,0.6846403730592246,0.3154243811018056,0.9130124480207029,0.1555605898927065,0.6291706811426069,0.5087357125120241,0.5066843622947858,0.1741693840908638,0.832782908952975,0.517125789014526,0.5183887056166518,0.19550292640061584,0.8314906746335398,0.16315921731172156,0.5122982944534972,0.6316556472635034,0.6211366870011195,0.261850124654511,0.8903162637841295,0.6305910625053267,0.6453860638505482,0.2836455200441818,0.9040453520781392,0.16284731039693978,0.6032533121050155,False,,,
V431fs,frameshift,True,1.0,1.0,0.0,none,none,,1,16414944,1.0,1.0,,,0.5679346463360814,0.5660718312050141,0.25670265231363637,0.8549450455705325,0.5685166818748454,0.5763481212145221,0.2493779827010935,0.8591202163761668,0.15563919471235427,0.5511907748133529,0.5237340426211323,0.5231234633044338,0.20456462137040887,0.8287853728392106,0.5289632753737907,0.5354027183902548,0.20893442475242338,0.8329410893142175,0.1632203052800962,0.5207757365030775,0.5223540047669304,0.5177898505744222,0.18823170688617527,0.8359715222226309,0.5261173877707666,0.5276114455786058,0.19626099630671337,0.8410043016490798,0.16522343427146946,0.5190620106442736,0.4732838882927845,0.47401579373163377,0.15667014395015985,0.8108989573049042,0.48300382615810444,0.47651174968500976,0.16199340761235065,0.8151507366625765,0.17228825606066975,0.48578359327592674,0.4304742885235544,0.4366158347176967,0.1400812845869562,0.7840327111762309,0.44771308134010857,0.43959167532526444,0.14480643249760988,0.7852457015408804,0.16579900355137894,0.45774782799038966,False,,,
V524L,missense,False,0.0,1.0,0.0,none,none,0.8389,1,35932045,1.0,0.0,,,0.5679346463360814,0.5620113525565805,0.24523427817625812,0.8459351581664892,0.5260364132983832,0.5318334467241272,0.21568977918934887,0.8068824051032282,0.15219627070810085,0.5182273079881452,0.5781463959934521,0.5698498774657406,0.24798642389147746,0.8498213697762855,0.5360320800833421,0.5443091188375826,0.23238210907340487,0.8152992951662063,0.151388754420829,0.5256643199534521,0.5623029271881295,0.5559774827983014,0.23033617868366466,0.8489578745589196,0.5162924900118726,0.5233294434238595,0.1966240106880525,0.8045395565509638,0.15847706940306916,0.510792711930704,0.5087357125120241,0.5071574908879265,0.1876498214597595,0.8315322302787461,0.4733436936215544,0.47176526178198774,0.17094167854879747,0.7932225464691169,0.16442699836230415,0.4780239989666866,0.42641421429318094,0.43202045943497674,0.1372617391408314,0.7919496146450765,0.4001640767055028,0.39136288254780216,0.11784540517928374,0.7361469915575888,0.15894096435583424,0.4196683493350981,False,,,
V541I,missense,False,1.0,1.0,0.0,VUS,clinvar,0.8135,1,41013213,1.0,1.0,,,0.5679346463360814,0.5591247859056814,0.23448493959802588,0.8415909883551066,0.5711565472778813,0.5763000893087895,0.24646293878208606,0.8542089255710983,0.15519845184011083,0.5532973998348696,0.5781463959934521,0.5722861765730893,0.24357899652726425,0.856149183219466,0.5788576263582885,0.587930005460324,0.2589987836227959,0.8562215437348488,0.1562138750546365,0.5590375529612981,0.5590952166360359,0.5533013040473602,0.22610423617119532,0.8554842413340722,0.5618409354764624,0.5643564393253444,0.23842102907882667,0.8515619617023872,0.15693423653087576,0.5465444470632512,0.6070907159007526,0.5937359870087406,0.24674514495027083,0.8798129138916763,0.6080429192637842,0.6183427786287996,0.27165262778114263,0.888089643357656,0.1612358348376216,0.5835502483762713,0.6171775639733774,0.609524014715145,0.25624993625653614,0.8899131552608468,0.6139696493969998,0.626090727309389,0.2798487311536757,0.888415829199695,0.16189200536161352,0.5896614764680672,False,2.71244e-05,,
V554A,missense,False,1.0,1.0,0.0,none,none,0.9573,1,16414944,1.0,1.0,,,0.5679346463360814,0.563133753706096,0.23673023140707214,0.8494722394841399,0.5687189743354119,0.5767313598243398,0.2510391823017864,0.8538772784673467,0.15413157766617064,0.551142799820204,0.5781463959934521,0.5720678461960772,0.2501180331190695,0.8610092902494826,0.578536775947945,0.5838989423862593,0.26122193345425615,0.8540874314309185,0.15444265093395318,0.5588277179417234,0.5771061287586542,0.5681493732279589,0.2354742113192695,0.8598635228362638,0.5797835600515139,0.5841670868754516,0.25657309966215247,0.8654729913446356,0.1550443389234854,0.5604775639706204,0.5087357125120241,0.5071000547930309,0.18009232382282944,0.8350290281789907,0.5163258261663176,0.5173861314983113,0.19307072813792367,0.8428827147919847,0.1720980775446143,0.5118372281745992,0.4423483854678092,0.4491586521534372,0.14330483737930258,0.7979339406597394,0.4525947219459794,0.4446803223569814,0.14780961745014817,0.7947094970026312,0.1695096798570256,0.46183401364700666,False,,,
V554G,missense,False,0.0,1.0,0.0,none,none,0.8198,1,30758498,1.0,0.0,,,0.5679346463360814,0.5616698686179136,0.24589064300395821,0.8483329993381953,0.5238477644654458,0.5318744094444323,0.20645408562233705,0.8026628050391178,0.1536189107823472,0.5164486237162348,0.5781463959934521,0.5715713287175721,0.25465782325960096,0.8517097689506057,0.5328683274503585,0.5415193889633587,0.21503919106810468,0.8072596302027998,0.15118334351284063,0.5232008694341506,0.559891712936926,0.5502179417628427,0.21694659189242985,0.8469644710940032,0.5175426103929684,0.5236920635546944,0.19194972358435766,0.8193755846713253,0.15997128411371536,0.5118827947901088,0.5087357125120241,0.5020900029704137,0.17795395305689654,0.8306236655439815,0.4674527351925019,0.46737693398408797,0.15561623069826366,0.7894852393653011,0.16678195463478585,0.4732140151783165,0.42387304953857174,0.42945534424470816,0.13617467215213283,0.7684750314017235,0.40124215289230364,0.3920021306622318,0.11701252786150036,0.7326806376681795,0.16027241814640436,0.42058688156503116,False,,,
V554_G643del,inframe_indel,False,1.0,1.0,0.0,none,none,,1,32893267,1.0,1.0,,,0.5679346463360814,0.5640512987488563,0.2520535097269571,0.839700680520728,0.5700766789849591,0.5761314375411535,0.2493127580568907,0.8495073511419216,0.15197588923092648,0.5522858309573009,0.5781463959934521,0.5721984393680528,0.2504778888546618,0.8515141767051803,0.5779039348918144,0.5832472525267616,0.25759504693048146,0.8547296463878399,0.15295134968266166,0.5584136556261045,0.6732049630213349,0.6583110091653964,0.3000289368905993,0.9102345054327049,0.6634268915541713,0.6834779785618321,0.3053306141289381,0.9177913256610762,0.16103478191510878,0.6276295216439335,0.5087357125120241,0.5070680576577737,0.18318953321806236,0.8317929821341499,0.5195480655400218,0.5182513113054803,0.19314700280092484,0.8432862475417064,0.17022188750228628,0.5145580898933657,0.6316556472635034,0.6214761177303283,0.2639818589081883,0.9028898684097866,0.6252981612722028,0.6357637527061215,0.2681569799416522,0.9099458138045433,0.16588255778893832,0.59942222892736,False,,,
V554fs,frameshift,True,1.0,1.0,0.0,none,none,,1,32893267,1.0,1.0,,,0.5679346463360814,0.5636723943248164,0.24951488538851233,0.8493116883037434,0.567262399017603,0.5745995958835268,0.24191413952720822,0.8554653747254377,0.15630844757374926,0.5502012205210101,0.5237340426211323,0.5230253318478544,0.20402816293376905,0.8301653084717777,0.5295879315479498,0.5335415993083866,0.2120771632903854,0.827033284901531,0.16135542746979104,0.5213199288185983,0.5223540047669304,0.5217836393887032,0.20300735792457691,0.8319952044966564,0.5292218139888389,0.5354481613514619,0.19917908401731105,0.8354031333997686,0.1638309838346426,0.521304451999927,0.4732838882927845,0.4785625713984877,0.16355198327434398,0.8147580833180655,0.48330649324564684,0.4824230019247718,0.16227141190954575,0.8274658297847054,0.17226966318726908,0.4857798804354534,0.4304742885235544,0.43721158941623994,0.13636125707813426,0.7722998755179107,0.4412922183945495,0.432243255446055,0.14461234443483384,0.7809603378356049,0.16741693006535308,0.4527480352823644,False,,,
V576fs,frameshift,True,1.0,1.0,0.0,none,none,,1,32893267,1.0,1.0,,,0.5679346463360814,0.5661118867504252,0.24248725813240846,0.8501751273889683,0.5672108947750181,0.5714621845644319,0.2614869316297684,0.8510572635930472,0.15130812744985644,0.5502078396972792,0.5237340426211323,0.5217159281965735,0.20470394511150672,0.8249233209264414,0.5280481212298752,0.5304639752019839,0.19927055799792837,0.834892545048478,0.16551099440594913,0.5202634446462475,0.5223540047669304,0.5212908408949216,0.1914783999453853,0.8387571078171379,0.5242080176471414,0.526686676772745,0.20799477930192,0.8377990479960358,0.162746883361247,0.5175660446644391,0.4732838882927845,0.4727876429381157,0.14939825261070278,0.8099119027337719,0.48361412257241954,0.48409133137500465,0.16440142532643987,0.8140535808515733,0.17396417541586842,0.48617006044613437,0.4304742885235544,0.43944233462176463,0.13508728377707183,0.7825832384596935,0.44395784058778565,0.43540030599339685,0.13141569493893593,0.7884197344299658,0.1693845219932506,0.45478164151474754,False,,,
W120X,nonsense,True,0.0,1.0,0.0,P/LP,clinvar,,1,35932045,1.0,0.0,,,0.5679346463360814,0.56492018573068,0.24597078258990174,0.8520448120363485,0.5234891744269852,0.5303333598025312,0.21403141405332124,0.801879805193778,0.1528494893562125,0.5162233601371334,0.5237340426211323,0.5216747488244345,0.19521215080004944,0.8260418122279795,0.48831904221217837,0.4911394239404575,0.17189779722562418,0.7877719816363451,0.16079214691501034,0.4895114368722317,0.5223540047669304,0.5208639655769597,0.19793192501030957,0.831593326625515,0.4854040095943343,0.4868961558350189,0.17356004524892252,0.7908926078797607,0.16364985309912572,0.48716431956579276,0.5502375238083598,0.5472217511020288,0.20498188929285033,0.8484965066344613,0.5078732405526376,0.5117765049009007,0.1800188004549515,0.815158686678317,0.1646357022682764,0.5044265594859402,0.5567719733512766,0.5512207515726932,0.20935544337604833,0.8519185166283747,0.5115176094342249,0.5211303753353675,0.18772215703211595,0.8117949570700977,0.16302765856394083,0.5072738947022416,False,,,
W158fs,frameshift,True,1.0,1.0,0.0,none,none,,1,32893267,1.0,1.0,,,0.5679346463360814,0.5592640518083619,0.24571207116535215,0.8443165385814967,0.5684683668926628,0.5763422579807356,0.229625155378573,0.850695295638982,0.15775836021610212,0.5509794756331986,0.5237340426211323,0.5213117272913905,0.19875686278015342,0.8291558153670391,0.5310004025998404,0.5357376647676318,0.21141388929227306,0.8259854445140328,0.15754280251675862,0.522335800217031,0.5223540047669304,0.5181904875417338,0.18737502584223598,0.8370702934151822,0.5272630603685454,0.5296768062073676,0.20718773578224817,0.8415558908067239,0.16410375555184192,0.5199217122628241,0.4732838882927845,0.47126718326571154,0.157800069374026,0.8039466143919559,0.4857695881102822,0.48295654806718974,0.1656211700383521,0.8155899405462699,0.1730142674957351,0.4878154644086193,0.4304742885235544,0.43629973372875924,0.1353311969535889,0.7715957657301324,0.4413947316573783,0.43281142966131636,0.14443602080740514,0.7808979263900719,0.1676580239632958,0.45270795239393696,False,,,
W15X,nonsense,True,1.0,1.0,0.0,P/LP,clinvar,,1,41691970,1.0,1.0,,,0.5679346463360814,0.5616854954944857,0.24639486822453008,0.8443171346066661,0.5670761260368417,0.5757788897405594,0.23414864730468832,0.8467221657617539,0.15625848904379053,0.5498366519109102,0.5237340426211323,0.5257392120230009,0.20150032696994802,0.8318189562940412,0.5291590818227585,0.531498601815289,0.20491116605685802,0.8283589032073834,0.15891452316120963,0.5211257659707026,0.5223540047669304,0.5222073396864858,0.18779193649575393,0.8352423852492604,0.5254612373534043,0.5306773559556022,0.19804754664937377,0.8367778085408969,0.16715772676291782,0.518419954969428,0.5502375238083598,0.5445823686649885,0.20448050110595606,0.8502508482910547,0.5545678250272172,0.560326204849454,0.21768404865141647,0.8473407810291375,0.16585062423192853,0.5412451636480285,0.5567719733512766,0.5537951373752181,0.2216620677815771,0.8519101482962484,0.5591099294687144,0.565325204552439,0.21906255528518442,0.8645025112770308,0.16890556749875565,0.5457132826647949,False,0.0,,
W188X,nonsense,True,1.0,1.0,0.0,P/LP,clinvar,,1,39786967,1.0,1.0,,,0.5679346463360814,0.5625932190005881,0.25231852248659686,0.8527706754681716,0.5691714650333362,0.5782811012581026,0.24375531472860668,0.8547903562521137,0.15542897739294517,0.5515468170797722,0.5237340426211323,0.5203944319142959,0.19209914130738137,0.8346997511085965,0.5279947286560196,0.5296188623749452,0.20513413970741143,0.8325232851592994,0.16526960689420958,0.5201274522962467,0.5223540047669304,0.5196336469196491,0.19333584732211948,0.8328256786942432,0.529270342378274,0.5308820286659012,0.19336561104622813,0.8451281685632142,0.16930205870834095,0.5215792668091983,0.5502375238083598,0.5482635338846414,0.19845800746228368,0.8497834763174927,0.5553313500277759,0.5632606328855063,0.2268863200799294,0.8567917361441295,0.16406899669756844,0.5419008161801999,0.5567719733512766,0.5520919054258594,0.20600518351243416,0.8536255510474311,0.5572113709238884,0.5628352005529077,0.2294262269615144,0.8591583111776986,0.16476334030082881,0.5441740345324666,False,,,
W248X,nonsense,True,1.0,1.0,0.0,P/LP,clinvar,,1,32681117,1.0,1.0,,,0.5679346463360814,0.5650574645333919,0.24360623781237403,0.851513374215716,0.5655089892177511,0.5709052848413798,0.2401641175006312,0.8514803785955596,0.15544020064416275,0.5488389882798841,0.5237340426211323,0.52101204670849,0.19851751310204327,0.8239107987547863,0.5294106255057557,0.5318962109622696,0.19963553237361534,0.8400737409037752,0.16699029347764802,0.5215829240227812,0.5223540047669304,0.520001215058375,0.18246304325122362,0.8379072008109755,0.5265100238311294,0.530607435849189,0.20360034225536897,0.8365316700209926,0.16378064174293944,0.5192057833625079,0.5502375238083598,0.5464801409202564,0.2109399216627055,0.8463696673031382,0.5532067323691269,0.5639985290813856,0.21717816209636276,0.8568571188435042,0.16683939014881244,0.5402641190709556,0.5567719733512766,0.5540735275075481,0.2132127912018508,0.8532766855639784,0.5603358645538453,0.5664583340624073,0.2138523657990197,0.8730362123666576,0.16813286714232598,0.5468354425832177,False,,,
W392ins,inframe_indel,False,1.0,1.0,0.0,none,none,,1,19841300,1.0,1.0,,,0.5679346463360814,0.5655287531799909,0.2460397203270234,0.853881509603603,0.5684875155593908,0.5789996460998839,0.2483238821724051,0.8485434590842011,0.15395305354251634,0.5509617812492996,0.5781463959934521,0.5713718345456432,0.2544396217912874,0.8478102621204189,0.5766389346394434,0.5860440303225255,0.2624244512451918,0.8451528847643579,0.1518165213075193,0.5571626068832282,0.6732049630213349,0.6600809121984514,0.2940682833864428,0.9163198782005296,0.6661666632254329,0.6859449423569581,0.3062297397173729,0.9201890795288024,0.15985668807404577,0.6296931568525095,0.5087357125120241,0.5072981245593322,0.1769890366189051,0.831619073286717,0.5180119918658022,0.5188987024315128,0.19028301785223575,0.8299468706961086,0.1665318320225773,0.513003845571967,0.6316556472635034,0.6213374075843282,0.26312879363297575,0.8991824148021871,0.6273825297708169,0.643455878750913,0.2599282649106362,0.899685421463624,0.16309997174870214,0.6006070312153848,False,,,
Y184C,missense,False,1.0,1.0,0.0,none,none,0.9982,1,26496715,1.0,1.0,,,0.5679346463360814,0.5607744433759966,0.24044202969111636,0.8458703897337523,0.5680018293816138,0.5740577222162454,0.25072797303494015,0.8565436589957949,0.15371185841475546,0.55074148438248,0.5781463959934521,0.5705147335354063,0.2553711115329317,0.8531271290504582,0.5787286780902681,0.5856986949663512,0.25824924404042715,0.8515874970499749,0.15130689467720138,0.5587551347269091,0.5821505493240293,0.5726541244534856,0.24465942629359616,0.8596728018681292,0.5806143180145147,0.5885480520435828,0.2510379720467407,0.8678256627757158,0.15816228679426936,0.5611769517991536,0.5087357125120241,0.5091441359506904,0.18648696700732348,0.8351490125819079,0.5168544316051832,0.5158966652519432,0.19086153204940434,0.8372437588888199,0.1703499914310524,0.5123118159816727,0.44790727021147225,0.45145589654076645,0.14901709587577883,0.7963778899138697,0.46094149527190054,0.45564344554086605,0.15488797010876454,0.792173168856895,0.168825406487269,0.4682242665144455,False,,,
Y184D,missense,False,1.0,1.0,0.0,P/LP,clinvar,0.9952,1,32893267,1.0,1.0,,,0.5679346463360814,0.5600329728552635,0.23942159249253572,0.8540506765673712,0.5688090310480346,0.5749619003464086,0.2440762587926014,0.8566790705555257,0.15414639376180717,0.5514163521885149,0.5781463959934521,0.5698917409060742,0.2420881982272588,0.8538242797748081,0.5787004988529835,0.5869556372214499,0.2671043195610217,0.8459010082233498,0.15088636081560536,0.5586592715723592,0.5817819208661293,0.5692961350367269,0.23695965961988427,0.8612443575780612,0.5804257713625994,0.5889358436664549,0.24867724245935366,0.8689265565846515,0.15869417662850438,0.560874571503033,0.5863641348225075,0.5776581361014719,0.24637352043141442,0.8723741738432269,0.5852995784363073,0.5939906964163322,0.25786554528237293,0.862868513677696,0.15533818852375952,0.5652365000535153,0.5747103384736971,0.5680592673067435,0.24077070803318204,0.8573592415724559,0.5716428634107342,0.5791999737732114,0.23747064648656038,0.8547197471122332,0.15663254690046602,0.5553056944552225,False,,,
Y184X,nonsense,True,1.0,1.0,0.0,none,none,,1,40313678,1.0,1.0,,,0.5679346463360814,0.5618126553926939,0.23840072932395115,0.8477235912169494,0.5697210701746982,0.5759334634414659,0.25419145026068113,0.84595058375501,0.15136399072419723,0.5519216310364253,0.5237340426211323,0.5219358614767363,0.19867596782744049,0.8306806431773158,0.5304267333112611,0.5339424474061734,0.2205856296227234,0.8265943354803087,0.1604311001748672,0.5221650733075477,0.5223540047669304,0.5209177219550708,0.18771594421568893,0.8337559592643703,0.5223141760477281,0.5284539143979596,0.19817588525117066,0.826129387622582,0.16110866063875026,0.515810846689806,0.4732838882927845,0.4732213362786774,0.16028665202595482,0.8107474638715473,0.4869697442800083,0.4839047124033057,0.17047393099436092,0.8178683952997361,0.1719599981928933,0.48868403224491347,0.4304742885235544,0.43380906560185206,0.1374079842817472,0.7838159178683047,0.44332174438503347,0.4326457078820841,0.13326506044529315,0.7923397906768448,0.16901978451793254,0.4545512849753416,False,,,
Y278H,missense,False,1.0,1.0,0.0,none,none,0.9937,1,15466642,1.0,1.0,,,0.5679346463360814,0.566757912748076,0.25229955003977445,0.8454180490520653,0.5692885207329371,0.5739041695794065,0.2616670355203122,0.8452392342585198,0.15006288274473248,0.5516346697745937,0.5781463959934521,0.5709257033950973,0.2602794085969435,0.8617867038913715,0.5798989850510271,0.5874937825999835,0.2557694412978866,0.8625672524550151,0.15778791843145012,0.5599728070599788,0.5815975225730924,0.5705258765314624,0.24096579229374407,0.8544231311525013,0.5766578287730002,0.5822746098653993,0.25048457035290184,0.8581093163707901,0.1547820331082521,0.5579978717547539,0.5087357125120241,0.5099267311997386,0.18739015955063673,0.829202434210125,0.5122271289036678,0.5087886327553819,0.18445023220071385,0.8329250361163236,0.16873107774596593,0.5086675287959674,0.4472946893586376,0.45326616176557516,0.14468649694033087,0.8005022498779464,0.4610686481039339,0.4521604486203378,0.1611174906129618,0.7983589489809525,0.16583226126107858,0.46864501137428993,False,,,
Y315F,missense,False,1.0,1.0,0.0,P/LP,clinvar,0.7814,1,22949429,1.0,1.0,,,0.5679346463360814,0.5609702577876055,0.2518869829580282,0.844551763735102,0.5685717052045809,0.574165337265331,0.24393783570579786,0.8475343493466367,0.15459852221115747,0.5510408098212455,0.5781463959934521,0.5730143103602324,0.24740960980403903,0.8488831717486186,0.5807629153293541,0.5874558417948174,0.2659302260295525,0.8588396107469308,0.15216316073924824,0.5605559016818085,0.5550285905219592,0.5491249867088838,0.23043300398314828,0.8449624946785685,0.5604030960934515,0.5635022177689601,0.23784128693727086,0.8573322013985416,0.15856209683272315,0.5453615505570165,0.5863641348225075,0.5785642030008529,0.24919353232613586,0.8636376074895712,0.5895540774114085,0.600978282960733,0.24795615445560176,0.8782685398939951,0.1637983127434709,0.5689342504249558,0.5453325065924487,0.5406077630709717,0.2218960183639089,0.8388608804064104,0.5525827625586176,0.554919839469719,0.22746964260001248,0.8511479412277427,0.1597323086603498,0.5402516268371255,False,6.5735e-06,,
Y51fs,frameshift,True,1.0,1.0,0.0,none,none,,1,32893267,1.0,1.0,,,0.5679346463360814,0.5655028439426607,0.2457568512285989,0.8541649119221065,0.5683411737119112,0.5737533742645011,0.2571393203957283,0.8488485634298416,0.15162691955790436,0.5509994213330044,0.5237340426211323,0.5241402130705083,0.19820596668968607,0.8295012070256447,0.5286173852500111,0.5328639141187979,0.1913485028942286,0.8428725618437128,0.16686090963204028,0.5207308053737291,0.5223540047669304,0.5207186909003396,0.19821165854428893,0.8279031063447239,0.5253863155018905,0.5300862422950742,0.20611408937145972,0.8349536422663342,0.1635289546794175,0.5183554396482544,0.4732838882927845,0.47535334349091,0.15655053537415833,0.81670053073609,0.4855760294312851,0.4833966136014512,0.16303660246578036,0.832070658695311,0.17297458565075433,0.48781058538314037,0.4304742885235544,0.43217527617424883,0.1397318973227113,0.7726226864177309,0.4441943621985138,0.4373358372143016,0.1383098161744888,0.7848034829238548,0.16860904447086172,0.45499829419968324,False,,,
Y522X,nonsense,True,1.0,1.0,0.0,P/LP,clinvar,,1,24667783,1.0,1.0,,,0.5679346463360814,0.5596435298752249,0.24550801952341833,0.8453714972723243,0.5675512886788765,0.5756612058876469,0.23674215581245545,0.8514965901926163,0.15795719152804916,0.5505688435796365,0.5237340426211323,0.522318988558306,0.1996377537618101,0.8284922182743695,0.5295081963162658,0.53815111361317,0.21121969863868614,0.8253863376101965,0.16032697552850855,0.5213862791875115,0.5223540047669304,0.5163696018933759,0.18741210944569942,0.8336822370086352,0.5298633309453118,0.5333981812058748,0.19472010092603595,0.8431659747846622,0.16967842281585485,0.5218662275988449,0.5502375238083598,0.5447485607442935,0.20438782807760864,0.8561134953222846,0.5546974224997339,0.5619155580698534,0.2003060932018211,0.8690324788438532,0.1731169025965289,0.5415138421837855,0.5567719733512766,0.548584807653275,0.21302899161772926,0.8496492633275696,0.5581318752010316,0.564246733824016,0.1965442779012533,0.8612066554683594,0.16809538965362666,0.5447744785558822,False,,,
c.1018C>T,substitution_cdna,False,1.0,1.0,0.0,none,none,,1,24606995,1.0,1.0,,,0.5679346463360814,0.5620723497232561,0.24995270756475146,0.8403331074989175,0.5685073967949071,0.5739077074966441,0.2587417049048263,0.8513185141556353,0.1507256608293008,0.5511220463699048,0.5781463959934521,0.5734929194498075,0.2574581947893474,0.8518792877287003,0.5776802318917277,0.5829412695352322,0.26000278945166766,0.8570816203023567,0.15331959548043778,0.5580817878916897,0.6732049630213349,0.6568876172737437,0.28833902084450896,0.9167793236008901,0.6676230742217341,0.6872245578010279,0.3152142095728635,0.916066068453602,0.15501546782281014,0.6303569986722006,0.5087357125120241,0.5067077679205757,0.182959665064171,0.8283894103475691,0.519306199150839,0.5195093410446272,0.19869956776209372,0.8417718047957818,0.16910239704996965,0.5143199224711685,0.6316556472635034,0.62183893366838,0.2574720677738507,0.8964695459610325,0.628216142633646,0.6428470846489976,0.2767706856895701,0.8967876862612003,0.16329047202461544,0.6013781552540349,False,,,
c.1032C>A,substitution_cdna,False,1.0,1.0,0.0,none,none,,1,31378668,1.0,1.0,,,0.5679346463360814,0.5593819850392339,0.2445671873923528,0.8413438280410253,0.5666749841797113,0.5727109943387174,0.25956302799882663,0.8494020750196424,0.15051022311904774,0.5494854322079555,0.5781463959934521,0.5713531519342858,0.24917171384957174,0.8582600407036175,0.5808491895295277,0.5921157907426884,0.25246309572240233,0.8693175952033726,0.15727468023912516,0.5607278852796213,0.6732049630213349,0.6589997925761548,0.30705530647122115,0.9165316123353506,0.6648295966822839,0.6862763139414247,0.31362288339132594,0.9136196695484505,0.15695588399003818,0.6280535027577201,0.5087357125120241,0.5058489392731478,0.18758717542200679,0.837696303327514,0.5116542294104719,0.5134608203556474,0.17964834977229643,0.8343230545843946,0.1733606509953589,0.5080678589424255,0.6316556472635034,0.6203131766007818,0.26672918517381033,0.8998948902861116,0.6295666430762972,0.6462957676717171,0.2699099572704575,0.9055699859410952,0.1647868106876963,0.602613141180847,False,,,
c.1032G>T,substitution_cdna,False,1.0,1.0,0.0,P/LP,clinvar,,1,32893267,1.0,1.0,,,0.5679346463360814,0.5640061033554791,0.24839218169122682,0.8443194022957362,0.5692884912282146,0.5746454781328147,0.24296712582585345,0.8657588207821282,0.1578020376289394,0.5518387909369684,0.5781463959934521,0.5692605331488538,0.25008293569862416,0.8436107473316942,0.5750076799021289,0.5837961058099239,0.25188313867174617,0.8553936053855555,0.15675285907716086,0.5560665136315615,0.6732049630213349,0.6592254134253006,0.30160108251010587,0.9168559295955666,0.662978149323571,0.6848724094334444,0.2929608052023268,0.9157226931237539,0.16311088502078552,0.6271087024381844,0.5863641348225075,0.5803121270851753,0.24365142197545278,0.8618250892187946,0.5839354428402226,0.5906966333160699,0.2401964385245979,0.8699877003991167,0.1606216775586594,0.5645088459569433,0.7378165423451553,0.7259434463826434,0.3691425774884299,0.9348660974158065,0.7259489577277108,0.7521522165844372,0.3632519224519766,0.9391187851167252,0.1493072231850868,0.6836888836006625,False,,,
c.1033-1G>C,splice,True,1.0,1.0,0.0,none,none,,1,23098067,1.0,1.0,,,0.5679346463360814,0.5646018659923998,0.24945239943832012,0.8447561922817884,0.5685433306294765,0.5730803777308737,0.2561197590178403,0.8507492263461663,0.15498412168698222,0.5511255347971047,0.5237340426211323,0.52126245331791,0.19998586796171103,0.8195042695648732,0.5277526157955291,0.5324493378653574,0.2037976591901357,0.8296747334082855,0.16261880015365213,0.5199749673752849,0.5223540047669304,0.5179572108077817,0.19031217512023102,0.8316111839760488,0.5297548101107196,0.5316015265999401,0.20597552868609895,0.8470737629215173,0.16840394457168514,0.5219242659322467,0.4732838882927845,0.4794372332827625,0.16257929499150975,0.814441721409031,0.48220305569922534,0.48185174068886405,0.15968300833852728,0.8165126826013538,0.17222938418508274,0.4851294087990755,0.4304742885235544,0.4361931403130908,0.1401729079905915,0.7775280373433188,0.4425265902339731,0.42982926869231036,0.14614523621528852,0.7906998377055461,0.1694127157892323,0.45369991388476666,False,,,
c.1078G>T,substitution_cdna,False,1.0,1.0,0.0,none,none,,1,36480497,1.0,1.0,,,0.5679346463360814,0.5606281906847735,0.24414966996423418,0.8398428406853113,0.5684085748508798,0.5739644050951558,0.2507489204780671,0.8506042277904435,0.15260938416026096,0.5509773766475095,0.5781463959934521,0.572764051549419,0.2579454115488864,0.8563965658130266,0.5773184115220217,0.5856232903640567,0.25994036428994943,0.851227637597294,0.15207565609872906,0.5578116233104593,0.6732049630213349,0.6597813656494937,0.30761207894593673,0.9101095112309242,0.6648980726715292,0.6864356999766523,0.2900019245893053,0.9193693470535993,0.1629631047195674,0.6288571820733359,0.5087357125120241,0.5031968327728045,0.1745242826746042,0.8378026883918124,0.5165346185638727,0.5211395412342433,0.19160786236620928,0.8351703818431946,0.17261765324919465,0.512043143392843,0.6316556472635034,0.618595620089273,0.26267752094600283,0.8975506450888376,0.6289664819447143,0.6448969019432516,0.2816658058591832,0.898727000416321,0.1646496580401068,0.6021040037931459,False,,,
c.10820C>G,substitution_cdna,False,1.0,1.0,0.0,none,none,,1,36480497,1.0,1.0,,,0.5679346463360814,0.5603471249915875,0.23963409486868897,0.8490241068515267,0.5693559390755054,0.5751478256236189,0.25715467532782316,0.8479476709931031,0.15354636966681462,0.551761458079449,0.5781463959934521,0.5713198380666386,0.24657569726182535,0.8546180121656606,0.5765431809630525,0.5847406079332207,0.26253825219997323,0.8674795418731949,0.1554022225408135,0.5575329817278306,0.6732049630213349,0.6607682464799185,0.310152828666441,0.9100364221927709,0.6652690339942949,0.6866208168351817,0.3177998587299933,0.9128854044227366,0.15612916025313087,0.6284438241608291,0.5087357125120241,0.5104910288218085,0.18477204516127363,0.8349657738087711,0.517290526925989,0.5161954998020752,0.18357338573589946,0.8407197810418994,0.17385736707695768,0.5125728229488993,0.6316556472635034,0.6244697457446248,0.2659067967875684,0.8946248436217991,0.6284276083332067,0.6436641036326503,0.2868730832648113,0.9001360524266829,0.16272139071705044,0.6014488421637445,False,,,
c.11765A>G,substitution_cdna,False,1.0,1.0,0.0,none,none,,1,36480497,1.0,1.0,,,0.5679346463360814,0.5590405869171903,0.2554574123045112,0.8398962824387997,0.5692319421964636,0.5747731645660334,0.259130725755509,0.8445355609332127,0.1480799183951442,0.551377605790296,0.5781463959934521,0.5719274926372494,0.25532852571208714,0.8411945301795414,0.5764559238741438,0.5832811649821636,0.2520516869152758,0.8515996573337287,0.1537873767009729,0.5569952575170819,0.6732049630213349,0.6599336069795527,0.29684619439849497,0.9107633405699739,0.664856658467326,0.6837376669298234,0.316321176091339,0.9154560609538048,0.1578983137397701,0.62840628033839,0.5087357125120241,0.512751291269148,0.17266876641412246,0.8380115232218394,0.5154838717069016,0.516653665999618,0.19039035890404885,0.8426000408932696,0.17048072785374416,0.51146287347236,0.6316556472635034,0.6192755319134464,0.2638327205566427,0.8920307232387815,0.628599918828468,0.6432564883096936,0.27201781347069465,0.8966205178107007,0.1633782174630637,0.6015798343095926,False,,,
c.11995A>G,substitution_cdna,False,1.0,1.0,0.0,none,none,,1,29071820,1.0,1.0,,,0.5679346463360814,0.5617497293931537,0.23932706456942757,0.848961031493789,0.5722248571620916,0.578022884535577,0.2516824668626538,0.8514562653711983,0.15218018634905287,0.553990301278536,0.5781463959934521,0.5745920991593719,0.25513337798830094,0.8566051134855243,0.5793476988429942,0.5868108185517309,0.25848028701414527,0.8610718223951725,0.1553540879939596,0.5595281611835766,0.6732049630213349,0.661552128217789,0.3120888077696113,0.9152835921712046,0.6712228977350181,0.691162416415657,0.30197114059593605,0.9195566645115023,0.15889315416439637,0.6337639303404013,0.5087357125120241,0.5087963875326069,0.18570089076305837,0.8345270697592819,0.5157699030589665,0.514095132500079,0.2046906693797351,0.8317558731244813,0.1670723616901938,0.5113878046735242,0.6316556472635034,0.6188664610304105,0.27266292992947444,0.8953667066415241,0.6295442589978886,0.6439121999658726,0.27001390961258487,0.8976511262526004,0.16326689381243276,0.6025302544865988,False,,,
c.12001G>T,substitution_cdna,False,1.0,1.0,0.0,none,none,,1,36480497,1.0,1.0,,,0.5679346463360814,0.5640916266689951,0.23429716909634327,0.8452964133994477,0.5715314595635699,0.5767474788192364,0.25149925481615165,0.849878359744581,0.15465804863506938,0.5534414630774896,0.5781463959934521,0.5714854804274757,0.24978515129310241,0.8502823327845941,0.5768730455284579,0.5859224339005917,0.25992032975829926,0.8538651374277916,0.15439924490990178,0.5574493479060054,0.6732049630213349,0.6577858528862125,0.3032868086893163,0.9160241809654902,0.663122070289824,0.6800523962639213,0.3022271989817383,0.9208637710245448,0.1606456071161082,0.6272396010828908,0.5087357125120241,0.5065299233645321,0.17131578839738498,0.8305168444099835,0.5155796930738861,0.5184469296511119,0.1932801215950138,0.8308004414139628,0.1682417514311059,0.5111607932223938,0.6316556472635034,0.6209923203849328,0.2786856717111485,0.8902121833335215,0.6287022433632705,0.6482903634082171,0.27839170599565105,0.8980233663780638,0.1630413800861157,0.601527254717648,False,,,
c.1231G>A,substitution_cdna,False,1.0,1.0,0.0,none,none,,1,24606995,1.0,1.0,,,0.5679346463360814,0.5595657790509517,0.23489734138175794,0.8410951329649771,0.5679022227472325,0.5765956792878812,0.2514200874014528,0.8476499451565942,0.15167404263373205,0.5505308409264871,0.5781463959934521,0.5703441293233118,0.25078416284288274,0.8537646055280329,0.5779003169911022,0.5847586408694263,0.2567804519846818,0.8541115738554058,0.15524484096715496,0.5582232351379425,0.6732049630213349,0.6572836296919393,0.3024374754753981,0.9143275136904326,0.6639993634414753,0.6821498944709932,0.30959195328802114,0.9155430207061478,0.1571049799194799,0.6276061478920761,0.5087357125120241,0.5107933070974363,0.17629371834418867,0.8384675138330102,0.5142998878330021,0.5106529758052651,0.19142558222412479,0.8304625011588688,0.1696879726709769,0.5103227091185296,0.6316556472635034,0.6208596401522619,0.2618815502194039,0.8967939980513717,0.6281868087534184,0.6423986948169798,0.27115118060239696,0.9056502552047532,0.16391677753360623,0.6014192594570974,False,,,
c.1251+2T>C,splice,True,1.0,1.0,0.0,P/LP,clinvar,,1,26496715,1.0,1.0,,,0.5679346463360814,0.5612790029301068,0.24453150639031299,0.8378526702612974,0.5678965875372095,0.5737146962625698,0.2432441877737569,0.8486023188285725,0.15240567597319368,0.5504819858098444,0.5237340426211323,0.5218021167036057,0.19963723326821406,0.8225300171155522,0.5263060703874408,0.5306677818777152,0.20924188316571904,0.8313362725444987,0.1607426311389808,0.5189790351801727,0.5223540047669304,0.5240649452178282,0.19947003864625162,0.8405366667609575,0.529518271368561,0.5335667363841858,0.19474831373562668,0.8445392407893645,0.16677243780039372,0.5214369890094921,0.5502375238083598,0.5496898096109427,0.21138437811728975,0.8561593672200928,0.5563019477292577,0.5605876170825146,0.22289971273729922,0.8556563227054189,0.16536244899423475,0.5428465823082756,0.5567719733512766,0.5555737089572511,0.2167474995860766,0.8559850947321003,0.5589694680834977,0.5646484597791894,0.239200136744088,0.858006220180888,0.16230068953251442,0.5453589105873357,False,,,
c.1252-1G>A,splice,True,1.0,1.0,0.0,P/LP,clinvar,,1,32893267,1.0,1.0,,,0.5679346463360814,0.5627488889103994,0.24999685263222324,0.8497633211340506,0.570064570864891,0.574715880732708,0.2626924465189884,0.8478317057489891,0.15012027457270197,0.5522229028075248,0.5237340426211323,0.5214088978162718,0.20303807731832274,0.8335263511703781,0.5319508353280995,0.5363992413249401,0.20535033909276768,0.8341703163224344,0.16473482464144523,0.5234456796133914,0.5223540047669304,0.5253201634588904,0.2112352627912964,0.8247029142450614,0.5271376589256066,0.5272860965800862,0.2022870389274023,0.837382422057867,0.16412044508705806,0.5196793949525114,0.5502375238083598,0.5443519230496101,0.2086056659019151,0.8579782905978941,0.5529430222365547,0.562337568796289,0.2037751984204296,0.8634902254221892,0.17115674306357878,0.5400669936703381,0.5567719733512766,0.5519529882440664,0.22416155574042704,0.8576600561568788,0.5606789766038198,0.5680344095811585,0.22485704853692695,0.8529087216331207,0.1632247387026906,0.5466497700214135,False,,,
c.1356delG,indel_cdna,False,1.0,1.0,0.0,none,none,,1,30942114,1.0,1.0,,,0.5679346463360814,0.5598024558389993,0.24393030288027862,0.8392080317884489,0.5708986682745117,0.5792434597072873,0.2501587170259599,0.8492214674463242,0.15371346709353037,0.5528054966390025,0.5781463959934521,0.5694592450881165,0.24780351008414978,0.8536792621647754,0.5772330831857725,0.5875810698434087,0.2618995917310219,0.8581041254303687,0.15488124204225537,0.5578898766632189,0.6732049630213349,0.6612659964303569,0.31466984338961623,0.9185009157014508,0.6664511468463448,0.6884037470855,0.30898452164710666,0.922557431228668,0.15805873512572485,0.6297724817477669,0.5087357125120241,0.5079352206992771,0.1768309503865932,0.8273766841305087,0.5190427129963986,0.515121624205046,0.20038963023187253,0.8308721854371325,0.1658423564568604,0.5140264906235337,0.6316556472635034,0.6223559219790225,0.2561054082717665,0.90125675058135,0.6289722438501838,0.6457442000026481,0.2842438815055372,0.9013368980669166,0.16305226657329513,0.6020343719194652,False,,,
c.1394-1G>T,splice,True,0.0,1.0,0.0,P/LP,clinvar,,1,34135346,1.0,0.0,,,0.5679346463360814,0.5614251093090225,0.2480143252036194,0.8392849456681566,0.5236733635271482,0.5299949796291068,0.21365790734910703,0.8084780795521388,0.14998431218108302,0.5163172828505834,0.5237340426211323,0.5251470639858602,0.20020519111175958,0.8347530518820716,0.4846304500861041,0.48736316772244603,0.1725175636579702,0.8012181337352585,0.1623055385345842,0.486813361516704,0.5223540047669304,0.5209013464200807,0.2035660016933755,0.832960195321786,0.4830823438148448,0.4856791967189549,0.16639952113876832,0.7939728261311274,0.16211600894386033,0.4853553647067918,0.5502375238083598,0.5447022861183991,0.19594705808557494,0.851529095231742,0.5087014604413939,0.5150767473237281,0.17423708103907834,0.825870212264286,0.1690709807946215,0.5051578674897789,0.5567719733512766,0.5548434928142951,0.21423482532192306,0.8508407281917864,0.5099768010200796,0.5144906092909414,0.1934986683430405,0.8058222690517103,0.16262492106125548,0.5062458064617252,False,3.557126771893773e-05,,
c.1534delG,indel_cdna,False,1.0,1.0,0.0,none,none,,1,30942114,1.0,1.0,,,0.5679346463360814,0.5621324816436621,0.25068387912664897,0.8425773411146837,0.5678520978867172,0.5733505989359309,0.2571390327198857,0.8481040803907783,0.15060258708374666,0.5504886302722015,0.5781463959934521,0.5736008698907719,0.247229274845007,0.8460923069488246,0.5746240564375799,0.5818203363101901,0.2562169494781783,0.8495701773738489,0.15259539829330268,0.5556249664626894,0.6732049630213349,0.6612011011219847,0.30326204300064064,0.9172274385477587,0.6654238938519997,0.6831361614470767,0.3107956627619383,0.9238857088354616,0.15848696834846954,0.6288937039542106,0.5087357125120241,0.502796239692377,0.1827256577257294,0.8264679496796251,0.5148374018880898,0.5121647868803267,0.19041541449619165,0.844489616617962,0.17076621262650954,0.5110204995835198,0.6316556472635034,0.6197544219299765,0.27228480597084226,0.9010208571876807,0.6234720647871008,0.6389829999437984,0.2656839344136993,0.9042006870576612,0.1669448434729589,0.5976310852259621,False,,,
c.1590+1G>A,splice,True,0.0,1.0,0.0,P/LP,clinvar,,1,34135346,1.0,0.0,,,0.5679346463360814,0.5609079780063688,0.2516328284973104,0.8391298385924248,0.5242279029937663,0.5311783157083594,0.2047313406653269,0.8082869875516572,0.1512149523541392,0.516997848832583,0.5237340426211323,0.5226691228314813,0.1946207681801635,0.8266319879536026,0.4852774278642589,0.48847378065460656,0.1745263893312296,0.7924114810533314,0.16012339741780143,0.4873498255620321,0.5223540047669304,0.5196698909537929,0.1880801211155871,0.8265709006134566,0.48612999770411586,0.4891900448489115,0.17126031506685369,0.7970395926143595,0.16452168798324585,0.48778938482549333,0.5502375238083598,0.5490780083804099,0.20604431586409594,0.8538755461723472,0.5049616421829755,0.5100029143091814,0.1696149289245706,0.8147042949378841,0.16896479805474376,0.5022279980580102,0.5567719733512766,0.5539342151468941,0.21504301218319874,0.852224536970608,0.5102544585140502,0.5133122261062933,0.18488425616193327,0.8043933515114197,0.1631559416789201,0.5062714722611313,False,,,
c.1590+31A>T,splice,True,1.0,1.0,0.0,B/LB,clinvar,,1,23651960,1.0,1.0,,,0.5679346463360814,0.5596635596038604,0.24259468394107742,0.8422250013702413,0.5687210012363465,0.5762344734089366,0.2548394956938139,0.8490677690745275,0.1540092061432778,0.5512691784883916,0.5237340426211323,0.5211352072661178,0.1954969438260181,0.8231755956673751,0.5281618061853122,0.5277744614598011,0.20874916551793435,0.8295740070995471,0.1621097543390856,0.520375561353801,0.5223540047669304,0.5201359041899047,0.19660236667116596,0.8363124833464296,0.5311874100168444,0.5373577575246876,0.19747360936582978,0.8486387640887642,0.16726492886186706,0.5227891713067894,0.34461647445959065,0.35299412939991265,0.054907731470755505,0.7739173937212961,0.3634723386134657,0.34084685207135645,0.060087102878915576,0.7918983531230348,0.19675155994121002,0.38739546120108465,0.3857459497056894,0.3968795059204437,0.07732739733382218,0.8109691412988055,0.40349816823394524,0.38288725427273507,0.07415546851124617,0.8301454478852792,0.20529145213804562,0.4195098111158632,False,,,
c.1632C>A,substitution_cdna,False,1.0,1.0,0.0,none,none,,1,15192825,1.0,1.0,,,0.5679346463360814,0.5602629837317046,0.24645426108509585,0.8411356404165274,0.5675134623759914,0.5740466653322198,0.24903519701956792,0.8578245230177418,0.15558681645871733,0.5503912507173438,0.5781463959934521,0.5722361108948637,0.2426925505810251,0.8477403397231426,0.5771346028395606,0.5824764904164269,0.25080427878280087,0.8619525532384155,0.1548415125160248,0.5577457037764014,0.6732049630213349,0.6578311895539807,0.2966142635316407,0.9161373425455948,0.6683430134909398,0.688615722989868,0.3198095004951215,0.913619900580018,0.15655119249298005,0.6311779210126988,0.5087357125120241,0.5055395274583416,0.18058073136696853,0.8284735371264165,0.5198514294858853,0.5200095595566363,0.19228218637265995,0.836711419638512,0.16905558288022213,0.5145628275649334,0.6316556472635034,0.6176815212775023,0.24667086944588906,0.89509649421692,0.6253652142576092,0.6416277855198542,0.274637522602242,0.8995982057563984,0.16570909817653245,0.5992571465630312,False,,,
c.1682-2A>G,splice,True,1.0,1.0,0.0,none,none,,1,27485560,1.0,1.0,,,0.5679346463360814,0.5600309623816482,0.248289353322368,0.8399844190716257,0.5698216821412833,0.5742086948729744,0.2653604316541763,0.8529357993954435,0.151923790395863,0.5521676243897851,0.5237340426211323,0.5211256713906327,0.19788115188963742,0.8369843154860336,0.5298154138891695,0.534071168208925,0.2080987217085898,0.8388053199178906,0.16557560928735496,0.5216933924053557,0.5223540047669304,0.5242764158169556,0.1896665165390112,0.8334502918199319,0.5280433757039014,0.5309048196583243,0.19693530241954507,0.8399864269119101,0.16341422268382738,0.5203593926713883,0.4732838882927845,0.477852886712065,0.15759650362255562,0.8122930210220288,0.48138224876440383,0.4805882688552779,0.16057702412761923,0.8143369162789819,0.17022282927132484,0.4842837820877421,0.4304742885235544,0.4342938707953764,0.1337679192979261,0.7783549342701823,0.4440656473162813,0.4364970385927061,0.14221511745686152,0.7858843842132902,0.16748197139449197,0.45509121402155034,False,,,
c.1716-1719del,splice,True,1.0,1.0,0.0,none,none,,1,41971153,1.0,1.0,,,0.5679346463360814,0.5650411177526833,0.24185827368177135,0.8487296851740478,0.5665893744229716,0.5723075561596217,0.2574875645149849,0.8511576293925198,0.15341605751389173,0.5496145874176009,0.5237340426211323,0.5216654453087338,0.19507510524131452,0.8328479794680711,0.5266389853312974,0.5302121696996318,0.2035974475490186,0.8363381105191402,0.16443682101285778,0.5193324651577581,0.5223540047669304,0.5220547750339278,0.19426511799482307,0.8379661878638606,0.5284778826782157,0.53152135548805,0.21603589801803524,0.8393644465259888,0.16282507107019933,0.5208055712341836,0.4732838882927845,0.47393232229688464,0.1551253071812182,0.8113494897115408,0.480024219072273,0.4772608469833162,0.156602820627097,0.8152123167926609,0.17356036471007116,0.48317035725945917,0.4304742885235544,0.43496938623116715,0.13247324685879033,0.7761463335119965,0.4434521337381596,0.43407072783378003,0.13325544584534232,0.7905003724865552,0.17198343341757338,0.4543391103913896,False,,,
c.1733-1G>A,splice,True,1.0,1.0,0.0,P/LP,clinvar,,1,32893267,1.0,1.0,,,0.5679346463360814,0.5610083680868996,0.24493140554983184,0.8464867286442646,0.5692875797354694,0.5705253986956444,0.24825210731206046,0.8548415082491383,0.15503508713891623,0.5518407503965019,0.5237340426211323,0.5267245898749475,0.20336703461721564,0.8249024329052662,0.5286129181444466,0.5319515589308659,0.20787867182885778,0.8365429458963894,0.16341855932801694,0.5208215732267906,0.5223540047669304,0.521137558269481,0.18813945556330455,0.8355832086274129,0.5282040450798198,0.5282849516170331,0.19866964602161344,0.8400156904881408,0.16738615358681927,0.5205891968357882,0.5502375238083598,0.5411265452302955,0.19804937475050552,0.8518985578482722,0.5545472134590735,0.563740751220436,0.2120702557721929,0.8635565537507486,0.1702118647407725,0.541335772878837,0.5567719733512766,0.5497394675995522,0.21802809334365014,0.8599991506534842,0.5611430081420482,0.5665940670322667,0.22824920216784023,0.8620229081337644,0.16523051196973304,0.5473604106711533,False,,,
c.1733-1G>C,splice,True,1.0,1.0,0.0,P/LP,clinvar,,1,27485560,1.0,1.0,,,0.5679346463360814,0.5628867139838641,0.25227116944983813,0.8479250875928385,0.5699112951013733,0.5742779208235552,0.2562411839570424,0.8505711011201871,0.1530539001454619,0.5521123566048388,0.5237340426211323,0.5196083813947456,0.20092258841160213,0.8270611278285407,0.5288739811033009,0.5320185994472131,0.20718645564231955,0.8334730699669503,0.1651178342768704,0.5209500327202277,0.5223540047669304,0.5232671316688775,0.19145788141904405,0.8346474401288007,0.5292266195590537,0.5320944635169857,0.19879190157799714,0.8437120638344864,0.1698770380625023,0.521267006830621,0.5502375238083598,0.5428356165442689,0.19670094717950204,0.8529890164203197,0.5541633485148355,0.560735428348873,0.2114780501953578,0.8614285624237398,0.17157192363451026,0.5412838561811164,0.5567719733512766,0.5518259684906464,0.19887942538341338,0.8553160567864269,0.5558625162734324,0.5634164849732028,0.21036501051993045,0.8593112936560486,0.16863067815140606,0.5431024501486383,False,,,
c.1781T>C,substitution_cdna,False,1.0,1.0,0.0,none,none,,1,26230511,1.0,1.0,,,0.5679346463360814,0.5588131928375835,0.24173306336102116,0.8431824702170866,0.569714718931488,0.5760964787817744,0.24824910359378183,0.8506718704961987,0.15361134944512098,0.5519611889362499,0.5781463959934521,0.5704250127354308,0.2540769259383232,0.8538760019376157,0.5795516504983238,0.5866255328450751,0.24898385567497128,0.8669929078170729,0.15628695654932553,0.5597513674830072,0.6732049630213349,0.6578471063164781,0.29042796454474706,0.9136648225297003,0.6646100066336573,0.6839464183219717,0.30022198362041136,0.9232143223468652,0.16273818820391495,0.6287778165030996,0.5087357125120241,0.5056402904708548,0.1724507284624165,0.831009467626463,0.5136020236547447,0.5150613156802075,0.1855326220058743,0.8378958135368518,0.17108616572022578,0.5096323558982716,0.6316556472635034,0.6209375391244434,0.263081748991179,0.8961763657096292,0.6289868993079658,0.6439698420085191,0.2581043405277706,0.9075809443698075,0.1684209972120565,0.602347059940604,False,,,
c.1794+10917T>G,splice,True,1.0,1.0,0.0,none,none,,1,37821546,1.0,1.0,,,0.5679346463360814,0.5614311534111704,0.2356047340786266,0.8466678088184374,0.5656365282651639,0.5763387636223077,0.23848274058531962,0.8480691793994937,0.1539061565224499,0.5487083105325252,0.5237340426211323,0.5240768936392153,0.2099262921083427,0.8274951902353778,0.529498446288445,0.5331036211226634,0.20395991220571083,0.828630580754179,0.16214451531867322,0.5213585067246193,0.5223540047669304,0.5184639492991209,0.18378736540822688,0.8267125435333652,0.5281010343570833,0.5316838077505884,0.2011300462205257,0.8401054014511561,0.16858211748219912,0.5205097847482993,0.4732838882927845,0.4738076849107557,0.15955052618192814,0.8111776202239303,0.4830572943566302,0.47741330559578965,0.16982727021178431,0.8190868190625573,0.17093499023269784,0.4859111355533955,0.4304742885235544,0.4367206696730731,0.13910115187025285,0.7794983958168741,0.44711044187980165,0.43729068657573256,0.144108799641327,0.7989860319873533,0.1678153899089337,0.4573466673393318,False,,,
c.1795G>A,substitution_cdna,False,1.0,1.0,0.0,none,none,0.3694,1,36480497,1.0,1.0,,,0.5679346463360814,0.5629206919400985,0.2564639080798256,0.8465163849148245,0.5714014053941077,0.5783327213521192,0.25693090907641236,0.8552484878235204,0.1542280704216347,0.553473180206546,0.5781463959934521,0.5739134945866158,0.24960426673550967,0.8501355671586049,0.5802685384615528,0.5876870402836237,0.2647550450091017,0.8547837835749406,0.15106662780781027,0.5599599321099638,0.5025094194819731,0.5033048498720303,0.18117032481416206,0.822503758958231,0.5109308506657176,0.510588122550691,0.18830519768091444,0.8254462378656708,0.1667769850767541,0.5071312168315714,0.5087357125120241,0.5084203056586534,0.18097424927106487,0.8315928852681647,0.5161343327154508,0.5151306203458641,0.1855942047080843,0.8448938868862559,0.17257978878695532,0.511910367672021,0.3679205677734337,0.3808090624304789,0.09424945891361566,0.7558743725734403,0.3843120510710828,0.368334686985643,0.1018913629382711,0.7583505035131078,0.1717321580085093,0.4065690129282737,False,6.57047e-06,,
c.1894C>T,substitution_cdna,False,1.0,1.0,0.0,none,none,,1,19837917,1.0,1.0,,,0.5679346463360814,0.5628483640216535,0.2437620932601954,0.8486594520819105,0.5686806281645704,0.5736892440993275,0.25014067245070964,0.8564985638727616,0.15500737930053318,0.551256595550077,0.5781463959934521,0.5698176841227198,0.252755292345544,0.8511271531348257,0.577581615877184,0.5860722976083156,0.26052506600072,0.8538969104116412,0.15351879526003334,0.5579085859605537,0.6732049630213349,0.6580249394850656,0.28335299606385095,0.9133278084008185,0.6634503329081847,0.6793052974341147,0.3109723407291611,0.9174886415506898,0.15614307954151851,0.627155542077015,0.5087357125120241,0.5081837728406805,0.1852598089336066,0.8373977851975203,0.5142365962409574,0.5174569904503661,0.1863759448550925,0.8346725255571775,0.16927782141839867,0.5101670753371091,0.6316556472635034,0.6218466627577868,0.2562701606551217,0.8961251356983475,0.6255742729107057,0.6436427887436946,0.2655447016015149,0.8977911889157935,0.16627218749015452,0.5992973284852485,False,,,
c.199C>T,substitution_cdna,False,1.0,1.0,0.0,none,none,0.0745,1,30020974,1.0,1.0,,,0.5679346463360814,0.562770075298247,0.2509610346350106,0.8514406765049164,0.5712242223824457,0.5771595554722826,0.24820492755211832,0.855481506081296,0.15436821237030648,0.5532111521551376,0.5781463959934521,0.5715097540312011,0.2524319509111588,0.8425493100654653,0.5767124371899743,0.5859952481801598,0.2602066236626659,0.8548078498134319,0.15512277748836645,0.5574089388760061,0.46615409636780053,0.46479638148666136,0.13886092228349348,0.8102645167791263,0.4776468042743974,0.47764201160827713,0.14440292875652358,0.8276471356458441,0.18030187263495184,0.4813407303559313,0.5087357125120241,0.5061279666763221,0.17582434720039009,0.8368318710405149,0.5162957970060633,0.5172003270042522,0.1959567536174506,0.8392356004649865,0.16996949692096242,0.5118954741605628,0.3367947881072123,0.3477284348084102,0.0712855085042946,0.7341583528575655,0.35541315455745737,0.33271298661338755,0.07778556977377503,0.7491851063186415,0.18191761348161772,0.3816561222688434,False,,,
c.2505734C>T,substitution_cdna,False,1.0,1.0,0.0,none,none,,1,18651418,1.0,1.0,,,0.5679346463360814,0.5626405311705355,0.23863171349431023,0.8451774657580969,0.5696487788623454,0.5772270013810061,0.25622316304228077,0.8493112775682184,0.1516954449391722,0.5519552919371609,0.5781463959934521,0.5725740540776486,0.24250263887674756,0.8589858038605521,0.5808677464465201,0.5885779370738262,0.26578387865383596,0.8521955025457916,0.15094564579442699,0.56034452933996,0.6732049630213349,0.6599683085573164,0.31349582249436775,0.916100355631109,0.6670816461066869,0.687108539653051,0.302409058268008,0.9169581876758314,0.15890821334849065,0.6302962598891517,0.5087357125120241,0.5033928105229311,0.1814053803822216,0.8220481738811841,0.5141335791262714,0.5137369507170898,0.18982087162671246,0.8318360540432818,0.170809976956891,0.5099302515456664,0.6316556472635034,0.6200770207967421,0.25950601442279186,0.8920335068637938,0.6261555701993798,0.6430381577911473,0.27027456021162083,0.8945390645911218,0.16298841627858587,0.5995427760143903,False,,,
c.2505846C>A,substitution_cdna,False,1.0,1.0,0.0,none,none,,1,18651418,1.0,1.0,,,0.5679346463360814,0.5628106687807577,0.2487369335992726,0.8520743212278904,0.5712112554442335,0.5764013211819139,0.25923679502085273,0.8504455229446403,0.1513239425391601,0.5531492914057695,0.5781463959934521,0.5724070243246651,0.24446115995966824,0.8524832795804334,0.5787288248944055,0.5887605055865817,0.24976981720025848,0.8654609222911904,0.15600561702356372,0.5588031755631302,0.6732049630213349,0.6642574875289663,0.3108030645521069,0.9171397985352127,0.6654169623773669,0.6844012752904771,0.31136877098454396,0.9138459477349047,0.15540219968869542,0.628615196094175,0.5087357125120241,0.5043234275522044,0.18003554605437413,0.8214415690129324,0.5180597995812517,0.5187587405442702,0.19261299681177668,0.8370037719216968,0.16734186273969365,0.5131476125607042,0.6316556472635034,0.6213474327567539,0.26148019464588895,0.8949826417072175,0.6288730043595501,0.6493286682139157,0.2659730733451449,0.9066099803786262,0.16636131226942596,0.6020536935475274,False,,,
c.2753831A>C,substitution_cdna,False,1.0,1.0,0.0,none,none,,1,18651418,1.0,1.0,,,0.5679346463360814,0.5677600868641925,0.24588616158377627,0.8548703662572275,0.5701092180440994,0.5763760417794008,0.24826083055754297,0.8592075783905124,0.15273249851089749,0.5524880358542577,0.5781463959934521,0.5681422574354414,0.24363495834697718,0.8561125140879625,0.5775867651704005,0.5851347942371572,0.26446638840701275,0.8529776378420344,0.15076527663764613,0.5580094145759387,0.6732049630213349,0.65614076212377,0.28433653040027534,0.914355371547688,0.663117713592069,0.6825336154210088,0.3089088468152943,0.912351309774785,0.15746025134157107,0.626842514893853,0.5087357125120241,0.5096355942353602,0.18177059869230575,0.8294055968057898,0.5154523554303511,0.515877570564411,0.19175283290146292,0.830364091467438,0.17005950921823534,0.5109121117932771,0.6316556472635034,0.6228250455258806,0.2636503891120656,0.9047524567620628,0.6250162109452088,0.6410443898123193,0.26382571540060307,0.9026450537045153,0.1662770420214981,0.5988323473603964,False,,,
c.2753881G>A,substitution_cdna,False,1.0,1.0,0.0,none,none,,1,18651418,1.0,1.0,,,0.5679346463360814,0.5596869015299706,0.24288126974148333,0.8434800050512548,0.5701452932192331,0.5780392876551024,0.2451710735894707,0.8533391790813805,0.1540564816902009,0.5522079542351594,0.5781463959934521,0.5739027433835368,0.2561430152226033,0.8554182239932268,0.5787262700605519,0.5895743234202376,0.2602532690525068,0.8601125956702692,0.15294212427740442,0.5590534461932444,0.6732049630213349,0.6586958326174815,0.2984972017885733,0.9148043042033736,0.6637202257242946,0.6830110298921819,0.3096370780133418,0.9154510112153502,0.15939549105995982,0.6274747976895576,0.5087357125120241,0.5115215393019816,0.17977441796569973,0.8404536963557574,0.5149352982873895,0.5120401182331479,0.1810354198101315,0.8403449112553727,0.1694700885099754,0.5107510273714843,0.6316556472635034,0.623629232554077,0.2780609292227464,0.8951334324996549,0.6278757263431091,0.6428610489132434,0.28051924443981613,0.9035566860917021,0.16480746097586052,0.6012486417988612,False,,,
c.2755854T>C,substitution_cdna,False,1.0,1.0,0.0,none,none,,1,18651418,1.0,1.0,,,0.5679346463360814,0.5621595459614904,0.2444219798013828,0.8446998815507222,0.570882919994453,0.57642218863225,0.2593629067900669,0.8538594539368689,0.15410699685800167,0.553057161436939,0.5781463959934521,0.5714272717175259,0.25700037808780424,0.856808813969277,0.5781578633777834,0.5861645602682471,0.25581744976478765,0.8700521758615641,0.15614407587002138,0.5584880108404017,0.6732049630213349,0.6637898165563532,0.30223340280940436,0.9105926172472885,0.6644086538035566,0.6834181544184781,0.30678890038720635,0.9136336703291048,0.15876875385583916,0.6279942962186107,0.5087357125120241,0.5079122988664186,0.1844928048471693,0.8295921074516016,0.5140390764771702,0.5117190226168447,0.19729104824740723,0.8281070132209678,0.1678017255714943,0.5100543079423034,0.6316556472635034,0.6218807705365377,0.2535839918786828,0.8973786161844044,0.6273853758637925,0.6442455701724106,0.26671429284193027,0.9060606124396302,0.16588062976838433,0.6008475662198719,False,,,
c.2755875T>G,substitution_cdna,False,1.0,1.0,0.0,none,none,,1,18651418,1.0,1.0,,,0.5679346463360814,0.562021422984035,0.2503786347737391,0.8489197789580023,0.5694570653840078,0.5773480226158711,0.2483806948621151,0.8515420965046103,0.15507712830420425,0.551712333008781,0.5781463959934521,0.5706196734391242,0.23867716237609143,0.8431553857360354,0.5797710659265128,0.5836473094527557,0.27068997326865785,0.8609811617101361,0.1511568442389858,0.5598459763607398,0.6732049630213349,0.6600193316395081,0.3071410886222372,0.9172414196512504,0.665173143493984,0.6842875666897811,0.31310801628002666,0.9181605417179063,0.1574465183618585,0.6286756768868397,0.5087357125120241,0.5069961843641047,0.17994289048311027,0.8287774105413652,0.5174413839903692,0.5199591257387226,0.19030888293772966,0.8368302101655528,0.17029731919022376,0.5126879927219413,0.6316556472635034,0.6185791476867963,0.26138558442896853,0.9005829119517557,0.629537251604115,0.6452748563375023,0.2870234643370173,0.8999086082124245,0.16202409603129533,0.6025525604947345,False,,,
c.3093G>A,substitution_cdna,False,1.0,1.0,0.0,none,none,,1,37821546,1.0,1.0,,,0.5679346463360814,0.5579075352076264,0.2512109277580212,0.8407283212711956,0.5727331328842551,0.5783116134425357,0.24996494868835578,0.8569650608009536,0.15486231341388185,0.554417352767155,0.5781463959934521,0.5745486993456089,0.2509928527863116,0.8463203333909832,0.5787464232646287,0.5867597709732464,0.2652053634820573,0.8556824857257909,0.1525404166729643,0.5588554084888372,0.6732049630213349,0.6551224353947881,0.2938347618885402,0.9127613286949641,0.6672201343518194,0.6870637623718323,0.30722747303859466,0.9218131760283257,0.1582073554364873,0.63038859145998,0.5087357125120241,0.5064309236145267,0.18506511735966016,0.8301456722785803,0.5182118416912308,0.5164644816988033,0.19030192567901982,0.8338350980696225,0.16927288543046345,0.5132887275091851,0.6316556472635034,0.6155645144136657,0.26137398111122845,0.8975278762864951,0.6314645838049872,0.6496242470449789,0.2832024851194956,0.896054015382669,0.16101474883579805,0.6039021879563427,False,,,
c.3693C>T,substitution_cdna,False,1.0,1.0,0.0,none,none,,1,37821546,1.0,1.0,,,0.5679346463360814,0.5595977488522526,0.24129720937384833,0.8456447389810192,0.5702140376257682,0.5797750546450136,0.24961873731533166,0.852916710197465,0.15429556183064336,0.5523491937088151,0.5781463959934521,0.5721599842295567,0.25924758881255044,0.8462380476847554,0.5790721158419061,0.585271558162203,0.25372367860279876,0.8640163955106809,0.1551089991709274,0.5592969966896375,0.6732049630213349,0.657754650231426,0.2969249846581207,0.9064694294235963,0.6679822177406599,0.6883697518585183,0.3169463647687928,0.9193602557883955,0.15928771472844144,0.6312216059640551,0.5087357125120241,0.5052858886750086,0.1779645753507847,0.8305016514070458,0.516676952234754,0.517732378551422,0.1881510736771791,0.8448102994890441,0.1699819540422387,0.5121646385751883,0.6316556472635034,0.6234792514797001,0.26645980133238745,0.8994531114613591,0.6280943099341063,0.6446180941610435,0.28771726176665613,0.8986295131127582,0.16433781318976493,0.601504315944114,False,,,
c.386+27841A>T,splice,True,1.0,1.0,0.0,none,none,,1,37821546,1.0,1.0,,,0.5679346463360814,0.5646385605388762,0.25337134337690714,0.8473989777506021,0.5726232401234261,0.5785302504308705,0.25860883072712987,0.8493360887420124,0.15119050162914194,0.5540395947169121,0.5237340426211323,0.5241397948566969,0.19331419095311517,0.8192208725292166,0.5280865195776168,0.5326651373467195,0.21720912678061532,0.8365930598652687,0.16293052125960342,0.5204486817490992,0.5223540047669304,0.5239541658677632,0.18449355657452315,0.8395893191740078,0.5278530977830006,0.5313593430590516,0.20114963570142735,0.8379497989467122,0.1664684475936211,0.5203978129766023,0.4732838882927845,0.4727934377001788,0.14827509764129795,0.810726292487778,0.4857502824635212,0.4830103396349361,0.16193213864623454,0.8275585371988817,0.1722826570188701,0.48801915142382263,0.4304742885235544,0.44023139484902596,0.14013593980977154,0.789362477298519,0.4423650603635688,0.4366561141075248,0.13621292602639593,0.7820149727984129,0.16764272288097667,0.453609647842569,False,,,
c.386+6T>G,splice,True,1.0,1.0,0.0,VUS,clinvar,,1,32893267,1.0,1.0,,,0.5679346463360814,0.5609332110623891,0.24390834161706773,0.8459504734395303,0.5722077092049294,0.5823542712882197,0.258335038983971,0.8526827862726803,0.15208483152666805,0.5539340020259378,0.5237340426211323,0.521492717004673,0.18654825816010007,0.825082017999037,0.5253596529216542,0.5289179764637141,0.19320535819833531,0.831274985023245,0.16584661946569126,0.5182216592815778,0.5223540047669304,0.5186501310917033,0.18966038498436,0.834313944311362,0.5254016268023759,0.5260484139094123,0.20458657927577611,0.8413730371693714,0.1638485164508803,0.518446566847538,0.571251173730399,0.5672124055375666,0.204946049670652,0.8762336014007212,0.5744152071874766,0.5841006659200164,0.2124265328294084,0.8768411952731648,0.17542927671577693,0.5571739531048318,0.6218270920581075,0.6136855489037478,0.2479485472944914,0.8911705305873923,0.6210665502241575,0.6384062669636759,0.26577661154678067,0.8943385016116614,0.16812083187215024,0.5958907390264544,False,,,
c.4783T>A,substitution_cdna,False,1.0,1.0,0.0,none,none,,1,24606995,1.0,1.0,,,0.5679346463360814,0.562295655347836,0.2450769462451511,0.8448337496477734,0.5700018785834,0.576300423084638,0.25637834005045274,0.8516503233836069,0.15174624523496766,0.552200374447095,0.5781463959934521,0.5702614866576836,0.26524956882709366,0.8434626689212599,0.5782647647527489,0.5854424489716046,0.24173134307126526,0.8689490033219753,0.1558156734811923,0.558485668099622,0.6732049630213349,0.6582289171090683,0.28984209319329474,0.9146475343353896,0.6662083612237021,0.68392138179283,0.31696830950554483,0.9209119206658467,0.15803881243893353,0.6296507590194566,0.5087357125120241,0.5046135509979329,0.1835466710783515,0.8286737117838456,0.5161946244128577,0.516487922416268,0.18294847779391116,0.8499365834839473,0.17161755249676455,0.5119047732822593,0.6316556472635034,0.6232468260675921,0.258913138160524,0.9017500403261742,0.6275995714241233,0.6423812613560334,0.26666302656044877,0.8995809794006864,0.16611904728945195,0.6010559348850707,False,,,
c.505delA,indel_cdna,False,1.0,1.0,0.0,none,none,,1,19837917,1.0,1.0,,,0.5679346463360814,0.5608957442556314,0.23858477252136276,0.8483699382311919,0.5678634968063296,0.5725769670071994,0.2555701313646034,0.8432927843453404,0.15083507952774755,0.5504505987611197,0.5781463959934521,0.5702116734670218,0.2546067080331215,0.8500509332594443,0.5803197987371344,0.5905242799799918,0.26132669238280687,0.8550192223087739,0.15292876027767327,0.5600946508294684,0.6732049630213349,0.6593188396448165,0.29443290604708394,0.9163169758670039,0.6627458072921218,0.6817094878512614,0.29997517049153644,0.9159726873071442,0.16306370187811167,0.6269143228772922,0.5087357125120241,0.5034651008628457,0.17298634785035133,0.8301305824788252,0.5180265940927244,0.5173808140157763,0.1874725933333236,0.8435494624469921,0.16893115271435694,0.5130638250887896,0.6316556472635034,0.6197212133667642,0.26283751052145,0.8968291555149625,0.6282617400771198,0.6427665938453146,0.28358984477389015,0.8993399945575429,0.16226783539425946,0.601520167580873,False,,,
c.604+1G>C,splice,True,1.0,1.0,0.0,none,none,,1,34546463,1.0,1.0,,,0.5679346463360814,0.5628810147017472,0.24123992846933195,0.8453725751654639,0.5695580021547205,0.5754802599674498,0.25152611818215953,0.8534886665851523,0.15370157418847286,0.5520261825104967,0.5237340426211323,0.5237802664672735,0.19790462303008013,0.8345338514701918,0.5287789042738338,0.5317084338996722,0.19556928273172833,0.8355100310715575,0.16678811278485703,0.5207726571387368,0.5223540047669304,0.5214669203826064,0.19369136151235364,0.827375816009157,0.530567996516769,0.5344658163713797,0.21031339860843207,0.8327293631048295,0.16219986302890027,0.5223243985498207,0.4732838882927845,0.4754119359004216,0.1551012247177656,0.8133485452007887,0.4820639779414867,0.47962726080631823,0.16845870780570774,0.8116909413937327,0.1709352363574143,0.48497894031578026,0.4304742885235544,0.4396240864287305,0.13584855931964157,0.7716701317188759,0.4398186954939108,0.4335261866377984,0.13500072222645743,0.7811114806474461,0.1699295578620732,0.4512626232921844,False,,,
c.640-1G>A,splice,True,1.0,1.0,0.0,none,none,,1,37821546,1.0,1.0,,,0.5679346463360814,0.5581588696003557,0.2408378441381956,0.840590352157896,0.5685995284985638,0.5739883577393672,0.2389834426840462,0.8612746783378218,0.15775381643684638,0.5515503829642937,0.5237340426211323,0.5247744574007497,0.19382828647493686,0.8269392837745558,0.5272054971737526,0.5310318050751666,0.1950800974964072,0.8272475143195396,0.1633717813183489,0.5195487290673813,0.5223540047669304,0.5158282881161983,0.1982816041893115,0.8188503794354234,0.5286322529836334,0.5304985312681267,0.2085277155842314,0.8370715260978145,0.16442895428960458,0.5209759781541583,0.4732838882927845,0.4758109746846033,0.1574088607961162,0.8173870026185458,0.48208431996848267,0.4821827549438116,0.16254149279906202,0.8051675790870585,0.17070238447096323,0.48466529378396417,0.4304742885235544,0.43374460584555147,0.14300540175766882,0.7802867908803108,0.4437279658109893,0.4390286931580718,0.1529879047719535,0.7753327615063413,0.16504808064707457,0.45462546936735215,False,,,
c.642C>T,substitution_cdna,False,1.0,1.0,0.0,B/LB,clinvar,,1,38644859,1.0,1.0,,,0.5679346463360814,0.5591378842699101,0.23816914530999586,0.8514390902309114,0.5714934774435176,0.5824847877557531,0.250948539473858,0.8411159241164294,0.15079365799304909,0.553181166733634,0.5781463959934521,0.569953087217122,0.2358000508468714,0.8539846560677914,0.5838438582793903,0.5913498430388943,0.2670197492623479,0.8542472502848194,0.15036449992994685,0.5627507099915019,0.6732049630213349,0.6609554576214167,0.30349025623979436,0.9125454555096041,0.6680343645902932,0.6885238150599264,0.32027914972384613,0.918152160575091,0.15701057487331616,0.6310175318914762,0.3721928968573354,0.38103699795951246,0.07834110408887861,0.7933958956228169,0.3905575083769083,0.3725959869363452,0.07962692953775623,0.7911925811768713,0.19213877455227343,0.4104458596463515,0.5714515925395599,0.5669024693518483,0.16339134623866317,0.9119975362814529,0.5769768106050438,0.5947472274060417,0.1568300603934933,0.9158411139584831,0.20805368889646664,0.5609184521044885,False,1.97195e-05,,
c.6434C>T,substitution_cdna,False,1.0,1.0,0.0,none,none,,1,36480497,1.0,1.0,,,0.5679346463360814,0.5623988694300932,0.2471948643462132,0.851942793610544,0.5680324698654993,0.5756771241228484,0.24164217128811136,0.8500021029929182,0.156753073947861,0.550803921194873,0.5781463959934521,0.5719926063242518,0.25236127056690705,0.8557482812007614,0.576431670779696,0.5824209432492131,0.24830681827383336,0.8559097140448348,0.15532524188936947,0.5572330389801762,0.6732049630213349,0.6566812352124005,0.2995792942856855,0.9119982274028112,0.6661310455274593,0.6835323571131342,0.3035617724556533,0.9216036205780858,0.16004457082193357,0.6295326180278218,0.5087357125120241,0.5082698569358645,0.1843884523224765,0.8355326863450391,0.5156199372040264,0.5165098896740362,0.1871437794078761,0.8286217501842918,0.1698064231022214,0.5113042536081027,0.6316556472635034,0.6229962959373297,0.2563201612055715,0.8976378500160483,0.6279876888306605,0.6439128381745538,0.28020650318022927,0.8972508199487217,0.16246478811949275,0.6011619674016974,False,,,
c.683+1G>C,splice,True,1.0,1.0,0.0,none,none,,1,32893267,1.0,1.0,,,0.5679346463360814,0.5598419063861403,0.2446598744344348,0.8420526580659239,0.5714497618543852,0.5754253513355605,0.25656302882898674,0.8473995099785676,0.1522279310477625,0.5533106977018106,0.5237340426211323,0.5211593504592871,0.18924927578334239,0.8324887699278307,0.527679038085438,0.5298408116950571,0.20492920366750636,0.8423345590050644,0.16506487048354018,0.5200598463616448,0.5223540047669304,0.5223616773674439,0.1991957211931639,0.8401070598730153,0.5282896281287849,0.5326156708246672,0.1978705794555855,0.8305762148103104,0.16450943185338135,0.5203093006777452,0.4732838882927845,0.47407028059925393,0.15375837861279743,0.8074654319885518,0.48334470890320946,0.4820643443057805,0.16122794098214105,0.8207841060121985,0.17232294909873427,0.48606262763936,0.4304742885235544,0.4376526939846123,0.14014482694333544,0.777311986006609,0.4474993570158167,0.44165706409909744,0.15122852347964752,0.7708333316557514,0.16304906014974466,0.4577195857577679,False,,,
c.684-1G>T,splice,True,1.0,1.0,0.0,none,none,,1,32893267,1.0,1.0,,,0.5679346463360814,0.558891677357464,0.22962321936814653,0.8457603499740166,0.5667899861205555,0.5740037984098803,0.25031347813006655,0.8518120397603316,0.1566171058935142,0.5499750630294044,0.5237340426211323,0.5194695726563103,0.20475606866830748,0.8327434775180897,0.5298912006929363,0.5345756846597733,0.20215583550475025,0.8422467638850959,0.1666483957002056,0.5215558330790426,0.5223540047669304,0.5215994164110547,0.19433704656620016,0.8463290525246059,0.5288648683643967,0.5310949277462347,0.20265780874604264,0.8368644755235002,0.16597601566214512,0.5211472287341851,0.4732838882927845,0.4738721918714,0.15295796914022444,0.8080010927780912,0.4855537787126401,0.48744512811217017,0.16903978279015985,0.8041384717420774,0.1677252333896534,0.4874853455520624,0.4304742885235544,0.4346177405934174,0.1337579870565357,0.7797756160301501,0.4441195850618693,0.43629891020558187,0.15329626032503155,0.7828364993768868,0.16467192558864233,0.45520422374418035,False,,,
c.781-1G>A,splice,True,1.0,1.0,0.0,P/LP,clinvar,,1,32893267,1.0,1.0,,,0.5679346463360814,0.5634160770524503,0.25287333723035677,0.8455856398460598,0.569720435303792,0.5754681601378112,0.25378525635993765,0.8502131417341361,0.15206529167153593,0.5519706989525134,0.5237340426211323,0.5198352632068671,0.1952032495241853,0.8262426508036338,0.528458822729017,0.535686047747757,0.19981783703927686,0.8362842301781752,0.16610544952323225,0.5206613696456521,0.5223540047669304,0.5199016144739549,0.1915996070881422,0.8318619766846297,0.530661273317849,0.5349171268409953,0.2018362325259336,0.8417984741200031,0.1674150101506245,0.5225234768105123,0.5502375238083598,0.5441739954213682,0.20856666019287248,0.8507224276427257,0.553636278571883,0.5615922356611921,0.21400415123381494,0.8666184386126947,0.17132092378532504,0.5408811399046997,0.5567719733512766,0.5477824962051774,0.2151621500179841,0.8494587735700037,0.5577177769271638,0.5638093744245081,0.23828099635325806,0.8444618911971709,0.1589190091734388,0.5442445988599127,False,,,
c.796delC,indel_cdna,False,1.0,1.0,0.0,none,none,,1,22956155,1.0,1.0,,,0.5679346463360814,0.5625449753834889,0.24377386723805738,0.8372478770658975,0.5685530543026218,0.5733768525006783,0.2577979077826407,0.8516309703534471,0.15429986662739945,0.5512651454805029,0.5781463959934521,0.5730641729340037,0.24846021852699463,0.8510397054301585,0.5779042093260951,0.5869240417624313,0.26908184097906024,0.850069416874862,0.14943435703815938,0.5580784249805905,0.6732049630213349,0.6606743682758001,0.30790461829603316,0.9144373281101008,0.6655105668487603,0.6854508119149092,0.30064965018837275,0.9196464660985461,0.160884758558694,0.6292861216586251,0.5087357125120241,0.5098400092670208,0.1864077277270548,0.840748817854438,0.5173647777238454,0.5145762390927797,0.18797949647334614,0.8379870059005319,0.1701407802894271,0.5127082672224776,0.6316556472635034,0.6244524674457635,0.2731618033629488,0.9011212258742552,0.624675976290913,0.6377681983337796,0.2766654418726987,0.8953760479222534,0.16297656722198384,0.5985889465850234,False,,,
c.80716C>T,substitution_cdna,False,1.0,1.0,0.0,none,none,,1,37821546,1.0,1.0,,,0.5679346463360814,0.5584612809811565,0.2472109856222583,0.8458387148327503,0.5686360835351189,0.5756997612473226,0.24826097862742066,0.8499960093391202,0.155568653526958,0.5511831270525381,0.5781463959934521,0.5688310644432258,0.2520729583537538,0.8541129178809839,0.5791275170687615,0.5861628188091872,0.2610584889380093,0.8628259584578141,0.15242972966161414,0.5593168914755933,0.6732049630213349,0.6584826326712565,0.30953516746963805,0.9135915126096327,0.6637027523273392,0.6852457562087746,0.3046374810015382,0.9160793425447996,0.15869587941826613,0.6275769924638774,0.5087357125120241,0.5091595961076326,0.18465588670528432,0.8322718340177883,0.5151890550558577,0.5113356601617913,0.19451981166588272,0.8458927983501738,0.16870636729101046,0.5112986079686704,0.6316556472635034,0.6228375741966696,0.2684905885210933,0.8962024697516645,0.6269883358523308,0.6391894155326008,0.2747215651131948,0.900955345059551,0.1601450830416554,0.6002887948062315,False,,,
c.921+2T>C,splice,True,1.0,1.0,0.0,none,none,,1,32893267,1.0,1.0,,,0.5679346463360814,0.5635173989374211,0.2522854330978737,0.8500347754954751,0.5706590315530927,0.5780824243758846,0.2616476725430743,0.8476005299727861,0.1509805910166079,0.5527215741478944,0.5237340426211323,0.522219236892895,0.2017474178744917,0.8312401817459087,0.5276963663866392,0.5325778199816533,0.1985511862739297,0.8386982998328386,0.163060777619765,0.5198430350962776,0.5223540047669304,0.5212305675393063,0.1895270002990769,0.8341115075101282,0.5270383666517355,0.5308161547299871,0.20095558543607878,0.8344395051910743,0.16487240494150987,0.5197229337798241,0.4732838882927845,0.4755860817047421,0.1636578551250089,0.8116716278928022,0.4833920241026611,0.48149802083069315,0.16670903907393336,0.8223424066097285,0.17198719684597438,0.4860095310073651,0.4304742885235544,0.43842245835806126,0.13959296738984048,0.7789291698447421,0.4439360580737227,0.4367576509437785,0.14327746225783353,0.7844144422161072,0.16772475120390992,0.4547604057451544,False,,,
c.922-2A>C,splice,True,1.0,1.0,0.0,none,none,,1,10973849,1.0,1.0,,,0.5679346463360814,0.5639830276239566,0.25042159343491305,0.846683932549492,0.5690017304698888,0.5765261550748235,0.23731535798569683,0.8492844072214989,0.15535556082067273,0.5514966861368209,0.5237340426211323,0.5224848555211562,0.20268750572506983,0.8235346569642613,0.5286070226003556,0.5295064635683253,0.19828853567275934,0.834192387725301,0.165566765620886,0.5206780828823863,0.5223540047669304,0.5225943299124846,0.19434631645007996,0.8381717066927024,0.5248910580275633,0.52869250524913,0.1927674903762604,0.8330384445865435,0.1661459168633059,0.518035594514764,0.4732838882927845,0.4736282045640844,0.14947782615132024,0.8184079127805011,0.4873631276549894,0.48527308438200767,0.15409404253203152,0.8154280737106075,0.1713299281216087,0.4890987465989229,0.4304742885235544,0.43533573800882314,0.13902847850021985,0.7715949631582272,0.44376713298304665,0.4372831459455896,0.14435766747727077,0.78964634298038,0.16720943675401126,0.45467442056899393,False,,,
c.998_999delGT,indel_cdna,False,1.0,1.0,0.0,none,none,,1,17905336,1.0,1.0,,,0.5679346463360814,0.5614375942157055,0.25394238037171557,0.8440256791644448,0.5691964513494326,0.5734582871775142,0.2672691356994821,0.8398311726353223,0.15020336589458524,0.5515187623348872,0.5781463959934521,0.5686963484668704,0.254679618681546,0.8532162247398718,0.5784699046204674,0.585419982518841,0.25412977487159777,0.8582120771077986,0.1551880356156579,0.5588119345750823,0.6732049630213349,0.6587938588577856,0.3145850496311163,0.9146431752810993,0.6667532604404841,0.6870078871005763,0.32770252910806463,0.9155909442192901,0.15491024120502772,0.6298800553183365,0.5087357125120241,0.511754938987056,0.19306029181730777,0.8321525841111866,0.513046385433084,0.5151903885687956,0.18672004848555368,0.8305422880679381,0.16748423569669185,0.5094150527062835,0.6316556472635034,0.6227099510099567,0.2640996147939836,0.8957655743093147,0.6268443904242003,0.642911062414417,0.2709495501730782,0.900172060448698,0.1618183098063292,0.6001124127704744,False,,,
